task_unit_id,study_id,construct_pair,evidence_family_current,denominator_family_current,reference_r_source,reference_evidence_type,caveat_ids,path_compatible_for_model_prompt,route_review_flag,recommended_step5_model_input_route,human_reference_value_changed
FC-S5-TASK-00068,S007,ATT-BI,beta_or_path_converted_effect_size,secondary_beta_or_path_converted_effect_size,source_reported_pearson_or_latent_correlation,source_reported_direct_correlation_or_latent_correlation,CAV005,false,non_path_reference_evidence_in_beta_family,route_as_latent_or_construct_correlation_in_revised_step5_model_input,false
FC-S5-TASK-00069,S007,ATT-FC,beta_or_path_converted_effect_size,secondary_beta_or_path_converted_effect_size,source_reported_pearson_or_latent_correlation,source_reported_direct_correlation_or_latent_correlation,CAV005,false,non_path_reference_evidence_in_beta_family,route_as_latent_or_construct_correlation_in_revised_step5_model_input,false
FC-S5-TASK-00070,S007,ATT-PE,beta_or_path_converted_effect_size,secondary_beta_or_path_converted_effect_size,source_reported_pearson_or_latent_correlation,source_reported_direct_correlation_or_latent_correlation,CAV005,false,non_path_reference_evidence_in_beta_family,route_as_latent_or_construct_correlation_in_revised_step5_model_input,false
FC-S5-TASK-00071,S007,ATT-SE,beta_or_path_converted_effect_size,secondary_beta_or_path_converted_effect_size,source_reported_pearson_or_latent_correlation,source_reported_direct_correlation_or_latent_correlation,CAV005,false,non_path_reference_evidence_in_beta_family,route_as_latent_or_construct_correlation_in_revised_step5_model_input,false
FC-S5-TASK-00072,S007,BI-FC,beta_or_path_converted_effect_size,secondary_beta_or_path_converted_effect_size,source_reported_pearson_or_latent_correlation,source_reported_direct_correlation_or_latent_correlation,CAV005,false,non_path_reference_evidence_in_beta_family,route_as_latent_or_construct_correlation_in_revised_step5_model_input,false
FC-S5-TASK-00073,S007,BI-PE,beta_or_path_converted_effect_size,secondary_beta_or_path_converted_effect_size,source_reported_pearson_or_latent_correlation,source_reported_direct_correlation_or_latent_correlation,CAV005,false,non_path_reference_evidence_in_beta_family,route_as_latent_or_construct_correlation_in_revised_step5_model_input,false
FC-S5-TASK-00074,S007,BI-SE,beta_or_path_converted_effect_size,secondary_beta_or_path_converted_effect_size,source_reported_pearson_or_latent_correlation,source_reported_direct_correlation_or_latent_correlation,CAV005,false,non_path_reference_evidence_in_beta_family,route_as_latent_or_construct_correlation_in_revised_step5_model_input,false
FC-S5-TASK-00075,S007,FC-PE,beta_or_path_converted_effect_size,secondary_beta_or_path_converted_effect_size,source_reported_pearson_or_latent_correlation,source_reported_direct_correlation_or_latent_correlation,CAV005,false,non_path_reference_evidence_in_beta_family,route_as_latent_or_construct_correlation_in_revised_step5_model_input,false
FC-S5-TASK-00076,S007,FC-SE,beta_or_path_converted_effect_size,secondary_beta_or_path_converted_effect_size,source_reported_pearson_or_latent_correlation,source_reported_direct_correlation_or_latent_correlation,CAV005,false,non_path_reference_evidence_in_beta_family,route_as_latent_or_construct_correlation_in_revised_step5_model_input,false
FC-S5-TASK-00077,S007,PE-SE,beta_or_path_converted_effect_size,secondary_beta_or_path_converted_effect_size,source_reported_pearson_or_latent_correlation,source_reported_direct_correlation_or_latent_correlation,CAV005,false,non_path_reference_evidence_in_beta_family,route_as_latent_or_construct_correlation_in_revised_step5_model_input,false
FC-S5-TASK-00093,S009,ATT-BI,beta_or_path_converted_effect_size,secondary_beta_or_path_converted_effect_size,beta_converted_peterson_brown,standardized_path_beta_converted,CAV005,true,path_or_beta_compatible,retain_beta_or_path_extraction_route,false
FC-S5-TASK-00094,S009,BI-EE,beta_or_path_converted_effect_size,secondary_beta_or_path_converted_effect_size,beta_converted_peterson_brown,standardized_path_beta_converted,CAV005,true,path_or_beta_compatible,retain_beta_or_path_extraction_route,false
FC-S5-TASK-00095,S009,BI-FC,beta_or_path_converted_effect_size,secondary_beta_or_path_converted_effect_size,beta_converted_peterson_brown,standardized_path_beta_converted,CAV005,true,path_or_beta_compatible,retain_beta_or_path_extraction_route,false
FC-S5-TASK-00096,S009,BI-PE,beta_or_path_converted_effect_size,secondary_beta_or_path_converted_effect_size,beta_converted_peterson_brown,standardized_path_beta_converted,CAV005,true,path_or_beta_compatible,retain_beta_or_path_extraction_route,false
FC-S5-TASK-00097,S009,BI-SI,beta_or_path_converted_effect_size,secondary_beta_or_path_converted_effect_size,beta_converted_peterson_brown,standardized_path_beta_converted,CAV005,true,path_or_beta_compatible,retain_beta_or_path_extraction_route,false
FC-S5-TASK-00098,S009,BI-UB,beta_or_path_converted_effect_size,secondary_beta_or_path_converted_effect_size,beta_converted_peterson_brown,standardized_path_beta_converted,CAV005,true,path_or_beta_compatible,retain_beta_or_path_extraction_route,false
FC-S5-TASK-00099,S009,EE-UB,beta_or_path_converted_effect_size,secondary_beta_or_path_converted_effect_size,beta_converted_peterson_brown,standardized_path_beta_converted,CAV005,true,path_or_beta_compatible,retain_beta_or_path_extraction_route,false
FC-S5-TASK-00100,S009,FC-UB,beta_or_path_converted_effect_size,secondary_beta_or_path_converted_effect_size,beta_converted_peterson_brown,standardized_path_beta_converted,CAV005,true,path_or_beta_compatible,retain_beta_or_path_extraction_route,false
FC-S5-TASK-00101,S009,SI-UB,beta_or_path_converted_effect_size,secondary_beta_or_path_converted_effect_size,beta_converted_peterson_brown,standardized_path_beta_converted,CAV005,true,path_or_beta_compatible,retain_beta_or_path_extraction_route,false
FC-S5-TASK-00102,S010,BI-EE,beta_or_path_converted_effect_size,secondary_beta_or_path_converted_effect_size,beta_converted_peterson_brown,standardized_path_beta_converted,CAV005,true,path_or_beta_compatible,retain_beta_or_path_extraction_route,false
FC-S5-TASK-00103,S010,BI-FC,beta_or_path_converted_effect_size,secondary_beta_or_path_converted_effect_size,beta_converted_peterson_brown,standardized_path_beta_converted,CAV005,true,path_or_beta_compatible,retain_beta_or_path_extraction_route,false
FC-S5-TASK-00104,S010,BI-PE,beta_or_path_converted_effect_size,secondary_beta_or_path_converted_effect_size,beta_converted_peterson_brown,standardized_path_beta_converted,CAV005,true,path_or_beta_compatible,retain_beta_or_path_extraction_route,false
FC-S5-TASK-00105,S010,BI-SI,beta_or_path_converted_effect_size,secondary_beta_or_path_converted_effect_size,beta_converted_peterson_brown,standardized_path_beta_converted,CAV005,true,path_or_beta_compatible,retain_beta_or_path_extraction_route,false
FC-S5-TASK-00106,S010,BI-UB,beta_or_path_converted_effect_size,secondary_beta_or_path_converted_effect_size,beta_converted_peterson_brown,standardized_path_beta_converted,CAV005,true,path_or_beta_compatible,retain_beta_or_path_extraction_route,false
FC-S5-TASK-00107,S010,FC-UB,beta_or_path_converted_effect_size,secondary_beta_or_path_converted_effect_size,beta_converted_peterson_brown,standardized_path_beta_converted,CAV005,true,path_or_beta_compatible,retain_beta_or_path_extraction_route,false
FC-S5-TASK-00108,S011,ATT-BI,beta_or_path_converted_effect_size,secondary_beta_or_path_converted_effect_size,beta_converted_peterson_brown,standardized_path_beta_converted,CAV005;ROW_CAVEAT,true,path_or_beta_compatible,retain_beta_or_path_extraction_route,false
FC-S5-TASK-00109,S011,ATT-EE,beta_or_path_converted_effect_size,secondary_beta_or_path_converted_effect_size,beta_converted_peterson_brown,standardized_path_beta_converted,CAV005;ROW_CAVEAT,true,path_or_beta_compatible,retain_beta_or_path_extraction_route,false
FC-S5-TASK-00110,S011,ATT-PE,beta_or_path_converted_effect_size,secondary_beta_or_path_converted_effect_size,beta_converted_peterson_brown,standardized_path_beta_converted,CAV005;ROW_CAVEAT,true,path_or_beta_compatible,retain_beta_or_path_extraction_route,false
FC-S5-TASK-00216,S021,ATT-BI,beta_or_path_converted_effect_size,secondary_beta_or_path_converted_effect_size,beta_converted_peterson_brown,standardized_pls_sem_path,CAV005,true,path_or_beta_compatible,retain_beta_or_path_extraction_route,false
FC-S5-TASK-00217,S021,BI-UB,beta_or_path_converted_effect_size,secondary_beta_or_path_converted_effect_size,beta_converted_peterson_brown,standardized_pls_sem_path,CAV005,true,path_or_beta_compatible,retain_beta_or_path_extraction_route,false
FC-S5-TASK-00218,S021,EE-BI,beta_or_path_converted_effect_size,secondary_beta_or_path_converted_effect_size,beta_converted_peterson_brown,standardized_pls_sem_path,CAV005,true,path_or_beta_compatible,retain_beta_or_path_extraction_route,false
FC-S5-TASK-00219,S021,FC-BI,beta_or_path_converted_effect_size,secondary_beta_or_path_converted_effect_size,beta_converted_peterson_brown,standardized_pls_sem_path,CAV005,true,path_or_beta_compatible,retain_beta_or_path_extraction_route,false
FC-S5-TASK-00220,S021,PE-BI,beta_or_path_converted_effect_size,secondary_beta_or_path_converted_effect_size,beta_converted_peterson_brown,standardized_pls_sem_path,CAV005,true,path_or_beta_compatible,retain_beta_or_path_extraction_route,false
FC-S5-TASK-00221,S021,SI-BI,beta_or_path_converted_effect_size,secondary_beta_or_path_converted_effect_size,beta_converted_peterson_brown,standardized_pls_sem_path,CAV005,true,path_or_beta_compatible,retain_beta_or_path_extraction_route,false
FC-S5-TASK-00222,S021,ATT-BI,beta_or_path_converted_effect_size,secondary_beta_or_path_converted_effect_size,beta_converted_peterson_brown,standardized_pls_sem_path,CAV005,true,path_or_beta_compatible,retain_beta_or_path_extraction_route,false
FC-S5-TASK-00223,S021,BI-UB,beta_or_path_converted_effect_size,secondary_beta_or_path_converted_effect_size,beta_converted_peterson_brown,standardized_pls_sem_path,CAV005,true,path_or_beta_compatible,retain_beta_or_path_extraction_route,false
FC-S5-TASK-00224,S021,EE-BI,beta_or_path_converted_effect_size,secondary_beta_or_path_converted_effect_size,beta_converted_peterson_brown,standardized_pls_sem_path,CAV005,true,path_or_beta_compatible,retain_beta_or_path_extraction_route,false
FC-S5-TASK-00225,S021,FC-BI,beta_or_path_converted_effect_size,secondary_beta_or_path_converted_effect_size,beta_converted_peterson_brown,standardized_pls_sem_path,CAV005,true,path_or_beta_compatible,retain_beta_or_path_extraction_route,false
FC-S5-TASK-00226,S021,PE-BI,beta_or_path_converted_effect_size,secondary_beta_or_path_converted_effect_size,beta_converted_peterson_brown,standardized_pls_sem_path,CAV005,true,path_or_beta_compatible,retain_beta_or_path_extraction_route,false
FC-S5-TASK-00227,S021,SI-BI,beta_or_path_converted_effect_size,secondary_beta_or_path_converted_effect_size,beta_converted_peterson_brown,standardized_pls_sem_path,CAV005,true,path_or_beta_compatible,retain_beta_or_path_extraction_route,false
FC-S5-TASK-00231,S024,ATT-BI,beta_or_path_converted_effect_size,secondary_beta_or_path_converted_effect_size,beta_converted_peterson_brown,standardized_path_beta_converted,CAV005,true,path_or_beta_compatible,retain_beta_or_path_extraction_route,false
FC-S5-TASK-00232,S024,ATT-EE,beta_or_path_converted_effect_size,secondary_beta_or_path_converted_effect_size,beta_converted_peterson_brown,standardized_path_beta_converted,CAV005,true,path_or_beta_compatible,retain_beta_or_path_extraction_route,false
FC-S5-TASK-00233,S024,ATT-PE,beta_or_path_converted_effect_size,secondary_beta_or_path_converted_effect_size,beta_converted_peterson_brown,standardized_path_beta_converted,CAV005,true,path_or_beta_compatible,retain_beta_or_path_extraction_route,false
FC-S5-TASK-00234,S024,ATT-SI,beta_or_path_converted_effect_size,secondary_beta_or_path_converted_effect_size,beta_converted_peterson_brown,standardized_path_beta_converted,CAV005,true,path_or_beta_compatible,retain_beta_or_path_extraction_route,false
FC-S5-TASK-00235,S024,BI-PE,beta_or_path_converted_effect_size,secondary_beta_or_path_converted_effect_size,beta_converted_peterson_brown,standardized_path_beta_converted,CAV005,true,path_or_beta_compatible,retain_beta_or_path_extraction_route,false
FC-S5-TASK-00236,S024,EE-PE,beta_or_path_converted_effect_size,secondary_beta_or_path_converted_effect_size,beta_converted_peterson_brown,standardized_path_beta_converted,CAV005,true,path_or_beta_compatible,retain_beta_or_path_extraction_route,false
FC-S5-TASK-00237,S024,EE-SE,beta_or_path_converted_effect_size,secondary_beta_or_path_converted_effect_size,beta_converted_peterson_brown,standardized_path_beta_converted,CAV005,true,path_or_beta_compatible,retain_beta_or_path_extraction_route,false
FC-S5-TASK-00238,S024,EE-SI,beta_or_path_converted_effect_size,secondary_beta_or_path_converted_effect_size,beta_converted_peterson_brown,standardized_path_beta_converted,CAV005,true,path_or_beta_compatible,retain_beta_or_path_extraction_route,false
FC-S5-TASK-00239,S024,FC-PE,beta_or_path_converted_effect_size,secondary_beta_or_path_converted_effect_size,beta_converted_peterson_brown,standardized_path_beta_converted,CAV005,true,path_or_beta_compatible,retain_beta_or_path_extraction_route,false
FC-S5-TASK-00338,S033,ATT-EE,beta_or_path_converted_effect_size,secondary_beta_or_path_converted_effect_size,beta_converted_peterson_brown,standardized_path_beta_converted,CAV005;ROW_CAVEAT,true,path_or_beta_compatible,retain_beta_or_path_extraction_route,false
FC-S5-TASK-00339,S033,ATT-PE,beta_or_path_converted_effect_size,secondary_beta_or_path_converted_effect_size,beta_converted_peterson_brown,standardized_path_beta_converted,CAV005;ROW_CAVEAT,true,path_or_beta_compatible,retain_beta_or_path_extraction_route,false
FC-S5-TASK-00340,S033,ATT-UB,beta_or_path_converted_effect_size,secondary_beta_or_path_converted_effect_size,beta_converted_peterson_brown,standardized_path_beta_converted,CAV005;ROW_CAVEAT,true,path_or_beta_compatible,retain_beta_or_path_extraction_route,false
FC-S5-TASK-00341,S033,EE-PE,beta_or_path_converted_effect_size,secondary_beta_or_path_converted_effect_size,beta_converted_peterson_brown,standardized_path_beta_converted,CAV005;ROW_CAVEAT,true,path_or_beta_compatible,retain_beta_or_path_extraction_route,false
FC-S5-TASK-00342,S033,SI-UB,beta_or_path_converted_effect_size,secondary_beta_or_path_converted_effect_size,beta_converted_peterson_brown,standardized_path_beta_converted,CAV005;ROW_CAVEAT,true,path_or_beta_compatible,retain_beta_or_path_extraction_route,false
FC-S5-TASK-00343,S033,TRU-UB,beta_or_path_converted_effect_size,secondary_beta_or_path_converted_effect_size,beta_converted_peterson_brown,standardized_path_beta_converted,CAV005;ROW_CAVEAT,true,path_or_beta_compatible,retain_beta_or_path_extraction_route,false
FC-S5-TASK-00399,S038,ATT-BI,beta_or_path_converted_effect_size,secondary_beta_or_path_converted_effect_size,beta_converted_peterson_brown,standardized_path_beta_converted,CAV005,true,path_or_beta_compatible,retain_beta_or_path_extraction_route,false
FC-S5-TASK-00400,S038,ATT-PE,beta_or_path_converted_effect_size,secondary_beta_or_path_converted_effect_size,beta_converted_peterson_brown,standardized_path_beta_converted,CAV005,true,path_or_beta_compatible,retain_beta_or_path_extraction_route,false
FC-S5-TASK-00401,S038,ATT-TRU,beta_or_path_converted_effect_size,secondary_beta_or_path_converted_effect_size,beta_converted_peterson_brown,standardized_path_beta_converted,CAV005,true,path_or_beta_compatible,retain_beta_or_path_extraction_route,false
FC-S5-TASK-00402,S038,BI-EE,beta_or_path_converted_effect_size,secondary_beta_or_path_converted_effect_size,beta_converted_peterson_brown,standardized_path_beta_converted,CAV005,true,path_or_beta_compatible,retain_beta_or_path_extraction_route,false
FC-S5-TASK-00403,S038,BI-PE,beta_or_path_converted_effect_size,secondary_beta_or_path_converted_effect_size,beta_converted_peterson_brown,standardized_path_beta_converted,CAV005,true,path_or_beta_compatible,retain_beta_or_path_extraction_route,false
FC-S5-TASK-00404,S038,BI-SI,beta_or_path_converted_effect_size,secondary_beta_or_path_converted_effect_size,beta_converted_peterson_brown,standardized_path_beta_converted,CAV005,true,path_or_beta_compatible,retain_beta_or_path_extraction_route,false
FC-S5-TASK-00411,S042,BI-EE,beta_or_path_converted_effect_size,secondary_beta_or_path_converted_effect_size,beta_converted_peterson_brown,standardized_path_beta_converted,CAV005,true,path_or_beta_compatible,retain_beta_or_path_extraction_route,false
FC-S5-TASK-00412,S042,BI-FC,beta_or_path_converted_effect_size,secondary_beta_or_path_converted_effect_size,beta_converted_peterson_brown,standardized_path_beta_converted,CAV005,true,path_or_beta_compatible,retain_beta_or_path_extraction_route,false
FC-S5-TASK-00413,S042,BI-PE,beta_or_path_converted_effect_size,secondary_beta_or_path_converted_effect_size,beta_converted_peterson_brown,standardized_path_beta_converted,CAV005,true,path_or_beta_compatible,retain_beta_or_path_extraction_route,false
FC-S5-TASK-00414,S042,BI-SI,beta_or_path_converted_effect_size,secondary_beta_or_path_converted_effect_size,beta_converted_peterson_brown,standardized_path_beta_converted,CAV005,true,path_or_beta_compatible,retain_beta_or_path_extraction_route,false
FC-S5-TASK-00415,S042,BI-UB,beta_or_path_converted_effect_size,secondary_beta_or_path_converted_effect_size,beta_converted_peterson_brown,standardized_path_beta_converted,CAV005,true,path_or_beta_compatible,retain_beta_or_path_extraction_route,false
FC-S5-TASK-00416,S042,FC-UB,beta_or_path_converted_effect_size,secondary_beta_or_path_converted_effect_size,beta_converted_peterson_brown,standardized_path_beta_converted,CAV005,true,path_or_beta_compatible,retain_beta_or_path_extraction_route,false
FC-S5-TASK-00585,S056,ATT-EE,beta_or_path_converted_effect_size,secondary_beta_or_path_converted_effect_size,source_reported_construct_correlation,direct_construct_correlation,CAV005,false,non_path_reference_evidence_in_beta_family,route_as_latent_or_construct_correlation_in_revised_step5_model_input,false
FC-S5-TASK-00586,S056,ATT-PE,beta_or_path_converted_effect_size,secondary_beta_or_path_converted_effect_size,source_reported_construct_correlation,direct_construct_correlation,CAV005,false,non_path_reference_evidence_in_beta_family,route_as_latent_or_construct_correlation_in_revised_step5_model_input,false
FC-S5-TASK-00587,S056,EE-PE,beta_or_path_converted_effect_size,secondary_beta_or_path_converted_effect_size,source_reported_construct_correlation,direct_construct_correlation,CAV005,false,non_path_reference_evidence_in_beta_family,route_as_latent_or_construct_correlation_in_revised_step5_model_input,false
FC-S5-TASK-00616,S058,ATT-BI,beta_or_path_converted_effect_size,secondary_beta_or_path_converted_effect_size,beta_converted_peterson_brown,standardized_path_beta_converted,CAV005,true,path_or_beta_compatible,retain_beta_or_path_extraction_route,false
FC-S5-TASK-00617,S058,ATT-EE,beta_or_path_converted_effect_size,secondary_beta_or_path_converted_effect_size,beta_converted_peterson_brown,standardized_path_beta_converted,CAV005,true,path_or_beta_compatible,retain_beta_or_path_extraction_route,false
FC-S5-TASK-00618,S058,ATT-PE,beta_or_path_converted_effect_size,secondary_beta_or_path_converted_effect_size,beta_converted_peterson_brown,standardized_path_beta_converted,CAV005,true,path_or_beta_compatible,retain_beta_or_path_extraction_route,false
FC-S5-TASK-00619,S058,BI-EE,beta_or_path_converted_effect_size,secondary_beta_or_path_converted_effect_size,beta_converted_peterson_brown,standardized_path_beta_converted,CAV005,true,path_or_beta_compatible,retain_beta_or_path_extraction_route,false
FC-S5-TASK-00620,S058,BI-PE,beta_or_path_converted_effect_size,secondary_beta_or_path_converted_effect_size,beta_converted_peterson_brown,standardized_path_beta_converted,CAV005,true,path_or_beta_compatible,retain_beta_or_path_extraction_route,false
FC-S5-TASK-00621,S058,EE-PE,beta_or_path_converted_effect_size,secondary_beta_or_path_converted_effect_size,beta_converted_peterson_brown,standardized_path_beta_converted,CAV005,true,path_or_beta_compatible,retain_beta_or_path_extraction_route,false
FC-S5-TASK-00637,S061,BI-EE,beta_or_path_converted_effect_size,secondary_beta_or_path_converted_effect_size,source_reported_pearson_or_latent_correlation,source_reported_direct_correlation_or_latent_correlation,CAV005,false,non_path_reference_evidence_in_beta_family,route_as_latent_or_construct_correlation_in_revised_step5_model_input,false
FC-S5-TASK-00638,S061,BI-FC,beta_or_path_converted_effect_size,secondary_beta_or_path_converted_effect_size,beta_converted_peterson_brown,standardized_path_beta_converted,CAV005,true,path_or_beta_compatible,retain_beta_or_path_extraction_route,false
FC-S5-TASK-00639,S061,BI-PE,beta_or_path_converted_effect_size,secondary_beta_or_path_converted_effect_size,source_reported_pearson_or_latent_correlation,source_reported_direct_correlation_or_latent_correlation,CAV005,false,non_path_reference_evidence_in_beta_family,route_as_latent_or_construct_correlation_in_revised_step5_model_input,false
FC-S5-TASK-00640,S061,BI-SI,beta_or_path_converted_effect_size,secondary_beta_or_path_converted_effect_size,source_reported_pearson_or_latent_correlation,source_reported_direct_correlation_or_latent_correlation,CAV005,false,non_path_reference_evidence_in_beta_family,route_as_latent_or_construct_correlation_in_revised_step5_model_input,false
FC-S5-TASK-00641,S061,EE-PE,beta_or_path_converted_effect_size,secondary_beta_or_path_converted_effect_size,source_reported_pearson_or_latent_correlation,source_reported_direct_correlation_or_latent_correlation,CAV005,false,non_path_reference_evidence_in_beta_family,route_as_latent_or_construct_correlation_in_revised_step5_model_input,false
FC-S5-TASK-00642,S061,EE-SI,beta_or_path_converted_effect_size,secondary_beta_or_path_converted_effect_size,source_reported_pearson_or_latent_correlation,source_reported_direct_correlation_or_latent_correlation,CAV005,false,non_path_reference_evidence_in_beta_family,route_as_latent_or_construct_correlation_in_revised_step5_model_input,false
FC-S5-TASK-00643,S061,PE-SI,beta_or_path_converted_effect_size,secondary_beta_or_path_converted_effect_size,source_reported_pearson_or_latent_correlation,source_reported_direct_correlation_or_latent_correlation,CAV005,false,non_path_reference_evidence_in_beta_family,route_as_latent_or_construct_correlation_in_revised_step5_model_input,false
FC-S5-TASK-00660,S064,ATT-EE,beta_or_path_converted_effect_size,secondary_beta_or_path_converted_effect_size,beta_converted_peterson_brown,standardized_path_beta_converted_from_original_path_or_beta,CAV005,true,path_or_beta_compatible,retain_beta_or_path_extraction_route,false
FC-S5-TASK-00661,S064,ATT-PE,beta_or_path_converted_effect_size,secondary_beta_or_path_converted_effect_size,beta_converted_peterson_brown,standardized_path_beta_converted_from_original_path_or_beta,CAV005,true,path_or_beta_compatible,retain_beta_or_path_extraction_route,false
FC-S5-TASK-00662,S064,EE-SI,beta_or_path_converted_effect_size,secondary_beta_or_path_converted_effect_size,beta_converted_peterson_brown,standardized_path_beta_converted_from_original_path_or_beta,CAV005,true,path_or_beta_compatible,retain_beta_or_path_extraction_route,false
FC-S5-TASK-00663,S064,PE-SI,beta_or_path_converted_effect_size,secondary_beta_or_path_converted_effect_size,beta_converted_peterson_brown,standardized_path_beta_converted_from_original_path_or_beta,CAV005,true,path_or_beta_compatible,retain_beta_or_path_extraction_route,false
FC-S5-TASK-00674,S066,ANX-BI,beta_or_path_converted_effect_size,secondary_beta_or_path_converted_effect_size,beta_converted_peterson_brown,standardized_path_beta_converted,CAV005;CAV006;CAV007;ROW_CAVEAT,true,path_or_beta_compatible,retain_beta_or_path_extraction_route,false
FC-S5-TASK-00675,S066,ANX-EE,beta_or_path_converted_effect_size,secondary_beta_or_path_converted_effect_size,beta_converted_peterson_brown,standardized_path_beta_converted,CAV005;CAV006;CAV007;ROW_CAVEAT,true,path_or_beta_compatible,retain_beta_or_path_extraction_route,false
FC-S5-TASK-00676,S066,ANX-FC,beta_or_path_converted_effect_size,secondary_beta_or_path_converted_effect_size,beta_converted_peterson_brown,standardized_path_beta_converted,CAV005;CAV006;CAV007;ROW_CAVEAT,true,path_or_beta_compatible,retain_beta_or_path_extraction_route,false
FC-S5-TASK-00677,S066,ANX-PE,beta_or_path_converted_effect_size,secondary_beta_or_path_converted_effect_size,beta_converted_peterson_brown,standardized_path_beta_converted,CAV005;CAV006;CAV007;ROW_CAVEAT,true,path_or_beta_compatible,retain_beta_or_path_extraction_route,false
FC-S5-TASK-00678,S066,ANX-SI,beta_or_path_converted_effect_size,secondary_beta_or_path_converted_effect_size,beta_converted_peterson_brown,standardized_path_beta_converted,CAV005;CAV006;CAV007;ROW_CAVEAT,true,path_or_beta_compatible,retain_beta_or_path_extraction_route,false
FC-S5-TASK-00679,S066,ANX-TRU,beta_or_path_converted_effect_size,secondary_beta_or_path_converted_effect_size,beta_converted_peterson_brown,standardized_path_beta_converted,CAV005;CAV006;CAV007;ROW_CAVEAT,true,path_or_beta_compatible,retain_beta_or_path_extraction_route,false
FC-S5-TASK-00680,S066,BI-EE,beta_or_path_converted_effect_size,secondary_beta_or_path_converted_effect_size,beta_converted_peterson_brown,standardized_path_beta_converted,CAV005;CAV006;CAV007;ROW_CAVEAT,true,path_or_beta_compatible,retain_beta_or_path_extraction_route,false
FC-S5-TASK-00681,S066,BI-FC,beta_or_path_converted_effect_size,secondary_beta_or_path_converted_effect_size,beta_converted_peterson_brown,standardized_path_beta_converted,CAV005;CAV006;CAV007;ROW_CAVEAT,true,path_or_beta_compatible,retain_beta_or_path_extraction_route,false
FC-S5-TASK-00682,S066,BI-PE,beta_or_path_converted_effect_size,secondary_beta_or_path_converted_effect_size,beta_converted_peterson_brown,standardized_path_beta_converted,CAV005;CAV006;CAV007;ROW_CAVEAT,true,path_or_beta_compatible,retain_beta_or_path_extraction_route,false
FC-S5-TASK-00683,S066,BI-SI,beta_or_path_converted_effect_size,secondary_beta_or_path_converted_effect_size,beta_converted_peterson_brown,standardized_path_beta_converted,CAV005;CAV006;CAV007;ROW_CAVEAT,true,path_or_beta_compatible,retain_beta_or_path_extraction_route,false
FC-S5-TASK-00684,S066,BI-TRU,beta_or_path_converted_effect_size,secondary_beta_or_path_converted_effect_size,beta_converted_peterson_brown,standardized_path_beta_converted,CAV005;CAV006;CAV007;ROW_CAVEAT,true,path_or_beta_compatible,retain_beta_or_path_extraction_route,false
FC-S5-TASK-00685,S066,BI-UB,beta_or_path_converted_effect_size,secondary_beta_or_path_converted_effect_size,beta_converted_peterson_brown,standardized_path_beta_converted,CAV005;CAV006;CAV007;ROW_CAVEAT,true,path_or_beta_compatible,retain_beta_or_path_extraction_route,false
FC-S5-TASK-00686,S067,ATT-BI,beta_or_path_converted_effect_size,secondary_beta_or_path_converted_effect_size,source_reported_latent_correlation,fornell_larcker_off_diagonal_latent_correlation,CAV005,false,non_path_reference_evidence_in_beta_family,route_as_latent_or_construct_correlation_in_revised_step5_model_input,false
FC-S5-TASK-00687,S067,ATT-EE,beta_or_path_converted_effect_size,secondary_beta_or_path_converted_effect_size,source_reported_latent_correlation,fornell_larcker_off_diagonal_latent_correlation,CAV005,false,non_path_reference_evidence_in_beta_family,route_as_latent_or_construct_correlation_in_revised_step5_model_input,false
FC-S5-TASK-00688,S067,ATT-PE,beta_or_path_converted_effect_size,secondary_beta_or_path_converted_effect_size,source_reported_latent_correlation,fornell_larcker_off_diagonal_latent_correlation,CAV005,false,non_path_reference_evidence_in_beta_family,route_as_latent_or_construct_correlation_in_revised_step5_model_input,false
FC-S5-TASK-00689,S067,ATT-SI,beta_or_path_converted_effect_size,secondary_beta_or_path_converted_effect_size,source_reported_latent_correlation,fornell_larcker_off_diagonal_latent_correlation,CAV005,false,non_path_reference_evidence_in_beta_family,route_as_latent_or_construct_correlation_in_revised_step5_model_input,false
FC-S5-TASK-00690,S067,ATT-TRU,beta_or_path_converted_effect_size,secondary_beta_or_path_converted_effect_size,source_reported_latent_correlation,fornell_larcker_off_diagonal_latent_correlation,CAV005,false,non_path_reference_evidence_in_beta_family,route_as_latent_or_construct_correlation_in_revised_step5_model_input,false
FC-S5-TASK-00691,S067,BI-EE,beta_or_path_converted_effect_size,secondary_beta_or_path_converted_effect_size,source_reported_latent_correlation,fornell_larcker_off_diagonal_latent_correlation,CAV005,false,non_path_reference_evidence_in_beta_family,route_as_latent_or_construct_correlation_in_revised_step5_model_input,false
FC-S5-TASK-00692,S067,BI-PE,beta_or_path_converted_effect_size,secondary_beta_or_path_converted_effect_size,source_reported_latent_correlation,fornell_larcker_off_diagonal_latent_correlation,CAV005,false,non_path_reference_evidence_in_beta_family,route_as_latent_or_construct_correlation_in_revised_step5_model_input,false
FC-S5-TASK-00693,S067,BI-SI,beta_or_path_converted_effect_size,secondary_beta_or_path_converted_effect_size,source_reported_latent_correlation,fornell_larcker_off_diagonal_latent_correlation,CAV005,false,non_path_reference_evidence_in_beta_family,route_as_latent_or_construct_correlation_in_revised_step5_model_input,false
FC-S5-TASK-00694,S067,BI-TRU,beta_or_path_converted_effect_size,secondary_beta_or_path_converted_effect_size,source_reported_latent_correlation,fornell_larcker_off_diagonal_latent_correlation,CAV005,false,non_path_reference_evidence_in_beta_family,route_as_latent_or_construct_correlation_in_revised_step5_model_input,false
FC-S5-TASK-00695,S067,EE-PE,beta_or_path_converted_effect_size,secondary_beta_or_path_converted_effect_size,source_reported_latent_correlation,fornell_larcker_off_diagonal_latent_correlation,CAV005,false,non_path_reference_evidence_in_beta_family,route_as_latent_or_construct_correlation_in_revised_step5_model_input,false
FC-S5-TASK-00696,S067,EE-SI,beta_or_path_converted_effect_size,secondary_beta_or_path_converted_effect_size,source_reported_latent_correlation,fornell_larcker_off_diagonal_latent_correlation,CAV005,false,non_path_reference_evidence_in_beta_family,route_as_latent_or_construct_correlation_in_revised_step5_model_input,false
FC-S5-TASK-00697,S067,EE-TRU,beta_or_path_converted_effect_size,secondary_beta_or_path_converted_effect_size,source_reported_latent_correlation,fornell_larcker_off_diagonal_latent_correlation,CAV005,false,non_path_reference_evidence_in_beta_family,route_as_latent_or_construct_correlation_in_revised_step5_model_input,false
FC-S5-TASK-00698,S067,PE-SI,beta_or_path_converted_effect_size,secondary_beta_or_path_converted_effect_size,source_reported_latent_correlation,fornell_larcker_off_diagonal_latent_correlation,CAV005,false,non_path_reference_evidence_in_beta_family,route_as_latent_or_construct_correlation_in_revised_step5_model_input,false
FC-S5-TASK-00699,S067,PE-TRU,beta_or_path_converted_effect_size,secondary_beta_or_path_converted_effect_size,source_reported_latent_correlation,fornell_larcker_off_diagonal_latent_correlation,CAV005,false,non_path_reference_evidence_in_beta_family,route_as_latent_or_construct_correlation_in_revised_step5_model_input,false
FC-S5-TASK-00700,S067,SI-TRU,beta_or_path_converted_effect_size,secondary_beta_or_path_converted_effect_size,source_reported_latent_correlation,fornell_larcker_off_diagonal_latent_correlation,CAV005,false,non_path_reference_evidence_in_beta_family,route_as_latent_or_construct_correlation_in_revised_step5_model_input,false
FC-S5-TASK-00701,S068,BI-EE,beta_or_path_converted_effect_size,secondary_beta_or_path_converted_effect_size,beta_converted_peterson_brown,standardized_path_beta_converted,CAV005,true,path_or_beta_compatible,retain_beta_or_path_extraction_route,false
FC-S5-TASK-00702,S068,BI-FC,beta_or_path_converted_effect_size,secondary_beta_or_path_converted_effect_size,beta_converted_peterson_brown,standardized_path_beta_converted,CAV005,true,path_or_beta_compatible,retain_beta_or_path_extraction_route,false
FC-S5-TASK-00703,S068,BI-PE,beta_or_path_converted_effect_size,secondary_beta_or_path_converted_effect_size,beta_converted_peterson_brown,standardized_path_beta_converted,CAV005,true,path_or_beta_compatible,retain_beta_or_path_extraction_route,false
FC-S5-TASK-00704,S068,BI-SE,beta_or_path_converted_effect_size,secondary_beta_or_path_converted_effect_size,beta_converted_peterson_brown,standardized_path_beta_converted,CAV005,true,path_or_beta_compatible,retain_beta_or_path_extraction_route,false
FC-S5-TASK-00705,S068,BI-SI,beta_or_path_converted_effect_size,secondary_beta_or_path_converted_effect_size,beta_converted_peterson_brown,standardized_path_beta_converted,CAV005,true,path_or_beta_compatible,retain_beta_or_path_extraction_route,false
FC-S5-TASK-00706,S068,BI-UB,beta_or_path_converted_effect_size,secondary_beta_or_path_converted_effect_size,beta_converted_peterson_brown,standardized_path_beta_converted,CAV005,true,path_or_beta_compatible,retain_beta_or_path_extraction_route,false
FC-S5-TASK-00707,S068,SE-UB,beta_or_path_converted_effect_size,secondary_beta_or_path_converted_effect_size,beta_converted_peterson_brown,standardized_path_beta_converted,CAV005,true,path_or_beta_compatible,retain_beta_or_path_extraction_route,false
FC-S5-TASK-00714,S070,BI-EE,beta_or_path_converted_effect_size,secondary_beta_or_path_converted_effect_size,source_reported_pearson_or_latent_correlation,source_reported_direct_correlation_or_latent_correlation,CAV005,false,non_path_reference_evidence_in_beta_family,route_as_latent_or_construct_correlation_in_revised_step5_model_input,false
FC-S5-TASK-00715,S070,BI-FC,beta_or_path_converted_effect_size,secondary_beta_or_path_converted_effect_size,source_reported_pearson_or_latent_correlation,source_reported_direct_correlation_or_latent_correlation,CAV005,false,non_path_reference_evidence_in_beta_family,route_as_latent_or_construct_correlation_in_revised_step5_model_input,false
FC-S5-TASK-00716,S070,BI-PE,beta_or_path_converted_effect_size,secondary_beta_or_path_converted_effect_size,source_reported_pearson_or_latent_correlation,source_reported_direct_correlation_or_latent_correlation,CAV005,false,non_path_reference_evidence_in_beta_family,route_as_latent_or_construct_correlation_in_revised_step5_model_input,false
FC-S5-TASK-00717,S070,BI-SI,beta_or_path_converted_effect_size,secondary_beta_or_path_converted_effect_size,source_reported_pearson_or_latent_correlation,source_reported_direct_correlation_or_latent_correlation,CAV005,false,non_path_reference_evidence_in_beta_family,route_as_latent_or_construct_correlation_in_revised_step5_model_input,false
FC-S5-TASK-00718,S070,BI-UB,beta_or_path_converted_effect_size,secondary_beta_or_path_converted_effect_size,source_reported_pearson_or_latent_correlation,source_reported_direct_correlation_or_latent_correlation,CAV005,false,non_path_reference_evidence_in_beta_family,route_as_latent_or_construct_correlation_in_revised_step5_model_input,false
FC-S5-TASK-00719,S070,EE-FC,beta_or_path_converted_effect_size,secondary_beta_or_path_converted_effect_size,source_reported_pearson_or_latent_correlation,source_reported_direct_correlation_or_latent_correlation,CAV005,false,non_path_reference_evidence_in_beta_family,route_as_latent_or_construct_correlation_in_revised_step5_model_input,false
FC-S5-TASK-00720,S070,EE-PE,beta_or_path_converted_effect_size,secondary_beta_or_path_converted_effect_size,source_reported_pearson_or_latent_correlation,source_reported_direct_correlation_or_latent_correlation,CAV005,false,non_path_reference_evidence_in_beta_family,route_as_latent_or_construct_correlation_in_revised_step5_model_input,false
FC-S5-TASK-00721,S070,EE-SI,beta_or_path_converted_effect_size,secondary_beta_or_path_converted_effect_size,source_reported_pearson_or_latent_correlation,source_reported_direct_correlation_or_latent_correlation,CAV005,false,non_path_reference_evidence_in_beta_family,route_as_latent_or_construct_correlation_in_revised_step5_model_input,false
FC-S5-TASK-00722,S070,EE-UB,beta_or_path_converted_effect_size,secondary_beta_or_path_converted_effect_size,source_reported_pearson_or_latent_correlation,source_reported_direct_correlation_or_latent_correlation,CAV005,false,non_path_reference_evidence_in_beta_family,route_as_latent_or_construct_correlation_in_revised_step5_model_input,false
FC-S5-TASK-00723,S070,FC-PE,beta_or_path_converted_effect_size,secondary_beta_or_path_converted_effect_size,source_reported_pearson_or_latent_correlation,source_reported_direct_correlation_or_latent_correlation,CAV005,false,non_path_reference_evidence_in_beta_family,route_as_latent_or_construct_correlation_in_revised_step5_model_input,false
FC-S5-TASK-00724,S070,FC-SI,beta_or_path_converted_effect_size,secondary_beta_or_path_converted_effect_size,source_reported_pearson_or_latent_correlation,source_reported_direct_correlation_or_latent_correlation,CAV005,false,non_path_reference_evidence_in_beta_family,route_as_latent_or_construct_correlation_in_revised_step5_model_input,false
FC-S5-TASK-00725,S070,FC-UB,beta_or_path_converted_effect_size,secondary_beta_or_path_converted_effect_size,source_reported_pearson_or_latent_correlation,source_reported_direct_correlation_or_latent_correlation,CAV005,false,non_path_reference_evidence_in_beta_family,route_as_latent_or_construct_correlation_in_revised_step5_model_input,false
FC-S5-TASK-00726,S070,PE-SI,beta_or_path_converted_effect_size,secondary_beta_or_path_converted_effect_size,source_reported_pearson_or_latent_correlation,source_reported_direct_correlation_or_latent_correlation,CAV005,false,non_path_reference_evidence_in_beta_family,route_as_latent_or_construct_correlation_in_revised_step5_model_input,false
FC-S5-TASK-00727,S070,PE-UB,beta_or_path_converted_effect_size,secondary_beta_or_path_converted_effect_size,source_reported_pearson_or_latent_correlation,source_reported_direct_correlation_or_latent_correlation,CAV005,false,non_path_reference_evidence_in_beta_family,route_as_latent_or_construct_correlation_in_revised_step5_model_input,false
FC-S5-TASK-00728,S070,SI-UB,beta_or_path_converted_effect_size,secondary_beta_or_path_converted_effect_size,source_reported_pearson_or_latent_correlation,source_reported_direct_correlation_or_latent_correlation,CAV005,false,non_path_reference_evidence_in_beta_family,route_as_latent_or_construct_correlation_in_revised_step5_model_input,false
FC-S5-TASK-00729,S071,ATT-EE,beta_or_path_converted_effect_size,secondary_beta_or_path_converted_effect_size,beta_converted_peterson_brown,standardized_path_beta_converted_from_original_path_or_beta,CAV005,true,path_or_beta_compatible,retain_beta_or_path_extraction_route,false
FC-S5-TASK-00730,S071,ATT-FC,beta_or_path_converted_effect_size,secondary_beta_or_path_converted_effect_size,beta_converted_peterson_brown,standardized_path_beta_converted_from_original_path_or_beta,CAV005,true,path_or_beta_compatible,retain_beta_or_path_extraction_route,false
FC-S5-TASK-00731,S071,ATT-PE,beta_or_path_converted_effect_size,secondary_beta_or_path_converted_effect_size,beta_converted_peterson_brown,standardized_path_beta_converted_from_original_path_or_beta,CAV005,true,path_or_beta_compatible,retain_beta_or_path_extraction_route,false
FC-S5-TASK-00732,S071,ATT-SI,beta_or_path_converted_effect_size,secondary_beta_or_path_converted_effect_size,beta_converted_peterson_brown,standardized_path_beta_converted_from_original_path_or_beta,CAV005,true,path_or_beta_compatible,retain_beta_or_path_extraction_route,false
FC-S5-TASK-00733,S071,ATT-UB,beta_or_path_converted_effect_size,secondary_beta_or_path_converted_effect_size,beta_converted_peterson_brown,standardized_path_beta_converted_from_original_path_or_beta,CAV005,true,path_or_beta_compatible,retain_beta_or_path_extraction_route,false
FC-S5-TASK-00749,S073,ANX-EE,beta_or_path_converted_effect_size,secondary_beta_or_path_converted_effect_size,beta_converted_peterson_brown,standardized_path_beta_converted,CAV005,true,path_or_beta_compatible,retain_beta_or_path_extraction_route,false
FC-S5-TASK-00750,S073,BI-EE,beta_or_path_converted_effect_size,secondary_beta_or_path_converted_effect_size,beta_converted_peterson_brown,standardized_path_beta_converted,CAV005,true,path_or_beta_compatible,retain_beta_or_path_extraction_route,false
FC-S5-TASK-00751,S073,BI-PE,beta_or_path_converted_effect_size,secondary_beta_or_path_converted_effect_size,beta_converted_peterson_brown,standardized_path_beta_converted,CAV005,true,path_or_beta_compatible,retain_beta_or_path_extraction_route,false
FC-S5-TASK-00752,S073,EE-FC,beta_or_path_converted_effect_size,secondary_beta_or_path_converted_effect_size,beta_converted_peterson_brown,standardized_path_beta_converted,CAV005,true,path_or_beta_compatible,retain_beta_or_path_extraction_route,false
FC-S5-TASK-00753,S073,EE-PE,beta_or_path_converted_effect_size,secondary_beta_or_path_converted_effect_size,beta_converted_peterson_brown,standardized_path_beta_converted,CAV005,true,path_or_beta_compatible,retain_beta_or_path_extraction_route,false
FC-S5-TASK-00754,S073,EE-SE,beta_or_path_converted_effect_size,secondary_beta_or_path_converted_effect_size,beta_converted_peterson_brown,standardized_path_beta_converted,CAV005,true,path_or_beta_compatible,retain_beta_or_path_extraction_route,false
FC-S5-TASK-00755,S073,PE-SI,beta_or_path_converted_effect_size,secondary_beta_or_path_converted_effect_size,beta_converted_peterson_brown,standardized_path_beta_converted,CAV005,true,path_or_beta_compatible,retain_beta_or_path_extraction_route,false
FC-S5-TASK-00771,S075,BI-EE,beta_or_path_converted_effect_size,secondary_beta_or_path_converted_effect_size,source_reported_latent_correlation,fornell_larcker_off_diagonal_latent_correlation,CAV005,false,non_path_reference_evidence_in_beta_family,route_as_latent_or_construct_correlation_in_revised_step5_model_input,false
FC-S5-TASK-00772,S075,BI-FC,beta_or_path_converted_effect_size,secondary_beta_or_path_converted_effect_size,source_reported_latent_correlation,fornell_larcker_off_diagonal_latent_correlation,CAV005,false,non_path_reference_evidence_in_beta_family,route_as_latent_or_construct_correlation_in_revised_step5_model_input,false
FC-S5-TASK-00773,S075,BI-PE,beta_or_path_converted_effect_size,secondary_beta_or_path_converted_effect_size,source_reported_latent_correlation,fornell_larcker_off_diagonal_latent_correlation,CAV005,false,non_path_reference_evidence_in_beta_family,route_as_latent_or_construct_correlation_in_revised_step5_model_input,false
FC-S5-TASK-00774,S075,BI-SI,beta_or_path_converted_effect_size,secondary_beta_or_path_converted_effect_size,source_reported_latent_correlation,fornell_larcker_off_diagonal_latent_correlation,CAV005,false,non_path_reference_evidence_in_beta_family,route_as_latent_or_construct_correlation_in_revised_step5_model_input,false
FC-S5-TASK-00775,S075,BI-UB,beta_or_path_converted_effect_size,secondary_beta_or_path_converted_effect_size,source_reported_latent_correlation,fornell_larcker_off_diagonal_latent_correlation,CAV005,false,non_path_reference_evidence_in_beta_family,route_as_latent_or_construct_correlation_in_revised_step5_model_input,false
FC-S5-TASK-00776,S075,EE-FC,beta_or_path_converted_effect_size,secondary_beta_or_path_converted_effect_size,source_reported_latent_correlation,fornell_larcker_off_diagonal_latent_correlation,CAV005,false,non_path_reference_evidence_in_beta_family,route_as_latent_or_construct_correlation_in_revised_step5_model_input,false
FC-S5-TASK-00777,S075,EE-PE,beta_or_path_converted_effect_size,secondary_beta_or_path_converted_effect_size,source_reported_latent_correlation,fornell_larcker_off_diagonal_latent_correlation,CAV005,false,non_path_reference_evidence_in_beta_family,route_as_latent_or_construct_correlation_in_revised_step5_model_input,false
FC-S5-TASK-00778,S075,EE-SI,beta_or_path_converted_effect_size,secondary_beta_or_path_converted_effect_size,source_reported_latent_correlation,fornell_larcker_off_diagonal_latent_correlation,CAV005,false,non_path_reference_evidence_in_beta_family,route_as_latent_or_construct_correlation_in_revised_step5_model_input,false
FC-S5-TASK-00779,S075,EE-UB,beta_or_path_converted_effect_size,secondary_beta_or_path_converted_effect_size,source_reported_latent_correlation,fornell_larcker_off_diagonal_latent_correlation,CAV005,false,non_path_reference_evidence_in_beta_family,route_as_latent_or_construct_correlation_in_revised_step5_model_input,false
FC-S5-TASK-00780,S075,FC-PE,beta_or_path_converted_effect_size,secondary_beta_or_path_converted_effect_size,source_reported_latent_correlation,fornell_larcker_off_diagonal_latent_correlation,CAV005,false,non_path_reference_evidence_in_beta_family,route_as_latent_or_construct_correlation_in_revised_step5_model_input,false
FC-S5-TASK-00781,S075,FC-SI,beta_or_path_converted_effect_size,secondary_beta_or_path_converted_effect_size,source_reported_latent_correlation,fornell_larcker_off_diagonal_latent_correlation,CAV005,false,non_path_reference_evidence_in_beta_family,route_as_latent_or_construct_correlation_in_revised_step5_model_input,false
FC-S5-TASK-00782,S075,FC-UB,beta_or_path_converted_effect_size,secondary_beta_or_path_converted_effect_size,source_reported_latent_correlation,fornell_larcker_off_diagonal_latent_correlation,CAV005,false,non_path_reference_evidence_in_beta_family,route_as_latent_or_construct_correlation_in_revised_step5_model_input,false
FC-S5-TASK-00783,S075,PE-SI,beta_or_path_converted_effect_size,secondary_beta_or_path_converted_effect_size,source_reported_latent_correlation,fornell_larcker_off_diagonal_latent_correlation,CAV005,false,non_path_reference_evidence_in_beta_family,route_as_latent_or_construct_correlation_in_revised_step5_model_input,false
FC-S5-TASK-00784,S075,PE-UB,beta_or_path_converted_effect_size,secondary_beta_or_path_converted_effect_size,source_reported_latent_correlation,fornell_larcker_off_diagonal_latent_correlation,CAV005,false,non_path_reference_evidence_in_beta_family,route_as_latent_or_construct_correlation_in_revised_step5_model_input,false
FC-S5-TASK-00785,S075,SI-UB,beta_or_path_converted_effect_size,secondary_beta_or_path_converted_effect_size,source_reported_latent_correlation,fornell_larcker_off_diagonal_latent_correlation,CAV005,false,non_path_reference_evidence_in_beta_family,route_as_latent_or_construct_correlation_in_revised_step5_model_input,false
FC-S5-TASK-00817,S079,BI-EE,beta_or_path_converted_effect_size,secondary_beta_or_path_converted_effect_size,beta_converted_peterson_brown,standardized_path_beta_converted,CAV005;ROW_CAVEAT,true,path_or_beta_compatible,retain_beta_or_path_extraction_route,false
FC-S5-TASK-00818,S079,BI-FC,beta_or_path_converted_effect_size,secondary_beta_or_path_converted_effect_size,beta_converted_peterson_brown,standardized_path_beta_converted,CAV005;ROW_CAVEAT,true,path_or_beta_compatible,retain_beta_or_path_extraction_route,false
FC-S5-TASK-00819,S079,BI-PE,beta_or_path_converted_effect_size,secondary_beta_or_path_converted_effect_size,beta_converted_peterson_brown,standardized_path_beta_converted,CAV005;ROW_CAVEAT,true,path_or_beta_compatible,retain_beta_or_path_extraction_route,false
FC-S5-TASK-00820,S079,BI-SI,beta_or_path_converted_effect_size,secondary_beta_or_path_converted_effect_size,beta_converted_peterson_brown,standardized_path_beta_converted,CAV005;ROW_CAVEAT,true,path_or_beta_compatible,retain_beta_or_path_extraction_route,false
FC-S5-TASK-00821,S079,BI-UB,beta_or_path_converted_effect_size,secondary_beta_or_path_converted_effect_size,beta_converted_peterson_brown,standardized_path_beta_converted,CAV005;ROW_CAVEAT,true,path_or_beta_compatible,retain_beta_or_path_extraction_route,false
FC-S5-TASK-00822,S080,BI-EE,beta_or_path_converted_effect_size,secondary_beta_or_path_converted_effect_size,beta_converted_peterson_brown,standardized_path_beta_converted,CAV005,true,path_or_beta_compatible,retain_beta_or_path_extraction_route,false
FC-S5-TASK-00823,S080,BI-FC,beta_or_path_converted_effect_size,secondary_beta_or_path_converted_effect_size,beta_converted_peterson_brown,standardized_path_beta_converted,CAV005,true,path_or_beta_compatible,retain_beta_or_path_extraction_route,false
FC-S5-TASK-00824,S080,BI-PE,beta_or_path_converted_effect_size,secondary_beta_or_path_converted_effect_size,beta_converted_peterson_brown,standardized_path_beta_converted,CAV005,true,path_or_beta_compatible,retain_beta_or_path_extraction_route,false
FC-S5-TASK-00825,S080,BI-SI,beta_or_path_converted_effect_size,secondary_beta_or_path_converted_effect_size,beta_converted_peterson_brown,standardized_path_beta_converted,CAV005,true,path_or_beta_compatible,retain_beta_or_path_extraction_route,false
FC-S5-TASK-00852,S085,BI-EE,beta_or_path_converted_effect_size,secondary_beta_or_path_converted_effect_size,source_reported_pearson_or_latent_correlation,source_reported_direct_correlation_or_latent_correlation,CAV005,false,non_path_reference_evidence_in_beta_family,route_as_latent_or_construct_correlation_in_revised_step5_model_input,false
FC-S5-TASK-00853,S085,BI-PE,beta_or_path_converted_effect_size,secondary_beta_or_path_converted_effect_size,source_reported_pearson_or_latent_correlation,source_reported_direct_correlation_or_latent_correlation,CAV005,false,non_path_reference_evidence_in_beta_family,route_as_latent_or_construct_correlation_in_revised_step5_model_input,false
FC-S5-TASK-00854,S085,BI-SI,beta_or_path_converted_effect_size,secondary_beta_or_path_converted_effect_size,source_reported_pearson_or_latent_correlation,source_reported_direct_correlation_or_latent_correlation,CAV005,false,non_path_reference_evidence_in_beta_family,route_as_latent_or_construct_correlation_in_revised_step5_model_input,false
FC-S5-TASK-00907,S089,BI-EE,beta_or_path_converted_effect_size,secondary_beta_or_path_converted_effect_size,beta_converted_peterson_brown,standardized_path_beta_converted,CAV005,true,path_or_beta_compatible,retain_beta_or_path_extraction_route,false
FC-S5-TASK-00908,S089,BI-PE,beta_or_path_converted_effect_size,secondary_beta_or_path_converted_effect_size,beta_converted_peterson_brown,standardized_path_beta_converted,CAV005,true,path_or_beta_compatible,retain_beta_or_path_extraction_route,false
FC-S5-TASK-00909,S089,BI-UB,beta_or_path_converted_effect_size,secondary_beta_or_path_converted_effect_size,beta_converted_peterson_brown,standardized_path_beta_converted,CAV005,true,path_or_beta_compatible,retain_beta_or_path_extraction_route,false
FC-S5-TASK-00910,S089,EE-UB,beta_or_path_converted_effect_size,secondary_beta_or_path_converted_effect_size,beta_converted_peterson_brown,standardized_path_beta_converted,CAV005,true,path_or_beta_compatible,retain_beta_or_path_extraction_route,false
FC-S5-TASK-00911,S089,PE-UB,beta_or_path_converted_effect_size,secondary_beta_or_path_converted_effect_size,beta_converted_peterson_brown,standardized_path_beta_converted,CAV005,true,path_or_beta_compatible,retain_beta_or_path_extraction_route,false
FC-S5-TASK-00915,S091,ATT-BI,beta_or_path_converted_effect_size,secondary_beta_or_path_converted_effect_size,source_reported_latent_correlation,fornell_larcker_off_diagonal_latent_correlation,CAV005,false,non_path_reference_evidence_in_beta_family,route_as_latent_or_construct_correlation_in_revised_step5_model_input,false
FC-S5-TASK-00916,S091,ATT-FC,beta_or_path_converted_effect_size,secondary_beta_or_path_converted_effect_size,source_reported_latent_correlation,fornell_larcker_off_diagonal_latent_correlation,CAV005,false,non_path_reference_evidence_in_beta_family,route_as_latent_or_construct_correlation_in_revised_step5_model_input,false
FC-S5-TASK-00917,S091,ATT-PE,beta_or_path_converted_effect_size,secondary_beta_or_path_converted_effect_size,source_reported_latent_correlation,fornell_larcker_off_diagonal_latent_correlation,CAV005,false,non_path_reference_evidence_in_beta_family,route_as_latent_or_construct_correlation_in_revised_step5_model_input,false
FC-S5-TASK-00918,S091,BI-FC,beta_or_path_converted_effect_size,secondary_beta_or_path_converted_effect_size,source_reported_latent_correlation,fornell_larcker_off_diagonal_latent_correlation,CAV005,false,non_path_reference_evidence_in_beta_family,route_as_latent_or_construct_correlation_in_revised_step5_model_input,false
FC-S5-TASK-00919,S091,BI-PE,beta_or_path_converted_effect_size,secondary_beta_or_path_converted_effect_size,source_reported_latent_correlation,fornell_larcker_off_diagonal_latent_correlation,CAV005,false,non_path_reference_evidence_in_beta_family,route_as_latent_or_construct_correlation_in_revised_step5_model_input,false
FC-S5-TASK-00920,S091,FC-PE,beta_or_path_converted_effect_size,secondary_beta_or_path_converted_effect_size,source_reported_latent_correlation,fornell_larcker_off_diagonal_latent_correlation,CAV005,false,non_path_reference_evidence_in_beta_family,route_as_latent_or_construct_correlation_in_revised_step5_model_input,false
FC-S5-TASK-00921,S092,BI-EE,beta_or_path_converted_effect_size,secondary_beta_or_path_converted_effect_size,beta_converted_peterson_brown,standardized_sem_path,CAV005,true,path_or_beta_compatible,retain_beta_or_path_extraction_route,false
FC-S5-TASK-00922,S092,BI-PE,beta_or_path_converted_effect_size,secondary_beta_or_path_converted_effect_size,beta_converted_peterson_brown,standardized_sem_path,CAV005,true,path_or_beta_compatible,retain_beta_or_path_extraction_route,false
FC-S5-TASK-00923,S092,EE-PE,beta_or_path_converted_effect_size,secondary_beta_or_path_converted_effect_size,beta_converted_peterson_brown,standardized_sem_path,CAV005,true,path_or_beta_compatible,retain_beta_or_path_extraction_route,false
FC-S5-TASK-00924,S093,ATT-BI,beta_or_path_converted_effect_size,secondary_beta_or_path_converted_effect_size,beta_converted_peterson_brown,standardized_path_beta_converted,CAV005,true,path_or_beta_compatible,retain_beta_or_path_extraction_route,false
FC-S5-TASK-00925,S093,ATT-EE,beta_or_path_converted_effect_size,secondary_beta_or_path_converted_effect_size,beta_converted_peterson_brown,standardized_path_beta_converted,CAV005,true,path_or_beta_compatible,retain_beta_or_path_extraction_route,false
FC-S5-TASK-00926,S093,ATT-PE,beta_or_path_converted_effect_size,secondary_beta_or_path_converted_effect_size,beta_converted_peterson_brown,standardized_path_beta_converted,CAV005,true,path_or_beta_compatible,retain_beta_or_path_extraction_route,false
FC-S5-TASK-00927,S093,BI-FC,beta_or_path_converted_effect_size,secondary_beta_or_path_converted_effect_size,beta_converted_peterson_brown,standardized_path_beta_converted,CAV005,true,path_or_beta_compatible,retain_beta_or_path_extraction_route,false
FC-S5-TASK-00928,S093,BI-UB,beta_or_path_converted_effect_size,secondary_beta_or_path_converted_effect_size,beta_converted_peterson_brown,standardized_path_beta_converted,CAV005,true,path_or_beta_compatible,retain_beta_or_path_extraction_route,false
FC-S5-TASK-00929,S093,EE-FC,beta_or_path_converted_effect_size,secondary_beta_or_path_converted_effect_size,beta_converted_peterson_brown,standardized_path_beta_converted,CAV005,true,path_or_beta_compatible,retain_beta_or_path_extraction_route,false
FC-S5-TASK-00930,S094,PE-TRU,beta_or_path_converted_effect_size,secondary_beta_or_path_converted_effect_size,beta_converted_peterson_brown,standardized_path_beta_converted,CAV005,true,path_or_beta_compatible,retain_beta_or_path_extraction_route,false
FC-S5-TASK-00931,S095,ANX-BI,beta_or_path_converted_effect_size,secondary_beta_or_path_converted_effect_size,beta_converted_peterson_brown,standardized_path_beta_converted_from_original_path_or_beta,CAV005,true,path_or_beta_compatible,retain_beta_or_path_extraction_route,false
FC-S5-TASK-00932,S095,BI-EE,beta_or_path_converted_effect_size,secondary_beta_or_path_converted_effect_size,beta_converted_peterson_brown,standardized_path_beta_converted_from_original_path_or_beta,CAV005,true,path_or_beta_compatible,retain_beta_or_path_extraction_route,false
FC-S5-TASK-00933,S095,BI-FC,beta_or_path_converted_effect_size,secondary_beta_or_path_converted_effect_size,beta_converted_peterson_brown,standardized_path_beta_converted_from_original_path_or_beta,CAV005,true,path_or_beta_compatible,retain_beta_or_path_extraction_route,false
FC-S5-TASK-00934,S095,BI-PE,beta_or_path_converted_effect_size,secondary_beta_or_path_converted_effect_size,beta_converted_peterson_brown,standardized_path_beta_converted_from_original_path_or_beta,CAV005,true,path_or_beta_compatible,retain_beta_or_path_extraction_route,false
FC-S5-TASK-00935,S095,BI-SI,beta_or_path_converted_effect_size,secondary_beta_or_path_converted_effect_size,beta_converted_peterson_brown,standardized_path_beta_converted_from_original_path_or_beta,CAV005,true,path_or_beta_compatible,retain_beta_or_path_extraction_route,false
FC-S5-TASK-00936,S095,EE-FC,beta_or_path_converted_effect_size,secondary_beta_or_path_converted_effect_size,source_reported_pearson_or_latent_correlation,source_reported_direct_correlation_or_latent_correlation,CAV005,false,non_path_reference_evidence_in_beta_family,route_as_latent_or_construct_correlation_in_revised_step5_model_input,false
FC-S5-TASK-00937,S095,EE-PE,beta_or_path_converted_effect_size,secondary_beta_or_path_converted_effect_size,source_reported_pearson_or_latent_correlation,source_reported_direct_correlation_or_latent_correlation,CAV005,false,non_path_reference_evidence_in_beta_family,route_as_latent_or_construct_correlation_in_revised_step5_model_input,false
FC-S5-TASK-00938,S095,FC-SI,beta_or_path_converted_effect_size,secondary_beta_or_path_converted_effect_size,source_reported_pearson_or_latent_correlation,source_reported_direct_correlation_or_latent_correlation,CAV005,false,non_path_reference_evidence_in_beta_family,route_as_latent_or_construct_correlation_in_revised_step5_model_input,false
FC-S5-TASK-00939,S095,PE-SI,beta_or_path_converted_effect_size,secondary_beta_or_path_converted_effect_size,source_reported_pearson_or_latent_correlation,source_reported_direct_correlation_or_latent_correlation,CAV005,false,non_path_reference_evidence_in_beta_family,route_as_latent_or_construct_correlation_in_revised_step5_model_input,false
FC-S5-TASK-00940,S096,ANX-ATT,beta_or_path_converted_effect_size,secondary_beta_or_path_converted_effect_size,source_reported_pearson_or_latent_correlation,source_reported_direct_correlation_or_latent_correlation,CAV005,false,non_path_reference_evidence_in_beta_family,route_as_latent_or_construct_correlation_in_revised_step5_model_input,false
FC-S5-TASK-00941,S096,ANX-UB,beta_or_path_converted_effect_size,secondary_beta_or_path_converted_effect_size,source_reported_pearson_or_latent_correlation,source_reported_direct_correlation_or_latent_correlation,CAV005,false,non_path_reference_evidence_in_beta_family,route_as_latent_or_construct_correlation_in_revised_step5_model_input,false
FC-S5-TASK-00958,S099,ATT-BI,beta_or_path_converted_effect_size,secondary_beta_or_path_converted_effect_size,beta_converted_peterson_brown,standardized_path_beta_converted,CAV005;CAV007;ROW_CAVEAT,true,path_or_beta_compatible,retain_beta_or_path_extraction_route,false
FC-S5-TASK-00959,S099,ATT-EE,beta_or_path_converted_effect_size,secondary_beta_or_path_converted_effect_size,beta_converted_peterson_brown,standardized_path_beta_converted,CAV005;CAV007;ROW_CAVEAT,true,path_or_beta_compatible,retain_beta_or_path_extraction_route,false
FC-S5-TASK-00960,S099,ATT-PE,beta_or_path_converted_effect_size,secondary_beta_or_path_converted_effect_size,beta_converted_peterson_brown,standardized_path_beta_converted,CAV005;CAV007;ROW_CAVEAT,true,path_or_beta_compatible,retain_beta_or_path_extraction_route,false
FC-S5-TASK-00961,S099,BI-EE,beta_or_path_converted_effect_size,secondary_beta_or_path_converted_effect_size,beta_converted_peterson_brown,standardized_path_beta_converted,CAV005;CAV007;ROW_CAVEAT,true,path_or_beta_compatible,retain_beta_or_path_extraction_route,false
FC-S5-TASK-00962,S099,BI-SI,beta_or_path_converted_effect_size,secondary_beta_or_path_converted_effect_size,beta_converted_peterson_brown,standardized_path_beta_converted,CAV005;CAV007;ROW_CAVEAT,true,path_or_beta_compatible,retain_beta_or_path_extraction_route,false
FC-S5-TASK-00963,S099,BI-TRU,beta_or_path_converted_effect_size,secondary_beta_or_path_converted_effect_size,beta_converted_peterson_brown,standardized_path_beta_converted,CAV005;CAV007;ROW_CAVEAT,true,path_or_beta_compatible,retain_beta_or_path_extraction_route,false
FC-S5-TASK-00964,S099,EE-SE,beta_or_path_converted_effect_size,secondary_beta_or_path_converted_effect_size,beta_converted_peterson_brown,standardized_path_beta_converted,CAV005;CAV007;ROW_CAVEAT,true,path_or_beta_compatible,retain_beta_or_path_extraction_route,false
FC-S5-TASK-00965,S099,EE-SI,beta_or_path_converted_effect_size,secondary_beta_or_path_converted_effect_size,beta_converted_peterson_brown,standardized_path_beta_converted,CAV005;CAV007;ROW_CAVEAT,true,path_or_beta_compatible,retain_beta_or_path_extraction_route,false
FC-S5-TASK-00966,S099,EE-TRU,beta_or_path_converted_effect_size,secondary_beta_or_path_converted_effect_size,beta_converted_peterson_brown,standardized_path_beta_converted,CAV005;CAV007;ROW_CAVEAT,true,path_or_beta_compatible,retain_beta_or_path_extraction_route,false
FC-S5-TASK-00967,S099,SE-SI,beta_or_path_converted_effect_size,secondary_beta_or_path_converted_effect_size,beta_converted_peterson_brown,standardized_path_beta_converted,CAV005;CAV007;ROW_CAVEAT,true,path_or_beta_compatible,retain_beta_or_path_extraction_route,false
FC-S5-TASK-00968,S099,SE-TRU,beta_or_path_converted_effect_size,secondary_beta_or_path_converted_effect_size,beta_converted_peterson_brown,standardized_path_beta_converted,CAV005;CAV007;ROW_CAVEAT,true,path_or_beta_compatible,retain_beta_or_path_extraction_route,false
FC-S5-TASK-00969,S099,SI-TRU,beta_or_path_converted_effect_size,secondary_beta_or_path_converted_effect_size,beta_converted_peterson_brown,standardized_path_beta_converted,CAV005;CAV007;ROW_CAVEAT,true,path_or_beta_compatible,retain_beta_or_path_extraction_route,false
FC-S5-TASK-00993,S104,ATT-BI,beta_or_path_converted_effect_size,secondary_beta_or_path_converted_effect_size,beta_converted_peterson_brown,standardized_path_beta_converted,CAV005,true,path_or_beta_compatible,retain_beta_or_path_extraction_route,false
FC-S5-TASK-00994,S104,ATT-EE,beta_or_path_converted_effect_size,secondary_beta_or_path_converted_effect_size,beta_converted_peterson_brown,standardized_path_beta_converted,CAV005,true,path_or_beta_compatible,retain_beta_or_path_extraction_route,false
FC-S5-TASK-00995,S104,ATT-PE,beta_or_path_converted_effect_size,secondary_beta_or_path_converted_effect_size,beta_converted_peterson_brown,standardized_path_beta_converted,CAV005,true,path_or_beta_compatible,retain_beta_or_path_extraction_route,false
FC-S5-TASK-00996,S104,BI-PE,beta_or_path_converted_effect_size,secondary_beta_or_path_converted_effect_size,beta_converted_peterson_brown,standardized_path_beta_converted,CAV005,true,path_or_beta_compatible,retain_beta_or_path_extraction_route,false
FC-S5-TASK-00997,S104,BI-UB,beta_or_path_converted_effect_size,secondary_beta_or_path_converted_effect_size,beta_converted_peterson_brown,standardized_path_beta_converted,CAV005,true,path_or_beta_compatible,retain_beta_or_path_extraction_route,false
FC-S5-TASK-00998,S104,EE-PE,beta_or_path_converted_effect_size,secondary_beta_or_path_converted_effect_size,beta_converted_peterson_brown,standardized_path_beta_converted,CAV005,true,path_or_beta_compatible,retain_beta_or_path_extraction_route,false
FC-S5-TASK-00999,S106,BI-EE,beta_or_path_converted_effect_size,secondary_beta_or_path_converted_effect_size,coder_agreed_beta_converted_correlation,coder_agreed_beta_converted_correlation,CAV005,true,path_or_beta_compatible,retain_beta_or_path_extraction_route,false
FC-S5-TASK-01000,S106,BI-FC,beta_or_path_converted_effect_size,secondary_beta_or_path_converted_effect_size,coder_agreed_beta_converted_correlation,coder_agreed_beta_converted_correlation,CAV005,true,path_or_beta_compatible,retain_beta_or_path_extraction_route,false
FC-S5-TASK-01001,S106,BI-PE,beta_or_path_converted_effect_size,secondary_beta_or_path_converted_effect_size,coder_agreed_beta_converted_correlation,coder_agreed_beta_converted_correlation,CAV005,true,path_or_beta_compatible,retain_beta_or_path_extraction_route,false
FC-S5-TASK-01002,S106,BI-SI,beta_or_path_converted_effect_size,secondary_beta_or_path_converted_effect_size,coder_agreed_beta_converted_correlation,coder_agreed_beta_converted_correlation,CAV005,true,path_or_beta_compatible,retain_beta_or_path_extraction_route,false
FC-S5-TASK-01003,S106,BI-UB,beta_or_path_converted_effect_size,secondary_beta_or_path_converted_effect_size,coder_agreed_beta_converted_correlation,coder_agreed_beta_converted_correlation,CAV005,true,path_or_beta_compatible,retain_beta_or_path_extraction_route,false
FC-S5-TASK-01004,S106,FC-UB,beta_or_path_converted_effect_size,secondary_beta_or_path_converted_effect_size,coder_agreed_beta_converted_correlation,coder_agreed_beta_converted_correlation,CAV005,true,path_or_beta_compatible,retain_beta_or_path_extraction_route,false
FC-S5-TASK-01005,S107,BI-EE,beta_or_path_converted_effect_size,secondary_beta_or_path_converted_effect_size,coder_agreed_beta_converted_correlation,coder_agreed_beta_converted_correlation,CAV005,true,path_or_beta_compatible,retain_beta_or_path_extraction_route,false
FC-S5-TASK-01006,S107,BI-FC,beta_or_path_converted_effect_size,secondary_beta_or_path_converted_effect_size,coder_agreed_beta_converted_correlation,coder_agreed_beta_converted_correlation,CAV005,true,path_or_beta_compatible,retain_beta_or_path_extraction_route,false
FC-S5-TASK-01007,S107,BI-PE,beta_or_path_converted_effect_size,secondary_beta_or_path_converted_effect_size,coder_agreed_beta_converted_correlation,coder_agreed_beta_converted_correlation,CAV005,true,path_or_beta_compatible,retain_beta_or_path_extraction_route,false
FC-S5-TASK-01008,S107,BI-SI,beta_or_path_converted_effect_size,secondary_beta_or_path_converted_effect_size,coder_agreed_beta_converted_correlation,coder_agreed_beta_converted_correlation,CAV005,true,path_or_beta_compatible,retain_beta_or_path_extraction_route,false
FC-S5-TASK-01015,S112,BI-EE,beta_or_path_converted_effect_size,secondary_beta_or_path_converted_effect_size,beta_converted_peterson_brown,standardized_path_beta_converted,CAV005,true,path_or_beta_compatible,retain_beta_or_path_extraction_route,false
FC-S5-TASK-01016,S112,BI-FC,beta_or_path_converted_effect_size,secondary_beta_or_path_converted_effect_size,beta_converted_peterson_brown,standardized_path_beta_converted,CAV005,true,path_or_beta_compatible,retain_beta_or_path_extraction_route,false
FC-S5-TASK-01017,S112,BI-PE,beta_or_path_converted_effect_size,secondary_beta_or_path_converted_effect_size,beta_converted_peterson_brown,standardized_path_beta_converted,CAV005,true,path_or_beta_compatible,retain_beta_or_path_extraction_route,false
FC-S5-TASK-01018,S112,BI-SI,beta_or_path_converted_effect_size,secondary_beta_or_path_converted_effect_size,beta_converted_peterson_brown,standardized_path_beta_converted,CAV005,true,path_or_beta_compatible,retain_beta_or_path_extraction_route,false
FC-S5-TASK-01019,S112,EE-FC,beta_or_path_converted_effect_size,secondary_beta_or_path_converted_effect_size,beta_converted_peterson_brown,standardized_path_beta_converted,CAV005,true,path_or_beta_compatible,retain_beta_or_path_extraction_route,false
FC-S5-TASK-01020,S112,EE-PE,beta_or_path_converted_effect_size,secondary_beta_or_path_converted_effect_size,beta_converted_peterson_brown,standardized_path_beta_converted,CAV005,true,path_or_beta_compatible,retain_beta_or_path_extraction_route,false
FC-S5-TASK-01021,S112,PE-SI,beta_or_path_converted_effect_size,secondary_beta_or_path_converted_effect_size,beta_converted_peterson_brown,standardized_path_beta_converted,CAV005,true,path_or_beta_compatible,retain_beta_or_path_extraction_route,false
FC-S5-TASK-01022,S113,BI-EE,beta_or_path_converted_effect_size,secondary_beta_or_path_converted_effect_size,beta_converted_peterson_brown,standardized_path_beta_converted,CAV005,true,path_or_beta_compatible,retain_beta_or_path_extraction_route,false
FC-S5-TASK-01023,S113,BI-PE,beta_or_path_converted_effect_size,secondary_beta_or_path_converted_effect_size,beta_converted_peterson_brown,standardized_path_beta_converted,CAV005,true,path_or_beta_compatible,retain_beta_or_path_extraction_route,false
FC-S5-TASK-01024,S113,BI-SE,beta_or_path_converted_effect_size,secondary_beta_or_path_converted_effect_size,source_reported_pearson_or_latent_correlation,source_reported_direct_correlation_or_latent_correlation,CAV005,false,non_path_reference_evidence_in_beta_family,route_as_latent_or_construct_correlation_in_revised_step5_model_input,false
FC-S5-TASK-01025,S113,EE-PE,beta_or_path_converted_effect_size,secondary_beta_or_path_converted_effect_size,source_reported_pearson_or_latent_correlation,source_reported_direct_correlation_or_latent_correlation,CAV005,false,non_path_reference_evidence_in_beta_family,route_as_latent_or_construct_correlation_in_revised_step5_model_input,false
FC-S5-TASK-01026,S113,EE-SE,beta_or_path_converted_effect_size,secondary_beta_or_path_converted_effect_size,source_reported_pearson_or_latent_correlation,source_reported_direct_correlation_or_latent_correlation,CAV005,false,non_path_reference_evidence_in_beta_family,route_as_latent_or_construct_correlation_in_revised_step5_model_input,false
FC-S5-TASK-01027,S113,PE-SE,beta_or_path_converted_effect_size,secondary_beta_or_path_converted_effect_size,source_reported_pearson_or_latent_correlation,source_reported_direct_correlation_or_latent_correlation,CAV005,false,non_path_reference_evidence_in_beta_family,route_as_latent_or_construct_correlation_in_revised_step5_model_input,false
FC-S5-TASK-01063,S117,ANX-BI,beta_or_path_converted_effect_size,secondary_beta_or_path_converted_effect_size,beta_converted_peterson_brown,standardized_path_beta_converted_from_original_beta,CAV005,true,path_or_beta_compatible,retain_beta_or_path_extraction_route,false
FC-S5-TASK-01064,S117,ATT-BI,beta_or_path_converted_effect_size,secondary_beta_or_path_converted_effect_size,beta_converted_peterson_brown,standardized_path_beta_converted_from_original_beta,CAV005,true,path_or_beta_compatible,retain_beta_or_path_extraction_route,false
FC-S5-TASK-01065,S117,BI-EE,beta_or_path_converted_effect_size,secondary_beta_or_path_converted_effect_size,beta_converted_peterson_brown,standardized_path_beta_converted_from_original_beta,CAV005,true,path_or_beta_compatible,retain_beta_or_path_extraction_route,false
FC-S5-TASK-01066,S117,BI-PE,beta_or_path_converted_effect_size,secondary_beta_or_path_converted_effect_size,beta_converted_peterson_brown,standardized_path_beta_converted_from_original_beta,CAV005,true,path_or_beta_compatible,retain_beta_or_path_extraction_route,false
FC-S5-TASK-01067,S117,BI-SE,beta_or_path_converted_effect_size,secondary_beta_or_path_converted_effect_size,beta_converted_peterson_brown,standardized_path_beta_converted_from_original_beta,CAV005,true,path_or_beta_compatible,retain_beta_or_path_extraction_route,false
FC-S5-TASK-01068,S117,BI-SI,beta_or_path_converted_effect_size,secondary_beta_or_path_converted_effect_size,beta_converted_peterson_brown,standardized_path_beta_converted_from_original_beta,CAV005,true,path_or_beta_compatible,retain_beta_or_path_extraction_route,false
FC-S5-TASK-01069,S117,BI-TRU,beta_or_path_converted_effect_size,secondary_beta_or_path_converted_effect_size,beta_converted_peterson_brown,standardized_path_beta_converted_from_original_beta,CAV005,true,path_or_beta_compatible,retain_beta_or_path_extraction_route,false
FC-S5-TASK-01080,S120,BI-EE,beta_or_path_converted_effect_size,secondary_beta_or_path_converted_effect_size,beta_converted_peterson_brown,standardized_path_beta_converted,CAV005;ROW_CAVEAT,true,path_or_beta_compatible,retain_beta_or_path_extraction_route,false
FC-S5-TASK-01081,S120,BI-FC,beta_or_path_converted_effect_size,secondary_beta_or_path_converted_effect_size,beta_converted_peterson_brown,standardized_path_beta_converted,CAV005;ROW_CAVEAT,true,path_or_beta_compatible,retain_beta_or_path_extraction_route,false
FC-S5-TASK-01082,S120,BI-PE,beta_or_path_converted_effect_size,secondary_beta_or_path_converted_effect_size,beta_converted_peterson_brown,standardized_path_beta_converted,CAV005;ROW_CAVEAT,true,path_or_beta_compatible,retain_beta_or_path_extraction_route,false
FC-S5-TASK-01083,S120,BI-SI,beta_or_path_converted_effect_size,secondary_beta_or_path_converted_effect_size,beta_converted_peterson_brown,standardized_path_beta_converted,CAV005;ROW_CAVEAT,true,path_or_beta_compatible,retain_beta_or_path_extraction_route,false
FC-S5-TASK-01084,S120,BI-UB,beta_or_path_converted_effect_size,secondary_beta_or_path_converted_effect_size,beta_converted_peterson_brown,standardized_path_beta_converted,CAV005;ROW_CAVEAT,true,path_or_beta_compatible,retain_beta_or_path_extraction_route,false
FC-S5-TASK-01154,S124,BI-EE,beta_or_path_converted_effect_size,secondary_beta_or_path_converted_effect_size,coder_agreed_beta_converted_correlation,coder_agreed_beta_converted_correlation,CAV005,true,path_or_beta_compatible,retain_beta_or_path_extraction_route,false
FC-S5-TASK-01155,S124,BI-FC,beta_or_path_converted_effect_size,secondary_beta_or_path_converted_effect_size,coder_agreed_beta_converted_correlation,coder_agreed_beta_converted_correlation,CAV005,true,path_or_beta_compatible,retain_beta_or_path_extraction_route,false
FC-S5-TASK-01156,S124,BI-PE,beta_or_path_converted_effect_size,secondary_beta_or_path_converted_effect_size,coder_agreed_beta_converted_correlation,coder_agreed_beta_converted_correlation,CAV005,true,path_or_beta_compatible,retain_beta_or_path_extraction_route,false
FC-S5-TASK-01157,S124,BI-SI,beta_or_path_converted_effect_size,secondary_beta_or_path_converted_effect_size,coder_agreed_beta_converted_correlation,coder_agreed_beta_converted_correlation,CAV005,true,path_or_beta_compatible,retain_beta_or_path_extraction_route,false
FC-S5-TASK-01158,S124,BI-UB,beta_or_path_converted_effect_size,secondary_beta_or_path_converted_effect_size,coder_agreed_beta_converted_correlation,coder_agreed_beta_converted_correlation,CAV005,true,path_or_beta_compatible,retain_beta_or_path_extraction_route,false
FC-S5-TASK-01159,S124,FC-UB,beta_or_path_converted_effect_size,secondary_beta_or_path_converted_effect_size,coder_agreed_beta_converted_correlation,coder_agreed_beta_converted_correlation,CAV005,true,path_or_beta_compatible,retain_beta_or_path_extraction_route,false
FC-S5-TASK-01220,S129,BI-EE,beta_or_path_converted_effect_size,secondary_beta_or_path_converted_effect_size,beta_converted_peterson_brown,standardized_path_beta_converted,CAV005,true,path_or_beta_compatible,retain_beta_or_path_extraction_route,false
FC-S5-TASK-01221,S129,BI-PE,beta_or_path_converted_effect_size,secondary_beta_or_path_converted_effect_size,beta_converted_peterson_brown,standardized_path_beta_converted,CAV005,true,path_or_beta_compatible,retain_beta_or_path_extraction_route,false
FC-S5-TASK-01222,S129,BI-SI,beta_or_path_converted_effect_size,secondary_beta_or_path_converted_effect_size,beta_converted_peterson_brown,standardized_path_beta_converted,CAV005,true,path_or_beta_compatible,retain_beta_or_path_extraction_route,false
FC-S5-TASK-01223,S129,BI-UB,beta_or_path_converted_effect_size,secondary_beta_or_path_converted_effect_size,beta_converted_peterson_brown,standardized_path_beta_converted,CAV005,true,path_or_beta_compatible,retain_beta_or_path_extraction_route,false
FC-S5-TASK-01224,S129,EE-FC,beta_or_path_converted_effect_size,secondary_beta_or_path_converted_effect_size,beta_converted_peterson_brown,standardized_path_beta_converted,CAV005,true,path_or_beta_compatible,retain_beta_or_path_extraction_route,false
FC-S5-TASK-01225,S129,EE-PE,beta_or_path_converted_effect_size,secondary_beta_or_path_converted_effect_size,beta_converted_peterson_brown,standardized_path_beta_converted,CAV005,true,path_or_beta_compatible,retain_beta_or_path_extraction_route,false
FC-S5-TASK-01226,S129,EE-SI,beta_or_path_converted_effect_size,secondary_beta_or_path_converted_effect_size,beta_converted_peterson_brown,standardized_path_beta_converted,CAV005,true,path_or_beta_compatible,retain_beta_or_path_extraction_route,false
FC-S5-TASK-01227,S129,EE-TRU,beta_or_path_converted_effect_size,secondary_beta_or_path_converted_effect_size,beta_converted_peterson_brown,standardized_path_beta_converted,CAV005,true,path_or_beta_compatible,retain_beta_or_path_extraction_route,false
FC-S5-TASK-01228,S129,PE-SI,beta_or_path_converted_effect_size,secondary_beta_or_path_converted_effect_size,beta_converted_peterson_brown,standardized_path_beta_converted,CAV005,true,path_or_beta_compatible,retain_beta_or_path_extraction_route,false
FC-S5-TASK-01239,S131,EE-UB,beta_or_path_converted_effect_size,secondary_beta_or_path_converted_effect_size,beta_converted_peterson_brown,standardized_path_beta_converted,CAV005,true,path_or_beta_compatible,retain_beta_or_path_extraction_route,false
FC-S5-TASK-01240,S131,FC-UB,beta_or_path_converted_effect_size,secondary_beta_or_path_converted_effect_size,beta_converted_peterson_brown,standardized_path_beta_converted,CAV005,true,path_or_beta_compatible,retain_beta_or_path_extraction_route,false
FC-S5-TASK-01241,S131,PE-UB,beta_or_path_converted_effect_size,secondary_beta_or_path_converted_effect_size,beta_converted_peterson_brown,standardized_path_beta_converted,CAV005,true,path_or_beta_compatible,retain_beta_or_path_extraction_route,false
FC-S5-TASK-01242,S131,SI-UB,beta_or_path_converted_effect_size,secondary_beta_or_path_converted_effect_size,beta_converted_peterson_brown,standardized_path_beta_converted,CAV005,true,path_or_beta_compatible,retain_beta_or_path_extraction_route,false
FC-S5-TASK-01258,S134,BI-EE,beta_or_path_converted_effect_size,secondary_beta_or_path_converted_effect_size,beta_converted_peterson_brown,standardized_path_beta_converted,CAV005,true,path_or_beta_compatible,retain_beta_or_path_extraction_route,false
FC-S5-TASK-01259,S134,BI-FC,beta_or_path_converted_effect_size,secondary_beta_or_path_converted_effect_size,beta_converted_peterson_brown,standardized_path_beta_converted,CAV005,true,path_or_beta_compatible,retain_beta_or_path_extraction_route,false
FC-S5-TASK-01260,S134,BI-PE,beta_or_path_converted_effect_size,secondary_beta_or_path_converted_effect_size,beta_converted_peterson_brown,standardized_path_beta_converted,CAV005,true,path_or_beta_compatible,retain_beta_or_path_extraction_route,false
FC-S5-TASK-01261,S134,BI-SI,beta_or_path_converted_effect_size,secondary_beta_or_path_converted_effect_size,beta_converted_peterson_brown,standardized_path_beta_converted,CAV005,true,path_or_beta_compatible,retain_beta_or_path_extraction_route,false
FC-S5-TASK-01262,S134,BI-UB,beta_or_path_converted_effect_size,secondary_beta_or_path_converted_effect_size,beta_converted_peterson_brown,standardized_path_beta_converted,CAV005,true,path_or_beta_compatible,retain_beta_or_path_extraction_route,false
FC-S5-TASK-01263,S134,FC-UB,beta_or_path_converted_effect_size,secondary_beta_or_path_converted_effect_size,beta_converted_peterson_brown,standardized_path_beta_converted,CAV005,true,path_or_beta_compatible,retain_beta_or_path_extraction_route,false
FC-S5-TASK-01372,S148,ATT-BI,beta_or_path_converted_effect_size,secondary_beta_or_path_converted_effect_size,source_reported_pearson_or_latent_correlation,source_reported_direct_correlation_or_latent_correlation,CAV005,false,non_path_reference_evidence_in_beta_family,route_as_latent_or_construct_correlation_in_revised_step5_model_input,false
FC-S5-TASK-01373,S148,ATT-EE,beta_or_path_converted_effect_size,secondary_beta_or_path_converted_effect_size,source_reported_pearson_or_latent_correlation,source_reported_direct_correlation_or_latent_correlation,CAV005,false,non_path_reference_evidence_in_beta_family,route_as_latent_or_construct_correlation_in_revised_step5_model_input,false
FC-S5-TASK-01374,S148,ATT-PE,beta_or_path_converted_effect_size,secondary_beta_or_path_converted_effect_size,source_reported_pearson_or_latent_correlation,source_reported_direct_correlation_or_latent_correlation,CAV005,false,non_path_reference_evidence_in_beta_family,route_as_latent_or_construct_correlation_in_revised_step5_model_input,false
FC-S5-TASK-01375,S148,BI-UB,beta_or_path_converted_effect_size,secondary_beta_or_path_converted_effect_size,source_reported_pearson_or_latent_correlation,source_reported_direct_correlation_or_latent_correlation,CAV005,false,non_path_reference_evidence_in_beta_family,route_as_latent_or_construct_correlation_in_revised_step5_model_input,false
FC-S5-TASK-01376,S148,EE-PE,beta_or_path_converted_effect_size,secondary_beta_or_path_converted_effect_size,source_reported_pearson_or_latent_correlation,source_reported_direct_correlation_or_latent_correlation,CAV005,false,non_path_reference_evidence_in_beta_family,route_as_latent_or_construct_correlation_in_revised_step5_model_input,false
FC-S5-TASK-01382,S150,BI-EE,beta_or_path_converted_effect_size,secondary_beta_or_path_converted_effect_size,beta_converted_peterson_brown,standardized_path_beta_converted,CAV005,true,path_or_beta_compatible,retain_beta_or_path_extraction_route,false
FC-S5-TASK-01383,S150,BI-FC,beta_or_path_converted_effect_size,secondary_beta_or_path_converted_effect_size,beta_converted_peterson_brown,standardized_path_beta_converted,CAV005,true,path_or_beta_compatible,retain_beta_or_path_extraction_route,false
FC-S5-TASK-01384,S150,BI-PE,beta_or_path_converted_effect_size,secondary_beta_or_path_converted_effect_size,beta_converted_peterson_brown,standardized_path_beta_converted,CAV005,true,path_or_beta_compatible,retain_beta_or_path_extraction_route,false
FC-S5-TASK-01385,S150,BI-SI,beta_or_path_converted_effect_size,secondary_beta_or_path_converted_effect_size,beta_converted_peterson_brown,standardized_path_beta_converted,CAV005,true,path_or_beta_compatible,retain_beta_or_path_extraction_route,false
FC-S5-TASK-01396,S152,ATT-BI,beta_or_path_converted_effect_size,secondary_beta_or_path_converted_effect_size,beta_converted_peterson_brown,standardized_path_beta_converted,CAV005,true,path_or_beta_compatible,retain_beta_or_path_extraction_route,false
FC-S5-TASK-01397,S152,BI-PE,beta_or_path_converted_effect_size,secondary_beta_or_path_converted_effect_size,beta_converted_peterson_brown,standardized_path_beta_converted,CAV005,true,path_or_beta_compatible,retain_beta_or_path_extraction_route,false
FC-S5-TASK-01398,S152,BI-SE,beta_or_path_converted_effect_size,secondary_beta_or_path_converted_effect_size,beta_converted_peterson_brown,standardized_path_beta_converted,CAV005,true,path_or_beta_compatible,retain_beta_or_path_extraction_route,false
FC-S5-TASK-01468,S158,BI-EE,beta_or_path_converted_effect_size,secondary_beta_or_path_converted_effect_size,coder_agreed_beta_converted_correlation,coder_agreed_beta_converted_correlation,CAV005,true,path_or_beta_compatible,retain_beta_or_path_extraction_route,false
FC-S5-TASK-01469,S158,BI-FC,beta_or_path_converted_effect_size,secondary_beta_or_path_converted_effect_size,coder_agreed_beta_converted_correlation,coder_agreed_beta_converted_correlation,CAV005,true,path_or_beta_compatible,retain_beta_or_path_extraction_route,false
FC-S5-TASK-01470,S158,BI-PE,beta_or_path_converted_effect_size,secondary_beta_or_path_converted_effect_size,coder_agreed_beta_converted_correlation,coder_agreed_beta_converted_correlation,CAV005,true,path_or_beta_compatible,retain_beta_or_path_extraction_route,false
FC-S5-TASK-01471,S158,BI-SI,beta_or_path_converted_effect_size,secondary_beta_or_path_converted_effect_size,coder_agreed_beta_converted_correlation,coder_agreed_beta_converted_correlation,CAV005,true,path_or_beta_compatible,retain_beta_or_path_extraction_route,false
FC-S5-TASK-01472,S158,BI-UB,beta_or_path_converted_effect_size,secondary_beta_or_path_converted_effect_size,coder_agreed_beta_converted_correlation,coder_agreed_beta_converted_correlation,CAV005,true,path_or_beta_compatible,retain_beta_or_path_extraction_route,false
FC-S5-TASK-01473,S158,FC-UB,beta_or_path_converted_effect_size,secondary_beta_or_path_converted_effect_size,coder_agreed_beta_converted_correlation,coder_agreed_beta_converted_correlation,CAV005,true,path_or_beta_compatible,retain_beta_or_path_extraction_route,false
FC-S5-TASK-01566,S166,BI-EE,beta_or_path_converted_effect_size,secondary_beta_or_path_converted_effect_size,beta_converted_peterson_brown,standardized_path_beta_converted,CAV005;CAV006;ROW_CAVEAT,true,path_or_beta_compatible,retain_beta_or_path_extraction_route,false
FC-S5-TASK-01567,S166,BI-PE,beta_or_path_converted_effect_size,secondary_beta_or_path_converted_effect_size,beta_converted_peterson_brown,standardized_path_beta_converted,CAV005;CAV006;ROW_CAVEAT,true,path_or_beta_compatible,retain_beta_or_path_extraction_route,false
FC-S5-TASK-01568,S166,BI-SI,beta_or_path_converted_effect_size,secondary_beta_or_path_converted_effect_size,beta_converted_peterson_brown,standardized_path_beta_converted,CAV005;CAV006;ROW_CAVEAT,true,path_or_beta_compatible,retain_beta_or_path_extraction_route,false
FC-S5-TASK-01569,S166,BI-UB,beta_or_path_converted_effect_size,secondary_beta_or_path_converted_effect_size,beta_converted_peterson_brown,standardized_path_beta_converted,CAV005;CAV006;ROW_CAVEAT,true,path_or_beta_compatible,retain_beta_or_path_extraction_route,false
FC-S5-TASK-01570,S166,FC-UB,beta_or_path_converted_effect_size,secondary_beta_or_path_converted_effect_size,beta_converted_peterson_brown,standardized_path_beta_converted,CAV005;CAV006;ROW_CAVEAT,true,path_or_beta_compatible,retain_beta_or_path_extraction_route,false
FC-S5-TASK-01574,S168,BI-EE,beta_or_path_converted_effect_size,secondary_beta_or_path_converted_effect_size,beta_converted_peterson_brown,standardized_path_beta_converted,CAV005;CAV006;ROW_CAVEAT,true,path_or_beta_compatible,retain_beta_or_path_extraction_route,false
FC-S5-TASK-01575,S168,BI-FC,beta_or_path_converted_effect_size,secondary_beta_or_path_converted_effect_size,beta_converted_peterson_brown,standardized_path_beta_converted,CAV005;CAV006;ROW_CAVEAT,true,path_or_beta_compatible,retain_beta_or_path_extraction_route,false
FC-S5-TASK-01576,S168,BI-PE,beta_or_path_converted_effect_size,secondary_beta_or_path_converted_effect_size,beta_converted_peterson_brown,standardized_path_beta_converted,CAV005;CAV006;ROW_CAVEAT,true,path_or_beta_compatible,retain_beta_or_path_extraction_route,false
FC-S5-TASK-01577,S168,BI-SI,beta_or_path_converted_effect_size,secondary_beta_or_path_converted_effect_size,beta_converted_peterson_brown,standardized_path_beta_converted,CAV005;CAV006;ROW_CAVEAT,true,path_or_beta_compatible,retain_beta_or_path_extraction_route,false
FC-S5-TASK-01578,S168,BI-UB,beta_or_path_converted_effect_size,secondary_beta_or_path_converted_effect_size,beta_converted_peterson_brown,standardized_path_beta_converted,CAV005;CAV006;ROW_CAVEAT,true,path_or_beta_compatible,retain_beta_or_path_extraction_route,false
FC-S5-TASK-01579,S168,FC-UB,beta_or_path_converted_effect_size,secondary_beta_or_path_converted_effect_size,beta_converted_peterson_brown,standardized_path_beta_converted,CAV005;CAV006;ROW_CAVEAT,true,path_or_beta_compatible,retain_beta_or_path_extraction_route,false
FC-S5-TASK-01590,S170,ATT-BI,beta_or_path_converted_effect_size,secondary_beta_or_path_converted_effect_size,beta_converted_peterson_brown,standardized_path_beta_converted,CAV005,true,path_or_beta_compatible,retain_beta_or_path_extraction_route,false
FC-S5-TASK-01591,S170,ATT-PE,beta_or_path_converted_effect_size,secondary_beta_or_path_converted_effect_size,beta_converted_peterson_brown,standardized_path_beta_converted,CAV005,true,path_or_beta_compatible,retain_beta_or_path_extraction_route,false
FC-S5-TASK-01592,S170,ATT-SI,beta_or_path_converted_effect_size,secondary_beta_or_path_converted_effect_size,beta_converted_peterson_brown,standardized_path_beta_converted,CAV005,true,path_or_beta_compatible,retain_beta_or_path_extraction_route,false
FC-S5-TASK-01593,S170,BI-PE,beta_or_path_converted_effect_size,secondary_beta_or_path_converted_effect_size,beta_converted_peterson_brown,standardized_path_beta_converted,CAV005,true,path_or_beta_compatible,retain_beta_or_path_extraction_route,false
FC-S5-TASK-01594,S170,BI-SI,beta_or_path_converted_effect_size,secondary_beta_or_path_converted_effect_size,beta_converted_peterson_brown,standardized_path_beta_converted,CAV005,true,path_or_beta_compatible,retain_beta_or_path_extraction_route,false
FC-S5-TASK-01647,S175,ATT-BI,beta_or_path_converted_effect_size,secondary_beta_or_path_converted_effect_size,coder_agreed_beta_converted_correlation,coder_agreed_beta_converted_correlation,CAV005,true,path_or_beta_compatible,retain_beta_or_path_extraction_route,false
FC-S5-TASK-01648,S175,ATT-EE,beta_or_path_converted_effect_size,secondary_beta_or_path_converted_effect_size,coder_agreed_beta_converted_correlation,coder_agreed_beta_converted_correlation,CAV005,true,path_or_beta_compatible,retain_beta_or_path_extraction_route,false
FC-S5-TASK-01649,S175,ATT-PE,beta_or_path_converted_effect_size,secondary_beta_or_path_converted_effect_size,coder_agreed_beta_converted_correlation,coder_agreed_beta_converted_correlation,CAV005,true,path_or_beta_compatible,retain_beta_or_path_extraction_route,false
FC-S5-TASK-01650,S175,EE-PE,beta_or_path_converted_effect_size,secondary_beta_or_path_converted_effect_size,coder_agreed_beta_converted_correlation,coder_agreed_beta_converted_correlation,CAV005,true,path_or_beta_compatible,retain_beta_or_path_extraction_route,false
FC-S5-TASK-01692,S179,BI-EE,beta_or_path_converted_effect_size,secondary_beta_or_path_converted_effect_size,beta_converted_peterson_brown,standardized_path_beta_converted,CAV005,true,path_or_beta_compatible,retain_beta_or_path_extraction_route,false
FC-S5-TASK-01693,S179,BI-PE,beta_or_path_converted_effect_size,secondary_beta_or_path_converted_effect_size,beta_converted_peterson_brown,standardized_path_beta_converted,CAV005,true,path_or_beta_compatible,retain_beta_or_path_extraction_route,false
FC-S5-TASK-01694,S179,BI-SI,beta_or_path_converted_effect_size,secondary_beta_or_path_converted_effect_size,beta_converted_peterson_brown,standardized_path_beta_converted,CAV005,true,path_or_beta_compatible,retain_beta_or_path_extraction_route,false
FC-S5-TASK-01695,S179,BI-UB,beta_or_path_converted_effect_size,secondary_beta_or_path_converted_effect_size,beta_converted_peterson_brown,standardized_path_beta_converted,CAV005,true,path_or_beta_compatible,retain_beta_or_path_extraction_route,false
FC-S5-TASK-01696,S179,FC-UB,beta_or_path_converted_effect_size,secondary_beta_or_path_converted_effect_size,beta_converted_peterson_brown,standardized_path_beta_converted,CAV005,true,path_or_beta_compatible,retain_beta_or_path_extraction_route,false
FC-S5-TASK-01697,S181,ANX-ATT,beta_or_path_converted_effect_size,secondary_beta_or_path_converted_effect_size,source_reported_pearson_or_latent_correlation,source_reported_direct_correlation_or_latent_correlation,CAV005,false,non_path_reference_evidence_in_beta_family,route_as_latent_or_construct_correlation_in_revised_step5_model_input,false
FC-S5-TASK-01698,S181,ANX-BI,beta_or_path_converted_effect_size,secondary_beta_or_path_converted_effect_size,source_reported_pearson_or_latent_correlation,source_reported_direct_correlation_or_latent_correlation,CAV005,false,non_path_reference_evidence_in_beta_family,route_as_latent_or_construct_correlation_in_revised_step5_model_input,false
FC-S5-TASK-01699,S181,ANX-SI,beta_or_path_converted_effect_size,secondary_beta_or_path_converted_effect_size,source_reported_pearson_or_latent_correlation,source_reported_direct_correlation_or_latent_correlation,CAV005,false,non_path_reference_evidence_in_beta_family,route_as_latent_or_construct_correlation_in_revised_step5_model_input,false
FC-S5-TASK-01700,S181,ATT-BI,beta_or_path_converted_effect_size,secondary_beta_or_path_converted_effect_size,source_reported_pearson_or_latent_correlation,source_reported_direct_correlation_or_latent_correlation,CAV005,false,non_path_reference_evidence_in_beta_family,route_as_latent_or_construct_correlation_in_revised_step5_model_input,false
FC-S5-TASK-01701,S181,ATT-SI,beta_or_path_converted_effect_size,secondary_beta_or_path_converted_effect_size,source_reported_pearson_or_latent_correlation,source_reported_direct_correlation_or_latent_correlation,CAV005,false,non_path_reference_evidence_in_beta_family,route_as_latent_or_construct_correlation_in_revised_step5_model_input,false
FC-S5-TASK-01702,S181,BI-SI,beta_or_path_converted_effect_size,secondary_beta_or_path_converted_effect_size,source_reported_pearson_or_latent_correlation,source_reported_direct_correlation_or_latent_correlation,CAV005,false,non_path_reference_evidence_in_beta_family,route_as_latent_or_construct_correlation_in_revised_step5_model_input,false
FC-S5-TASK-01713,S183,BI-EE,beta_or_path_converted_effect_size,secondary_beta_or_path_converted_effect_size,source_reported_pearson_or_latent_correlation,source_reported_direct_correlation_or_latent_correlation,CAV005,false,non_path_reference_evidence_in_beta_family,route_as_latent_or_construct_correlation_in_revised_step5_model_input,false
FC-S5-TASK-01714,S183,BI-FC,beta_or_path_converted_effect_size,secondary_beta_or_path_converted_effect_size,source_reported_pearson_or_latent_correlation,source_reported_direct_correlation_or_latent_correlation,CAV005,false,non_path_reference_evidence_in_beta_family,route_as_latent_or_construct_correlation_in_revised_step5_model_input,false
FC-S5-TASK-01715,S183,BI-PE,beta_or_path_converted_effect_size,secondary_beta_or_path_converted_effect_size,source_reported_pearson_or_latent_correlation,source_reported_direct_correlation_or_latent_correlation,CAV005,false,non_path_reference_evidence_in_beta_family,route_as_latent_or_construct_correlation_in_revised_step5_model_input,false
FC-S5-TASK-01716,S183,BI-SI,beta_or_path_converted_effect_size,secondary_beta_or_path_converted_effect_size,source_reported_pearson_or_latent_correlation,source_reported_direct_correlation_or_latent_correlation,CAV005,false,non_path_reference_evidence_in_beta_family,route_as_latent_or_construct_correlation_in_revised_step5_model_input,false
FC-S5-TASK-01717,S183,BI-TRU,beta_or_path_converted_effect_size,secondary_beta_or_path_converted_effect_size,source_reported_pearson_or_latent_correlation,source_reported_direct_correlation_or_latent_correlation,CAV005,false,non_path_reference_evidence_in_beta_family,route_as_latent_or_construct_correlation_in_revised_step5_model_input,false
FC-S5-TASK-01718,S183,EE-FC,beta_or_path_converted_effect_size,secondary_beta_or_path_converted_effect_size,source_reported_pearson_or_latent_correlation,source_reported_direct_correlation_or_latent_correlation,CAV005,false,non_path_reference_evidence_in_beta_family,route_as_latent_or_construct_correlation_in_revised_step5_model_input,false
FC-S5-TASK-01719,S183,EE-PE,beta_or_path_converted_effect_size,secondary_beta_or_path_converted_effect_size,source_reported_pearson_or_latent_correlation,source_reported_direct_correlation_or_latent_correlation,CAV005,false,non_path_reference_evidence_in_beta_family,route_as_latent_or_construct_correlation_in_revised_step5_model_input,false
FC-S5-TASK-01720,S183,EE-SI,beta_or_path_converted_effect_size,secondary_beta_or_path_converted_effect_size,source_reported_pearson_or_latent_correlation,source_reported_direct_correlation_or_latent_correlation,CAV005,false,non_path_reference_evidence_in_beta_family,route_as_latent_or_construct_correlation_in_revised_step5_model_input,false
FC-S5-TASK-01721,S183,EE-TRU,beta_or_path_converted_effect_size,secondary_beta_or_path_converted_effect_size,source_reported_pearson_or_latent_correlation,source_reported_direct_correlation_or_latent_correlation,CAV005,false,non_path_reference_evidence_in_beta_family,route_as_latent_or_construct_correlation_in_revised_step5_model_input,false
FC-S5-TASK-01722,S183,FC-PE,beta_or_path_converted_effect_size,secondary_beta_or_path_converted_effect_size,source_reported_pearson_or_latent_correlation,source_reported_direct_correlation_or_latent_correlation,CAV005,false,non_path_reference_evidence_in_beta_family,route_as_latent_or_construct_correlation_in_revised_step5_model_input,false
FC-S5-TASK-01723,S183,FC-SI,beta_or_path_converted_effect_size,secondary_beta_or_path_converted_effect_size,source_reported_pearson_or_latent_correlation,source_reported_direct_correlation_or_latent_correlation,CAV005,false,non_path_reference_evidence_in_beta_family,route_as_latent_or_construct_correlation_in_revised_step5_model_input,false
FC-S5-TASK-01724,S183,FC-UB,beta_or_path_converted_effect_size,secondary_beta_or_path_converted_effect_size,source_reported_pearson_or_latent_correlation,source_reported_direct_correlation_or_latent_correlation,CAV005,false,non_path_reference_evidence_in_beta_family,route_as_latent_or_construct_correlation_in_revised_step5_model_input,false
FC-S5-TASK-01725,S183,PE-SI,beta_or_path_converted_effect_size,secondary_beta_or_path_converted_effect_size,source_reported_pearson_or_latent_correlation,source_reported_direct_correlation_or_latent_correlation,CAV005,false,non_path_reference_evidence_in_beta_family,route_as_latent_or_construct_correlation_in_revised_step5_model_input,false
FC-S5-TASK-01726,S183,PE-TRU,beta_or_path_converted_effect_size,secondary_beta_or_path_converted_effect_size,source_reported_pearson_or_latent_correlation,source_reported_direct_correlation_or_latent_correlation,CAV005,false,non_path_reference_evidence_in_beta_family,route_as_latent_or_construct_correlation_in_revised_step5_model_input,false
FC-S5-TASK-01727,S183,SI-TRU,beta_or_path_converted_effect_size,secondary_beta_or_path_converted_effect_size,source_reported_pearson_or_latent_correlation,source_reported_direct_correlation_or_latent_correlation,CAV005,false,non_path_reference_evidence_in_beta_family,route_as_latent_or_construct_correlation_in_revised_step5_model_input,false
FC-S5-TASK-01801,S191,BI-EE,beta_or_path_converted_effect_size,secondary_beta_or_path_converted_effect_size,source_reported_latent_correlation,fornell_larcker_off_diagonal_latent_correlation,CAV005,false,non_path_reference_evidence_in_beta_family,route_as_latent_or_construct_correlation_in_revised_step5_model_input,false
FC-S5-TASK-01802,S191,BI-FC,beta_or_path_converted_effect_size,secondary_beta_or_path_converted_effect_size,source_reported_latent_correlation,fornell_larcker_off_diagonal_latent_correlation,CAV005,false,non_path_reference_evidence_in_beta_family,route_as_latent_or_construct_correlation_in_revised_step5_model_input,false
FC-S5-TASK-01803,S191,BI-PE,beta_or_path_converted_effect_size,secondary_beta_or_path_converted_effect_size,source_reported_latent_correlation,fornell_larcker_off_diagonal_latent_correlation,CAV005,false,non_path_reference_evidence_in_beta_family,route_as_latent_or_construct_correlation_in_revised_step5_model_input,false
FC-S5-TASK-01804,S191,BI-SE,beta_or_path_converted_effect_size,secondary_beta_or_path_converted_effect_size,source_reported_latent_correlation,fornell_larcker_off_diagonal_latent_correlation,CAV005,false,non_path_reference_evidence_in_beta_family,route_as_latent_or_construct_correlation_in_revised_step5_model_input,false
FC-S5-TASK-01805,S191,BI-SI,beta_or_path_converted_effect_size,secondary_beta_or_path_converted_effect_size,source_reported_latent_correlation,fornell_larcker_off_diagonal_latent_correlation,CAV005,false,non_path_reference_evidence_in_beta_family,route_as_latent_or_construct_correlation_in_revised_step5_model_input,false
FC-S5-TASK-01806,S191,BI-UB,beta_or_path_converted_effect_size,secondary_beta_or_path_converted_effect_size,source_reported_latent_correlation,fornell_larcker_off_diagonal_latent_correlation,CAV005,false,non_path_reference_evidence_in_beta_family,route_as_latent_or_construct_correlation_in_revised_step5_model_input,false
FC-S5-TASK-01807,S191,EE-FC,beta_or_path_converted_effect_size,secondary_beta_or_path_converted_effect_size,source_reported_latent_correlation,fornell_larcker_off_diagonal_latent_correlation,CAV005,false,non_path_reference_evidence_in_beta_family,route_as_latent_or_construct_correlation_in_revised_step5_model_input,false
FC-S5-TASK-01808,S191,EE-PE,beta_or_path_converted_effect_size,secondary_beta_or_path_converted_effect_size,source_reported_latent_correlation,fornell_larcker_off_diagonal_latent_correlation,CAV005,false,non_path_reference_evidence_in_beta_family,route_as_latent_or_construct_correlation_in_revised_step5_model_input,false
FC-S5-TASK-01809,S191,EE-SE,beta_or_path_converted_effect_size,secondary_beta_or_path_converted_effect_size,source_reported_latent_correlation,fornell_larcker_off_diagonal_latent_correlation,CAV005,false,non_path_reference_evidence_in_beta_family,route_as_latent_or_construct_correlation_in_revised_step5_model_input,false
FC-S5-TASK-01810,S191,EE-SI,beta_or_path_converted_effect_size,secondary_beta_or_path_converted_effect_size,source_reported_latent_correlation,fornell_larcker_off_diagonal_latent_correlation,CAV005,false,non_path_reference_evidence_in_beta_family,route_as_latent_or_construct_correlation_in_revised_step5_model_input,false
FC-S5-TASK-01811,S191,EE-UB,beta_or_path_converted_effect_size,secondary_beta_or_path_converted_effect_size,source_reported_latent_correlation,fornell_larcker_off_diagonal_latent_correlation,CAV005,false,non_path_reference_evidence_in_beta_family,route_as_latent_or_construct_correlation_in_revised_step5_model_input,false
FC-S5-TASK-01812,S191,FC-PE,beta_or_path_converted_effect_size,secondary_beta_or_path_converted_effect_size,source_reported_latent_correlation,fornell_larcker_off_diagonal_latent_correlation,CAV005,false,non_path_reference_evidence_in_beta_family,route_as_latent_or_construct_correlation_in_revised_step5_model_input,false
FC-S5-TASK-01813,S191,FC-SE,beta_or_path_converted_effect_size,secondary_beta_or_path_converted_effect_size,source_reported_latent_correlation,fornell_larcker_off_diagonal_latent_correlation,CAV005,false,non_path_reference_evidence_in_beta_family,route_as_latent_or_construct_correlation_in_revised_step5_model_input,false
FC-S5-TASK-01814,S191,FC-SI,beta_or_path_converted_effect_size,secondary_beta_or_path_converted_effect_size,source_reported_latent_correlation,fornell_larcker_off_diagonal_latent_correlation,CAV005,false,non_path_reference_evidence_in_beta_family,route_as_latent_or_construct_correlation_in_revised_step5_model_input,false
FC-S5-TASK-01815,S191,FC-UB,beta_or_path_converted_effect_size,secondary_beta_or_path_converted_effect_size,source_reported_latent_correlation,fornell_larcker_off_diagonal_latent_correlation,CAV005,false,non_path_reference_evidence_in_beta_family,route_as_latent_or_construct_correlation_in_revised_step5_model_input,false
FC-S5-TASK-01816,S191,PE-SE,beta_or_path_converted_effect_size,secondary_beta_or_path_converted_effect_size,source_reported_latent_correlation,fornell_larcker_off_diagonal_latent_correlation,CAV005,false,non_path_reference_evidence_in_beta_family,route_as_latent_or_construct_correlation_in_revised_step5_model_input,false
FC-S5-TASK-01817,S191,PE-SI,beta_or_path_converted_effect_size,secondary_beta_or_path_converted_effect_size,source_reported_latent_correlation,fornell_larcker_off_diagonal_latent_correlation,CAV005,false,non_path_reference_evidence_in_beta_family,route_as_latent_or_construct_correlation_in_revised_step5_model_input,false
FC-S5-TASK-01818,S191,PE-UB,beta_or_path_converted_effect_size,secondary_beta_or_path_converted_effect_size,source_reported_latent_correlation,fornell_larcker_off_diagonal_latent_correlation,CAV005,false,non_path_reference_evidence_in_beta_family,route_as_latent_or_construct_correlation_in_revised_step5_model_input,false
FC-S5-TASK-01819,S191,SE-SI,beta_or_path_converted_effect_size,secondary_beta_or_path_converted_effect_size,source_reported_latent_correlation,fornell_larcker_off_diagonal_latent_correlation,CAV005,false,non_path_reference_evidence_in_beta_family,route_as_latent_or_construct_correlation_in_revised_step5_model_input,false
FC-S5-TASK-01820,S191,SE-UB,beta_or_path_converted_effect_size,secondary_beta_or_path_converted_effect_size,source_reported_latent_correlation,fornell_larcker_off_diagonal_latent_correlation,CAV005,false,non_path_reference_evidence_in_beta_family,route_as_latent_or_construct_correlation_in_revised_step5_model_input,false
FC-S5-TASK-01821,S191,SI-UB,beta_or_path_converted_effect_size,secondary_beta_or_path_converted_effect_size,source_reported_latent_correlation,fornell_larcker_off_diagonal_latent_correlation,CAV005,false,non_path_reference_evidence_in_beta_family,route_as_latent_or_construct_correlation_in_revised_step5_model_input,false
FC-S5-TASK-01822,S192,BI-EE,beta_or_path_converted_effect_size,secondary_beta_or_path_converted_effect_size,beta_converted_peterson_brown,standardized_path_beta_converted,CAV005,true,path_or_beta_compatible,retain_beta_or_path_extraction_route,false
FC-S5-TASK-01823,S192,BI-FC,beta_or_path_converted_effect_size,secondary_beta_or_path_converted_effect_size,beta_converted_peterson_brown,standardized_path_beta_converted,CAV005,true,path_or_beta_compatible,retain_beta_or_path_extraction_route,false
FC-S5-TASK-01824,S192,BI-PE,beta_or_path_converted_effect_size,secondary_beta_or_path_converted_effect_size,beta_converted_peterson_brown,standardized_path_beta_converted,CAV005,true,path_or_beta_compatible,retain_beta_or_path_extraction_route,false
FC-S5-TASK-01825,S192,BI-SI,beta_or_path_converted_effect_size,secondary_beta_or_path_converted_effect_size,beta_converted_peterson_brown,standardized_path_beta_converted,CAV005,true,path_or_beta_compatible,retain_beta_or_path_extraction_route,false
FC-S5-TASK-01826,S192,BI-UB,beta_or_path_converted_effect_size,secondary_beta_or_path_converted_effect_size,beta_converted_peterson_brown,standardized_path_beta_converted,CAV005,true,path_or_beta_compatible,retain_beta_or_path_extraction_route,false
FC-S5-TASK-01878,S200,BI-EE,beta_or_path_converted_effect_size,secondary_beta_or_path_converted_effect_size,beta_converted_peterson_brown,standardized_path_beta_converted,CAV005;CAV007;ROW_CAVEAT,true,path_or_beta_compatible,retain_beta_or_path_extraction_route,false
FC-S5-TASK-01879,S200,BI-FC,beta_or_path_converted_effect_size,secondary_beta_or_path_converted_effect_size,beta_converted_peterson_brown,standardized_path_beta_converted,CAV005;CAV007;ROW_CAVEAT,true,path_or_beta_compatible,retain_beta_or_path_extraction_route,false
FC-S5-TASK-01880,S200,BI-PE,beta_or_path_converted_effect_size,secondary_beta_or_path_converted_effect_size,beta_converted_peterson_brown,standardized_path_beta_converted,CAV005;CAV007;ROW_CAVEAT,true,path_or_beta_compatible,retain_beta_or_path_extraction_route,false
FC-S5-TASK-01881,S200,BI-SI,beta_or_path_converted_effect_size,secondary_beta_or_path_converted_effect_size,beta_converted_peterson_brown,standardized_path_beta_converted,CAV005;CAV007;ROW_CAVEAT,true,path_or_beta_compatible,retain_beta_or_path_extraction_route,false
FC-S5-TASK-01882,S200,BI-UB,beta_or_path_converted_effect_size,secondary_beta_or_path_converted_effect_size,beta_converted_peterson_brown,standardized_path_beta_converted,CAV005;CAV007;ROW_CAVEAT,true,path_or_beta_compatible,retain_beta_or_path_extraction_route,false
FC-S5-TASK-01883,S200,EE-FC,beta_or_path_converted_effect_size,secondary_beta_or_path_converted_effect_size,source_reported_direct_or_discriminant_validity_value,table5_direct_or_discriminant_validity_value_researcher_selected,CAV005;CAV007;ROW_CAVEAT,false,non_path_reference_evidence_in_beta_family,route_as_latent_or_construct_correlation_in_revised_step5_model_input,false
FC-S5-TASK-01884,S200,EE-PE,beta_or_path_converted_effect_size,secondary_beta_or_path_converted_effect_size,source_reported_direct_or_discriminant_validity_value,table5_direct_or_discriminant_validity_value_researcher_selected,CAV005;CAV007;ROW_CAVEAT,false,non_path_reference_evidence_in_beta_family,route_as_latent_or_construct_correlation_in_revised_step5_model_input,false
FC-S5-TASK-01885,S200,EE-SI,beta_or_path_converted_effect_size,secondary_beta_or_path_converted_effect_size,source_reported_direct_or_discriminant_validity_value,table5_direct_or_discriminant_validity_value_researcher_selected,CAV005;CAV007;ROW_CAVEAT,false,non_path_reference_evidence_in_beta_family,route_as_latent_or_construct_correlation_in_revised_step5_model_input,false
FC-S5-TASK-01886,S200,EE-UB,beta_or_path_converted_effect_size,secondary_beta_or_path_converted_effect_size,source_reported_direct_or_discriminant_validity_value,table5_direct_or_discriminant_validity_value_researcher_selected,CAV005;CAV007;ROW_CAVEAT,false,non_path_reference_evidence_in_beta_family,route_as_latent_or_construct_correlation_in_revised_step5_model_input,false
FC-S5-TASK-01887,S200,FC-PE,beta_or_path_converted_effect_size,secondary_beta_or_path_converted_effect_size,source_reported_direct_or_discriminant_validity_value,table5_direct_or_discriminant_validity_value_researcher_selected,CAV005;CAV007;ROW_CAVEAT,false,non_path_reference_evidence_in_beta_family,route_as_latent_or_construct_correlation_in_revised_step5_model_input,false
FC-S5-TASK-01888,S200,FC-SI,beta_or_path_converted_effect_size,secondary_beta_or_path_converted_effect_size,source_reported_direct_or_discriminant_validity_value,table5_direct_or_discriminant_validity_value_researcher_selected,CAV005;CAV007;ROW_CAVEAT,false,non_path_reference_evidence_in_beta_family,route_as_latent_or_construct_correlation_in_revised_step5_model_input,false
FC-S5-TASK-01889,S200,FC-UB,beta_or_path_converted_effect_size,secondary_beta_or_path_converted_effect_size,source_reported_direct_or_discriminant_validity_value,table5_direct_or_discriminant_validity_value_researcher_selected,CAV005;CAV007;ROW_CAVEAT,false,non_path_reference_evidence_in_beta_family,route_as_latent_or_construct_correlation_in_revised_step5_model_input,false
FC-S5-TASK-01890,S200,PE-SI,beta_or_path_converted_effect_size,secondary_beta_or_path_converted_effect_size,source_reported_direct_or_discriminant_validity_value,table5_direct_or_discriminant_validity_value_researcher_selected,CAV005;CAV007;ROW_CAVEAT,false,non_path_reference_evidence_in_beta_family,route_as_latent_or_construct_correlation_in_revised_step5_model_input,false
FC-S5-TASK-01891,S200,PE-UB,beta_or_path_converted_effect_size,secondary_beta_or_path_converted_effect_size,source_reported_direct_or_discriminant_validity_value,table5_direct_or_discriminant_validity_value_researcher_selected,CAV005;CAV007;ROW_CAVEAT,false,non_path_reference_evidence_in_beta_family,route_as_latent_or_construct_correlation_in_revised_step5_model_input,false
FC-S5-TASK-01892,S200,SI-UB,beta_or_path_converted_effect_size,secondary_beta_or_path_converted_effect_size,source_reported_direct_or_discriminant_validity_value,table5_direct_or_discriminant_validity_value_researcher_selected,CAV005;CAV007;ROW_CAVEAT,false,non_path_reference_evidence_in_beta_family,route_as_latent_or_construct_correlation_in_revised_step5_model_input,false
FC-S5-TASK-01913,S204,ATT-BI,beta_or_path_converted_effect_size,secondary_beta_or_path_converted_effect_size,beta_converted_peterson_brown,standardized_path_beta_converted,CAV005,true,path_or_beta_compatible,retain_beta_or_path_extraction_route,false
FC-S5-TASK-01914,S204,ATT-EE,beta_or_path_converted_effect_size,secondary_beta_or_path_converted_effect_size,beta_converted_peterson_brown,standardized_path_beta_converted,CAV005,true,path_or_beta_compatible,retain_beta_or_path_extraction_route,false
FC-S5-TASK-01915,S204,ATT-PE,beta_or_path_converted_effect_size,secondary_beta_or_path_converted_effect_size,beta_converted_peterson_brown,standardized_path_beta_converted,CAV005,true,path_or_beta_compatible,retain_beta_or_path_extraction_route,false
FC-S5-TASK-01916,S204,BI-PE,beta_or_path_converted_effect_size,secondary_beta_or_path_converted_effect_size,beta_converted_peterson_brown,standardized_path_beta_converted,CAV005,true,path_or_beta_compatible,retain_beta_or_path_extraction_route,false
FC-S5-TASK-01917,S204,BI-SI,beta_or_path_converted_effect_size,secondary_beta_or_path_converted_effect_size,beta_converted_peterson_brown,standardized_path_beta_converted,CAV005,true,path_or_beta_compatible,retain_beta_or_path_extraction_route,false
FC-S5-TASK-01918,S204,EE-PE,beta_or_path_converted_effect_size,secondary_beta_or_path_converted_effect_size,beta_converted_peterson_brown,standardized_path_beta_converted,CAV005,true,path_or_beta_compatible,retain_beta_or_path_extraction_route,false
FC-S5-TASK-01919,S204,PE-SE,beta_or_path_converted_effect_size,secondary_beta_or_path_converted_effect_size,beta_converted_peterson_brown,standardized_path_beta_converted,CAV005,true,path_or_beta_compatible,retain_beta_or_path_extraction_route,false
FC-S5-TASK-01930,S207,ATT-BI,beta_or_path_converted_effect_size,secondary_beta_or_path_converted_effect_size,source_reported_pearson_or_latent_correlation,source_reported_direct_correlation_or_latent_correlation,CAV005,false,non_path_reference_evidence_in_beta_family,route_as_latent_or_construct_correlation_in_revised_step5_model_input,false
FC-S5-TASK-01931,S207,ATT-EE,beta_or_path_converted_effect_size,secondary_beta_or_path_converted_effect_size,source_reported_pearson_or_latent_correlation,source_reported_direct_correlation_or_latent_correlation,CAV005,false,non_path_reference_evidence_in_beta_family,route_as_latent_or_construct_correlation_in_revised_step5_model_input,false
FC-S5-TASK-01932,S207,ATT-PE,beta_or_path_converted_effect_size,secondary_beta_or_path_converted_effect_size,source_reported_pearson_or_latent_correlation,source_reported_direct_correlation_or_latent_correlation,CAV005,false,non_path_reference_evidence_in_beta_family,route_as_latent_or_construct_correlation_in_revised_step5_model_input,false
FC-S5-TASK-01933,S207,BI-EE,beta_or_path_converted_effect_size,secondary_beta_or_path_converted_effect_size,source_reported_pearson_or_latent_correlation,source_reported_direct_correlation_or_latent_correlation,CAV005,false,non_path_reference_evidence_in_beta_family,route_as_latent_or_construct_correlation_in_revised_step5_model_input,false
FC-S5-TASK-01934,S207,BI-PE,beta_or_path_converted_effect_size,secondary_beta_or_path_converted_effect_size,source_reported_pearson_or_latent_correlation,source_reported_direct_correlation_or_latent_correlation,CAV005,false,non_path_reference_evidence_in_beta_family,route_as_latent_or_construct_correlation_in_revised_step5_model_input,false
FC-S5-TASK-01935,S207,EE-PE,beta_or_path_converted_effect_size,secondary_beta_or_path_converted_effect_size,source_reported_pearson_or_latent_correlation,source_reported_direct_correlation_or_latent_correlation,CAV005,false,non_path_reference_evidence_in_beta_family,route_as_latent_or_construct_correlation_in_revised_step5_model_input,false
FC-S5-TASK-01976,S216,ANX-EE,beta_or_path_converted_effect_size,secondary_beta_or_path_converted_effect_size,beta_converted_peterson_brown,standardized_path_beta_converted,CAV005,true,path_or_beta_compatible,retain_beta_or_path_extraction_route,false
FC-S5-TASK-01977,S216,BI-EE,beta_or_path_converted_effect_size,secondary_beta_or_path_converted_effect_size,beta_converted_peterson_brown,standardized_path_beta_converted,CAV005,true,path_or_beta_compatible,retain_beta_or_path_extraction_route,false
FC-S5-TASK-01978,S216,BI-PE,beta_or_path_converted_effect_size,secondary_beta_or_path_converted_effect_size,beta_converted_peterson_brown,standardized_path_beta_converted,CAV005,true,path_or_beta_compatible,retain_beta_or_path_extraction_route,false
FC-S5-TASK-01979,S216,BI-SI,beta_or_path_converted_effect_size,secondary_beta_or_path_converted_effect_size,beta_converted_peterson_brown,standardized_path_beta_converted,CAV005,true,path_or_beta_compatible,retain_beta_or_path_extraction_route,false
FC-S5-TASK-01980,S216,EE-PE,beta_or_path_converted_effect_size,secondary_beta_or_path_converted_effect_size,beta_converted_peterson_brown,standardized_path_beta_converted,CAV005,true,path_or_beta_compatible,retain_beta_or_path_extraction_route,false
FC-S5-TASK-01981,S216,EE-SE,beta_or_path_converted_effect_size,secondary_beta_or_path_converted_effect_size,beta_converted_peterson_brown,standardized_path_beta_converted,CAV005,true,path_or_beta_compatible,retain_beta_or_path_extraction_route,false
FC-S5-TASK-02038,S225,BI-EE,beta_or_path_converted_effect_size,secondary_beta_or_path_converted_effect_size,beta_converted_peterson_brown,standardized_path_beta_converted,CAV005,true,path_or_beta_compatible,retain_beta_or_path_extraction_route,false
FC-S5-TASK-02039,S225,BI-FC,beta_or_path_converted_effect_size,secondary_beta_or_path_converted_effect_size,beta_converted_peterson_brown,standardized_path_beta_converted,CAV005,true,path_or_beta_compatible,retain_beta_or_path_extraction_route,false
FC-S5-TASK-02040,S225,BI-PE,beta_or_path_converted_effect_size,secondary_beta_or_path_converted_effect_size,beta_converted_peterson_brown,standardized_path_beta_converted,CAV005,true,path_or_beta_compatible,retain_beta_or_path_extraction_route,false
FC-S5-TASK-02041,S225,BI-SI,beta_or_path_converted_effect_size,secondary_beta_or_path_converted_effect_size,beta_converted_peterson_brown,standardized_path_beta_converted,CAV005,true,path_or_beta_compatible,retain_beta_or_path_extraction_route,false
FC-S5-TASK-02042,S225,BI-TRU,beta_or_path_converted_effect_size,secondary_beta_or_path_converted_effect_size,beta_converted_peterson_brown,standardized_path_beta_converted,CAV005,true,path_or_beta_compatible,retain_beta_or_path_extraction_route,false
FC-S5-TASK-02043,S225,BI-UB,beta_or_path_converted_effect_size,secondary_beta_or_path_converted_effect_size,beta_converted_peterson_brown,standardized_path_beta_converted,CAV005,true,path_or_beta_compatible,retain_beta_or_path_extraction_route,false
