analysis_record_id,study_id,construct_pair,sample_size_numeric_original,sample_size_numeric_reconciled,sample_size_reconciliation_status,sample_size_reconciliation_source,masem_n_weighted_eligibility,preanalysis_action
P1-PRIMARY-00001,S148,ATT-BI,,603.0,filled_from_full_corpus_reference_pair,S148_full_sample_ATT_BI,include_n_weighted_masem,include_n_weighted_subset_candidate
P1-PRIMARY-00002,S148,ATT-EE,,603.0,filled_from_full_corpus_reference_pair,S148_full_sample_ATT_EE,include_n_weighted_masem,include_n_weighted_subset_candidate
P1-PRIMARY-00003,S148,ATT-PE,,603.0,filled_from_full_corpus_reference_pair,S148_full_sample_ATT_PE,include_n_weighted_masem,include_n_weighted_subset_candidate
P1-PRIMARY-00004,S148,BI-UB,,603.0,filled_from_full_corpus_reference_pair,S148_full_sample_BI_UB,include_n_weighted_masem,include_n_weighted_subset_candidate
P1-PRIMARY-00005,S148,EE-PE,,603.0,filled_from_full_corpus_reference_pair,S148_full_sample_EE_PE,include_n_weighted_masem,include_n_weighted_subset_candidate
P1-PRIMARY-00006,S034,BI-EE,,148.0,filled_from_full_corpus_reference_pair,S034_full_sample_BI_EE,include_n_weighted_masem,include_n_weighted_subset_candidate
P1-PRIMARY-00007,S034,BI-PE,,148.0,filled_from_full_corpus_reference_pair,S034_full_sample_BI_PE,include_n_weighted_masem,include_n_weighted_subset_candidate
P1-PRIMARY-00008,S034,EE-PE,,148.0,filled_from_full_corpus_reference_pair,S034_full_sample_EE_PE,include_n_weighted_masem,include_n_weighted_subset_candidate
P1-PRIMARY-00009,S218,ATT-BI,,,missing_n_excluded_from_n_weighted_masem,,exclude_missing_n,residual_source_n_check_before_primary
P1-PRIMARY-00010,S218,ATT-EE,,,missing_n_excluded_from_n_weighted_masem,,exclude_missing_n,residual_source_n_check_before_primary
P1-PRIMARY-00011,S218,ATT-PE,,,missing_n_excluded_from_n_weighted_masem,,exclude_missing_n,residual_source_n_check_before_primary
P1-PRIMARY-00012,S218,BI-EE,,,missing_n_excluded_from_n_weighted_masem,,exclude_missing_n,residual_source_n_check_before_primary
P1-PRIMARY-00013,S218,BI-PE,,,missing_n_excluded_from_n_weighted_masem,,exclude_missing_n,residual_source_n_check_before_primary
P1-PRIMARY-00014,S218,EE-PE,,,missing_n_excluded_from_n_weighted_masem,,exclude_missing_n,residual_source_n_check_before_primary
P1-PRIMARY-00015,S185,ANX-ATT,,,missing_n_excluded_from_n_weighted_masem,,exclude_missing_n,residual_source_n_check_before_primary
P1-PRIMARY-00016,S185,ANX-EE,,,missing_n_excluded_from_n_weighted_masem,,exclude_missing_n,residual_source_n_check_before_primary
P1-PRIMARY-00017,S185,ANX-PE,,,missing_n_excluded_from_n_weighted_masem,,exclude_missing_n,residual_source_n_check_before_primary
P1-PRIMARY-00018,S185,ANX-SI,,,missing_n_excluded_from_n_weighted_masem,,exclude_missing_n,residual_source_n_check_before_primary
P1-PRIMARY-00019,S185,ATT-BI,,,missing_n_excluded_from_n_weighted_masem,,exclude_missing_n,residual_source_n_check_before_primary
P1-PRIMARY-00020,S185,ATT-EE,,,missing_n_excluded_from_n_weighted_masem,,exclude_missing_n,residual_source_n_check_before_primary
P1-PRIMARY-00021,S185,ATT-PE,,,missing_n_excluded_from_n_weighted_masem,,exclude_missing_n,residual_source_n_check_before_primary
P1-PRIMARY-00022,S185,ATT-SI,,,missing_n_excluded_from_n_weighted_masem,,exclude_missing_n,residual_source_n_check_before_primary
P1-PRIMARY-00023,S185,BI-EE,,,missing_n_excluded_from_n_weighted_masem,,exclude_missing_n,residual_source_n_check_before_primary
P1-PRIMARY-00024,S185,BI-PE,,,missing_n_excluded_from_n_weighted_masem,,exclude_missing_n,residual_source_n_check_before_primary
P1-PRIMARY-00025,S185,BI-SI,,,missing_n_excluded_from_n_weighted_masem,,exclude_missing_n,residual_source_n_check_before_primary
P1-PRIMARY-00026,S185,EE-PE,,,missing_n_excluded_from_n_weighted_masem,,exclude_missing_n,residual_source_n_check_before_primary
P1-PRIMARY-00027,S185,EE-SI,,,missing_n_excluded_from_n_weighted_masem,,exclude_missing_n,residual_source_n_check_before_primary
P1-PRIMARY-00028,S185,PE-SI,,,missing_n_excluded_from_n_weighted_masem,,exclude_missing_n,residual_source_n_check_before_primary
P1-PRIMARY-00029,S194,BI-EE,,,missing_n_excluded_from_n_weighted_masem,,exclude_missing_n,residual_source_n_check_before_primary
P1-PRIMARY-00030,S194,BI-FC,,,missing_n_excluded_from_n_weighted_masem,,exclude_missing_n,residual_source_n_check_before_primary
P1-PRIMARY-00031,S194,BI-PE,,,missing_n_excluded_from_n_weighted_masem,,exclude_missing_n,residual_source_n_check_before_primary
P1-PRIMARY-00032,S194,BI-SI,,,missing_n_excluded_from_n_weighted_masem,,exclude_missing_n,residual_source_n_check_before_primary
P1-PRIMARY-00033,S194,BI-UB,,,missing_n_excluded_from_n_weighted_masem,,exclude_missing_n,residual_source_n_check_before_primary
P1-PRIMARY-00034,S194,EE-FC,,,missing_n_excluded_from_n_weighted_masem,,exclude_missing_n,residual_source_n_check_before_primary
P1-PRIMARY-00035,S194,EE-PE,,,missing_n_excluded_from_n_weighted_masem,,exclude_missing_n,residual_source_n_check_before_primary
P1-PRIMARY-00036,S194,EE-SI,,,missing_n_excluded_from_n_weighted_masem,,exclude_missing_n,residual_source_n_check_before_primary
P1-PRIMARY-00037,S194,EE-UB,,,missing_n_excluded_from_n_weighted_masem,,exclude_missing_n,residual_source_n_check_before_primary
P1-PRIMARY-00038,S194,FC-PE,,,missing_n_excluded_from_n_weighted_masem,,exclude_missing_n,residual_source_n_check_before_primary
P1-PRIMARY-00039,S194,FC-SI,,,missing_n_excluded_from_n_weighted_masem,,exclude_missing_n,residual_source_n_check_before_primary
P1-PRIMARY-00040,S194,FC-UB,,,missing_n_excluded_from_n_weighted_masem,,exclude_missing_n,residual_source_n_check_before_primary
P1-PRIMARY-00041,S194,PE-SI,,,missing_n_excluded_from_n_weighted_masem,,exclude_missing_n,residual_source_n_check_before_primary
P1-PRIMARY-00042,S194,PE-UB,,,missing_n_excluded_from_n_weighted_masem,,exclude_missing_n,residual_source_n_check_before_primary
P1-PRIMARY-00043,S194,SI-UB,,,missing_n_excluded_from_n_weighted_masem,,exclude_missing_n,residual_source_n_check_before_primary
P1-PRIMARY-00044,S208,BI-EE,,,missing_n_excluded_from_n_weighted_masem,,exclude_missing_n,residual_source_n_check_before_primary
P1-PRIMARY-00045,S208,BI-PE,,,missing_n_excluded_from_n_weighted_masem,,exclude_missing_n,residual_source_n_check_before_primary
P1-PRIMARY-00046,S208,BI-SI,,,missing_n_excluded_from_n_weighted_masem,,exclude_missing_n,residual_source_n_check_before_primary
P1-PRIMARY-00047,S208,BI-TRU,,,missing_n_excluded_from_n_weighted_masem,,exclude_missing_n,residual_source_n_check_before_primary
P1-PRIMARY-00048,S208,EE-PE,,,missing_n_excluded_from_n_weighted_masem,,exclude_missing_n,residual_source_n_check_before_primary
P1-PRIMARY-00049,S208,EE-SI,,,missing_n_excluded_from_n_weighted_masem,,exclude_missing_n,residual_source_n_check_before_primary
P1-PRIMARY-00050,S208,EE-TRU,,,missing_n_excluded_from_n_weighted_masem,,exclude_missing_n,residual_source_n_check_before_primary
P1-PRIMARY-00051,S208,PE-SI,,,missing_n_excluded_from_n_weighted_masem,,exclude_missing_n,residual_source_n_check_before_primary
P1-PRIMARY-00052,S208,PE-TRU,,,missing_n_excluded_from_n_weighted_masem,,exclude_missing_n,residual_source_n_check_before_primary
P1-PRIMARY-00053,S208,SI-TRU,,,missing_n_excluded_from_n_weighted_masem,,exclude_missing_n,residual_source_n_check_before_primary
P1-PRIMARY-00054,S028,ATT-BI,,,missing_n_excluded_from_n_weighted_masem,,exclude_missing_n,residual_source_n_check_before_primary
P1-PRIMARY-00055,S028,ATT-EE,,,missing_n_excluded_from_n_weighted_masem,,exclude_missing_n,residual_source_n_check_before_primary
P1-PRIMARY-00056,S028,ATT-PE,,,missing_n_excluded_from_n_weighted_masem,,exclude_missing_n,residual_source_n_check_before_primary
P1-PRIMARY-00057,S028,ATT-SE,,,missing_n_excluded_from_n_weighted_masem,,exclude_missing_n,residual_source_n_check_before_primary
P1-PRIMARY-00058,S028,BI-EE,,,missing_n_excluded_from_n_weighted_masem,,exclude_missing_n,residual_source_n_check_before_primary
P1-PRIMARY-00059,S028,BI-PE,,,missing_n_excluded_from_n_weighted_masem,,exclude_missing_n,residual_source_n_check_before_primary
P1-PRIMARY-00060,S028,BI-SE,,,missing_n_excluded_from_n_weighted_masem,,exclude_missing_n,residual_source_n_check_before_primary
P1-PRIMARY-00061,S028,EE-PE,,,missing_n_excluded_from_n_weighted_masem,,exclude_missing_n,residual_source_n_check_before_primary
P1-PRIMARY-00062,S028,EE-SE,,,missing_n_excluded_from_n_weighted_masem,,exclude_missing_n,residual_source_n_check_before_primary
P1-PRIMARY-00063,S028,PE-SE,,,missing_n_excluded_from_n_weighted_masem,,exclude_missing_n,residual_source_n_check_before_primary
P1-PRIMARY-00064,S145,ATT-BI,,,missing_n_excluded_from_n_weighted_masem,,exclude_missing_n,residual_source_n_check_before_primary
P1-PRIMARY-00065,S145,ATT-EE,,,missing_n_excluded_from_n_weighted_masem,,exclude_missing_n,residual_source_n_check_before_primary
P1-PRIMARY-00066,S145,ATT-UB,,,missing_n_excluded_from_n_weighted_masem,,exclude_missing_n,residual_source_n_check_before_primary
P1-PRIMARY-00067,S145,BI-EE,,,missing_n_excluded_from_n_weighted_masem,,exclude_missing_n,residual_source_n_check_before_primary
P1-PRIMARY-00068,S145,BI-UB,,,missing_n_excluded_from_n_weighted_masem,,exclude_missing_n,residual_source_n_check_before_primary
P1-PRIMARY-00069,S145,EE-UB,,,missing_n_excluded_from_n_weighted_masem,,exclude_missing_n,residual_source_n_check_before_primary
P1-PRIMARY-00070,S016,ANX-ATT,,382.0,filled_from_full_corpus_reference_pair,S016_full_sample_ANX_ATT,include_n_weighted_masem,include_n_weighted_subset_candidate
P1-PRIMARY-00071,S016,ANX-BI,,382.0,filled_from_full_corpus_reference_pair,S016_full_sample_ANX_BI,include_n_weighted_masem,include_n_weighted_subset_candidate
P1-PRIMARY-00072,S016,ANX-EE,,382.0,filled_from_full_corpus_reference_pair,S016_full_sample_ANX_EE,include_n_weighted_masem,include_n_weighted_subset_candidate
P1-PRIMARY-00073,S016,ANX-FC,,382.0,filled_from_full_corpus_reference_pair,S016_full_sample_ANX_FC,include_n_weighted_masem,include_n_weighted_subset_candidate
P1-PRIMARY-00074,S016,ANX-PE,,382.0,filled_from_full_corpus_reference_pair,S016_full_sample_ANX_PE,include_n_weighted_masem,include_n_weighted_subset_candidate
P1-PRIMARY-00075,S016,ANX-SE,,382.0,filled_from_full_corpus_reference_pair,S016_full_sample_ANX_SE,include_n_weighted_masem,include_n_weighted_subset_candidate
P1-PRIMARY-00076,S016,ATT-BI,,382.0,filled_from_full_corpus_reference_pair,S016_full_sample_ATT_BI,include_n_weighted_masem,include_n_weighted_subset_candidate
P1-PRIMARY-00077,S016,ATT-EE,,382.0,filled_from_full_corpus_reference_pair,S016_full_sample_ATT_EE,include_n_weighted_masem,include_n_weighted_subset_candidate
P1-PRIMARY-00078,S016,ATT-FC,,382.0,filled_from_full_corpus_reference_pair,S016_full_sample_ATT_FC,include_n_weighted_masem,include_n_weighted_subset_candidate
P1-PRIMARY-00079,S016,ATT-PE,,382.0,filled_from_full_corpus_reference_pair,S016_full_sample_ATT_PE,include_n_weighted_masem,include_n_weighted_subset_candidate
P1-PRIMARY-00080,S016,ATT-SE,,382.0,filled_from_full_corpus_reference_pair,S016_full_sample_ATT_SE,include_n_weighted_masem,include_n_weighted_subset_candidate
P1-PRIMARY-00081,S016,BI-EE,,382.0,filled_from_full_corpus_reference_pair,S016_full_sample_BI_EE,include_n_weighted_masem,include_n_weighted_subset_candidate
P1-PRIMARY-00082,S016,BI-FC,,382.0,filled_from_full_corpus_reference_pair,S016_full_sample_BI_FC,include_n_weighted_masem,include_n_weighted_subset_candidate
P1-PRIMARY-00083,S016,BI-PE,,382.0,filled_from_full_corpus_reference_pair,S016_full_sample_BI_PE,include_n_weighted_masem,include_n_weighted_subset_candidate
P1-PRIMARY-00084,S016,BI-SE,,382.0,filled_from_full_corpus_reference_pair,S016_full_sample_BI_SE,include_n_weighted_masem,include_n_weighted_subset_candidate
P1-PRIMARY-00085,S016,EE-FC,,382.0,filled_from_full_corpus_reference_pair,S016_full_sample_EE_FC,include_n_weighted_masem,include_n_weighted_subset_candidate
P1-PRIMARY-00086,S016,EE-PE,,382.0,filled_from_full_corpus_reference_pair,S016_full_sample_EE_PE,include_n_weighted_masem,include_n_weighted_subset_candidate
P1-PRIMARY-00087,S016,EE-SE,,382.0,filled_from_full_corpus_reference_pair,S016_full_sample_EE_SE,include_n_weighted_masem,include_n_weighted_subset_candidate
P1-PRIMARY-00088,S016,FC-PE,,382.0,filled_from_full_corpus_reference_pair,S016_full_sample_FC_PE,include_n_weighted_masem,include_n_weighted_subset_candidate
P1-PRIMARY-00089,S016,FC-SE,,382.0,filled_from_full_corpus_reference_pair,S016_full_sample_FC_SE,include_n_weighted_masem,include_n_weighted_subset_candidate
P1-PRIMARY-00090,S016,PE-SE,,382.0,filled_from_full_corpus_reference_pair,S016_full_sample_PE_SE,include_n_weighted_masem,include_n_weighted_subset_candidate
P1-PRIMARY-00091,S097,ATT-BI,,210.0,filled_from_full_corpus_reference_pair,S097_full_sample_ATT_BI,include_n_weighted_masem,include_n_weighted_subset_candidate
P1-PRIMARY-00094,S097,ATT-UB,,210.0,filled_from_full_corpus_reference_pair,S097_full_sample_ATT_UB,include_n_weighted_masem,include_n_weighted_subset_candidate
P1-PRIMARY-00095,S097,BI-EE,,210.0,filled_from_full_corpus_reference_pair,S097_full_sample_BI_EE,include_n_weighted_masem,include_n_weighted_subset_candidate
P1-PRIMARY-00096,S097,BI-PE,,210.0,filled_from_full_corpus_reference_pair,S097_full_sample_BI_PE,include_n_weighted_masem,include_n_weighted_subset_candidate
P1-PRIMARY-00097,S097,BI-UB,,210.0,filled_from_full_corpus_reference_pair,S097_full_sample_BI_UB,include_n_weighted_masem,include_n_weighted_subset_candidate
P1-PRIMARY-00098,S097,EE-PE,,210.0,filled_from_full_corpus_reference_pair,S097_full_sample_EE_PE,include_n_weighted_masem,include_n_weighted_subset_candidate
P1-PRIMARY-00099,S097,EE-UB,,210.0,filled_from_full_corpus_reference_pair,S097_full_sample_EE_UB,include_n_weighted_masem,include_n_weighted_subset_candidate
P1-PRIMARY-00100,S097,PE-UB,,210.0,filled_from_full_corpus_reference_pair,S097_full_sample_PE_UB,include_n_weighted_masem,include_n_weighted_subset_candidate
P1-PRIMARY-00101,S090,EE-PE,,681.0,filled_from_full_corpus_reference_pair,S090_full_sample_EE_PE,include_n_weighted_masem,include_n_weighted_subset_candidate
P1-PRIMARY-00102,S090,EE-UB,,681.0,filled_from_full_corpus_reference_pair,S090_full_sample_EE_UB,include_n_weighted_masem,include_n_weighted_subset_candidate
P1-PRIMARY-00103,S090,PE-UB,,681.0,filled_from_full_corpus_reference_pair,S090_full_sample_PE_UB,include_n_weighted_masem,include_n_weighted_subset_candidate
P1-PRIMARY-00104,S176,ATT-BI,,1214.0,filled_from_full_corpus_reference_pair,S176_full_sample_ATT_BI,include_n_weighted_masem,include_n_weighted_subset_candidate
P1-PRIMARY-00105,S176,ATT-EE,,1214.0,filled_from_full_corpus_reference_pair,S176_full_sample_ATT_EE,include_n_weighted_masem,include_n_weighted_subset_candidate
P1-PRIMARY-00106,S176,ATT-FC,,1214.0,filled_from_full_corpus_reference_pair,S176_full_sample_ATT_FC,include_n_weighted_masem,include_n_weighted_subset_candidate
P1-PRIMARY-00107,S176,ATT-PE,,1214.0,filled_from_full_corpus_reference_pair,S176_full_sample_ATT_PE,include_n_weighted_masem,include_n_weighted_subset_candidate
P1-PRIMARY-00108,S176,ATT-SI,,1214.0,filled_from_full_corpus_reference_pair,S176_full_sample_ATT_SI,include_n_weighted_masem,include_n_weighted_subset_candidate
P1-PRIMARY-00109,S176,ATT-TRU,,1214.0,filled_from_full_corpus_reference_pair,S176_full_sample_ATT_TRU,include_n_weighted_masem,include_n_weighted_subset_candidate
P1-PRIMARY-00110,S176,ATT-UB,,1214.0,filled_from_full_corpus_reference_pair,S176_full_sample_ATT_UB,include_n_weighted_masem,include_n_weighted_subset_candidate
P1-PRIMARY-00111,S176,BI-EE,,1214.0,filled_from_full_corpus_reference_pair,S176_full_sample_BI_EE,include_n_weighted_masem,include_n_weighted_subset_candidate
P1-PRIMARY-00112,S176,BI-FC,,1214.0,filled_from_full_corpus_reference_pair,S176_full_sample_BI_FC,include_n_weighted_masem,include_n_weighted_subset_candidate
P1-PRIMARY-00113,S176,BI-PE,,1214.0,filled_from_full_corpus_reference_pair,S176_full_sample_BI_PE,include_n_weighted_masem,include_n_weighted_subset_candidate
P1-PRIMARY-00114,S176,BI-SI,,1214.0,filled_from_full_corpus_reference_pair,S176_full_sample_BI_SI,include_n_weighted_masem,include_n_weighted_subset_candidate
P1-PRIMARY-00115,S176,BI-TRU,,1214.0,filled_from_full_corpus_reference_pair,S176_full_sample_BI_TRU,include_n_weighted_masem,include_n_weighted_subset_candidate
P1-PRIMARY-00116,S176,BI-UB,,1214.0,filled_from_full_corpus_reference_pair,S176_full_sample_BI_UB,include_n_weighted_masem,include_n_weighted_subset_candidate
P1-PRIMARY-00117,S176,EE-FC,,1214.0,filled_from_full_corpus_reference_pair,S176_full_sample_EE_FC,include_n_weighted_masem,include_n_weighted_subset_candidate
P1-PRIMARY-00118,S176,EE-PE,,1214.0,filled_from_full_corpus_reference_pair,S176_full_sample_EE_PE,include_n_weighted_masem,include_n_weighted_subset_candidate
P1-PRIMARY-00119,S176,EE-SI,,1214.0,filled_from_full_corpus_reference_pair,S176_full_sample_EE_SI,include_n_weighted_masem,include_n_weighted_subset_candidate
P1-PRIMARY-00120,S176,EE-TRU,,1214.0,filled_from_full_corpus_reference_pair,S176_full_sample_EE_TRU,include_n_weighted_masem,include_n_weighted_subset_candidate
P1-PRIMARY-00121,S176,EE-UB,,1214.0,filled_from_full_corpus_reference_pair,S176_full_sample_EE_UB,include_n_weighted_masem,include_n_weighted_subset_candidate
P1-PRIMARY-00122,S176,FC-PE,,1214.0,filled_from_full_corpus_reference_pair,S176_full_sample_FC_PE,include_n_weighted_masem,include_n_weighted_subset_candidate
P1-PRIMARY-00123,S176,FC-SI,,1214.0,filled_from_full_corpus_reference_pair,S176_full_sample_FC_SI,include_n_weighted_masem,include_n_weighted_subset_candidate
P1-PRIMARY-00124,S176,FC-TRU,,1214.0,filled_from_full_corpus_reference_pair,S176_full_sample_FC_TRU,include_n_weighted_masem,include_n_weighted_subset_candidate
P1-PRIMARY-00125,S176,FC-UB,,1214.0,filled_from_full_corpus_reference_pair,S176_full_sample_FC_UB,include_n_weighted_masem,include_n_weighted_subset_candidate
P1-PRIMARY-00126,S176,PE-SI,,1214.0,filled_from_full_corpus_reference_pair,S176_full_sample_PE_SI,include_n_weighted_masem,include_n_weighted_subset_candidate
P1-PRIMARY-00127,S176,PE-TRU,,1214.0,filled_from_full_corpus_reference_pair,S176_full_sample_PE_TRU,include_n_weighted_masem,include_n_weighted_subset_candidate
P1-PRIMARY-00128,S176,PE-UB,,1214.0,filled_from_full_corpus_reference_pair,S176_full_sample_PE_UB,include_n_weighted_masem,include_n_weighted_subset_candidate
P1-PRIMARY-00129,S176,SI-TRU,,1214.0,filled_from_full_corpus_reference_pair,S176_full_sample_SI_TRU,include_n_weighted_masem,include_n_weighted_subset_candidate
P1-PRIMARY-00130,S176,SI-UB,,1214.0,filled_from_full_corpus_reference_pair,S176_full_sample_SI_UB,include_n_weighted_masem,include_n_weighted_subset_candidate
P1-PRIMARY-00131,S176,TRU-UB,,1214.0,filled_from_full_corpus_reference_pair,S176_full_sample_TRU_UB,include_n_weighted_masem,include_n_weighted_subset_candidate
P1-PRIMARY-00132,S047,BI-EE,,359.0,filled_from_full_corpus_reference_pair,S047_full_sample_BI_EE,include_n_weighted_masem,include_n_weighted_subset_candidate
P1-PRIMARY-00133,S047,BI-FC,,359.0,filled_from_full_corpus_reference_pair,S047_full_sample_BI_FC,include_n_weighted_masem,include_n_weighted_subset_candidate
P1-PRIMARY-00134,S047,BI-PE,,359.0,filled_from_full_corpus_reference_pair,S047_full_sample_BI_PE,include_n_weighted_masem,include_n_weighted_subset_candidate
P1-PRIMARY-00135,S047,BI-SI,,359.0,filled_from_full_corpus_reference_pair,S047_full_sample_BI_SI,include_n_weighted_masem,include_n_weighted_subset_candidate
P1-PRIMARY-00136,S047,EE-FC,,359.0,filled_from_full_corpus_reference_pair,S047_full_sample_EE_FC,include_n_weighted_masem,include_n_weighted_subset_candidate
P1-PRIMARY-00137,S047,EE-PE,,359.0,filled_from_full_corpus_reference_pair,S047_full_sample_EE_PE,include_n_weighted_masem,include_n_weighted_subset_candidate
P1-PRIMARY-00138,S047,EE-SI,,359.0,filled_from_full_corpus_reference_pair,S047_full_sample_EE_SI,include_n_weighted_masem,include_n_weighted_subset_candidate
P1-PRIMARY-00139,S047,FC-PE,,359.0,filled_from_full_corpus_reference_pair,S047_full_sample_FC_PE,include_n_weighted_masem,include_n_weighted_subset_candidate
P1-PRIMARY-00140,S047,FC-SI,,359.0,filled_from_full_corpus_reference_pair,S047_full_sample_FC_SI,include_n_weighted_masem,include_n_weighted_subset_candidate
P1-PRIMARY-00141,S047,PE-SI,,359.0,filled_from_full_corpus_reference_pair,S047_full_sample_PE_SI,include_n_weighted_masem,include_n_weighted_subset_candidate
P1-PRIMARY-00143,S072,ATT-BI,,500.0,filled_from_full_corpus_reference_study_unique,S072,include_n_weighted_masem,include_n_weighted_subset_candidate
P1-PRIMARY-00144,S072,ATT-EE,,500.0,filled_from_full_corpus_reference_study_unique,S072,include_n_weighted_masem,include_n_weighted_subset_candidate
P1-PRIMARY-00145,S072,ATT-FC,,500.0,filled_from_full_corpus_reference_study_unique,S072,include_n_weighted_masem,include_n_weighted_subset_candidate
P1-PRIMARY-00146,S072,ATT-PE,,500.0,filled_from_full_corpus_reference_study_unique,S072,include_n_weighted_masem,include_n_weighted_subset_candidate
P1-PRIMARY-00147,S072,ATT-SI,,500.0,filled_from_full_corpus_reference_study_unique,S072,include_n_weighted_masem,include_n_weighted_subset_candidate
P1-PRIMARY-00148,S072,BI-EE,,500.0,filled_from_full_corpus_reference_pair,S072_full_sample_BI_EE,include_n_weighted_masem,include_n_weighted_subset_candidate
P1-PRIMARY-00149,S072,BI-FC,,500.0,filled_from_full_corpus_reference_pair,S072_full_sample_BI_FC,include_n_weighted_masem,include_n_weighted_subset_candidate
P1-PRIMARY-00151,S072,BI-SI,,500.0,filled_from_full_corpus_reference_pair,S072_full_sample_BI_SI,include_n_weighted_masem,include_n_weighted_subset_candidate
P1-PRIMARY-00153,S072,EE-FC,,500.0,filled_from_full_corpus_reference_pair,S072_full_sample_EE_FC,include_n_weighted_masem,include_n_weighted_subset_candidate
P1-PRIMARY-00154,S072,EE-PE,,500.0,filled_from_full_corpus_reference_pair,S072_full_sample_EE_PE,include_n_weighted_masem,include_n_weighted_subset_candidate
P1-PRIMARY-00155,S072,EE-SI,,500.0,filled_from_full_corpus_reference_pair,S072_full_sample_EE_SI,include_n_weighted_masem,include_n_weighted_subset_candidate
P1-PRIMARY-00156,S072,EE-UB,,500.0,filled_from_full_corpus_reference_pair,S072_full_sample_EE_UB,include_n_weighted_masem,include_n_weighted_subset_candidate
P1-PRIMARY-00157,S072,FC-PE,,500.0,filled_from_full_corpus_reference_pair,S072_full_sample_FC_PE,include_n_weighted_masem,include_n_weighted_subset_candidate
P1-PRIMARY-00158,S072,FC-SI,,500.0,filled_from_full_corpus_reference_pair,S072_full_sample_FC_SI,include_n_weighted_masem,include_n_weighted_subset_candidate
P1-PRIMARY-00160,S072,PE-SI,,500.0,filled_from_full_corpus_reference_pair,S072_full_sample_PE_SI,include_n_weighted_masem,include_n_weighted_subset_candidate
P1-PRIMARY-00162,S072,SI-UB,,500.0,filled_from_full_corpus_reference_pair,S072_full_sample_SI_UB,include_n_weighted_masem,include_n_weighted_subset_candidate
P1-PRIMARY-00163,S219,ANX-ATT,,432.0,filled_from_full_corpus_reference_pair,S219_full_sample_ANX_ATT,include_n_weighted_masem,include_n_weighted_subset_candidate
P1-PRIMARY-00164,S219,ANX-BI,,432.0,filled_from_full_corpus_reference_pair,S219_full_sample_ANX_BI,include_n_weighted_masem,include_n_weighted_subset_candidate
P1-PRIMARY-00165,S219,ANX-EE,,432.0,filled_from_full_corpus_reference_pair,S219_full_sample_ANX_EE,include_n_weighted_masem,include_n_weighted_subset_candidate
P1-PRIMARY-00166,S219,ANX-PE,,432.0,filled_from_full_corpus_reference_pair,S219_full_sample_ANX_PE,include_n_weighted_masem,include_n_weighted_subset_candidate
P1-PRIMARY-00167,S219,ATT-BI,,432.0,filled_from_full_corpus_reference_pair,S219_full_sample_ATT_BI,include_n_weighted_masem,include_n_weighted_subset_candidate
P1-PRIMARY-00168,S219,ATT-EE,,432.0,filled_from_full_corpus_reference_pair,S219_full_sample_ATT_EE,include_n_weighted_masem,include_n_weighted_subset_candidate
P1-PRIMARY-00169,S219,ATT-PE,,432.0,filled_from_full_corpus_reference_pair,S219_full_sample_ATT_PE,include_n_weighted_masem,include_n_weighted_subset_candidate
P1-PRIMARY-00170,S219,BI-EE,,432.0,filled_from_full_corpus_reference_pair,S219_full_sample_BI_EE,include_n_weighted_masem,include_n_weighted_subset_candidate
P1-PRIMARY-00171,S219,BI-PE,,432.0,filled_from_full_corpus_reference_pair,S219_full_sample_BI_PE,include_n_weighted_masem,include_n_weighted_subset_candidate
P1-PRIMARY-00172,S219,EE-PE,,432.0,filled_from_full_corpus_reference_pair,S219_full_sample_EE_PE,include_n_weighted_masem,include_n_weighted_subset_candidate
P1-PRIMARY-00173,S052,BI-EE,,524.0,filled_from_full_corpus_reference_pair,S052_full_sample_BI_EE,include_n_weighted_masem,include_n_weighted_subset_candidate
P1-PRIMARY-00174,S052,BI-FC,,524.0,filled_from_full_corpus_reference_pair,S052_full_sample_BI_FC,include_n_weighted_masem,include_n_weighted_subset_candidate
P1-PRIMARY-00175,S052,BI-PE,,524.0,filled_from_full_corpus_reference_pair,S052_full_sample_BI_PE,include_n_weighted_masem,include_n_weighted_subset_candidate
P1-PRIMARY-00176,S052,BI-SI,,524.0,filled_from_full_corpus_reference_pair,S052_full_sample_BI_SI,include_n_weighted_masem,include_n_weighted_subset_candidate
P1-PRIMARY-00177,S052,EE-FC,,524.0,filled_from_full_corpus_reference_pair,S052_full_sample_EE_FC,include_n_weighted_masem,include_n_weighted_subset_candidate
P1-PRIMARY-00178,S052,EE-PE,,524.0,filled_from_full_corpus_reference_pair,S052_full_sample_EE_PE,include_n_weighted_masem,include_n_weighted_subset_candidate
P1-PRIMARY-00179,S052,EE-SI,,524.0,filled_from_full_corpus_reference_pair,S052_full_sample_EE_SI,include_n_weighted_masem,include_n_weighted_subset_candidate
P1-PRIMARY-00180,S052,FC-PE,,524.0,filled_from_full_corpus_reference_pair,S052_full_sample_FC_PE,include_n_weighted_masem,include_n_weighted_subset_candidate
P1-PRIMARY-00181,S052,FC-SI,,524.0,filled_from_full_corpus_reference_pair,S052_full_sample_FC_SI,include_n_weighted_masem,include_n_weighted_subset_candidate
P1-PRIMARY-00182,S052,PE-SI,,524.0,filled_from_full_corpus_reference_pair,S052_full_sample_PE_SI,include_n_weighted_masem,include_n_weighted_subset_candidate
P1-PRIMARY-00193,S111,BI-PE,,224.0,filled_from_full_corpus_reference_pair,S111_full_sample_BI_PE,include_n_weighted_masem,include_n_weighted_subset_candidate
P1-PRIMARY-00194,S111,BI-SI,,224.0,filled_from_full_corpus_reference_pair,S111_full_sample_BI_SI,include_n_weighted_masem,include_n_weighted_subset_candidate
P1-PRIMARY-00195,S111,PE-SI,,224.0,filled_from_full_corpus_reference_pair,S111_full_sample_PE_SI,include_n_weighted_masem,include_n_weighted_subset_candidate
P1-PRIMARY-00196,S045,ATT-BI,,184.0,filled_from_full_corpus_reference_pair,S045_full_sample_ATT_BI,include_n_weighted_masem,include_n_weighted_subset_candidate
P1-PRIMARY-00197,S045,ATT-EE,,184.0,filled_from_full_corpus_reference_pair,S045_full_sample_ATT_EE,include_n_weighted_masem,include_n_weighted_subset_candidate
P1-PRIMARY-00198,S045,ATT-PE,,184.0,filled_from_full_corpus_reference_pair,S045_full_sample_ATT_PE,include_n_weighted_masem,include_n_weighted_subset_candidate
P1-PRIMARY-00199,S045,ATT-UB,,184.0,filled_from_full_corpus_reference_pair,S045_full_sample_ATT_UB,include_n_weighted_masem,include_n_weighted_subset_candidate
P1-PRIMARY-00200,S045,BI-EE,,184.0,filled_from_full_corpus_reference_pair,S045_full_sample_BI_EE,include_n_weighted_masem,include_n_weighted_subset_candidate
P1-PRIMARY-00201,S045,BI-PE,,184.0,filled_from_full_corpus_reference_pair,S045_full_sample_BI_PE,include_n_weighted_masem,include_n_weighted_subset_candidate
P1-PRIMARY-00202,S045,BI-UB,,184.0,filled_from_full_corpus_reference_pair,S045_full_sample_BI_UB,include_n_weighted_masem,include_n_weighted_subset_candidate
P1-PRIMARY-00203,S045,EE-PE,,184.0,filled_from_full_corpus_reference_pair,S045_full_sample_EE_PE,include_n_weighted_masem,include_n_weighted_subset_candidate
P1-PRIMARY-00204,S045,EE-UB,,184.0,filled_from_full_corpus_reference_pair,S045_full_sample_EE_UB,include_n_weighted_masem,include_n_weighted_subset_candidate
P1-PRIMARY-00205,S045,PE-UB,,184.0,filled_from_full_corpus_reference_pair,S045_full_sample_PE_UB,include_n_weighted_masem,include_n_weighted_subset_candidate
P1-PRIMARY-00206,S212,ATT-BI,,465.0,filled_from_full_corpus_reference_pair,S212_full_sample_ATT_BI,include_n_weighted_masem,include_n_weighted_subset_candidate
P1-PRIMARY-00207,S212,ATT-EE,,465.0,filled_from_full_corpus_reference_pair,S212_full_sample_ATT_EE,include_n_weighted_masem,include_n_weighted_subset_candidate
P1-PRIMARY-00208,S212,ATT-PE,,465.0,filled_from_full_corpus_reference_pair,S212_full_sample_ATT_PE,include_n_weighted_masem,include_n_weighted_subset_candidate
P1-PRIMARY-00209,S212,BI-PE,,465.0,filled_from_full_corpus_reference_pair,S212_full_sample_BI_PE,include_n_weighted_masem,include_n_weighted_subset_candidate
P1-PRIMARY-00210,S212,EE-PE,,465.0,filled_from_full_corpus_reference_pair,S212_full_sample_EE_PE,include_n_weighted_masem,include_n_weighted_subset_candidate
P1-PRIMARY-00211,S186,BI-EE,,657.0,filled_from_full_corpus_reference_pair,S186_full_sample_BI_EE,include_n_weighted_masem,include_n_weighted_subset_candidate
P1-PRIMARY-00212,S186,BI-FC,,657.0,filled_from_full_corpus_reference_pair,S186_full_sample_BI_FC,include_n_weighted_masem,include_n_weighted_subset_candidate
P1-PRIMARY-00213,S186,BI-PE,,657.0,filled_from_full_corpus_reference_pair,S186_full_sample_BI_PE,include_n_weighted_masem,include_n_weighted_subset_candidate
P1-PRIMARY-00214,S186,BI-UB,,657.0,filled_from_full_corpus_reference_pair,S186_full_sample_BI_UB,include_n_weighted_masem,include_n_weighted_subset_candidate
P1-PRIMARY-00215,S186,EE-FC,,657.0,filled_from_full_corpus_reference_pair,S186_full_sample_EE_FC,include_n_weighted_masem,include_n_weighted_subset_candidate
P1-PRIMARY-00216,S186,EE-PE,,657.0,filled_from_full_corpus_reference_pair,S186_full_sample_EE_PE,include_n_weighted_masem,include_n_weighted_subset_candidate
P1-PRIMARY-00217,S186,EE-UB,,657.0,filled_from_full_corpus_reference_pair,S186_full_sample_EE_UB,include_n_weighted_masem,include_n_weighted_subset_candidate
P1-PRIMARY-00218,S186,FC-PE,,657.0,filled_from_full_corpus_reference_pair,S186_full_sample_FC_PE,include_n_weighted_masem,include_n_weighted_subset_candidate
P1-PRIMARY-00219,S186,FC-UB,,657.0,filled_from_full_corpus_reference_pair,S186_full_sample_FC_UB,include_n_weighted_masem,include_n_weighted_subset_candidate
P1-PRIMARY-00220,S186,PE-UB,,657.0,filled_from_full_corpus_reference_pair,S186_full_sample_PE_UB,include_n_weighted_masem,include_n_weighted_subset_candidate
P1-PRIMARY-00221,S163,ATT-BI,,300.0,filled_from_full_corpus_reference_pair,S163_full_sample_ATT_BI,include_n_weighted_masem,include_n_weighted_subset_candidate
P1-PRIMARY-00222,S163,ATT-SI,,300.0,filled_from_full_corpus_reference_pair,S163_full_sample_ATT_SI,include_n_weighted_masem,include_n_weighted_subset_candidate
P1-PRIMARY-00223,S163,ATT-TRU,,300.0,filled_from_full_corpus_reference_pair,S163_full_sample_ATT_TRU,include_n_weighted_masem,include_n_weighted_subset_candidate
P1-PRIMARY-00224,S163,ATT-UB,,300.0,filled_from_full_corpus_reference_study_unique,S163,include_n_weighted_masem,include_n_weighted_subset_candidate
P1-PRIMARY-00225,S163,BI-PE,,300.0,filled_from_full_corpus_reference_pair,S163_full_sample_BI_PE,include_n_weighted_masem,include_n_weighted_subset_candidate
P1-PRIMARY-00226,S163,BI-SI,,300.0,filled_from_full_corpus_reference_pair,S163_full_sample_BI_SI,include_n_weighted_masem,include_n_weighted_subset_candidate
P1-PRIMARY-00227,S163,BI-TRU,,300.0,filled_from_full_corpus_reference_pair,S163_full_sample_BI_TRU,include_n_weighted_masem,include_n_weighted_subset_candidate
P1-PRIMARY-00228,S163,PE-SI,,300.0,filled_from_full_corpus_reference_pair,S163_full_sample_PE_SI,include_n_weighted_masem,include_n_weighted_subset_candidate
P1-PRIMARY-00229,S163,PE-TRU,,300.0,filled_from_full_corpus_reference_pair,S163_full_sample_PE_TRU,include_n_weighted_masem,include_n_weighted_subset_candidate
P1-PRIMARY-00230,S163,SI-TRU,,300.0,filled_from_full_corpus_reference_pair,S163_full_sample_SI_TRU,include_n_weighted_masem,include_n_weighted_subset_candidate
P1-PRIMARY-00231,S007,ATT-BI,,363.0,filled_from_full_corpus_reference_pair,S007_full_sample_ATT_BI,include_n_weighted_masem,include_n_weighted_subset_candidate
P1-PRIMARY-00232,S007,ATT-FC,,363.0,filled_from_full_corpus_reference_pair,S007_full_sample_ATT_FC,include_n_weighted_masem,include_n_weighted_subset_candidate
P1-PRIMARY-00233,S007,ATT-PE,,363.0,filled_from_full_corpus_reference_pair,S007_full_sample_ATT_PE,include_n_weighted_masem,include_n_weighted_subset_candidate
P1-PRIMARY-00234,S007,ATT-SE,,363.0,filled_from_full_corpus_reference_pair,S007_full_sample_ATT_SE,include_n_weighted_masem,include_n_weighted_subset_candidate
P1-PRIMARY-00235,S007,BI-FC,,363.0,filled_from_full_corpus_reference_pair,S007_full_sample_BI_FC,include_n_weighted_masem,include_n_weighted_subset_candidate
P1-PRIMARY-00236,S007,BI-PE,,363.0,filled_from_full_corpus_reference_pair,S007_full_sample_BI_PE,include_n_weighted_masem,include_n_weighted_subset_candidate
P1-PRIMARY-00237,S007,BI-SE,,363.0,filled_from_full_corpus_reference_pair,S007_full_sample_BI_SE,include_n_weighted_masem,include_n_weighted_subset_candidate
P1-PRIMARY-00238,S007,FC-PE,,363.0,filled_from_full_corpus_reference_pair,S007_full_sample_FC_PE,include_n_weighted_masem,include_n_weighted_subset_candidate
P1-PRIMARY-00239,S007,FC-SE,,363.0,filled_from_full_corpus_reference_pair,S007_full_sample_FC_SE,include_n_weighted_masem,include_n_weighted_subset_candidate
P1-PRIMARY-00240,S007,PE-SE,,363.0,filled_from_full_corpus_reference_pair,S007_full_sample_PE_SE,include_n_weighted_masem,include_n_weighted_subset_candidate
P1-PRIMARY-00241,S017,BI-EE,,249.0,filled_from_full_corpus_reference_pair,S017_full_sample_BI_EE,include_n_weighted_masem,include_n_weighted_subset_candidate
P1-PRIMARY-00242,S017,BI-PE,,249.0,filled_from_full_corpus_reference_pair,S017_full_sample_BI_PE,include_n_weighted_masem,include_n_weighted_subset_candidate
P1-PRIMARY-00243,S017,BI-UB,,249.0,filled_from_full_corpus_reference_pair,S017_full_sample_BI_UB,include_n_weighted_masem,include_n_weighted_subset_candidate
P1-PRIMARY-00244,S017,EE-PE,,249.0,filled_from_full_corpus_reference_pair,S017_full_sample_EE_PE,include_n_weighted_masem,include_n_weighted_subset_candidate
P1-PRIMARY-00245,S017,EE-UB,,249.0,filled_from_full_corpus_reference_pair,S017_full_sample_EE_UB,include_n_weighted_masem,include_n_weighted_subset_candidate
P1-PRIMARY-00246,S017,PE-UB,,249.0,filled_from_full_corpus_reference_pair,S017_full_sample_PE_UB,include_n_weighted_masem,include_n_weighted_subset_candidate
P1-PRIMARY-00247,S142,ANX-ATT,,368.0,filled_from_full_corpus_reference_study_unique,S142,include_n_weighted_masem,include_n_weighted_subset_candidate
P1-PRIMARY-00248,S142,ANX-FC,,368.0,filled_from_full_corpus_reference_study_unique,S142,include_n_weighted_masem,include_n_weighted_subset_candidate
P1-PRIMARY-00249,S142,ANX-UB,,368.0,filled_from_full_corpus_reference_study_unique,S142,include_n_weighted_masem,include_n_weighted_subset_candidate
P1-PRIMARY-00250,S142,ATT-FC,,368.0,filled_from_full_corpus_reference_pair,S142_full_sample_ATT_FC,include_n_weighted_masem,include_n_weighted_subset_candidate
P1-PRIMARY-00251,S142,ATT-UB,,368.0,filled_from_full_corpus_reference_pair,S142_full_sample_ATT_UB,include_n_weighted_masem,include_n_weighted_subset_candidate
P1-PRIMARY-00252,S142,FC-UB,,368.0,filled_from_full_corpus_reference_pair,S142_full_sample_FC_UB,include_n_weighted_masem,include_n_weighted_subset_candidate
P1-PRIMARY-00253,S012,BI-EE,,1190.0,filled_from_full_corpus_reference_pair,S012_full_sample_BI_EE,include_n_weighted_masem,include_n_weighted_subset_candidate
P1-PRIMARY-00254,S012,BI-FC,,1190.0,filled_from_full_corpus_reference_pair,S012_full_sample_BI_FC,include_n_weighted_masem,include_n_weighted_subset_candidate
P1-PRIMARY-00255,S012,BI-PE,,1190.0,filled_from_full_corpus_reference_pair,S012_full_sample_BI_PE,include_n_weighted_masem,include_n_weighted_subset_candidate
P1-PRIMARY-00256,S012,BI-SI,,1190.0,filled_from_full_corpus_reference_pair,S012_full_sample_BI_SI,include_n_weighted_masem,include_n_weighted_subset_candidate
P1-PRIMARY-00257,S012,EE-FC,,1190.0,filled_from_full_corpus_reference_pair,S012_full_sample_EE_FC,include_n_weighted_masem,include_n_weighted_subset_candidate
P1-PRIMARY-00258,S012,EE-PE,,1190.0,filled_from_full_corpus_reference_pair,S012_full_sample_EE_PE,include_n_weighted_masem,include_n_weighted_subset_candidate
P1-PRIMARY-00259,S012,EE-SI,,1190.0,filled_from_full_corpus_reference_pair,S012_full_sample_EE_SI,include_n_weighted_masem,include_n_weighted_subset_candidate
P1-PRIMARY-00260,S012,FC-PE,,1190.0,filled_from_full_corpus_reference_pair,S012_full_sample_FC_PE,include_n_weighted_masem,include_n_weighted_subset_candidate
P1-PRIMARY-00261,S012,FC-SI,,1190.0,filled_from_full_corpus_reference_pair,S012_full_sample_FC_SI,include_n_weighted_masem,include_n_weighted_subset_candidate
P1-PRIMARY-00262,S012,PE-SI,,1190.0,filled_from_full_corpus_reference_pair,S012_full_sample_PE_SI,include_n_weighted_masem,include_n_weighted_subset_candidate
P1-PRIMARY-00263,S184,BI-FC,,907.0,filled_from_full_corpus_reference_pair,S184_full_sample_BI_FC,include_n_weighted_masem,include_n_weighted_subset_candidate
P1-PRIMARY-00264,S184,BI-SE,,907.0,filled_from_full_corpus_reference_pair,S184_full_sample_BI_SE,include_n_weighted_masem,include_n_weighted_subset_candidate
P1-PRIMARY-00265,S184,BI-SI,,907.0,filled_from_full_corpus_reference_pair,S184_full_sample_BI_SI,include_n_weighted_masem,include_n_weighted_subset_candidate
P1-PRIMARY-00266,S184,BI-UB,,907.0,filled_from_full_corpus_reference_pair,S184_full_sample_BI_UB,include_n_weighted_masem,include_n_weighted_subset_candidate
P1-PRIMARY-00267,S184,FC-SE,,907.0,filled_from_full_corpus_reference_pair,S184_full_sample_FC_SE,include_n_weighted_masem,include_n_weighted_subset_candidate
P1-PRIMARY-00269,S184,FC-UB,,907.0,filled_from_full_corpus_reference_pair,S184_full_sample_FC_UB,include_n_weighted_masem,include_n_weighted_subset_candidate
P1-PRIMARY-00270,S184,SE-SI,,907.0,filled_from_full_corpus_reference_pair,S184_full_sample_SE_SI,include_n_weighted_masem,include_n_weighted_subset_candidate
P1-PRIMARY-00271,S184,SE-UB,,907.0,filled_from_full_corpus_reference_pair,S184_full_sample_SE_UB,include_n_weighted_masem,include_n_weighted_subset_candidate
P1-PRIMARY-00272,S184,SI-UB,,907.0,filled_from_full_corpus_reference_pair,S184_full_sample_SI_UB,include_n_weighted_masem,include_n_weighted_subset_candidate
P1-PRIMARY-00273,S214,ATT-BI,,1117.0,filled_from_full_corpus_reference_study_unique,S214,include_n_weighted_masem,include_n_weighted_subset_candidate
P1-PRIMARY-00274,S214,ATT-EE,,1117.0,filled_from_full_corpus_reference_study_unique,S214,include_n_weighted_masem,include_n_weighted_subset_candidate
P1-PRIMARY-00275,S214,ATT-FC,,1117.0,filled_from_full_corpus_reference_study_unique,S214,include_n_weighted_masem,include_n_weighted_subset_candidate
P1-PRIMARY-00276,S214,ATT-PE,,1117.0,filled_from_full_corpus_reference_study_unique,S214,include_n_weighted_masem,include_n_weighted_subset_candidate
P1-PRIMARY-00277,S214,ATT-SI,,1117.0,filled_from_full_corpus_reference_study_unique,S214,include_n_weighted_masem,include_n_weighted_subset_candidate
P1-PRIMARY-00278,S214,ATT-UB,,1117.0,filled_from_full_corpus_reference_study_unique,S214,include_n_weighted_masem,include_n_weighted_subset_candidate
P1-PRIMARY-00279,S214,BI-EE,,1117.0,filled_from_full_corpus_reference_pair,S214_full_sample_BI_EE,include_n_weighted_masem,include_n_weighted_subset_candidate
P1-PRIMARY-00280,S214,BI-FC,,1117.0,filled_from_full_corpus_reference_pair,S214_full_sample_BI_FC,include_n_weighted_masem,include_n_weighted_subset_candidate
P1-PRIMARY-00281,S214,BI-PE,,1117.0,filled_from_full_corpus_reference_pair,S214_full_sample_BI_PE,include_n_weighted_masem,include_n_weighted_subset_candidate
P1-PRIMARY-00282,S214,BI-SI,,1117.0,filled_from_full_corpus_reference_pair,S214_full_sample_BI_SI,include_n_weighted_masem,include_n_weighted_subset_candidate
P1-PRIMARY-00283,S214,BI-UB,,1117.0,filled_from_full_corpus_reference_pair,S214_full_sample_BI_UB,include_n_weighted_masem,include_n_weighted_subset_candidate
P1-PRIMARY-00284,S214,EE-FC,,1117.0,filled_from_full_corpus_reference_pair,S214_full_sample_EE_FC,include_n_weighted_masem,include_n_weighted_subset_candidate
P1-PRIMARY-00285,S214,EE-PE,,1117.0,filled_from_full_corpus_reference_pair,S214_full_sample_EE_PE,include_n_weighted_masem,include_n_weighted_subset_candidate
P1-PRIMARY-00286,S214,EE-SI,,1117.0,filled_from_full_corpus_reference_pair,S214_full_sample_EE_SI,include_n_weighted_masem,include_n_weighted_subset_candidate
P1-PRIMARY-00287,S214,EE-UB,,1117.0,filled_from_full_corpus_reference_pair,S214_full_sample_EE_UB,include_n_weighted_masem,include_n_weighted_subset_candidate
P1-PRIMARY-00288,S214,FC-PE,,1117.0,filled_from_full_corpus_reference_pair,S214_full_sample_FC_PE,include_n_weighted_masem,include_n_weighted_subset_candidate
P1-PRIMARY-00289,S214,FC-SI,,1117.0,filled_from_full_corpus_reference_pair,S214_full_sample_FC_SI,include_n_weighted_masem,include_n_weighted_subset_candidate
P1-PRIMARY-00290,S214,FC-UB,,1117.0,filled_from_full_corpus_reference_pair,S214_full_sample_FC_UB,include_n_weighted_masem,include_n_weighted_subset_candidate
P1-PRIMARY-00291,S214,PE-SI,,1117.0,filled_from_full_corpus_reference_pair,S214_full_sample_PE_SI,include_n_weighted_masem,include_n_weighted_subset_candidate
P1-PRIMARY-00292,S214,PE-UB,,1117.0,filled_from_full_corpus_reference_pair,S214_full_sample_PE_UB,include_n_weighted_masem,include_n_weighted_subset_candidate
P1-PRIMARY-00293,S214,SI-UB,,1117.0,filled_from_full_corpus_reference_pair,S214_full_sample_SI_UB,include_n_weighted_masem,include_n_weighted_subset_candidate
P1-PRIMARY-00294,S013,BI-EE,,460.0,filled_from_full_corpus_reference_pair,S013_full_sample_BI_EE,include_n_weighted_masem,include_n_weighted_subset_candidate
P1-PRIMARY-00295,S013,BI-FC,,460.0,filled_from_full_corpus_reference_pair,S013_full_sample_BI_FC,include_n_weighted_masem,include_n_weighted_subset_candidate
P1-PRIMARY-00296,S013,BI-PE,,460.0,filled_from_full_corpus_reference_pair,S013_full_sample_BI_PE,include_n_weighted_masem,include_n_weighted_subset_candidate
P1-PRIMARY-00297,S013,BI-SE,,460.0,filled_from_full_corpus_reference_pair,S013_full_sample_BI_SE,include_n_weighted_masem,include_n_weighted_subset_candidate
P1-PRIMARY-00298,S013,BI-SI,,460.0,filled_from_full_corpus_reference_pair,S013_full_sample_BI_SI,include_n_weighted_masem,include_n_weighted_subset_candidate
P1-PRIMARY-00299,S013,EE-FC,,460.0,filled_from_full_corpus_reference_pair,S013_full_sample_EE_FC,include_n_weighted_masem,include_n_weighted_subset_candidate
P1-PRIMARY-00300,S013,EE-PE,,460.0,filled_from_full_corpus_reference_pair,S013_full_sample_EE_PE,include_n_weighted_masem,include_n_weighted_subset_candidate
P1-PRIMARY-00301,S013,EE-SE,,460.0,filled_from_full_corpus_reference_pair,S013_full_sample_EE_SE,include_n_weighted_masem,include_n_weighted_subset_candidate
P1-PRIMARY-00302,S013,EE-SI,,460.0,filled_from_full_corpus_reference_pair,S013_full_sample_EE_SI,include_n_weighted_masem,include_n_weighted_subset_candidate
P1-PRIMARY-00303,S013,FC-PE,,460.0,filled_from_full_corpus_reference_pair,S013_full_sample_FC_PE,include_n_weighted_masem,include_n_weighted_subset_candidate
P1-PRIMARY-00304,S013,FC-SE,,460.0,filled_from_full_corpus_reference_pair,S013_full_sample_FC_SE,include_n_weighted_masem,include_n_weighted_subset_candidate
P1-PRIMARY-00305,S013,FC-SI,,460.0,filled_from_full_corpus_reference_pair,S013_full_sample_FC_SI,include_n_weighted_masem,include_n_weighted_subset_candidate
P1-PRIMARY-00306,S013,PE-SE,,460.0,filled_from_full_corpus_reference_pair,S013_full_sample_PE_SE,include_n_weighted_masem,include_n_weighted_subset_candidate
P1-PRIMARY-00307,S013,PE-SI,,460.0,filled_from_full_corpus_reference_pair,S013_full_sample_PE_SI,include_n_weighted_masem,include_n_weighted_subset_candidate
P1-PRIMARY-00308,S013,SE-SI,,460.0,filled_from_full_corpus_reference_pair,S013_full_sample_SE_SI,include_n_weighted_masem,include_n_weighted_subset_candidate
P1-PRIMARY-00309,S167,ATT-BI,,458.0,filled_from_full_corpus_reference_pair,S167_full_sample_ATT_BI,include_n_weighted_masem,include_n_weighted_subset_candidate
P1-PRIMARY-00310,S167,ATT-PE,,458.0,filled_from_full_corpus_reference_pair,S167_full_sample_ATT_PE,include_n_weighted_masem,include_n_weighted_subset_candidate
P1-PRIMARY-00311,S167,BI-PE,,458.0,filled_from_full_corpus_reference_pair,S167_full_sample_BI_PE,include_n_weighted_masem,include_n_weighted_subset_candidate
P1-PRIMARY-00312,S198,BI-EE,,520.0,filled_from_full_corpus_reference_pair,S198_full_sample_BI_EE,include_n_weighted_masem,include_n_weighted_subset_candidate
P1-PRIMARY-00313,S198,BI-FC,,520.0,filled_from_full_corpus_reference_pair,S198_full_sample_BI_FC,include_n_weighted_masem,include_n_weighted_subset_candidate
P1-PRIMARY-00314,S198,BI-PE,,520.0,filled_from_full_corpus_reference_pair,S198_full_sample_BI_PE,include_n_weighted_masem,include_n_weighted_subset_candidate
P1-PRIMARY-00315,S198,BI-SI,,520.0,filled_from_full_corpus_reference_pair,S198_full_sample_BI_SI,include_n_weighted_masem,include_n_weighted_subset_candidate
P1-PRIMARY-00316,S198,BI-UB,,520.0,filled_from_full_corpus_reference_pair,S198_full_sample_BI_UB,include_n_weighted_masem,include_n_weighted_subset_candidate
P1-PRIMARY-00317,S198,EE-FC,,520.0,filled_from_full_corpus_reference_pair,S198_full_sample_EE_FC,include_n_weighted_masem,include_n_weighted_subset_candidate
P1-PRIMARY-00318,S198,EE-PE,,520.0,filled_from_full_corpus_reference_pair,S198_full_sample_EE_PE,include_n_weighted_masem,include_n_weighted_subset_candidate
P1-PRIMARY-00319,S198,EE-SI,,520.0,filled_from_full_corpus_reference_pair,S198_full_sample_EE_SI,include_n_weighted_masem,include_n_weighted_subset_candidate
P1-PRIMARY-00320,S198,EE-UB,,520.0,filled_from_full_corpus_reference_pair,S198_full_sample_EE_UB,include_n_weighted_masem,include_n_weighted_subset_candidate
P1-PRIMARY-00321,S198,FC-PE,,520.0,filled_from_full_corpus_reference_pair,S198_full_sample_FC_PE,include_n_weighted_masem,include_n_weighted_subset_candidate
P1-PRIMARY-00322,S198,FC-SI,,520.0,filled_from_full_corpus_reference_pair,S198_full_sample_FC_SI,include_n_weighted_masem,include_n_weighted_subset_candidate
P1-PRIMARY-00323,S198,FC-UB,,520.0,filled_from_full_corpus_reference_pair,S198_full_sample_FC_UB,include_n_weighted_masem,include_n_weighted_subset_candidate
P1-PRIMARY-00324,S198,PE-SI,,520.0,filled_from_full_corpus_reference_pair,S198_full_sample_PE_SI,include_n_weighted_masem,include_n_weighted_subset_candidate
P1-PRIMARY-00325,S198,PE-UB,,520.0,filled_from_full_corpus_reference_pair,S198_full_sample_PE_UB,include_n_weighted_masem,include_n_weighted_subset_candidate
P1-PRIMARY-00326,S198,SI-UB,,520.0,filled_from_full_corpus_reference_pair,S198_full_sample_SI_UB,include_n_weighted_masem,include_n_weighted_subset_candidate
P1-PRIMARY-00327,S020,BI-EE,,249.0,filled_from_full_corpus_reference_pair,S020_full_sample_BI_EE,include_n_weighted_masem,include_n_weighted_subset_candidate
P1-PRIMARY-00328,S020,BI-FC,,249.0,filled_from_full_corpus_reference_pair,S020_full_sample_BI_FC,include_n_weighted_masem,include_n_weighted_subset_candidate
P1-PRIMARY-00329,S020,BI-PE,,249.0,filled_from_full_corpus_reference_pair,S020_full_sample_BI_PE,include_n_weighted_masem,include_n_weighted_subset_candidate
P1-PRIMARY-00330,S020,EE-FC,,249.0,filled_from_full_corpus_reference_pair,S020_full_sample_EE_FC,include_n_weighted_masem,include_n_weighted_subset_candidate
P1-PRIMARY-00331,S020,EE-PE,,249.0,filled_from_full_corpus_reference_pair,S020_full_sample_EE_PE,include_n_weighted_masem,include_n_weighted_subset_candidate
P1-PRIMARY-00332,S020,FC-PE,,249.0,filled_from_full_corpus_reference_pair,S020_full_sample_FC_PE,include_n_weighted_masem,include_n_weighted_subset_candidate
P1-PRIMARY-00333,S055,ATT-BI,,486.0,filled_from_full_corpus_reference_pair,S055_full_sample_ATT_BI,include_n_weighted_masem,include_n_weighted_subset_candidate
P1-PRIMARY-00334,S055,ATT-EE,,486.0,filled_from_full_corpus_reference_pair,S055_full_sample_ATT_EE,include_n_weighted_masem,include_n_weighted_subset_candidate
P1-PRIMARY-00335,S055,ATT-FC,,486.0,filled_from_full_corpus_reference_pair,S055_full_sample_ATT_FC,include_n_weighted_masem,include_n_weighted_subset_candidate
P1-PRIMARY-00336,S055,ATT-PE,,486.0,filled_from_full_corpus_reference_pair,S055_full_sample_ATT_PE,include_n_weighted_masem,include_n_weighted_subset_candidate
P1-PRIMARY-00337,S055,ATT-SI,,486.0,filled_from_full_corpus_reference_pair,S055_full_sample_ATT_SI,include_n_weighted_masem,include_n_weighted_subset_candidate
P1-PRIMARY-00338,S055,ATT-UB,,486.0,filled_from_full_corpus_reference_pair,S055_full_sample_ATT_UB,include_n_weighted_masem,include_n_weighted_subset_candidate
P1-PRIMARY-00339,S055,BI-EE,,486.0,filled_from_full_corpus_reference_pair,S055_full_sample_BI_EE,include_n_weighted_masem,include_n_weighted_subset_candidate
P1-PRIMARY-00340,S055,BI-FC,,486.0,filled_from_full_corpus_reference_pair,S055_full_sample_BI_FC,include_n_weighted_masem,include_n_weighted_subset_candidate
P1-PRIMARY-00341,S055,BI-PE,,486.0,filled_from_full_corpus_reference_pair,S055_full_sample_BI_PE,include_n_weighted_masem,include_n_weighted_subset_candidate
P1-PRIMARY-00342,S055,BI-SI,,486.0,filled_from_full_corpus_reference_pair,S055_full_sample_BI_SI,include_n_weighted_masem,include_n_weighted_subset_candidate
P1-PRIMARY-00343,S055,BI-UB,,486.0,filled_from_full_corpus_reference_pair,S055_full_sample_BI_UB,include_n_weighted_masem,include_n_weighted_subset_candidate
P1-PRIMARY-00344,S055,EE-FC,,486.0,filled_from_full_corpus_reference_pair,S055_full_sample_EE_FC,include_n_weighted_masem,include_n_weighted_subset_candidate
P1-PRIMARY-00345,S055,EE-PE,,486.0,filled_from_full_corpus_reference_pair,S055_full_sample_EE_PE,include_n_weighted_masem,include_n_weighted_subset_candidate
P1-PRIMARY-00346,S055,EE-SI,,486.0,filled_from_full_corpus_reference_pair,S055_full_sample_EE_SI,include_n_weighted_masem,include_n_weighted_subset_candidate
P1-PRIMARY-00347,S055,EE-UB,,486.0,filled_from_full_corpus_reference_pair,S055_full_sample_EE_UB,include_n_weighted_masem,include_n_weighted_subset_candidate
P1-PRIMARY-00348,S055,FC-PE,,486.0,filled_from_full_corpus_reference_pair,S055_full_sample_FC_PE,include_n_weighted_masem,include_n_weighted_subset_candidate
P1-PRIMARY-00349,S055,FC-SI,,486.0,filled_from_full_corpus_reference_pair,S055_full_sample_FC_SI,include_n_weighted_masem,include_n_weighted_subset_candidate
P1-PRIMARY-00350,S055,FC-UB,,486.0,filled_from_full_corpus_reference_pair,S055_full_sample_FC_UB,include_n_weighted_masem,include_n_weighted_subset_candidate
P1-PRIMARY-00351,S055,PE-SI,,486.0,filled_from_full_corpus_reference_pair,S055_full_sample_PE_SI,include_n_weighted_masem,include_n_weighted_subset_candidate
P1-PRIMARY-00352,S055,PE-UB,,486.0,filled_from_full_corpus_reference_pair,S055_full_sample_PE_UB,include_n_weighted_masem,include_n_weighted_subset_candidate
P1-PRIMARY-00353,S055,SI-UB,,486.0,filled_from_full_corpus_reference_pair,S055_full_sample_SI_UB,include_n_weighted_masem,include_n_weighted_subset_candidate
P1-PRIMARY-00354,S026,ATT-BI,,510.0,filled_from_full_corpus_reference_pair,S026_full_sample_ATT_BI,include_n_weighted_masem,include_n_weighted_subset_candidate
P1-PRIMARY-00355,S026,ATT-EE,,510.0,filled_from_full_corpus_reference_pair,S026_full_sample_ATT_EE,include_n_weighted_masem,include_n_weighted_subset_candidate
P1-PRIMARY-00356,S026,ATT-PE,,510.0,filled_from_full_corpus_reference_pair,S026_full_sample_ATT_PE,include_n_weighted_masem,include_n_weighted_subset_candidate
P1-PRIMARY-00357,S026,ATT-SI,,510.0,filled_from_full_corpus_reference_pair,S026_full_sample_ATT_SI,include_n_weighted_masem,include_n_weighted_subset_candidate
P1-PRIMARY-00358,S026,ATT-UB,,510.0,filled_from_full_corpus_reference_pair,S026_full_sample_ATT_UB,include_n_weighted_masem,include_n_weighted_subset_candidate
P1-PRIMARY-00359,S026,BI-EE,,510.0,filled_from_full_corpus_reference_pair,S026_full_sample_BI_EE,include_n_weighted_masem,include_n_weighted_subset_candidate
P1-PRIMARY-00360,S026,BI-PE,,510.0,filled_from_full_corpus_reference_pair,S026_full_sample_BI_PE,include_n_weighted_masem,include_n_weighted_subset_candidate
P1-PRIMARY-00361,S026,BI-SI,,510.0,filled_from_full_corpus_reference_pair,S026_full_sample_BI_SI,include_n_weighted_masem,include_n_weighted_subset_candidate
P1-PRIMARY-00362,S026,BI-UB,,510.0,filled_from_full_corpus_reference_pair,S026_full_sample_BI_UB,include_n_weighted_masem,include_n_weighted_subset_candidate
P1-PRIMARY-00363,S026,EE-PE,,510.0,filled_from_full_corpus_reference_pair,S026_full_sample_EE_PE,include_n_weighted_masem,include_n_weighted_subset_candidate
P1-PRIMARY-00364,S026,EE-SI,,510.0,filled_from_full_corpus_reference_pair,S026_full_sample_EE_SI,include_n_weighted_masem,include_n_weighted_subset_candidate
P1-PRIMARY-00365,S026,EE-UB,,510.0,filled_from_full_corpus_reference_pair,S026_full_sample_EE_UB,include_n_weighted_masem,include_n_weighted_subset_candidate
P1-PRIMARY-00366,S026,PE-SI,,510.0,filled_from_full_corpus_reference_pair,S026_full_sample_PE_SI,include_n_weighted_masem,include_n_weighted_subset_candidate
P1-PRIMARY-00367,S026,PE-UB,,510.0,filled_from_full_corpus_reference_pair,S026_full_sample_PE_UB,include_n_weighted_masem,include_n_weighted_subset_candidate
P1-PRIMARY-00368,S026,SI-UB,,510.0,filled_from_full_corpus_reference_pair,S026_full_sample_SI_UB,include_n_weighted_masem,include_n_weighted_subset_candidate
P1-PRIMARY-00369,S100,BI-TRU,,,missing_n_excluded_from_n_weighted_masem,,exclude_missing_n,residual_source_n_check_before_primary
P1-PRIMARY-00370,S100,TRU-UB,,,missing_n_excluded_from_n_weighted_masem,,exclude_missing_n,residual_source_n_check_before_primary
P1-PRIMARY-00371,S050,BI-EE,,500.0,filled_from_full_corpus_reference_pair,S050_full_sample_BI_EE,include_n_weighted_masem,include_n_weighted_subset_candidate
P1-PRIMARY-00372,S050,BI-FC,,500.0,filled_from_full_corpus_reference_pair,S050_full_sample_BI_FC,include_n_weighted_masem,include_n_weighted_subset_candidate
P1-PRIMARY-00373,S050,BI-PE,,500.0,filled_from_full_corpus_reference_pair,S050_full_sample_BI_PE,include_n_weighted_masem,include_n_weighted_subset_candidate
P1-PRIMARY-00374,S050,BI-SI,,500.0,filled_from_full_corpus_reference_pair,S050_full_sample_BI_SI,include_n_weighted_masem,include_n_weighted_subset_candidate
P1-PRIMARY-00375,S050,BI-UB,,500.0,filled_from_full_corpus_reference_pair,S050_full_sample_BI_UB,include_n_weighted_masem,include_n_weighted_subset_candidate
P1-PRIMARY-00376,S050,EE-FC,,500.0,filled_from_full_corpus_reference_pair,S050_full_sample_EE_FC,include_n_weighted_masem,include_n_weighted_subset_candidate
P1-PRIMARY-00377,S050,EE-PE,,500.0,filled_from_full_corpus_reference_pair,S050_full_sample_EE_PE,include_n_weighted_masem,include_n_weighted_subset_candidate
P1-PRIMARY-00378,S050,EE-SI,,500.0,filled_from_full_corpus_reference_pair,S050_full_sample_EE_SI,include_n_weighted_masem,include_n_weighted_subset_candidate
P1-PRIMARY-00379,S050,EE-UB,,500.0,filled_from_full_corpus_reference_pair,S050_full_sample_EE_UB,include_n_weighted_masem,include_n_weighted_subset_candidate
P1-PRIMARY-00380,S050,FC-PE,,500.0,filled_from_full_corpus_reference_pair,S050_full_sample_FC_PE,include_n_weighted_masem,include_n_weighted_subset_candidate
P1-PRIMARY-00381,S050,FC-SI,,500.0,filled_from_full_corpus_reference_pair,S050_full_sample_FC_SI,include_n_weighted_masem,include_n_weighted_subset_candidate
P1-PRIMARY-00382,S050,FC-UB,,500.0,filled_from_full_corpus_reference_pair,S050_full_sample_FC_UB,include_n_weighted_masem,include_n_weighted_subset_candidate
P1-PRIMARY-00383,S050,PE-SI,,500.0,filled_from_full_corpus_reference_pair,S050_full_sample_PE_SI,include_n_weighted_masem,include_n_weighted_subset_candidate
P1-PRIMARY-00384,S050,PE-UB,,500.0,filled_from_full_corpus_reference_pair,S050_full_sample_PE_UB,include_n_weighted_masem,include_n_weighted_subset_candidate
P1-PRIMARY-00385,S050,SI-UB,,500.0,filled_from_full_corpus_reference_pair,S050_full_sample_SI_UB,include_n_weighted_masem,include_n_weighted_subset_candidate
P1-PRIMARY-00386,S125,ATT-EE,,498.0,filled_from_full_corpus_reference_pair,S125_full_sample_ATT_EE,include_n_weighted_masem,include_n_weighted_subset_candidate
P1-PRIMARY-00387,S125,ATT-PE,,498.0,filled_from_full_corpus_reference_pair,S125_full_sample_ATT_PE,include_n_weighted_masem,include_n_weighted_subset_candidate
P1-PRIMARY-00388,S125,ATT-SE,,498.0,filled_from_full_corpus_reference_pair,S125_full_sample_ATT_SE,include_n_weighted_masem,include_n_weighted_subset_candidate
P1-PRIMARY-00389,S125,EE-PE,,498.0,filled_from_full_corpus_reference_pair,S125_full_sample_EE_PE,include_n_weighted_masem,include_n_weighted_subset_candidate
P1-PRIMARY-00390,S125,EE-SE,,498.0,filled_from_full_corpus_reference_pair,S125_full_sample_EE_SE,include_n_weighted_masem,include_n_weighted_subset_candidate
P1-PRIMARY-00391,S125,PE-SE,,498.0,filled_from_full_corpus_reference_pair,S125_full_sample_PE_SE,include_n_weighted_masem,include_n_weighted_subset_candidate
P1-PRIMARY-00392,S161,ATT-BI,,315.0,filled_from_full_corpus_reference_pair,S161_full_sample_ATT_BI,include_n_weighted_masem,include_n_weighted_subset_candidate
P1-PRIMARY-00393,S161,ATT-EE,,315.0,filled_from_full_corpus_reference_pair,S161_full_sample_ATT_EE,include_n_weighted_masem,include_n_weighted_subset_candidate
P1-PRIMARY-00394,S161,ATT-FC,,315.0,filled_from_full_corpus_reference_pair,S161_full_sample_ATT_FC,include_n_weighted_masem,include_n_weighted_subset_candidate
P1-PRIMARY-00395,S161,ATT-PE,,315.0,filled_from_full_corpus_reference_pair,S161_full_sample_ATT_PE,include_n_weighted_masem,include_n_weighted_subset_candidate
P1-PRIMARY-00396,S161,BI-EE,,315.0,filled_from_full_corpus_reference_pair,S161_full_sample_BI_EE,include_n_weighted_masem,include_n_weighted_subset_candidate
P1-PRIMARY-00397,S161,BI-FC,,315.0,filled_from_full_corpus_reference_pair,S161_full_sample_BI_FC,include_n_weighted_masem,include_n_weighted_subset_candidate
P1-PRIMARY-00398,S161,BI-PE,,315.0,filled_from_full_corpus_reference_pair,S161_full_sample_BI_PE,include_n_weighted_masem,include_n_weighted_subset_candidate
P1-PRIMARY-00399,S161,EE-FC,,315.0,filled_from_full_corpus_reference_pair,S161_full_sample_EE_FC,include_n_weighted_masem,include_n_weighted_subset_candidate
P1-PRIMARY-00400,S161,EE-PE,,315.0,filled_from_full_corpus_reference_pair,S161_full_sample_EE_PE,include_n_weighted_masem,include_n_weighted_subset_candidate
P1-PRIMARY-00401,S161,FC-PE,,315.0,filled_from_full_corpus_reference_pair,S161_full_sample_FC_PE,include_n_weighted_masem,include_n_weighted_subset_candidate
P1-PRIMARY-00402,S135,ATT-BI,,302.0,filled_from_full_corpus_reference_pair,S135_full_sample_ATT_BI,include_n_weighted_masem,include_n_weighted_subset_candidate
P1-PRIMARY-00403,S135,ATT-EE,,302.0,filled_from_full_corpus_reference_pair,S135_full_sample_ATT_EE,include_n_weighted_masem,include_n_weighted_subset_candidate
P1-PRIMARY-00404,S135,ATT-PE,,302.0,filled_from_full_corpus_reference_pair,S135_full_sample_ATT_PE,include_n_weighted_masem,include_n_weighted_subset_candidate
P1-PRIMARY-00405,S135,ATT-SI,,302.0,filled_from_full_corpus_reference_pair,S135_full_sample_ATT_SI,include_n_weighted_masem,include_n_weighted_subset_candidate
P1-PRIMARY-00406,S135,BI-EE,,302.0,filled_from_full_corpus_reference_pair,S135_full_sample_BI_EE,include_n_weighted_masem,include_n_weighted_subset_candidate
P1-PRIMARY-00407,S135,BI-PE,,302.0,filled_from_full_corpus_reference_pair,S135_full_sample_BI_PE,include_n_weighted_masem,include_n_weighted_subset_candidate
P1-PRIMARY-00408,S135,BI-SI,,302.0,filled_from_full_corpus_reference_pair,S135_full_sample_BI_SI,include_n_weighted_masem,include_n_weighted_subset_candidate
P1-PRIMARY-00409,S135,EE-PE,,302.0,filled_from_full_corpus_reference_pair,S135_full_sample_EE_PE,include_n_weighted_masem,include_n_weighted_subset_candidate
P1-PRIMARY-00410,S135,EE-SI,,302.0,filled_from_full_corpus_reference_pair,S135_full_sample_EE_SI,include_n_weighted_masem,include_n_weighted_subset_candidate
P1-PRIMARY-00411,S135,PE-SE,,302.0,filled_from_full_corpus_reference_pair,S135_full_sample_PE_SE,include_n_weighted_masem,include_n_weighted_subset_candidate
P1-PRIMARY-00412,S032,ATT-BI,,804.0,filled_from_full_corpus_reference_pair,S032_full_sample_ATT_BI,include_n_weighted_masem,include_n_weighted_subset_candidate
P1-PRIMARY-00413,S032,ATT-EE,,804.0,filled_from_full_corpus_reference_pair,S032_full_sample_ATT_EE,include_n_weighted_masem,include_n_weighted_subset_candidate
P1-PRIMARY-00414,S032,ATT-PE,,804.0,filled_from_full_corpus_reference_pair,S032_full_sample_ATT_PE,include_n_weighted_masem,include_n_weighted_subset_candidate
P1-PRIMARY-00415,S032,ATT-SI,,804.0,filled_from_full_corpus_reference_pair,S032_full_sample_ATT_SI,include_n_weighted_masem,include_n_weighted_subset_candidate
P1-PRIMARY-00416,S032,ATT-UB,,804.0,filled_from_full_corpus_reference_pair,S032_full_sample_ATT_UB,include_n_weighted_masem,include_n_weighted_subset_candidate
P1-PRIMARY-00417,S032,BI-EE,,804.0,filled_from_full_corpus_reference_pair,S032_full_sample_BI_EE,include_n_weighted_masem,include_n_weighted_subset_candidate
P1-PRIMARY-00418,S032,BI-PE,,804.0,filled_from_full_corpus_reference_pair,S032_full_sample_BI_PE,include_n_weighted_masem,include_n_weighted_subset_candidate
P1-PRIMARY-00419,S032,BI-SI,,804.0,filled_from_full_corpus_reference_pair,S032_full_sample_BI_SI,include_n_weighted_masem,include_n_weighted_subset_candidate
P1-PRIMARY-00420,S032,BI-UB,,804.0,filled_from_full_corpus_reference_pair,S032_full_sample_BI_UB,include_n_weighted_masem,include_n_weighted_subset_candidate
P1-PRIMARY-00421,S032,EE-PE,,804.0,filled_from_full_corpus_reference_pair,S032_full_sample_EE_PE,include_n_weighted_masem,include_n_weighted_subset_candidate
P1-PRIMARY-00422,S032,EE-SI,,804.0,filled_from_full_corpus_reference_pair,S032_full_sample_EE_SI,include_n_weighted_masem,include_n_weighted_subset_candidate
P1-PRIMARY-00423,S032,EE-UB,,804.0,filled_from_full_corpus_reference_pair,S032_full_sample_EE_UB,include_n_weighted_masem,include_n_weighted_subset_candidate
P1-PRIMARY-00424,S032,PE-SI,,804.0,filled_from_full_corpus_reference_pair,S032_full_sample_PE_SI,include_n_weighted_masem,include_n_weighted_subset_candidate
P1-PRIMARY-00425,S032,PE-UB,,804.0,filled_from_full_corpus_reference_pair,S032_full_sample_PE_UB,include_n_weighted_masem,include_n_weighted_subset_candidate
P1-PRIMARY-00426,S032,SE-UB,,804.0,filled_from_full_corpus_reference_pair,S032_full_sample_SE_UB,include_n_weighted_masem,include_n_weighted_subset_candidate
P1-PRIMARY-00427,S133,BI-EE,,611.0,filled_from_full_corpus_reference_pair,S133_full_sample_BI_EE,include_n_weighted_masem,include_n_weighted_subset_candidate
P1-PRIMARY-00428,S133,BI-FC,,611.0,filled_from_full_corpus_reference_pair,S133_full_sample_BI_FC,include_n_weighted_masem,include_n_weighted_subset_candidate
P1-PRIMARY-00429,S133,BI-PE,,611.0,filled_from_full_corpus_reference_pair,S133_full_sample_BI_PE,include_n_weighted_masem,include_n_weighted_subset_candidate
P1-PRIMARY-00430,S133,BI-SI,,611.0,filled_from_full_corpus_reference_pair,S133_full_sample_BI_SI,include_n_weighted_masem,include_n_weighted_subset_candidate
P1-PRIMARY-00431,S133,BI-UB,,611.0,filled_from_full_corpus_reference_pair,S133_full_sample_BI_UB,include_n_weighted_masem,include_n_weighted_subset_candidate
P1-PRIMARY-00432,S133,EE-FC,,611.0,filled_from_full_corpus_reference_pair,S133_full_sample_EE_FC,include_n_weighted_masem,include_n_weighted_subset_candidate
P1-PRIMARY-00433,S133,EE-PE,,611.0,filled_from_full_corpus_reference_pair,S133_full_sample_EE_PE,include_n_weighted_masem,include_n_weighted_subset_candidate
P1-PRIMARY-00434,S133,EE-SI,,611.0,filled_from_full_corpus_reference_pair,S133_full_sample_EE_SI,include_n_weighted_masem,include_n_weighted_subset_candidate
P1-PRIMARY-00435,S133,EE-UB,,611.0,filled_from_full_corpus_reference_pair,S133_full_sample_EE_UB,include_n_weighted_masem,include_n_weighted_subset_candidate
P1-PRIMARY-00436,S133,FC-PE,,611.0,filled_from_full_corpus_reference_pair,S133_full_sample_FC_PE,include_n_weighted_masem,include_n_weighted_subset_candidate
P1-PRIMARY-00437,S133,FC-SI,,611.0,filled_from_full_corpus_reference_pair,S133_full_sample_FC_SI,include_n_weighted_masem,include_n_weighted_subset_candidate
P1-PRIMARY-00438,S133,FC-UB,,611.0,filled_from_full_corpus_reference_pair,S133_full_sample_FC_UB,include_n_weighted_masem,include_n_weighted_subset_candidate
P1-PRIMARY-00439,S133,PE-SI,,611.0,filled_from_full_corpus_reference_pair,S133_full_sample_PE_SI,include_n_weighted_masem,include_n_weighted_subset_candidate
P1-PRIMARY-00440,S133,PE-UB,,611.0,filled_from_full_corpus_reference_pair,S133_full_sample_PE_UB,include_n_weighted_masem,include_n_weighted_subset_candidate
P1-PRIMARY-00441,S133,SI-UB,,611.0,filled_from_full_corpus_reference_pair,S133_full_sample_SI_UB,include_n_weighted_masem,include_n_weighted_subset_candidate
P1-PRIMARY-00442,S149,ATT-BI,,254.0,filled_from_full_corpus_reference_pair,S149_full_sample_ATT_BI,include_n_weighted_masem,include_n_weighted_subset_candidate
P1-PRIMARY-00443,S149,ATT-EE,,254.0,filled_from_full_corpus_reference_pair,S149_full_sample_ATT_EE,include_n_weighted_masem,include_n_weighted_subset_candidate
P1-PRIMARY-00444,S149,ATT-PE,,254.0,filled_from_full_corpus_reference_pair,S149_full_sample_ATT_PE,include_n_weighted_masem,include_n_weighted_subset_candidate
P1-PRIMARY-00445,S149,BI-UB,,254.0,filled_from_full_corpus_reference_pair,S149_full_sample_BI_UB,include_n_weighted_masem,include_n_weighted_subset_candidate
P1-PRIMARY-00446,S149,EE-PE,,254.0,filled_from_full_corpus_reference_pair,S149_full_sample_EE_PE,include_n_weighted_masem,include_n_weighted_subset_candidate
P1-PRIMARY-00454,S157,BI-EE,620.0,620.0,retained_existing_input_n,R2R3-CORR-V2-04453,include_n_weighted_masem,include_n_weighted_subset_candidate
P1-PRIMARY-00455,S157,BI-FC,620.0,620.0,retained_existing_input_n,R2R3-CORR-V2-04454,include_n_weighted_masem,include_n_weighted_subset_candidate
P1-PRIMARY-00456,S157,BI-PE,620.0,620.0,retained_existing_input_n,R2R3-CORR-V2-04455,include_n_weighted_masem,include_n_weighted_subset_candidate
P1-PRIMARY-00457,S157,BI-SE,620.0,620.0,retained_existing_input_n,R2R3-CORR-V2-04456,include_n_weighted_masem,include_n_weighted_subset_candidate
P1-PRIMARY-00458,S157,BI-SI,620.0,620.0,retained_existing_input_n,R2R3-CORR-V2-04457,include_n_weighted_masem,include_n_weighted_subset_candidate
P1-PRIMARY-00459,S157,BI-UB,620.0,620.0,retained_existing_input_n,R2R3-CORR-V2-04460,include_n_weighted_masem,include_n_weighted_subset_candidate
P1-PRIMARY-00460,S157,EE-FC,620.0,620.0,retained_existing_input_n,R2R3-CORR-V2-04461,include_n_weighted_masem,include_n_weighted_subset_candidate
P1-PRIMARY-00461,S157,EE-PE,620.0,620.0,retained_existing_input_n,R2R3-CORR-V2-04462,include_n_weighted_masem,include_n_weighted_subset_candidate
P1-PRIMARY-00462,S157,EE-SE,620.0,620.0,retained_existing_input_n,R2R3-CORR-V2-04463,include_n_weighted_masem,include_n_weighted_subset_candidate
P1-PRIMARY-00463,S157,EE-SI,620.0,620.0,retained_existing_input_n,R2R3-CORR-V2-04464,include_n_weighted_masem,include_n_weighted_subset_candidate
P1-PRIMARY-00464,S157,EE-UB,620.0,620.0,retained_existing_input_n,R2R3-CORR-V2-04467,include_n_weighted_masem,include_n_weighted_subset_candidate
P1-PRIMARY-00465,S157,FC-PE,620.0,620.0,retained_existing_input_n,R2R3-CORR-V2-04468,include_n_weighted_masem,include_n_weighted_subset_candidate
P1-PRIMARY-00466,S157,FC-SE,620.0,620.0,retained_existing_input_n,R2R3-CORR-V2-04469,include_n_weighted_masem,include_n_weighted_subset_candidate
P1-PRIMARY-00467,S157,FC-SI,620.0,620.0,retained_existing_input_n,R2R3-CORR-V2-04470,include_n_weighted_masem,include_n_weighted_subset_candidate
P1-PRIMARY-00468,S157,FC-UB,620.0,620.0,retained_existing_input_n,R2R3-CORR-V2-04473,include_n_weighted_masem,include_n_weighted_subset_candidate
P1-PRIMARY-00469,S157,PE-SE,620.0,620.0,retained_existing_input_n,R2R3-CORR-V2-04474,include_n_weighted_masem,include_n_weighted_subset_candidate
P1-PRIMARY-00470,S157,PE-SI,620.0,620.0,retained_existing_input_n,R2R3-CORR-V2-04475,include_n_weighted_masem,include_n_weighted_subset_candidate
P1-PRIMARY-00471,S157,PE-UB,620.0,620.0,retained_existing_input_n,R2R3-CORR-V2-04478,include_n_weighted_masem,include_n_weighted_subset_candidate
P1-PRIMARY-00472,S157,SE-SI,620.0,620.0,retained_existing_input_n,R2R3-CORR-V2-04479,include_n_weighted_masem,include_n_weighted_subset_candidate
P1-PRIMARY-00473,S157,SE-UB,620.0,620.0,retained_existing_input_n,R2R3-CORR-V2-04482,include_n_weighted_masem,include_n_weighted_subset_candidate
P1-PRIMARY-00474,S157,SI-UB,620.0,620.0,retained_existing_input_n,R2R3-CORR-V2-04485,include_n_weighted_masem,include_n_weighted_subset_candidate
P1-PRIMARY-00475,S025,BI-EE,,361.0,filled_from_full_corpus_reference_pair,S025_full_sample_BI_EE,include_n_weighted_masem,include_n_weighted_subset_candidate
P1-PRIMARY-00476,S025,BI-FC,,361.0,filled_from_full_corpus_reference_pair,S025_full_sample_BI_FC,include_n_weighted_masem,include_n_weighted_subset_candidate
P1-PRIMARY-00477,S025,BI-PE,,361.0,filled_from_full_corpus_reference_pair,S025_full_sample_BI_PE,include_n_weighted_masem,include_n_weighted_subset_candidate
P1-PRIMARY-00478,S025,BI-SE,,361.0,filled_from_full_corpus_reference_pair,S025_full_sample_BI_SE,include_n_weighted_masem,include_n_weighted_subset_candidate
P1-PRIMARY-00479,S025,BI-SI,,361.0,filled_from_full_corpus_reference_pair,S025_full_sample_BI_SI,include_n_weighted_masem,include_n_weighted_subset_candidate
P1-PRIMARY-00480,S025,BI-UB,,361.0,filled_from_full_corpus_reference_pair,S025_full_sample_BI_UB,include_n_weighted_masem,include_n_weighted_subset_candidate
P1-PRIMARY-00481,S025,EE-FC,,361.0,filled_from_full_corpus_reference_pair,S025_full_sample_EE_FC,include_n_weighted_masem,include_n_weighted_subset_candidate
P1-PRIMARY-00482,S025,EE-PE,,361.0,filled_from_full_corpus_reference_pair,S025_full_sample_EE_PE,include_n_weighted_masem,include_n_weighted_subset_candidate
P1-PRIMARY-00483,S025,EE-SE,,361.0,filled_from_full_corpus_reference_pair,S025_full_sample_EE_SE,include_n_weighted_masem,include_n_weighted_subset_candidate
P1-PRIMARY-00484,S025,EE-SI,,361.0,filled_from_full_corpus_reference_pair,S025_full_sample_EE_SI,include_n_weighted_masem,include_n_weighted_subset_candidate
P1-PRIMARY-00485,S025,EE-UB,,361.0,filled_from_full_corpus_reference_pair,S025_full_sample_EE_UB,include_n_weighted_masem,include_n_weighted_subset_candidate
P1-PRIMARY-00486,S025,FC-PE,,361.0,filled_from_full_corpus_reference_pair,S025_full_sample_FC_PE,include_n_weighted_masem,include_n_weighted_subset_candidate
P1-PRIMARY-00487,S025,FC-SE,,361.0,filled_from_full_corpus_reference_pair,S025_full_sample_FC_SE,include_n_weighted_masem,include_n_weighted_subset_candidate
P1-PRIMARY-00488,S025,FC-SI,,361.0,filled_from_full_corpus_reference_pair,S025_full_sample_FC_SI,include_n_weighted_masem,include_n_weighted_subset_candidate
P1-PRIMARY-00489,S025,FC-UB,,361.0,filled_from_full_corpus_reference_pair,S025_full_sample_FC_UB,include_n_weighted_masem,include_n_weighted_subset_candidate
P1-PRIMARY-00490,S025,PE-SE,,361.0,filled_from_full_corpus_reference_pair,S025_full_sample_PE_SE,include_n_weighted_masem,include_n_weighted_subset_candidate
P1-PRIMARY-00491,S025,PE-SI,,361.0,filled_from_full_corpus_reference_pair,S025_full_sample_PE_SI,include_n_weighted_masem,include_n_weighted_subset_candidate
P1-PRIMARY-00492,S025,PE-UB,,361.0,filled_from_full_corpus_reference_pair,S025_full_sample_PE_UB,include_n_weighted_masem,include_n_weighted_subset_candidate
P1-PRIMARY-00493,S025,SE-SI,,361.0,filled_from_full_corpus_reference_pair,S025_full_sample_SE_SI,include_n_weighted_masem,include_n_weighted_subset_candidate
P1-PRIMARY-00494,S025,SE-UB,,361.0,filled_from_full_corpus_reference_pair,S025_full_sample_SE_UB,include_n_weighted_masem,include_n_weighted_subset_candidate
P1-PRIMARY-00495,S025,SI-UB,,361.0,filled_from_full_corpus_reference_pair,S025_full_sample_SI_UB,include_n_weighted_masem,include_n_weighted_subset_candidate
P1-PRIMARY-00496,S114,BI-EE,,255.0,filled_from_full_corpus_reference_pair,S114_full_sample_BI_EE,include_n_weighted_masem,include_n_weighted_subset_candidate
P1-PRIMARY-00497,S114,BI-FC,,255.0,filled_from_full_corpus_reference_pair,S114_full_sample_BI_FC,include_n_weighted_masem,include_n_weighted_subset_candidate
P1-PRIMARY-00498,S114,BI-PE,,255.0,filled_from_full_corpus_reference_pair,S114_full_sample_BI_PE,include_n_weighted_masem,include_n_weighted_subset_candidate
P1-PRIMARY-00499,S114,BI-SI,,255.0,filled_from_full_corpus_reference_pair,S114_full_sample_BI_SI,include_n_weighted_masem,include_n_weighted_subset_candidate
P1-PRIMARY-00500,S114,BI-UB,,255.0,filled_from_full_corpus_reference_pair,S114_full_sample_BI_UB,include_n_weighted_masem,include_n_weighted_subset_candidate
P1-PRIMARY-00501,S114,EE-FC,,255.0,filled_from_full_corpus_reference_pair,S114_full_sample_EE_FC,include_n_weighted_masem,include_n_weighted_subset_candidate
P1-PRIMARY-00502,S114,EE-PE,,255.0,filled_from_full_corpus_reference_pair,S114_full_sample_EE_PE,include_n_weighted_masem,include_n_weighted_subset_candidate
P1-PRIMARY-00503,S114,EE-SI,,255.0,filled_from_full_corpus_reference_pair,S114_full_sample_EE_SI,include_n_weighted_masem,include_n_weighted_subset_candidate
P1-PRIMARY-00504,S114,FC-PE,,255.0,filled_from_full_corpus_reference_pair,S114_full_sample_FC_PE,include_n_weighted_masem,include_n_weighted_subset_candidate
P1-PRIMARY-00505,S114,FC-SI,,255.0,filled_from_full_corpus_reference_pair,S114_full_sample_FC_SI,include_n_weighted_masem,include_n_weighted_subset_candidate
P1-PRIMARY-00506,S114,FC-UB,,255.0,filled_from_full_corpus_reference_pair,S114_full_sample_FC_UB,include_n_weighted_masem,include_n_weighted_subset_candidate
P1-PRIMARY-00507,S114,PE-SI,,255.0,filled_from_full_corpus_reference_pair,S114_full_sample_PE_SI,include_n_weighted_masem,include_n_weighted_subset_candidate
P1-PRIMARY-00508,S114,PE-UB,,255.0,filled_from_full_corpus_reference_pair,S114_full_sample_PE_UB,include_n_weighted_masem,include_n_weighted_subset_candidate
P1-PRIMARY-00509,S114,SI-UB,,255.0,filled_from_full_corpus_reference_pair,S114_full_sample_SI_UB,include_n_weighted_masem,include_n_weighted_subset_candidate
P1-PRIMARY-00510,S098,ANX-PE,,482.0,filled_from_full_corpus_reference_pair,S098_full_sample_ANX_PE,include_n_weighted_masem,include_n_weighted_subset_candidate
P1-PRIMARY-00511,S098,ANX-SE,,482.0,filled_from_full_corpus_reference_pair,S098_full_sample_ANX_SE,include_n_weighted_masem,include_n_weighted_subset_candidate
P1-PRIMARY-00512,S098,ANX-SI,,482.0,filled_from_full_corpus_reference_pair,S098_full_sample_ANX_SI,include_n_weighted_masem,include_n_weighted_subset_candidate
P1-PRIMARY-00513,S098,PE-SE,,482.0,filled_from_full_corpus_reference_pair,S098_full_sample_PE_SE,include_n_weighted_masem,include_n_weighted_subset_candidate
P1-PRIMARY-00514,S098,PE-SI,,482.0,filled_from_full_corpus_reference_pair,S098_full_sample_PE_SI,include_n_weighted_masem,include_n_weighted_subset_candidate
P1-PRIMARY-00515,S098,SE-SI,,482.0,filled_from_full_corpus_reference_pair,S098_full_sample_SE_SI,include_n_weighted_masem,include_n_weighted_subset_candidate
P1-PRIMARY-00516,S008,ATT-BI,,289.0,filled_from_full_corpus_reference_pair,S008_full_sample_ATT_BI,include_n_weighted_masem,include_n_weighted_subset_candidate
P1-PRIMARY-00517,S008,ATT-EE,,289.0,filled_from_full_corpus_reference_pair,S008_full_sample_ATT_EE,include_n_weighted_masem,include_n_weighted_subset_candidate
P1-PRIMARY-00518,S008,ATT-FC,,289.0,filled_from_full_corpus_reference_pair,S008_full_sample_ATT_FC,include_n_weighted_masem,include_n_weighted_subset_candidate
P1-PRIMARY-00519,S008,ATT-PE,,289.0,filled_from_full_corpus_reference_pair,S008_full_sample_ATT_PE,include_n_weighted_masem,include_n_weighted_subset_candidate
P1-PRIMARY-00520,S008,ATT-SI,,289.0,filled_from_full_corpus_reference_pair,S008_full_sample_ATT_SI,include_n_weighted_masem,include_n_weighted_subset_candidate
P1-PRIMARY-00521,S008,BI-EE,,289.0,filled_from_full_corpus_reference_pair,S008_full_sample_BI_EE,include_n_weighted_masem,include_n_weighted_subset_candidate
P1-PRIMARY-00522,S008,BI-FC,,289.0,filled_from_full_corpus_reference_pair,S008_full_sample_BI_FC,include_n_weighted_masem,include_n_weighted_subset_candidate
P1-PRIMARY-00523,S008,BI-PE,,289.0,filled_from_full_corpus_reference_pair,S008_full_sample_BI_PE,include_n_weighted_masem,include_n_weighted_subset_candidate
P1-PRIMARY-00524,S008,BI-SI,,289.0,filled_from_full_corpus_reference_pair,S008_full_sample_BI_SI,include_n_weighted_masem,include_n_weighted_subset_candidate
P1-PRIMARY-00525,S008,EE-FC,,289.0,filled_from_full_corpus_reference_pair,S008_full_sample_EE_FC,include_n_weighted_masem,include_n_weighted_subset_candidate
P1-PRIMARY-00526,S008,EE-PE,,289.0,filled_from_full_corpus_reference_pair,S008_full_sample_EE_PE,include_n_weighted_masem,include_n_weighted_subset_candidate
P1-PRIMARY-00527,S008,EE-SI,,289.0,filled_from_full_corpus_reference_pair,S008_full_sample_EE_SI,include_n_weighted_masem,include_n_weighted_subset_candidate
P1-PRIMARY-00528,S008,FC-PE,,289.0,filled_from_full_corpus_reference_pair,S008_full_sample_FC_PE,include_n_weighted_masem,include_n_weighted_subset_candidate
P1-PRIMARY-00529,S008,FC-SI,,289.0,filled_from_full_corpus_reference_pair,S008_full_sample_FC_SI,include_n_weighted_masem,include_n_weighted_subset_candidate
P1-PRIMARY-00530,S008,PE-SI,,289.0,filled_from_full_corpus_reference_pair,S008_full_sample_PE_SI,include_n_weighted_masem,include_n_weighted_subset_candidate
P1-PRIMARY-00531,S083,ATT-BI,,425.0,filled_from_full_corpus_reference_pair,S083_full_sample_ATT_BI,include_n_weighted_masem,include_n_weighted_subset_candidate
P1-PRIMARY-00532,S083,ATT-EE,,425.0,filled_from_full_corpus_reference_pair,S083_full_sample_ATT_EE,include_n_weighted_masem,include_n_weighted_subset_candidate
P1-PRIMARY-00533,S083,ATT-PE,,425.0,filled_from_full_corpus_reference_pair,S083_full_sample_ATT_PE,include_n_weighted_masem,include_n_weighted_subset_candidate
P1-PRIMARY-00534,S083,BI-EE,,425.0,filled_from_full_corpus_reference_pair,S083_full_sample_BI_EE,include_n_weighted_masem,include_n_weighted_subset_candidate
P1-PRIMARY-00535,S083,BI-PE,,425.0,filled_from_full_corpus_reference_pair,S083_full_sample_BI_PE,include_n_weighted_masem,include_n_weighted_subset_candidate
P1-PRIMARY-00536,S083,EE-PE,,425.0,filled_from_full_corpus_reference_pair,S083_full_sample_EE_PE,include_n_weighted_masem,include_n_weighted_subset_candidate
P1-PRIMARY-00537,S155,BI-EE,,242.0,filled_from_full_corpus_reference_pair,S155_full_sample_BI_EE,include_n_weighted_masem,include_n_weighted_subset_candidate
P1-PRIMARY-00538,S155,BI-PE,,242.0,filled_from_full_corpus_reference_pair,S155_full_sample_BI_PE,include_n_weighted_masem,include_n_weighted_subset_candidate
P1-PRIMARY-00539,S155,BI-TRU,,242.0,filled_from_full_corpus_reference_pair,S155_full_sample_BI_TRU,include_n_weighted_masem,include_n_weighted_subset_candidate
P1-PRIMARY-00540,S155,EE-PE,,242.0,filled_from_full_corpus_reference_pair,S155_full_sample_EE_PE,include_n_weighted_masem,include_n_weighted_subset_candidate
P1-PRIMARY-00541,S155,EE-TRU,,242.0,filled_from_full_corpus_reference_pair,S155_full_sample_EE_TRU,include_n_weighted_masem,include_n_weighted_subset_candidate
P1-PRIMARY-00542,S155,PE-TRU,,242.0,filled_from_full_corpus_reference_pair,S155_full_sample_PE_TRU,include_n_weighted_masem,include_n_weighted_subset_candidate
P1-PRIMARY-00543,S173,BI-EE,,306.0,filled_from_full_corpus_reference_pair,S173_full_sample_BI_EE,include_n_weighted_masem,include_n_weighted_subset_candidate
P1-PRIMARY-00544,S173,BI-FC,,306.0,filled_from_full_corpus_reference_pair,S173_full_sample_BI_FC,include_n_weighted_masem,include_n_weighted_subset_candidate
P1-PRIMARY-00545,S173,BI-PE,,306.0,filled_from_full_corpus_reference_pair,S173_full_sample_BI_PE,include_n_weighted_masem,include_n_weighted_subset_candidate
P1-PRIMARY-00546,S173,BI-SI,,306.0,filled_from_full_corpus_reference_pair,S173_full_sample_BI_SI,include_n_weighted_masem,include_n_weighted_subset_candidate
P1-PRIMARY-00547,S173,BI-TRU,,306.0,filled_from_full_corpus_reference_pair,S173_full_sample_BI_TRU,include_n_weighted_masem,include_n_weighted_subset_candidate
P1-PRIMARY-00548,S173,BI-UB,,306.0,filled_from_full_corpus_reference_pair,S173_full_sample_BI_UB,include_n_weighted_masem,include_n_weighted_subset_candidate
P1-PRIMARY-00549,S173,EE-FC,,306.0,filled_from_full_corpus_reference_pair,S173_full_sample_EE_FC,include_n_weighted_masem,include_n_weighted_subset_candidate
P1-PRIMARY-00550,S173,EE-PE,,306.0,filled_from_full_corpus_reference_pair,S173_full_sample_EE_PE,include_n_weighted_masem,include_n_weighted_subset_candidate
P1-PRIMARY-00551,S173,EE-SI,,306.0,filled_from_full_corpus_reference_pair,S173_full_sample_EE_SI,include_n_weighted_masem,include_n_weighted_subset_candidate
P1-PRIMARY-00552,S173,EE-TRU,,306.0,filled_from_full_corpus_reference_pair,S173_full_sample_EE_TRU,include_n_weighted_masem,include_n_weighted_subset_candidate
P1-PRIMARY-00553,S173,EE-UB,,306.0,filled_from_full_corpus_reference_pair,S173_full_sample_EE_UB,include_n_weighted_masem,include_n_weighted_subset_candidate
P1-PRIMARY-00554,S173,FC-PE,,306.0,filled_from_full_corpus_reference_pair,S173_full_sample_FC_PE,include_n_weighted_masem,include_n_weighted_subset_candidate
P1-PRIMARY-00555,S173,FC-SI,,306.0,filled_from_full_corpus_reference_pair,S173_full_sample_FC_SI,include_n_weighted_masem,include_n_weighted_subset_candidate
P1-PRIMARY-00556,S173,FC-TRU,,306.0,filled_from_full_corpus_reference_pair,S173_full_sample_FC_TRU,include_n_weighted_masem,include_n_weighted_subset_candidate
P1-PRIMARY-00557,S173,FC-UB,,306.0,filled_from_full_corpus_reference_pair,S173_full_sample_FC_UB,include_n_weighted_masem,include_n_weighted_subset_candidate
P1-PRIMARY-00558,S173,PE-SI,,306.0,filled_from_full_corpus_reference_pair,S173_full_sample_PE_SI,include_n_weighted_masem,include_n_weighted_subset_candidate
P1-PRIMARY-00559,S173,PE-TRU,,306.0,filled_from_full_corpus_reference_pair,S173_full_sample_PE_TRU,include_n_weighted_masem,include_n_weighted_subset_candidate
P1-PRIMARY-00560,S173,PE-UB,,306.0,filled_from_full_corpus_reference_pair,S173_full_sample_PE_UB,include_n_weighted_masem,include_n_weighted_subset_candidate
P1-PRIMARY-00561,S173,SI-TRU,,306.0,filled_from_full_corpus_reference_pair,S173_full_sample_SI_TRU,include_n_weighted_masem,include_n_weighted_subset_candidate
P1-PRIMARY-00562,S173,SI-UB,,306.0,filled_from_full_corpus_reference_pair,S173_full_sample_SI_UB,include_n_weighted_masem,include_n_weighted_subset_candidate
P1-PRIMARY-00563,S173,TRU-UB,,306.0,filled_from_full_corpus_reference_pair,S173_full_sample_TRU_UB,include_n_weighted_masem,include_n_weighted_subset_candidate
P1-PRIMARY-00564,S123,BI-EE,,711.0,filled_from_full_corpus_reference_pair,S123_full_sample_BI_EE,include_n_weighted_masem,include_n_weighted_subset_candidate
P1-PRIMARY-00565,S123,BI-PE,,711.0,filled_from_full_corpus_reference_pair,S123_full_sample_BI_PE,include_n_weighted_masem,include_n_weighted_subset_candidate
P1-PRIMARY-00566,S123,EE-PE,,711.0,filled_from_full_corpus_reference_pair,S123_full_sample_EE_PE,include_n_weighted_masem,include_n_weighted_subset_candidate
P1-PRIMARY-00567,S210,BI-EE,,400.0,filled_from_full_corpus_reference_pair,S210_full_sample_BI_EE,include_n_weighted_masem,include_n_weighted_subset_candidate
P1-PRIMARY-00568,S210,BI-PE,,400.0,filled_from_full_corpus_reference_pair,S210_full_sample_BI_PE,include_n_weighted_masem,include_n_weighted_subset_candidate
P1-PRIMARY-00569,S210,BI-SE,,400.0,filled_from_full_corpus_reference_pair,S210_full_sample_BI_SE,include_n_weighted_masem,include_n_weighted_subset_candidate
P1-PRIMARY-00570,S210,EE-PE,,400.0,filled_from_full_corpus_reference_pair,S210_full_sample_EE_PE,include_n_weighted_masem,include_n_weighted_subset_candidate
P1-PRIMARY-00571,S210,EE-SE,,400.0,filled_from_full_corpus_reference_pair,S210_full_sample_EE_SE,include_n_weighted_masem,include_n_weighted_subset_candidate
P1-PRIMARY-00572,S210,PE-SE,,400.0,filled_from_full_corpus_reference_pair,S210_full_sample_PE_SE,include_n_weighted_masem,include_n_weighted_subset_candidate
P1-PRIMARY-00573,S078,ATT-BI,,668.0,filled_from_full_corpus_reference_pair,S078_full_sample_ATT_BI,include_n_weighted_masem,include_n_weighted_subset_candidate
P1-PRIMARY-00574,S078,ATT-SE,,668.0,filled_from_full_corpus_reference_pair,S078_full_sample_ATT_SE,include_n_weighted_masem,include_n_weighted_subset_candidate
P1-PRIMARY-00575,S078,ATT-SI,,668.0,filled_from_full_corpus_reference_pair,S078_full_sample_ATT_SI,include_n_weighted_masem,include_n_weighted_subset_candidate
P1-PRIMARY-00576,S078,BI-SE,,668.0,filled_from_full_corpus_reference_pair,S078_full_sample_BI_SE,include_n_weighted_masem,include_n_weighted_subset_candidate
P1-PRIMARY-00577,S078,BI-SI,,668.0,filled_from_full_corpus_reference_pair,S078_full_sample_BI_SI,include_n_weighted_masem,include_n_weighted_subset_candidate
P1-PRIMARY-00578,S078,SE-SI,,668.0,filled_from_full_corpus_reference_pair,S078_full_sample_SE_SI,include_n_weighted_masem,include_n_weighted_subset_candidate
P1-PRIMARY-00579,S143,BI-EE,,390.0,filled_from_full_corpus_reference_pair,S143_full_sample_BI_EE,include_n_weighted_masem,include_n_weighted_subset_candidate
P1-PRIMARY-00580,S143,BI-FC,,390.0,filled_from_full_corpus_reference_pair,S143_full_sample_BI_FC,include_n_weighted_masem,include_n_weighted_subset_candidate
P1-PRIMARY-00581,S143,BI-PE,,390.0,filled_from_full_corpus_reference_pair,S143_full_sample_BI_PE,include_n_weighted_masem,include_n_weighted_subset_candidate
P1-PRIMARY-00582,S143,BI-SI,,390.0,filled_from_full_corpus_reference_pair,S143_full_sample_BI_SI,include_n_weighted_masem,include_n_weighted_subset_candidate
P1-PRIMARY-00583,S143,EE-FC,,390.0,filled_from_full_corpus_reference_pair,S143_full_sample_EE_FC,include_n_weighted_masem,include_n_weighted_subset_candidate
P1-PRIMARY-00584,S143,EE-PE,,390.0,filled_from_full_corpus_reference_pair,S143_full_sample_EE_PE,include_n_weighted_masem,include_n_weighted_subset_candidate
P1-PRIMARY-00585,S143,EE-SI,,390.0,filled_from_full_corpus_reference_pair,S143_full_sample_EE_SI,include_n_weighted_masem,include_n_weighted_subset_candidate
P1-PRIMARY-00586,S143,FC-PE,,390.0,filled_from_full_corpus_reference_pair,S143_full_sample_FC_PE,include_n_weighted_masem,include_n_weighted_subset_candidate
P1-PRIMARY-00587,S143,FC-SI,,390.0,filled_from_full_corpus_reference_pair,S143_full_sample_FC_SI,include_n_weighted_masem,include_n_weighted_subset_candidate
P1-PRIMARY-00588,S143,PE-SI,,390.0,filled_from_full_corpus_reference_pair,S143_full_sample_PE_SI,include_n_weighted_masem,include_n_weighted_subset_candidate
P1-PRIMARY-00589,S171,ATT-BI,,351.0,filled_from_full_corpus_reference_pair,S171_full_sample_ATT_BI,include_n_weighted_masem,include_n_weighted_subset_candidate
P1-PRIMARY-00590,S171,ATT-EE,,351.0,filled_from_full_corpus_reference_pair,S171_full_sample_ATT_EE,include_n_weighted_masem,include_n_weighted_subset_candidate
P1-PRIMARY-00591,S171,ATT-FC,,351.0,filled_from_full_corpus_reference_pair,S171_full_sample_ATT_FC,include_n_weighted_masem,include_n_weighted_subset_candidate
P1-PRIMARY-00592,S171,ATT-PE,,351.0,filled_from_full_corpus_reference_pair,S171_full_sample_ATT_PE,include_n_weighted_masem,include_n_weighted_subset_candidate
P1-PRIMARY-00593,S171,ATT-UB,,351.0,filled_from_full_corpus_reference_pair,S171_full_sample_ATT_UB,include_n_weighted_masem,include_n_weighted_subset_candidate
P1-PRIMARY-00594,S171,BI-EE,,351.0,filled_from_full_corpus_reference_pair,S171_full_sample_BI_EE,include_n_weighted_masem,include_n_weighted_subset_candidate
P1-PRIMARY-00595,S171,BI-FC,,351.0,filled_from_full_corpus_reference_pair,S171_full_sample_BI_FC,include_n_weighted_masem,include_n_weighted_subset_candidate
P1-PRIMARY-00596,S171,BI-PE,,351.0,filled_from_full_corpus_reference_pair,S171_full_sample_BI_PE,include_n_weighted_masem,include_n_weighted_subset_candidate
P1-PRIMARY-00597,S171,BI-UB,,351.0,filled_from_full_corpus_reference_pair,S171_full_sample_BI_UB,include_n_weighted_masem,include_n_weighted_subset_candidate
P1-PRIMARY-00598,S171,EE-FC,,351.0,filled_from_full_corpus_reference_pair,S171_full_sample_EE_FC,include_n_weighted_masem,include_n_weighted_subset_candidate
P1-PRIMARY-00599,S171,EE-PE,,351.0,filled_from_full_corpus_reference_pair,S171_full_sample_EE_PE,include_n_weighted_masem,include_n_weighted_subset_candidate
P1-PRIMARY-00600,S171,EE-UB,,351.0,filled_from_full_corpus_reference_pair,S171_full_sample_EE_UB,include_n_weighted_masem,include_n_weighted_subset_candidate
P1-PRIMARY-00601,S171,FC-PE,,351.0,filled_from_full_corpus_reference_pair,S171_full_sample_FC_PE,include_n_weighted_masem,include_n_weighted_subset_candidate
P1-PRIMARY-00602,S171,FC-UB,,351.0,filled_from_full_corpus_reference_pair,S171_full_sample_FC_UB,include_n_weighted_masem,include_n_weighted_subset_candidate
P1-PRIMARY-00603,S171,PE-UB,,351.0,filled_from_full_corpus_reference_pair,S171_full_sample_PE_UB,include_n_weighted_masem,include_n_weighted_subset_candidate
P1-PRIMARY-00604,S137,BI-EE,,760.0,filled_from_full_corpus_reference_pair,S137_full_sample_BI_EE,include_n_weighted_masem,include_n_weighted_subset_candidate
P1-PRIMARY-00605,S137,BI-FC,,760.0,filled_from_full_corpus_reference_pair,S137_full_sample_BI_FC,include_n_weighted_masem,include_n_weighted_subset_candidate
P1-PRIMARY-00606,S137,BI-PE,,760.0,filled_from_full_corpus_reference_pair,S137_full_sample_BI_PE,include_n_weighted_masem,include_n_weighted_subset_candidate
P1-PRIMARY-00607,S137,BI-SI,,760.0,filled_from_full_corpus_reference_pair,S137_full_sample_BI_SI,include_n_weighted_masem,include_n_weighted_subset_candidate
P1-PRIMARY-00608,S137,BI-UB,,760.0,filled_from_full_corpus_reference_pair,S137_full_sample_BI_UB,include_n_weighted_masem,include_n_weighted_subset_candidate
P1-PRIMARY-00609,S137,EE-FC,,760.0,filled_from_full_corpus_reference_pair,S137_full_sample_EE_FC,include_n_weighted_masem,include_n_weighted_subset_candidate
P1-PRIMARY-00610,S137,EE-PE,,760.0,filled_from_full_corpus_reference_pair,S137_full_sample_EE_PE,include_n_weighted_masem,include_n_weighted_subset_candidate
P1-PRIMARY-00611,S137,EE-SI,,760.0,filled_from_full_corpus_reference_pair,S137_full_sample_EE_SI,include_n_weighted_masem,include_n_weighted_subset_candidate
P1-PRIMARY-00612,S137,EE-UB,,760.0,filled_from_full_corpus_reference_pair,S137_full_sample_EE_UB,include_n_weighted_masem,include_n_weighted_subset_candidate
P1-PRIMARY-00613,S137,FC-PE,,760.0,filled_from_full_corpus_reference_pair,S137_full_sample_FC_PE,include_n_weighted_masem,include_n_weighted_subset_candidate
P1-PRIMARY-00614,S137,FC-SI,,760.0,filled_from_full_corpus_reference_pair,S137_full_sample_FC_SI,include_n_weighted_masem,include_n_weighted_subset_candidate
P1-PRIMARY-00615,S137,PE-SE,,760.0,filled_from_full_corpus_reference_pair,S137_full_sample_PE_SE,include_n_weighted_masem,include_n_weighted_subset_candidate
P1-PRIMARY-00616,S137,PE-SI,,760.0,filled_from_full_corpus_reference_pair,S137_full_sample_PE_SI,include_n_weighted_masem,include_n_weighted_subset_candidate
P1-PRIMARY-00617,S137,PE-UB,,760.0,filled_from_full_corpus_reference_pair,S137_full_sample_PE_UB,include_n_weighted_masem,include_n_weighted_subset_candidate
P1-PRIMARY-00618,S137,SI-UB,,760.0,filled_from_full_corpus_reference_pair,S137_full_sample_SI_UB,include_n_weighted_masem,include_n_weighted_subset_candidate
P1-PRIMARY-00619,S096,ANX-ATT,,264.0,filled_from_full_corpus_reference_pair,S096_full_sample_ANX_ATT,include_n_weighted_masem,include_n_weighted_subset_candidate
P1-PRIMARY-00620,S096,ANX-UB,,264.0,filled_from_full_corpus_reference_pair,S096_full_sample_ANX_UB,include_n_weighted_masem,include_n_weighted_subset_candidate
P1-PRIMARY-00621,S094,PE-TRU,,517.0,filled_from_full_corpus_reference_pair,S094_full_sample_PE_TRU,include_n_weighted_masem,include_n_weighted_subset_candidate
P1-PRIMARY-00622,S085,BI-EE,,156.0,filled_from_full_corpus_reference_pair,S085_full_sample_BI_EE,include_n_weighted_masem,include_n_weighted_subset_candidate
P1-PRIMARY-00623,S085,BI-PE,,156.0,filled_from_full_corpus_reference_pair,S085_full_sample_BI_PE,include_n_weighted_masem,include_n_weighted_subset_candidate
P1-PRIMARY-00624,S085,BI-SI,,156.0,filled_from_full_corpus_reference_pair,S085_full_sample_BI_SI,include_n_weighted_masem,include_n_weighted_subset_candidate
P1-PRIMARY-00625,S181,ANX-ATT,,347.0,filled_from_full_corpus_reference_pair,S181_full_sample_ANX_ATT,include_n_weighted_masem,include_n_weighted_subset_candidate
P1-PRIMARY-00626,S181,ANX-BI,,347.0,filled_from_full_corpus_reference_pair,S181_full_sample_ANX_BI,include_n_weighted_masem,include_n_weighted_subset_candidate
P1-PRIMARY-00627,S181,ANX-SI,,347.0,filled_from_full_corpus_reference_pair,S181_full_sample_ANX_SI,include_n_weighted_masem,include_n_weighted_subset_candidate
P1-PRIMARY-00628,S181,ATT-BI,,347.0,filled_from_full_corpus_reference_pair,S181_full_sample_ATT_BI,include_n_weighted_masem,include_n_weighted_subset_candidate
P1-PRIMARY-00629,S181,ATT-SI,,347.0,filled_from_full_corpus_reference_pair,S181_full_sample_ATT_SI,include_n_weighted_masem,include_n_weighted_subset_candidate
P1-PRIMARY-00630,S181,BI-SI,,347.0,filled_from_full_corpus_reference_pair,S181_full_sample_BI_SI,include_n_weighted_masem,include_n_weighted_subset_candidate
P1-PRIMARY-00631,S221,BI-EE,,400.0,filled_from_full_corpus_reference_pair,S221_full_sample_BI_EE,include_n_weighted_masem,include_n_weighted_subset_candidate
P1-PRIMARY-00632,S221,BI-FC,,400.0,filled_from_full_corpus_reference_pair,S221_full_sample_BI_FC,include_n_weighted_masem,include_n_weighted_subset_candidate
P1-PRIMARY-00633,S221,BI-PE,,400.0,filled_from_full_corpus_reference_pair,S221_full_sample_BI_PE,include_n_weighted_masem,include_n_weighted_subset_candidate
P1-PRIMARY-00634,S221,BI-SI,,400.0,filled_from_full_corpus_reference_pair,S221_full_sample_BI_SI,include_n_weighted_masem,include_n_weighted_subset_candidate
P1-PRIMARY-00635,S221,BI-UB,,400.0,filled_from_full_corpus_reference_pair,S221_full_sample_BI_UB,include_n_weighted_masem,include_n_weighted_subset_candidate
P1-PRIMARY-00636,S221,EE-FC,,400.0,filled_from_full_corpus_reference_pair,S221_full_sample_EE_FC,include_n_weighted_masem,include_n_weighted_subset_candidate
P1-PRIMARY-00637,S221,EE-PE,,400.0,filled_from_full_corpus_reference_pair,S221_full_sample_EE_PE,include_n_weighted_masem,include_n_weighted_subset_candidate
P1-PRIMARY-00638,S221,EE-SI,,400.0,filled_from_full_corpus_reference_pair,S221_full_sample_EE_SI,include_n_weighted_masem,include_n_weighted_subset_candidate
P1-PRIMARY-00639,S221,EE-UB,,400.0,filled_from_full_corpus_reference_pair,S221_full_sample_EE_UB,include_n_weighted_masem,include_n_weighted_subset_candidate
P1-PRIMARY-00640,S221,FC-PE,,400.0,filled_from_full_corpus_reference_pair,S221_full_sample_FC_PE,include_n_weighted_masem,include_n_weighted_subset_candidate
P1-PRIMARY-00641,S221,FC-SI,,400.0,filled_from_full_corpus_reference_pair,S221_full_sample_FC_SI,include_n_weighted_masem,include_n_weighted_subset_candidate
P1-PRIMARY-00642,S221,PE-SE,,400.0,filled_from_full_corpus_reference_pair,S221_full_sample_PE_SE,include_n_weighted_masem,include_n_weighted_subset_candidate
P1-PRIMARY-00643,S221,PE-SI,,400.0,filled_from_full_corpus_reference_pair,S221_full_sample_PE_SI,include_n_weighted_masem,include_n_weighted_subset_candidate
P1-PRIMARY-00644,S221,PE-UB,,400.0,filled_from_full_corpus_reference_pair,S221_full_sample_PE_UB,include_n_weighted_masem,include_n_weighted_subset_candidate
P1-PRIMARY-00645,S221,SI-UB,,400.0,filled_from_full_corpus_reference_pair,S221_full_sample_SI_UB,include_n_weighted_masem,include_n_weighted_subset_candidate
P1-PRIMARY-00646,S183,BI-EE,,430.0,filled_from_full_corpus_reference_pair,S183_full_sample_BI_EE,include_n_weighted_masem,include_n_weighted_subset_candidate
P1-PRIMARY-00647,S183,BI-FC,,430.0,filled_from_full_corpus_reference_pair,S183_full_sample_BI_FC,include_n_weighted_masem,include_n_weighted_subset_candidate
P1-PRIMARY-00648,S183,BI-PE,,430.0,filled_from_full_corpus_reference_pair,S183_full_sample_BI_PE,include_n_weighted_masem,include_n_weighted_subset_candidate
P1-PRIMARY-00649,S183,BI-SI,,430.0,filled_from_full_corpus_reference_pair,S183_full_sample_BI_SI,include_n_weighted_masem,include_n_weighted_subset_candidate
P1-PRIMARY-00650,S183,BI-TRU,,430.0,filled_from_full_corpus_reference_pair,S183_full_sample_BI_TRU,include_n_weighted_masem,include_n_weighted_subset_candidate
P1-PRIMARY-00651,S183,EE-FC,,430.0,filled_from_full_corpus_reference_pair,S183_full_sample_EE_FC,include_n_weighted_masem,include_n_weighted_subset_candidate
P1-PRIMARY-00652,S183,EE-PE,,430.0,filled_from_full_corpus_reference_pair,S183_full_sample_EE_PE,include_n_weighted_masem,include_n_weighted_subset_candidate
P1-PRIMARY-00653,S183,EE-SI,,430.0,filled_from_full_corpus_reference_pair,S183_full_sample_EE_SI,include_n_weighted_masem,include_n_weighted_subset_candidate
P1-PRIMARY-00654,S183,EE-TRU,,430.0,filled_from_full_corpus_reference_pair,S183_full_sample_EE_TRU,include_n_weighted_masem,include_n_weighted_subset_candidate
P1-PRIMARY-00655,S183,FC-PE,,430.0,filled_from_full_corpus_reference_pair,S183_full_sample_FC_PE,include_n_weighted_masem,include_n_weighted_subset_candidate
P1-PRIMARY-00656,S183,FC-SI,,430.0,filled_from_full_corpus_reference_pair,S183_full_sample_FC_SI,include_n_weighted_masem,include_n_weighted_subset_candidate
P1-PRIMARY-00657,S183,FC-UB,,430.0,filled_from_full_corpus_reference_pair,S183_full_sample_FC_UB,include_n_weighted_masem,include_n_weighted_subset_candidate
P1-PRIMARY-00658,S183,PE-SI,,430.0,filled_from_full_corpus_reference_pair,S183_full_sample_PE_SI,include_n_weighted_masem,include_n_weighted_subset_candidate
P1-PRIMARY-00659,S183,PE-TRU,,430.0,filled_from_full_corpus_reference_pair,S183_full_sample_PE_TRU,include_n_weighted_masem,include_n_weighted_subset_candidate
P1-PRIMARY-00660,S183,SI-TRU,,430.0,filled_from_full_corpus_reference_pair,S183_full_sample_SI_TRU,include_n_weighted_masem,include_n_weighted_subset_candidate
P1-PRIMARY-00661,S004,BI-EE,,485.0,filled_from_full_corpus_reference_pair,S004_full_sample_BI_EE,include_n_weighted_masem,include_n_weighted_subset_candidate
P1-PRIMARY-00662,S004,BI-FC,,485.0,filled_from_full_corpus_reference_pair,S004_full_sample_BI_FC,include_n_weighted_masem,include_n_weighted_subset_candidate
P1-PRIMARY-00663,S004,BI-PE,,485.0,filled_from_full_corpus_reference_pair,S004_full_sample_BI_PE,include_n_weighted_masem,include_n_weighted_subset_candidate
P1-PRIMARY-00664,S004,BI-SI,,485.0,filled_from_full_corpus_reference_pair,S004_full_sample_BI_SI,include_n_weighted_masem,include_n_weighted_subset_candidate
P1-PRIMARY-00665,S004,BI-TRU,,485.0,filled_from_full_corpus_reference_pair,S004_full_sample_BI_TRU,include_n_weighted_masem,include_n_weighted_subset_candidate
P1-PRIMARY-00666,S004,BI-UB,,485.0,filled_from_full_corpus_reference_pair,S004_full_sample_BI_UB,include_n_weighted_masem,include_n_weighted_subset_candidate
P1-PRIMARY-00667,S004,EE-FC,,485.0,filled_from_full_corpus_reference_pair,S004_full_sample_EE_FC,include_n_weighted_masem,include_n_weighted_subset_candidate
P1-PRIMARY-00668,S004,EE-PE,,485.0,filled_from_full_corpus_reference_pair,S004_full_sample_EE_PE,include_n_weighted_masem,include_n_weighted_subset_candidate
P1-PRIMARY-00669,S004,EE-SI,,485.0,filled_from_full_corpus_reference_pair,S004_full_sample_EE_SI,include_n_weighted_masem,include_n_weighted_subset_candidate
P1-PRIMARY-00670,S004,EE-TRU,,485.0,filled_from_full_corpus_reference_pair,S004_full_sample_EE_TRU,include_n_weighted_masem,include_n_weighted_subset_candidate
P1-PRIMARY-00671,S004,EE-UB,,485.0,filled_from_full_corpus_reference_pair,S004_full_sample_EE_UB,include_n_weighted_masem,include_n_weighted_subset_candidate
P1-PRIMARY-00672,S004,FC-PE,,485.0,filled_from_full_corpus_reference_pair,S004_full_sample_FC_PE,include_n_weighted_masem,include_n_weighted_subset_candidate
P1-PRIMARY-00673,S004,FC-SI,,485.0,filled_from_full_corpus_reference_pair,S004_full_sample_FC_SI,include_n_weighted_masem,include_n_weighted_subset_candidate
P1-PRIMARY-00674,S004,FC-UB,,485.0,filled_from_full_corpus_reference_pair,S004_full_sample_FC_UB,include_n_weighted_masem,include_n_weighted_subset_candidate
P1-PRIMARY-00675,S004,PE-SE,,485.0,filled_from_full_corpus_reference_pair,S004_full_sample_PE_SE,include_n_weighted_masem,include_n_weighted_subset_candidate
P1-PRIMARY-00676,S004,PE-SI,,485.0,filled_from_full_corpus_reference_pair,S004_full_sample_PE_SI,include_n_weighted_masem,include_n_weighted_subset_candidate
P1-PRIMARY-00677,S004,PE-TRU,,485.0,filled_from_full_corpus_reference_pair,S004_full_sample_PE_TRU,include_n_weighted_masem,include_n_weighted_subset_candidate
P1-PRIMARY-00678,S004,PE-UB,,485.0,filled_from_full_corpus_reference_pair,S004_full_sample_PE_UB,include_n_weighted_masem,include_n_weighted_subset_candidate
P1-PRIMARY-00679,S004,SI-TRU,,485.0,filled_from_full_corpus_reference_pair,S004_full_sample_SI_TRU,include_n_weighted_masem,include_n_weighted_subset_candidate
P1-PRIMARY-00680,S004,SI-UB,,485.0,filled_from_full_corpus_reference_pair,S004_full_sample_SI_UB,include_n_weighted_masem,include_n_weighted_subset_candidate
P1-PRIMARY-00681,S004,TRU-UB,,485.0,filled_from_full_corpus_reference_pair,S004_full_sample_TRU_UB,include_n_weighted_masem,include_n_weighted_subset_candidate
P1-PRIMARY-00682,S121-1,BI-EE,,3094.0,filled_from_s121_stratum_reference,S121_students_BI_EE,include_n_weighted_masem,include_n_weighted_subset_candidate
P1-PRIMARY-00683,S121-1,BI-FC,,3094.0,filled_from_s121_stratum_reference,S121_students_BI_FC,include_n_weighted_masem,include_n_weighted_subset_candidate
P1-PRIMARY-00684,S121-1,BI-PE,,3094.0,filled_from_s121_stratum_reference,S121_students_BI_PE,include_n_weighted_masem,include_n_weighted_subset_candidate
P1-PRIMARY-00685,S121-1,BI-SI,,3094.0,filled_from_s121_stratum_reference,S121_students_BI_SI,include_n_weighted_masem,include_n_weighted_subset_candidate
P1-PRIMARY-00686,S121-1,BI-TRU,,3094.0,filled_from_s121_stratum_reference,S121_students_BI_TRU,include_n_weighted_masem,include_n_weighted_subset_candidate
P1-PRIMARY-00687,S121-1,BI-UB,,3094.0,filled_from_s121_stratum_reference,S121_students_BI_UB,include_n_weighted_masem,include_n_weighted_subset_candidate
P1-PRIMARY-00688,S121-1,EE-FC,,3094.0,filled_from_s121_stratum_reference,S121_students_EE_FC,include_n_weighted_masem,include_n_weighted_subset_candidate
P1-PRIMARY-00689,S121-1,EE-PE,,3094.0,filled_from_s121_stratum_reference,S121_students_EE_PE,include_n_weighted_masem,include_n_weighted_subset_candidate
P1-PRIMARY-00690,S121-1,EE-SI,,3094.0,filled_from_s121_stratum_reference,S121_students_EE_SI,include_n_weighted_masem,include_n_weighted_subset_candidate
P1-PRIMARY-00691,S121-1,EE-TRU,,3094.0,filled_from_s121_stratum_reference,S121_students_EE_TRU,include_n_weighted_masem,include_n_weighted_subset_candidate
P1-PRIMARY-00692,S121-1,EE-UB,,3094.0,filled_from_s121_stratum_reference,S121_students_EE_UB,include_n_weighted_masem,include_n_weighted_subset_candidate
P1-PRIMARY-00693,S121-1,FC-PE,,3094.0,filled_from_s121_stratum_reference,S121_students_FC_PE,include_n_weighted_masem,include_n_weighted_subset_candidate
P1-PRIMARY-00694,S121-1,FC-SI,,3094.0,filled_from_s121_stratum_reference,S121_students_FC_SI,include_n_weighted_masem,include_n_weighted_subset_candidate
P1-PRIMARY-00695,S121-1,FC-TRU,,3094.0,filled_from_s121_stratum_reference,S121_students_FC_TRU,include_n_weighted_masem,include_n_weighted_subset_candidate
P1-PRIMARY-00696,S121-1,FC-UB,,3094.0,filled_from_s121_stratum_reference,S121_students_FC_UB,include_n_weighted_masem,include_n_weighted_subset_candidate
P1-PRIMARY-00697,S121-1,PE-SI,,3094.0,filled_from_s121_stratum_reference,S121_students_PE_SI,include_n_weighted_masem,include_n_weighted_subset_candidate
P1-PRIMARY-00698,S121-1,PE-TRU,,3094.0,filled_from_s121_stratum_reference,S121_students_PE_TRU,include_n_weighted_masem,include_n_weighted_subset_candidate
P1-PRIMARY-00699,S121-1,PE-UB,,3094.0,filled_from_s121_stratum_reference,S121_students_PE_UB,include_n_weighted_masem,include_n_weighted_subset_candidate
P1-PRIMARY-00700,S121-1,SI-TRU,,3094.0,filled_from_s121_stratum_reference,S121_students_SI_TRU,include_n_weighted_masem,include_n_weighted_subset_candidate
P1-PRIMARY-00701,S121-1,SI-UB,,3094.0,filled_from_s121_stratum_reference,S121_students_SI_UB,include_n_weighted_masem,include_n_weighted_subset_candidate
P1-PRIMARY-00702,S121-1,TRU-UB,,3094.0,filled_from_s121_stratum_reference,S121_students_TRU_UB,include_n_weighted_masem,include_n_weighted_subset_candidate
P1-PRIMARY-00703,S121-2,BI-EE,,1767.0,filled_from_s121_stratum_reference,S121_teachers_BI_EE,include_n_weighted_masem,include_n_weighted_subset_candidate
P1-PRIMARY-00704,S121-2,BI-FC,,1767.0,filled_from_s121_stratum_reference,S121_teachers_BI_FC,include_n_weighted_masem,include_n_weighted_subset_candidate
P1-PRIMARY-00705,S121-2,BI-PE,,1767.0,filled_from_s121_stratum_reference,S121_teachers_BI_PE,include_n_weighted_masem,include_n_weighted_subset_candidate
P1-PRIMARY-00706,S121-2,BI-SI,,1767.0,filled_from_s121_stratum_reference,S121_teachers_BI_SI,include_n_weighted_masem,include_n_weighted_subset_candidate
P1-PRIMARY-00707,S121-2,BI-TRU,,1767.0,filled_from_s121_stratum_reference,S121_teachers_BI_TRU,include_n_weighted_masem,include_n_weighted_subset_candidate
P1-PRIMARY-00708,S121-2,BI-UB,,1767.0,filled_from_s121_stratum_reference,S121_teachers_BI_UB,include_n_weighted_masem,include_n_weighted_subset_candidate
P1-PRIMARY-00709,S121-2,EE-FC,,1767.0,filled_from_s121_stratum_reference,S121_teachers_EE_FC,include_n_weighted_masem,include_n_weighted_subset_candidate
P1-PRIMARY-00710,S121-2,EE-PE,,1767.0,filled_from_s121_stratum_reference,S121_teachers_EE_PE,include_n_weighted_masem,include_n_weighted_subset_candidate
P1-PRIMARY-00711,S121-2,EE-SI,,1767.0,filled_from_s121_stratum_reference,S121_teachers_EE_SI,include_n_weighted_masem,include_n_weighted_subset_candidate
P1-PRIMARY-00712,S121-2,EE-TRU,,1767.0,filled_from_s121_stratum_reference,S121_teachers_EE_TRU,include_n_weighted_masem,include_n_weighted_subset_candidate
P1-PRIMARY-00713,S121-2,EE-UB,,1767.0,filled_from_s121_stratum_reference,S121_teachers_EE_UB,include_n_weighted_masem,include_n_weighted_subset_candidate
P1-PRIMARY-00714,S121-2,FC-PE,,1767.0,filled_from_s121_stratum_reference,S121_teachers_FC_PE,include_n_weighted_masem,include_n_weighted_subset_candidate
P1-PRIMARY-00715,S121-2,FC-SI,,1767.0,filled_from_s121_stratum_reference,S121_teachers_FC_SI,include_n_weighted_masem,include_n_weighted_subset_candidate
P1-PRIMARY-00716,S121-2,FC-TRU,,1767.0,filled_from_s121_stratum_reference,S121_teachers_FC_TRU,include_n_weighted_masem,include_n_weighted_subset_candidate
P1-PRIMARY-00717,S121-2,FC-UB,,1767.0,filled_from_s121_stratum_reference,S121_teachers_FC_UB,include_n_weighted_masem,include_n_weighted_subset_candidate
P1-PRIMARY-00718,S121-2,PE-SI,,1767.0,filled_from_s121_stratum_reference,S121_teachers_PE_SI,include_n_weighted_masem,include_n_weighted_subset_candidate
P1-PRIMARY-00719,S121-2,PE-TRU,,1767.0,filled_from_s121_stratum_reference,S121_teachers_PE_TRU,include_n_weighted_masem,include_n_weighted_subset_candidate
P1-PRIMARY-00720,S121-2,PE-UB,,1767.0,filled_from_s121_stratum_reference,S121_teachers_PE_UB,include_n_weighted_masem,include_n_weighted_subset_candidate
P1-PRIMARY-00721,S121-2,SI-TRU,,1767.0,filled_from_s121_stratum_reference,S121_teachers_SI_TRU,include_n_weighted_masem,include_n_weighted_subset_candidate
P1-PRIMARY-00722,S121-2,SI-UB,,1767.0,filled_from_s121_stratum_reference,S121_teachers_SI_UB,include_n_weighted_masem,include_n_weighted_subset_candidate
P1-PRIMARY-00723,S121-2,TRU-UB,,1767.0,filled_from_s121_stratum_reference,S121_teachers_TRU_UB,include_n_weighted_masem,include_n_weighted_subset_candidate
P1-PRIMARY-00724,S027,BI-EE,,415.0,filled_from_full_corpus_reference_pair,S027_full_sample_BI_EE,include_n_weighted_masem,include_n_weighted_subset_candidate
P1-PRIMARY-00725,S027,BI-FC,,415.0,filled_from_full_corpus_reference_pair,S027_full_sample_BI_FC,include_n_weighted_masem,include_n_weighted_subset_candidate
P1-PRIMARY-00726,S027,BI-PE,,415.0,filled_from_full_corpus_reference_pair,S027_full_sample_BI_PE,include_n_weighted_masem,include_n_weighted_subset_candidate
P1-PRIMARY-00727,S027,BI-SI,,415.0,filled_from_full_corpus_reference_pair,S027_full_sample_BI_SI,include_n_weighted_masem,include_n_weighted_subset_candidate
P1-PRIMARY-00728,S027,EE-FC,,415.0,filled_from_full_corpus_reference_pair,S027_full_sample_EE_FC,include_n_weighted_masem,include_n_weighted_subset_candidate
P1-PRIMARY-00729,S027,EE-PE,,415.0,filled_from_full_corpus_reference_pair,S027_full_sample_EE_PE,include_n_weighted_masem,include_n_weighted_subset_candidate
P1-PRIMARY-00730,S027,EE-SI,,415.0,filled_from_full_corpus_reference_pair,S027_full_sample_EE_SI,include_n_weighted_masem,include_n_weighted_subset_candidate
P1-PRIMARY-00731,S027,FC-PE,,415.0,filled_from_full_corpus_reference_pair,S027_full_sample_FC_PE,include_n_weighted_masem,include_n_weighted_subset_candidate
P1-PRIMARY-00732,S027,FC-SI,,415.0,filled_from_full_corpus_reference_pair,S027_full_sample_FC_SI,include_n_weighted_masem,include_n_weighted_subset_candidate
P1-PRIMARY-00733,S027,PE-SI,,415.0,filled_from_full_corpus_reference_pair,S027_full_sample_PE_SI,include_n_weighted_masem,include_n_weighted_subset_candidate
P1-PRIMARY-00734,S077,ATT-BI,,308.0,filled_from_full_corpus_reference_pair,S077_full_sample_ATT_BI,include_n_weighted_masem,include_n_weighted_subset_candidate
P1-PRIMARY-00735,S077,ATT-EE,,308.0,filled_from_full_corpus_reference_pair,S077_full_sample_ATT_EE,include_n_weighted_masem,include_n_weighted_subset_candidate
P1-PRIMARY-00736,S077,ATT-PE,,308.0,filled_from_full_corpus_reference_pair,S077_full_sample_ATT_PE,include_n_weighted_masem,include_n_weighted_subset_candidate
P1-PRIMARY-00737,S077,BI-EE,,308.0,filled_from_full_corpus_reference_pair,S077_full_sample_BI_EE,include_n_weighted_masem,include_n_weighted_subset_candidate
P1-PRIMARY-00738,S077,BI-PE,,308.0,filled_from_full_corpus_reference_pair,S077_full_sample_BI_PE,include_n_weighted_masem,include_n_weighted_subset_candidate
P1-PRIMARY-00739,S077,EE-PE,,308.0,filled_from_full_corpus_reference_pair,S077_full_sample_EE_PE,include_n_weighted_masem,include_n_weighted_subset_candidate
P1-PRIMARY-00740,S031,PE-SE,,353.0,filled_from_full_corpus_reference_pair,S031_full_sample_PE_SE,include_n_weighted_masem,include_n_weighted_subset_candidate
P1-PRIMARY-00741,S031,PE-TRU,,353.0,filled_from_full_corpus_reference_pair,S031_full_sample_PE_TRU,include_n_weighted_masem,include_n_weighted_subset_candidate
P1-PRIMARY-00742,S031,PE-UB,,353.0,filled_from_full_corpus_reference_pair,S031_full_sample_PE_UB,include_n_weighted_masem,include_n_weighted_subset_candidate
P1-PRIMARY-00743,S031,SE-TRU,,353.0,filled_from_full_corpus_reference_pair,S031_full_sample_SE_TRU,include_n_weighted_masem,include_n_weighted_subset_candidate
P1-PRIMARY-00744,S031,SE-UB,,353.0,filled_from_full_corpus_reference_pair,S031_full_sample_SE_UB,include_n_weighted_masem,include_n_weighted_subset_candidate
P1-PRIMARY-00745,S031,TRU-UB,,353.0,filled_from_full_corpus_reference_pair,S031_full_sample_TRU_UB,include_n_weighted_masem,include_n_weighted_subset_candidate
P1-PRIMARY-00746,S022,BI-EE,,729.0,filled_from_full_corpus_reference_pair,S022_full_sample_BI_EE,include_n_weighted_masem,include_n_weighted_subset_candidate
P1-PRIMARY-00747,S022,BI-PE,,729.0,filled_from_full_corpus_reference_pair,S022_full_sample_BI_PE,include_n_weighted_masem,include_n_weighted_subset_candidate
P1-PRIMARY-00748,S022,EE-PE,,729.0,filled_from_full_corpus_reference_pair,S022_full_sample_EE_PE,include_n_weighted_masem,include_n_weighted_subset_candidate
P1-PRIMARY-00749,S165,BI-EE,,362.0,filled_from_full_corpus_reference_pair,S165_full_sample_BI_EE,include_n_weighted_masem,include_n_weighted_subset_candidate
P1-PRIMARY-00750,S165,BI-FC,,362.0,filled_from_full_corpus_reference_pair,S165_full_sample_BI_FC,include_n_weighted_masem,include_n_weighted_subset_candidate
P1-PRIMARY-00751,S165,BI-PE,,362.0,filled_from_full_corpus_reference_pair,S165_full_sample_BI_PE,include_n_weighted_masem,include_n_weighted_subset_candidate
P1-PRIMARY-00752,S165,BI-SI,,362.0,filled_from_full_corpus_reference_pair,S165_full_sample_BI_SI,include_n_weighted_masem,include_n_weighted_subset_candidate
P1-PRIMARY-00753,S165,BI-UB,,362.0,filled_from_full_corpus_reference_pair,S165_full_sample_BI_UB,include_n_weighted_masem,include_n_weighted_subset_candidate
P1-PRIMARY-00754,S165,EE-FC,,362.0,filled_from_full_corpus_reference_pair,S165_full_sample_EE_FC,include_n_weighted_masem,include_n_weighted_subset_candidate
P1-PRIMARY-00755,S165,EE-PE,,362.0,filled_from_full_corpus_reference_pair,S165_full_sample_EE_PE,include_n_weighted_masem,include_n_weighted_subset_candidate
P1-PRIMARY-00756,S165,EE-SI,,362.0,filled_from_full_corpus_reference_pair,S165_full_sample_EE_SI,include_n_weighted_masem,include_n_weighted_subset_candidate
P1-PRIMARY-00757,S165,EE-UB,,362.0,filled_from_full_corpus_reference_pair,S165_full_sample_EE_UB,include_n_weighted_masem,include_n_weighted_subset_candidate
P1-PRIMARY-00758,S165,FC-PE,,362.0,filled_from_full_corpus_reference_pair,S165_full_sample_FC_PE,include_n_weighted_masem,include_n_weighted_subset_candidate
P1-PRIMARY-00759,S165,FC-SI,,362.0,filled_from_full_corpus_reference_pair,S165_full_sample_FC_SI,include_n_weighted_masem,include_n_weighted_subset_candidate
P1-PRIMARY-00760,S165,FC-UB,,362.0,filled_from_full_corpus_reference_pair,S165_full_sample_FC_UB,include_n_weighted_masem,include_n_weighted_subset_candidate
P1-PRIMARY-00761,S165,PE-SI,,362.0,filled_from_full_corpus_reference_pair,S165_full_sample_PE_SI,include_n_weighted_masem,include_n_weighted_subset_candidate
P1-PRIMARY-00762,S165,PE-UB,,362.0,filled_from_full_corpus_reference_pair,S165_full_sample_PE_UB,include_n_weighted_masem,include_n_weighted_subset_candidate
P1-PRIMARY-00763,S165,SI-UB,,362.0,filled_from_full_corpus_reference_pair,S165_full_sample_SI_UB,include_n_weighted_masem,include_n_weighted_subset_candidate
P1-PRIMARY-00764,S002,BI-EE,,300.0,filled_from_full_corpus_reference_pair,S002_full_sample_BI_EE,include_n_weighted_masem,include_n_weighted_subset_candidate
P1-PRIMARY-00765,S002,BI-FC,,300.0,filled_from_full_corpus_reference_pair,S002_full_sample_BI_FC,include_n_weighted_masem,include_n_weighted_subset_candidate
P1-PRIMARY-00766,S002,BI-PE,,300.0,filled_from_full_corpus_reference_pair,S002_full_sample_BI_PE,include_n_weighted_masem,include_n_weighted_subset_candidate
P1-PRIMARY-00767,S002,BI-SI,,300.0,filled_from_full_corpus_reference_pair,S002_full_sample_BI_SI,include_n_weighted_masem,include_n_weighted_subset_candidate
P1-PRIMARY-00768,S002,BI-UB,,300.0,filled_from_full_corpus_reference_pair,S002_full_sample_BI_UB,include_n_weighted_masem,include_n_weighted_subset_candidate
P1-PRIMARY-00769,S002,EE-FC,,300.0,filled_from_full_corpus_reference_pair,S002_full_sample_EE_FC,include_n_weighted_masem,include_n_weighted_subset_candidate
P1-PRIMARY-00770,S002,EE-PE,,300.0,filled_from_full_corpus_reference_pair,S002_full_sample_EE_PE,include_n_weighted_masem,include_n_weighted_subset_candidate
P1-PRIMARY-00771,S002,EE-SI,,300.0,filled_from_full_corpus_reference_pair,S002_full_sample_EE_SI,include_n_weighted_masem,include_n_weighted_subset_candidate
P1-PRIMARY-00772,S002,EE-UB,,300.0,filled_from_full_corpus_reference_pair,S002_full_sample_EE_UB,include_n_weighted_masem,include_n_weighted_subset_candidate
P1-PRIMARY-00773,S002,FC-PE,,300.0,filled_from_full_corpus_reference_pair,S002_full_sample_FC_PE,include_n_weighted_masem,include_n_weighted_subset_candidate
P1-PRIMARY-00774,S002,FC-SI,,300.0,filled_from_full_corpus_reference_pair,S002_full_sample_FC_SI,include_n_weighted_masem,include_n_weighted_subset_candidate
P1-PRIMARY-00775,S002,FC-UB,,300.0,filled_from_full_corpus_reference_pair,S002_full_sample_FC_UB,include_n_weighted_masem,include_n_weighted_subset_candidate
P1-PRIMARY-00776,S002,PE-SI,,300.0,filled_from_full_corpus_reference_pair,S002_full_sample_PE_SI,include_n_weighted_masem,include_n_weighted_subset_candidate
P1-PRIMARY-00777,S002,PE-UB,,300.0,filled_from_full_corpus_reference_pair,S002_full_sample_PE_UB,include_n_weighted_masem,include_n_weighted_subset_candidate
P1-PRIMARY-00778,S002,SI-UB,,300.0,filled_from_full_corpus_reference_pair,S002_full_sample_SI_UB,include_n_weighted_masem,include_n_weighted_subset_candidate
P1-PRIMARY-00779,S065,ATT-BI,,517.0,filled_from_full_corpus_reference_pair,S065_full_sample_ATT_BI,include_n_weighted_masem,include_n_weighted_subset_candidate
P1-PRIMARY-00780,S065,ATT-EE,,517.0,filled_from_full_corpus_reference_pair,S065_full_sample_ATT_EE,include_n_weighted_masem,include_n_weighted_subset_candidate
P1-PRIMARY-00781,S065,ATT-PE,,517.0,filled_from_full_corpus_reference_pair,S065_full_sample_ATT_PE,include_n_weighted_masem,include_n_weighted_subset_candidate
P1-PRIMARY-00782,S065,ATT-UB,,517.0,filled_from_full_corpus_reference_pair,S065_full_sample_ATT_UB,include_n_weighted_masem,include_n_weighted_subset_candidate
P1-PRIMARY-00784,S065,BI-FC,,517.0,filled_from_full_corpus_reference_study_unique,S065,include_n_weighted_masem,include_n_weighted_subset_candidate
P1-PRIMARY-00785,S065,BI-TRU,,517.0,filled_from_full_corpus_reference_study_unique,S065,include_n_weighted_masem,include_n_weighted_subset_candidate
P1-PRIMARY-00786,S065,BI-UB,,517.0,filled_from_full_corpus_reference_pair,S065_full_sample_BI_UB,include_n_weighted_masem,include_n_weighted_subset_candidate
P1-PRIMARY-00787,S065,EE-FC,,517.0,filled_from_full_corpus_reference_study_unique,S065,include_n_weighted_masem,include_n_weighted_subset_candidate
P1-PRIMARY-00788,S065,EE-TRU,,517.0,filled_from_full_corpus_reference_study_unique,S065,include_n_weighted_masem,include_n_weighted_subset_candidate
P1-PRIMARY-00789,S065,EE-UB,,517.0,filled_from_full_corpus_reference_pair,S065_full_sample_EE_UB,include_n_weighted_masem,include_n_weighted_subset_candidate
P1-PRIMARY-00790,S065,PE-UB,,517.0,filled_from_full_corpus_reference_pair,S065_full_sample_PE_UB,include_n_weighted_masem,include_n_weighted_subset_candidate
P1-PRIMARY-00791,S209,ATT-BI,,523.0,filled_from_full_corpus_reference_pair,S209_full_sample_ATT_BI,include_n_weighted_masem,include_n_weighted_subset_candidate
P1-PRIMARY-00792,S209,ATT-EE,,523.0,filled_from_full_corpus_reference_pair,S209_full_sample_ATT_EE,include_n_weighted_masem,include_n_weighted_subset_candidate
P1-PRIMARY-00793,S209,ATT-PE,,523.0,filled_from_full_corpus_reference_pair,S209_full_sample_ATT_PE,include_n_weighted_masem,include_n_weighted_subset_candidate
P1-PRIMARY-00794,S209,BI-EE,,523.0,filled_from_full_corpus_reference_pair,S209_full_sample_BI_EE,include_n_weighted_masem,include_n_weighted_subset_candidate
P1-PRIMARY-00795,S209,BI-PE,,523.0,filled_from_full_corpus_reference_pair,S209_full_sample_BI_PE,include_n_weighted_masem,include_n_weighted_subset_candidate
P1-PRIMARY-00796,S209,EE-PE,,523.0,filled_from_full_corpus_reference_pair,S209_full_sample_EE_PE,include_n_weighted_masem,include_n_weighted_subset_candidate
P1-PRIMARY-00797,S197,ATT-EE,,237.0,filled_from_full_corpus_reference_study_unique,S197,include_n_weighted_masem,include_n_weighted_subset_candidate
P1-PRIMARY-00798,S197,ATT-PE,,237.0,filled_from_full_corpus_reference_study_unique,S197,include_n_weighted_masem,include_n_weighted_subset_candidate
P1-PRIMARY-00799,S197,ATT-UB,,237.0,filled_from_full_corpus_reference_study_unique,S197,include_n_weighted_masem,include_n_weighted_subset_candidate
P1-PRIMARY-00800,S197,EE-PE,,237.0,filled_from_full_corpus_reference_pair,S197_full_sample_EE_PE,include_n_weighted_masem,include_n_weighted_subset_candidate
P1-PRIMARY-00801,S197,EE-UB,,237.0,filled_from_full_corpus_reference_study_unique,S197,include_n_weighted_masem,include_n_weighted_subset_candidate
P1-PRIMARY-00802,S121,BI-EE,3094.0,3094.0,retained_existing_input_n,R2R3-DIFF-V2-0578,include_n_weighted_masem,include_n_weighted_subset_candidate
P1-PRIMARY-00803,S121,BI-FC,3094.0,3094.0,retained_existing_input_n,R2R3-DIFF-V2-0579,include_n_weighted_masem,include_n_weighted_subset_candidate
P1-PRIMARY-00804,S121,BI-PE,3094.0,3094.0,retained_existing_input_n,R2R3-DIFF-V2-0580,include_n_weighted_masem,include_n_weighted_subset_candidate
P1-PRIMARY-00805,S121,BI-SI,3094.0,3094.0,retained_existing_input_n,R2R3-DIFF-V2-0581,include_n_weighted_masem,include_n_weighted_subset_candidate
P1-PRIMARY-00806,S121,BI-TRU,3094.0,3094.0,retained_existing_input_n,R2R3-DIFF-V2-0582,include_n_weighted_masem,include_n_weighted_subset_candidate
P1-PRIMARY-00807,S121,BI-UB,3094.0,3094.0,retained_existing_input_n,R2R3-DIFF-V2-0583,include_n_weighted_masem,include_n_weighted_subset_candidate
P1-PRIMARY-00808,S121,EE-FC,3094.0,3094.0,retained_existing_input_n,R2R3-DIFF-V2-0584,include_n_weighted_masem,include_n_weighted_subset_candidate
P1-PRIMARY-00809,S121,EE-PE,3094.0,3094.0,retained_existing_input_n,R2R3-DIFF-V2-0585,include_n_weighted_masem,include_n_weighted_subset_candidate
P1-PRIMARY-00810,S121,EE-SI,3094.0,3094.0,retained_existing_input_n,R2R3-DIFF-V2-0586,include_n_weighted_masem,include_n_weighted_subset_candidate
P1-PRIMARY-00811,S121,EE-TRU,3094.0,3094.0,retained_existing_input_n,R2R3-DIFF-V2-0587,include_n_weighted_masem,include_n_weighted_subset_candidate
P1-PRIMARY-00812,S121,EE-UB,3094.0,3094.0,retained_existing_input_n,R2R3-DIFF-V2-0588,include_n_weighted_masem,include_n_weighted_subset_candidate
P1-PRIMARY-00813,S121,FC-PE,3094.0,3094.0,retained_existing_input_n,R2R3-DIFF-V2-0589,include_n_weighted_masem,include_n_weighted_subset_candidate
P1-PRIMARY-00814,S121,FC-SI,3094.0,3094.0,retained_existing_input_n,R2R3-DIFF-V2-0590,include_n_weighted_masem,include_n_weighted_subset_candidate
P1-PRIMARY-00815,S121,FC-UB,3094.0,3094.0,retained_existing_input_n,R2R3-DIFF-V2-0591,include_n_weighted_masem,include_n_weighted_subset_candidate
P1-PRIMARY-00816,S121,PE-SE,3094.0,3094.0,retained_existing_input_n,R2R3-DIFF-V2-0592,include_n_weighted_masem,include_n_weighted_subset_candidate
P1-PRIMARY-00817,S121,PE-SI,3094.0,3094.0,retained_existing_input_n,R2R3-DIFF-V2-0593,include_n_weighted_masem,include_n_weighted_subset_candidate
P1-PRIMARY-00818,S121,PE-TRU,3094.0,3094.0,retained_existing_input_n,R2R3-DIFF-V2-0594,include_n_weighted_masem,include_n_weighted_subset_candidate
P1-PRIMARY-00819,S121,PE-UB,3094.0,3094.0,retained_existing_input_n,R2R3-DIFF-V2-0595,include_n_weighted_masem,include_n_weighted_subset_candidate
P1-PRIMARY-00820,S121,SI-TRU,3094.0,3094.0,retained_existing_input_n,R2R3-DIFF-V2-0596,include_n_weighted_masem,include_n_weighted_subset_candidate
P1-PRIMARY-00821,S121,SI-UB,3094.0,3094.0,retained_existing_input_n,R2R3-DIFF-V2-0597,include_n_weighted_masem,include_n_weighted_subset_candidate
P1-PRIMARY-00822,S121,TRU-UB,3094.0,3094.0,retained_existing_input_n,R2R3-DIFF-V2-0598,include_n_weighted_masem,include_n_weighted_subset_candidate
