study_id,pair,construct_1,construct_2,r_numeric,sample_size_numeric,source_file,source_location_present,flag_present,notes_present,source_packet_exists,value_found_in_source_packet_text,pdf_exists,pdf_text_status,value_found_in_pdf_text,pdf_path_local_only
S222,BI-EE,BI,EE,0.46,50.0,latest_human_R1_CORRELATIONS,true,false,false,false,false,true,ok,true,/Users/newhosung/Library/CloudStorage/OneDrive-SharedLibraries-ThePennsylvaniaStateUniversity/AI Adoption Meta Analysis - Documents/Meta/AI Adoption/PDFs/S222.pdf
S222,BI-PE,BI,PE,0.58,50.0,latest_human_R1_CORRELATIONS,true,false,false,false,false,true,ok,false,/Users/newhosung/Library/CloudStorage/OneDrive-SharedLibraries-ThePennsylvaniaStateUniversity/AI Adoption Meta Analysis - Documents/Meta/AI Adoption/PDFs/S222.pdf
S218,ATT-BI,ATT,BI,0.78,242.0,latest_human_R1_CORRELATIONS,true,false,false,false,false,true,ok,false,/Users/newhosung/Library/CloudStorage/OneDrive-SharedLibraries-ThePennsylvaniaStateUniversity/AI Adoption Meta Analysis - Documents/Meta/AI Adoption/PDFs/S218.pdf
S218,ATT-EE,ATT,EE,0.69,242.0,latest_human_R1_CORRELATIONS,true,false,false,false,false,true,ok,false,/Users/newhosung/Library/CloudStorage/OneDrive-SharedLibraries-ThePennsylvaniaStateUniversity/AI Adoption Meta Analysis - Documents/Meta/AI Adoption/PDFs/S218.pdf
S218,ATT-PE,ATT,PE,0.7,242.0,latest_human_R1_CORRELATIONS,true,false,false,false,false,true,ok,false,/Users/newhosung/Library/CloudStorage/OneDrive-SharedLibraries-ThePennsylvaniaStateUniversity/AI Adoption Meta Analysis - Documents/Meta/AI Adoption/PDFs/S218.pdf
S218,BI-EE,BI,EE,0.59,242.0,latest_human_R1_CORRELATIONS,true,false,false,false,false,true,ok,true,/Users/newhosung/Library/CloudStorage/OneDrive-SharedLibraries-ThePennsylvaniaStateUniversity/AI Adoption Meta Analysis - Documents/Meta/AI Adoption/PDFs/S218.pdf
S218,BI-PE,BI,PE,0.63,242.0,latest_human_R1_CORRELATIONS,true,false,false,false,false,true,ok,false,/Users/newhosung/Library/CloudStorage/OneDrive-SharedLibraries-ThePennsylvaniaStateUniversity/AI Adoption Meta Analysis - Documents/Meta/AI Adoption/PDFs/S218.pdf
S218,EE-PE,EE,PE,0.66,242.0,latest_human_R1_CORRELATIONS,true,false,false,false,false,true,ok,true,/Users/newhosung/Library/CloudStorage/OneDrive-SharedLibraries-ThePennsylvaniaStateUniversity/AI Adoption Meta Analysis - Documents/Meta/AI Adoption/PDFs/S218.pdf
S185,ANX-ATT,ANX,ATT,0.46,298.0,latest_human_R1_CORRELATIONS,true,false,true,false,false,true,ok,true,/Users/newhosung/Library/CloudStorage/OneDrive-SharedLibraries-ThePennsylvaniaStateUniversity/AI Adoption Meta Analysis - Documents/Meta/AI Adoption/PDFs/S185.pdf
S185,ANX-BI,ANX,BI,0.47,298.0,latest_human_R1_CORRELATIONS,true,false,true,false,false,true,ok,true,/Users/newhosung/Library/CloudStorage/OneDrive-SharedLibraries-ThePennsylvaniaStateUniversity/AI Adoption Meta Analysis - Documents/Meta/AI Adoption/PDFs/S185.pdf
S185,ANX-EE,ANX,EE,0.47,298.0,latest_human_R1_CORRELATIONS,true,false,true,false,false,true,ok,true,/Users/newhosung/Library/CloudStorage/OneDrive-SharedLibraries-ThePennsylvaniaStateUniversity/AI Adoption Meta Analysis - Documents/Meta/AI Adoption/PDFs/S185.pdf
S185,ANX-PE,ANX,PE,0.44,298.0,latest_human_R1_CORRELATIONS,true,false,true,false,false,true,ok,false,/Users/newhosung/Library/CloudStorage/OneDrive-SharedLibraries-ThePennsylvaniaStateUniversity/AI Adoption Meta Analysis - Documents/Meta/AI Adoption/PDFs/S185.pdf
S185,ATT-BI,ATT,BI,0.45,298.0,latest_human_R1_CORRELATIONS,true,false,false,false,false,true,ok,true,/Users/newhosung/Library/CloudStorage/OneDrive-SharedLibraries-ThePennsylvaniaStateUniversity/AI Adoption Meta Analysis - Documents/Meta/AI Adoption/PDFs/S185.pdf
S185,ATT-EE,ATT,EE,0.47,298.0,latest_human_R1_CORRELATIONS,true,false,false,false,false,true,ok,true,/Users/newhosung/Library/CloudStorage/OneDrive-SharedLibraries-ThePennsylvaniaStateUniversity/AI Adoption Meta Analysis - Documents/Meta/AI Adoption/PDFs/S185.pdf
S185,ATT-PE,ATT,PE,0.5,298.0,latest_human_R1_CORRELATIONS,true,false,false,false,false,true,ok,true,/Users/newhosung/Library/CloudStorage/OneDrive-SharedLibraries-ThePennsylvaniaStateUniversity/AI Adoption Meta Analysis - Documents/Meta/AI Adoption/PDFs/S185.pdf
S185,BI-EE,BI,EE,0.52,298.0,latest_human_R1_CORRELATIONS,true,false,false,false,false,true,ok,true,/Users/newhosung/Library/CloudStorage/OneDrive-SharedLibraries-ThePennsylvaniaStateUniversity/AI Adoption Meta Analysis - Documents/Meta/AI Adoption/PDFs/S185.pdf
S185,BI-PE,BI,PE,0.46,298.0,latest_human_R1_CORRELATIONS,true,false,false,false,false,true,ok,true,/Users/newhosung/Library/CloudStorage/OneDrive-SharedLibraries-ThePennsylvaniaStateUniversity/AI Adoption Meta Analysis - Documents/Meta/AI Adoption/PDFs/S185.pdf
S185,EE-PE,EE,PE,0.48,298.0,latest_human_R1_CORRELATIONS,true,false,false,false,false,true,ok,true,/Users/newhosung/Library/CloudStorage/OneDrive-SharedLibraries-ThePennsylvaniaStateUniversity/AI Adoption Meta Analysis - Documents/Meta/AI Adoption/PDFs/S185.pdf
S194,BI-EE,BI,EE,0.44,469.0,latest_human_R1_CORRELATIONS,true,false,false,false,false,true,ok,true,/Users/newhosung/Library/CloudStorage/OneDrive-SharedLibraries-ThePennsylvaniaStateUniversity/AI Adoption Meta Analysis - Documents/Meta/AI Adoption/PDFs/S194.pdf
S194,BI-FC,BI,FC,0.49,469.0,latest_human_R1_CORRELATIONS,true,false,false,false,false,true,ok,true,/Users/newhosung/Library/CloudStorage/OneDrive-SharedLibraries-ThePennsylvaniaStateUniversity/AI Adoption Meta Analysis - Documents/Meta/AI Adoption/PDFs/S194.pdf
S194,BI-PE,BI,PE,-0.08,469.0,latest_human_R1_CORRELATIONS,true,false,false,false,false,true,ok,true,/Users/newhosung/Library/CloudStorage/OneDrive-SharedLibraries-ThePennsylvaniaStateUniversity/AI Adoption Meta Analysis - Documents/Meta/AI Adoption/PDFs/S194.pdf
S194,BI-SI,BI,SI,0.62,469.0,latest_human_R1_CORRELATIONS,true,false,false,false,false,true,ok,true,/Users/newhosung/Library/CloudStorage/OneDrive-SharedLibraries-ThePennsylvaniaStateUniversity/AI Adoption Meta Analysis - Documents/Meta/AI Adoption/PDFs/S194.pdf
S194,BI-UB,BI,UB,0.64,469.0,latest_human_R1_CORRELATIONS,true,false,true,false,false,true,ok,true,/Users/newhosung/Library/CloudStorage/OneDrive-SharedLibraries-ThePennsylvaniaStateUniversity/AI Adoption Meta Analysis - Documents/Meta/AI Adoption/PDFs/S194.pdf
S194,EE-FC,EE,FC,0.55,469.0,latest_human_R1_CORRELATIONS,true,false,false,false,false,true,ok,true,/Users/newhosung/Library/CloudStorage/OneDrive-SharedLibraries-ThePennsylvaniaStateUniversity/AI Adoption Meta Analysis - Documents/Meta/AI Adoption/PDFs/S194.pdf
S194,EE-PE,EE,PE,-0.1,469.0,latest_human_R1_CORRELATIONS,true,false,false,false,false,true,ok,true,/Users/newhosung/Library/CloudStorage/OneDrive-SharedLibraries-ThePennsylvaniaStateUniversity/AI Adoption Meta Analysis - Documents/Meta/AI Adoption/PDFs/S194.pdf
S194,EE-SI,EE,SI,0.52,469.0,latest_human_R1_CORRELATIONS,true,false,false,false,false,true,ok,true,/Users/newhosung/Library/CloudStorage/OneDrive-SharedLibraries-ThePennsylvaniaStateUniversity/AI Adoption Meta Analysis - Documents/Meta/AI Adoption/PDFs/S194.pdf
S194,EE-UB,EE,UB,0.49,469.0,latest_human_R1_CORRELATIONS,true,false,true,false,false,true,ok,true,/Users/newhosung/Library/CloudStorage/OneDrive-SharedLibraries-ThePennsylvaniaStateUniversity/AI Adoption Meta Analysis - Documents/Meta/AI Adoption/PDFs/S194.pdf
S194,FC-PE,FC,PE,-0.12,469.0,latest_human_R1_CORRELATIONS,true,false,false,false,false,true,ok,true,/Users/newhosung/Library/CloudStorage/OneDrive-SharedLibraries-ThePennsylvaniaStateUniversity/AI Adoption Meta Analysis - Documents/Meta/AI Adoption/PDFs/S194.pdf
S194,FC-SI,FC,SI,0.59,469.0,latest_human_R1_CORRELATIONS,true,false,false,false,false,true,ok,true,/Users/newhosung/Library/CloudStorage/OneDrive-SharedLibraries-ThePennsylvaniaStateUniversity/AI Adoption Meta Analysis - Documents/Meta/AI Adoption/PDFs/S194.pdf
S194,FC-UB,FC,UB,0.52,469.0,latest_human_R1_CORRELATIONS,true,false,true,false,false,true,ok,true,/Users/newhosung/Library/CloudStorage/OneDrive-SharedLibraries-ThePennsylvaniaStateUniversity/AI Adoption Meta Analysis - Documents/Meta/AI Adoption/PDFs/S194.pdf
S194,PE-SI,PE,SI,-0.12,469.0,latest_human_R1_CORRELATIONS,true,false,false,false,false,true,ok,true,/Users/newhosung/Library/CloudStorage/OneDrive-SharedLibraries-ThePennsylvaniaStateUniversity/AI Adoption Meta Analysis - Documents/Meta/AI Adoption/PDFs/S194.pdf
S194,PE-UB,PE,UB,-0.05,469.0,latest_human_R1_CORRELATIONS,true,false,true,false,false,true,ok,true,/Users/newhosung/Library/CloudStorage/OneDrive-SharedLibraries-ThePennsylvaniaStateUniversity/AI Adoption Meta Analysis - Documents/Meta/AI Adoption/PDFs/S194.pdf
S194,SI-UB,SI,UB,0.56,469.0,latest_human_R1_CORRELATIONS,true,false,true,false,false,true,ok,true,/Users/newhosung/Library/CloudStorage/OneDrive-SharedLibraries-ThePennsylvaniaStateUniversity/AI Adoption Meta Analysis - Documents/Meta/AI Adoption/PDFs/S194.pdf
S208,BI-EE,BI,EE,0.43,526.0,latest_human_R1_CORRELATIONS,true,false,true,false,false,true,ok,true,/Users/newhosung/Library/CloudStorage/OneDrive-SharedLibraries-ThePennsylvaniaStateUniversity/AI Adoption Meta Analysis - Documents/Meta/AI Adoption/PDFs/S208.pdf
S208,BI-PE,BI,PE,0.24,526.0,latest_human_R1_CORRELATIONS,true,false,true,false,false,true,ok,false,/Users/newhosung/Library/CloudStorage/OneDrive-SharedLibraries-ThePennsylvaniaStateUniversity/AI Adoption Meta Analysis - Documents/Meta/AI Adoption/PDFs/S208.pdf
S208,BI-SI,BI,SI,0.46,526.0,latest_human_R1_CORRELATIONS,true,false,true,false,false,true,ok,true,/Users/newhosung/Library/CloudStorage/OneDrive-SharedLibraries-ThePennsylvaniaStateUniversity/AI Adoption Meta Analysis - Documents/Meta/AI Adoption/PDFs/S208.pdf
S208,BI-TRU,BI,TRU,0.52,526.0,latest_human_R1_CORRELATIONS,true,false,true,false,false,true,ok,true,/Users/newhosung/Library/CloudStorage/OneDrive-SharedLibraries-ThePennsylvaniaStateUniversity/AI Adoption Meta Analysis - Documents/Meta/AI Adoption/PDFs/S208.pdf
S208,EE-PE,EE,PE,0.4,526.0,latest_human_R1_CORRELATIONS,true,false,false,false,false,true,ok,true,/Users/newhosung/Library/CloudStorage/OneDrive-SharedLibraries-ThePennsylvaniaStateUniversity/AI Adoption Meta Analysis - Documents/Meta/AI Adoption/PDFs/S208.pdf
S208,EE-SI,EE,SI,0.36,526.0,latest_human_R1_CORRELATIONS,true,false,false,false,false,true,ok,true,/Users/newhosung/Library/CloudStorage/OneDrive-SharedLibraries-ThePennsylvaniaStateUniversity/AI Adoption Meta Analysis - Documents/Meta/AI Adoption/PDFs/S208.pdf
S208,EE-TRU,EE,TRU,0.4,526.0,latest_human_R1_CORRELATIONS,true,false,false,false,false,true,ok,true,/Users/newhosung/Library/CloudStorage/OneDrive-SharedLibraries-ThePennsylvaniaStateUniversity/AI Adoption Meta Analysis - Documents/Meta/AI Adoption/PDFs/S208.pdf
S208,PE-SI,PE,SI,0.3,526.0,latest_human_R1_CORRELATIONS,true,false,false,false,false,true,ok,false,/Users/newhosung/Library/CloudStorage/OneDrive-SharedLibraries-ThePennsylvaniaStateUniversity/AI Adoption Meta Analysis - Documents/Meta/AI Adoption/PDFs/S208.pdf
S208,PE-TRU,PE,TRU,0.3,526.0,latest_human_R1_CORRELATIONS,true,false,false,false,false,true,ok,false,/Users/newhosung/Library/CloudStorage/OneDrive-SharedLibraries-ThePennsylvaniaStateUniversity/AI Adoption Meta Analysis - Documents/Meta/AI Adoption/PDFs/S208.pdf
S208,SI-TRU,SI,TRU,0.24,526.0,latest_human_R1_CORRELATIONS,true,false,false,false,false,true,ok,false,/Users/newhosung/Library/CloudStorage/OneDrive-SharedLibraries-ThePennsylvaniaStateUniversity/AI Adoption Meta Analysis - Documents/Meta/AI Adoption/PDFs/S208.pdf
S028,ATT-BI,ATT,BI,0.88,508.0,latest_human_R1_CORRELATIONS,true,false,false,false,false,true,ok,false,/Users/newhosung/Library/CloudStorage/OneDrive-SharedLibraries-ThePennsylvaniaStateUniversity/AI Adoption Meta Analysis - Documents/Meta/AI Adoption/PDFs/S028.pdf
S028,ATT-EE,ATT,EE,0.63,508.0,latest_human_R1_CORRELATIONS,true,false,false,false,false,true,ok,true,/Users/newhosung/Library/CloudStorage/OneDrive-SharedLibraries-ThePennsylvaniaStateUniversity/AI Adoption Meta Analysis - Documents/Meta/AI Adoption/PDFs/S028.pdf
S028,ATT-PE,ATT,PE,0.81,508.0,latest_human_R1_CORRELATIONS,true,false,false,false,false,true,ok,true,/Users/newhosung/Library/CloudStorage/OneDrive-SharedLibraries-ThePennsylvaniaStateUniversity/AI Adoption Meta Analysis - Documents/Meta/AI Adoption/PDFs/S028.pdf
S028,ATT-SE,ATT,SE,0.72,508.0,latest_human_R1_CORRELATIONS,true,false,false,false,false,true,ok,false,/Users/newhosung/Library/CloudStorage/OneDrive-SharedLibraries-ThePennsylvaniaStateUniversity/AI Adoption Meta Analysis - Documents/Meta/AI Adoption/PDFs/S028.pdf
S028,BI-EE,BI,EE,0.63,508.0,latest_human_R1_CORRELATIONS,true,false,false,false,false,true,ok,true,/Users/newhosung/Library/CloudStorage/OneDrive-SharedLibraries-ThePennsylvaniaStateUniversity/AI Adoption Meta Analysis - Documents/Meta/AI Adoption/PDFs/S028.pdf
S028,BI-PE,BI,PE,0.82,508.0,latest_human_R1_CORRELATIONS,true,false,false,false,false,true,ok,true,/Users/newhosung/Library/CloudStorage/OneDrive-SharedLibraries-ThePennsylvaniaStateUniversity/AI Adoption Meta Analysis - Documents/Meta/AI Adoption/PDFs/S028.pdf
S028,BI-SE,BI,SE,0.69,508.0,latest_human_R1_CORRELATIONS,true,false,false,false,false,true,ok,false,/Users/newhosung/Library/CloudStorage/OneDrive-SharedLibraries-ThePennsylvaniaStateUniversity/AI Adoption Meta Analysis - Documents/Meta/AI Adoption/PDFs/S028.pdf
S028,EE-PE,EE,PE,0.67,508.0,latest_human_R1_CORRELATIONS,true,false,false,false,false,true,ok,false,/Users/newhosung/Library/CloudStorage/OneDrive-SharedLibraries-ThePennsylvaniaStateUniversity/AI Adoption Meta Analysis - Documents/Meta/AI Adoption/PDFs/S028.pdf
S028,EE-SE,EE,SE,0.79,508.0,latest_human_R1_CORRELATIONS,true,false,false,false,false,true,ok,false,/Users/newhosung/Library/CloudStorage/OneDrive-SharedLibraries-ThePennsylvaniaStateUniversity/AI Adoption Meta Analysis - Documents/Meta/AI Adoption/PDFs/S028.pdf
S028,PE-SE,PE,SE,0.69,508.0,latest_human_R1_CORRELATIONS,true,false,false,false,false,true,ok,false,/Users/newhosung/Library/CloudStorage/OneDrive-SharedLibraries-ThePennsylvaniaStateUniversity/AI Adoption Meta Analysis - Documents/Meta/AI Adoption/PDFs/S028.pdf
S059,ATT-BI,ATT,BI,0.9,645.0,latest_human_R1_CORRELATIONS,true,false,false,false,false,true,ok,true,/Users/newhosung/Library/CloudStorage/OneDrive-SharedLibraries-ThePennsylvaniaStateUniversity/AI Adoption Meta Analysis - Documents/Meta/AI Adoption/PDFs/S059.pdf
S059,ATT-EE,ATT,EE,0.26,645.0,latest_human_R1_CORRELATIONS,true,false,false,false,false,true,ok,false,/Users/newhosung/Library/CloudStorage/OneDrive-SharedLibraries-ThePennsylvaniaStateUniversity/AI Adoption Meta Analysis - Documents/Meta/AI Adoption/PDFs/S059.pdf
S059,ATT-PE,ATT,PE,0.29,645.0,latest_human_R1_CORRELATIONS,true,false,false,false,false,true,ok,false,/Users/newhosung/Library/CloudStorage/OneDrive-SharedLibraries-ThePennsylvaniaStateUniversity/AI Adoption Meta Analysis - Documents/Meta/AI Adoption/PDFs/S059.pdf
S059,EE-PE,EE,PE,0.18,645.0,latest_human_R1_CORRELATIONS,true,false,false,false,false,true,ok,false,/Users/newhosung/Library/CloudStorage/OneDrive-SharedLibraries-ThePennsylvaniaStateUniversity/AI Adoption Meta Analysis - Documents/Meta/AI Adoption/PDFs/S059.pdf
S145,BI-EE,BI,EE,0.2,374.0,latest_human_R1_CORRELATIONS,true,false,false,false,false,true,ok,true,/Users/newhosung/Library/CloudStorage/OneDrive-SharedLibraries-ThePennsylvaniaStateUniversity/AI Adoption Meta Analysis - Documents/Meta/AI Adoption/PDFs/S145.pdf
S145,BI-UB,BI,UB,0.34,374.0,latest_human_R1_CORRELATIONS,true,false,true,false,false,true,ok,true,/Users/newhosung/Library/CloudStorage/OneDrive-SharedLibraries-ThePennsylvaniaStateUniversity/AI Adoption Meta Analysis - Documents/Meta/AI Adoption/PDFs/S145.pdf
S145,EE-UB,EE,UB,0.2,374.0,latest_human_R1_CORRELATIONS,true,false,true,false,false,true,ok,true,/Users/newhosung/Library/CloudStorage/OneDrive-SharedLibraries-ThePennsylvaniaStateUniversity/AI Adoption Meta Analysis - Documents/Meta/AI Adoption/PDFs/S145.pdf
S110,BI-EE,BI,EE,0.62,353.0,latest_human_R1_CORRELATIONS,true,false,true,false,false,true,ok,false,/Users/newhosung/Library/CloudStorage/OneDrive-SharedLibraries-ThePennsylvaniaStateUniversity/AI Adoption Meta Analysis - Documents/Meta/AI Adoption/PDFs/S110.pdf
S110,BI-PE,BI,PE,0.68,353.0,latest_human_R1_CORRELATIONS,true,false,true,false,false,true,ok,false,/Users/newhosung/Library/CloudStorage/OneDrive-SharedLibraries-ThePennsylvaniaStateUniversity/AI Adoption Meta Analysis - Documents/Meta/AI Adoption/PDFs/S110.pdf
S110,BI-SI,BI,SI,0.52,353.0,latest_human_R1_CORRELATIONS,true,false,true,false,false,true,ok,true,/Users/newhosung/Library/CloudStorage/OneDrive-SharedLibraries-ThePennsylvaniaStateUniversity/AI Adoption Meta Analysis - Documents/Meta/AI Adoption/PDFs/S110.pdf
S177,BI-EE,BI,EE,0.718,283.0,latest_human_R1_CORRELATIONS,true,false,true,true,true,true,ok,true,/Users/newhosung/Library/CloudStorage/OneDrive-SharedLibraries-ThePennsylvaniaStateUniversity/AI Adoption Meta Analysis - Documents/Meta/AI Adoption/PDFs/S177.pdf
S177,BI-PE,BI,PE,0.712,283.0,latest_human_R1_CORRELATIONS,true,false,true,true,true,true,ok,true,/Users/newhosung/Library/CloudStorage/OneDrive-SharedLibraries-ThePennsylvaniaStateUniversity/AI Adoption Meta Analysis - Documents/Meta/AI Adoption/PDFs/S177.pdf
S177,EE-PE,EE,PE,0.571,283.0,latest_human_R1_CORRELATIONS,true,false,true,true,true,true,ok,true,/Users/newhosung/Library/CloudStorage/OneDrive-SharedLibraries-ThePennsylvaniaStateUniversity/AI Adoption Meta Analysis - Documents/Meta/AI Adoption/PDFs/S177.pdf
S169,ATT-BI,ATT,BI,0.792,250.0,latest_human_R1_CORRELATIONS,true,false,false,true,false,true,ok,true,/Users/newhosung/Library/CloudStorage/OneDrive-SharedLibraries-ThePennsylvaniaStateUniversity/AI Adoption Meta Analysis - Documents/Meta/AI Adoption/PDFs/S169.pdf
S169,ATT-EE,ATT,EE,0.628,250.0,latest_human_R1_CORRELATIONS,true,false,false,true,false,true,ok,true,/Users/newhosung/Library/CloudStorage/OneDrive-SharedLibraries-ThePennsylvaniaStateUniversity/AI Adoption Meta Analysis - Documents/Meta/AI Adoption/PDFs/S169.pdf
S169,ATT-FC,ATT,FC,0.464,250.0,latest_human_R1_CORRELATIONS,true,false,false,true,true,true,ok,true,/Users/newhosung/Library/CloudStorage/OneDrive-SharedLibraries-ThePennsylvaniaStateUniversity/AI Adoption Meta Analysis - Documents/Meta/AI Adoption/PDFs/S169.pdf
S169,ATT-PE,ATT,PE,0.808,250.0,latest_human_R1_CORRELATIONS,true,false,false,true,false,true,ok,true,/Users/newhosung/Library/CloudStorage/OneDrive-SharedLibraries-ThePennsylvaniaStateUniversity/AI Adoption Meta Analysis - Documents/Meta/AI Adoption/PDFs/S169.pdf
S169,BI-EE,BI,EE,0.533,250.0,latest_human_R1_CORRELATIONS,true,false,false,true,true,true,ok,true,/Users/newhosung/Library/CloudStorage/OneDrive-SharedLibraries-ThePennsylvaniaStateUniversity/AI Adoption Meta Analysis - Documents/Meta/AI Adoption/PDFs/S169.pdf
S169,BI-FC,BI,FC,0.292,250.0,latest_human_R1_CORRELATIONS,true,false,false,true,false,true,ok,true,/Users/newhosung/Library/CloudStorage/OneDrive-SharedLibraries-ThePennsylvaniaStateUniversity/AI Adoption Meta Analysis - Documents/Meta/AI Adoption/PDFs/S169.pdf
S169,BI-PE,BI,PE,0.703,250.0,latest_human_R1_CORRELATIONS,true,false,false,true,false,true,ok,true,/Users/newhosung/Library/CloudStorage/OneDrive-SharedLibraries-ThePennsylvaniaStateUniversity/AI Adoption Meta Analysis - Documents/Meta/AI Adoption/PDFs/S169.pdf
S169,EE-FC,EE,FC,0.27,250.0,latest_human_R1_CORRELATIONS,true,false,false,true,false,true,ok,true,/Users/newhosung/Library/CloudStorage/OneDrive-SharedLibraries-ThePennsylvaniaStateUniversity/AI Adoption Meta Analysis - Documents/Meta/AI Adoption/PDFs/S169.pdf
S169,EE-PE,EE,PE,0.609,250.0,latest_human_R1_CORRELATIONS,true,false,false,true,false,true,ok,true,/Users/newhosung/Library/CloudStorage/OneDrive-SharedLibraries-ThePennsylvaniaStateUniversity/AI Adoption Meta Analysis - Documents/Meta/AI Adoption/PDFs/S169.pdf
S169,FC-PE,FC,PE,0.369,250.0,latest_human_R1_CORRELATIONS,true,false,false,true,true,true,ok,true,/Users/newhosung/Library/CloudStorage/OneDrive-SharedLibraries-ThePennsylvaniaStateUniversity/AI Adoption Meta Analysis - Documents/Meta/AI Adoption/PDFs/S169.pdf
S015,BI-EE,BI,EE,0.686,528.0,latest_human_R1_CORRELATIONS,true,false,true,true,false,true,ok,true,/Users/newhosung/Library/CloudStorage/OneDrive-SharedLibraries-ThePennsylvaniaStateUniversity/AI Adoption Meta Analysis - Documents/Meta/AI Adoption/PDFs/S015.pdf
S015,BI-FC,BI,FC,0.579,528.0,latest_human_R1_CORRELATIONS,true,false,true,true,false,true,ok,true,/Users/newhosung/Library/CloudStorage/OneDrive-SharedLibraries-ThePennsylvaniaStateUniversity/AI Adoption Meta Analysis - Documents/Meta/AI Adoption/PDFs/S015.pdf
S015,BI-PE,BI,PE,0.816,528.0,latest_human_R1_CORRELATIONS,true,false,true,true,false,true,ok,false,/Users/newhosung/Library/CloudStorage/OneDrive-SharedLibraries-ThePennsylvaniaStateUniversity/AI Adoption Meta Analysis - Documents/Meta/AI Adoption/PDFs/S015.pdf
S015,BI-SI,BI,SI,0.59,528.0,latest_human_R1_CORRELATIONS,true,false,true,true,false,true,ok,false,/Users/newhosung/Library/CloudStorage/OneDrive-SharedLibraries-ThePennsylvaniaStateUniversity/AI Adoption Meta Analysis - Documents/Meta/AI Adoption/PDFs/S015.pdf
S015,BI-UB,BI,UB,0.79,528.0,latest_human_R1_CORRELATIONS,true,false,true,true,true,true,ok,true,/Users/newhosung/Library/CloudStorage/OneDrive-SharedLibraries-ThePennsylvaniaStateUniversity/AI Adoption Meta Analysis - Documents/Meta/AI Adoption/PDFs/S015.pdf
S015,EE-FC,EE,FC,0.76,528.0,latest_human_R1_CORRELATIONS,true,false,true,true,false,true,ok,true,/Users/newhosung/Library/CloudStorage/OneDrive-SharedLibraries-ThePennsylvaniaStateUniversity/AI Adoption Meta Analysis - Documents/Meta/AI Adoption/PDFs/S015.pdf
S015,EE-PE,EE,PE,0.627,528.0,latest_human_R1_CORRELATIONS,true,false,true,true,false,true,ok,true,/Users/newhosung/Library/CloudStorage/OneDrive-SharedLibraries-ThePennsylvaniaStateUniversity/AI Adoption Meta Analysis - Documents/Meta/AI Adoption/PDFs/S015.pdf
S015,EE-SI,EE,SI,0.451,528.0,latest_human_R1_CORRELATIONS,true,false,true,true,false,true,ok,true,/Users/newhosung/Library/CloudStorage/OneDrive-SharedLibraries-ThePennsylvaniaStateUniversity/AI Adoption Meta Analysis - Documents/Meta/AI Adoption/PDFs/S015.pdf
S015,EE-UB,EE,UB,0.617,528.0,latest_human_R1_CORRELATIONS,true,false,true,true,false,true,ok,true,/Users/newhosung/Library/CloudStorage/OneDrive-SharedLibraries-ThePennsylvaniaStateUniversity/AI Adoption Meta Analysis - Documents/Meta/AI Adoption/PDFs/S015.pdf
S015,FC-PE,FC,PE,0.527,528.0,latest_human_R1_CORRELATIONS,true,false,true,true,false,true,ok,true,/Users/newhosung/Library/CloudStorage/OneDrive-SharedLibraries-ThePennsylvaniaStateUniversity/AI Adoption Meta Analysis - Documents/Meta/AI Adoption/PDFs/S015.pdf
S015,FC-SI,FC,SI,0.449,528.0,latest_human_R1_CORRELATIONS,true,false,true,true,false,true,ok,true,/Users/newhosung/Library/CloudStorage/OneDrive-SharedLibraries-ThePennsylvaniaStateUniversity/AI Adoption Meta Analysis - Documents/Meta/AI Adoption/PDFs/S015.pdf
S015,FC-UB,FC,UB,0.512,528.0,latest_human_R1_CORRELATIONS,true,false,true,true,false,true,ok,true,/Users/newhosung/Library/CloudStorage/OneDrive-SharedLibraries-ThePennsylvaniaStateUniversity/AI Adoption Meta Analysis - Documents/Meta/AI Adoption/PDFs/S015.pdf
S015,PE-SI,PE,SI,0.577,528.0,latest_human_R1_CORRELATIONS,true,false,true,true,false,true,ok,true,/Users/newhosung/Library/CloudStorage/OneDrive-SharedLibraries-ThePennsylvaniaStateUniversity/AI Adoption Meta Analysis - Documents/Meta/AI Adoption/PDFs/S015.pdf
S015,PE-UB,PE,UB,0.604,528.0,latest_human_R1_CORRELATIONS,true,false,true,true,false,true,ok,true,/Users/newhosung/Library/CloudStorage/OneDrive-SharedLibraries-ThePennsylvaniaStateUniversity/AI Adoption Meta Analysis - Documents/Meta/AI Adoption/PDFs/S015.pdf
S015,SI-UB,SI,UB,0.454,528.0,latest_human_R1_CORRELATIONS,true,false,true,true,false,true,ok,true,/Users/newhosung/Library/CloudStorage/OneDrive-SharedLibraries-ThePennsylvaniaStateUniversity/AI Adoption Meta Analysis - Documents/Meta/AI Adoption/PDFs/S015.pdf
S156,BI-FC,BI,FC,0.65,305.0,latest_human_R1_CORRELATIONS,true,false,true,true,true,true,ok,true,/Users/newhosung/Library/CloudStorage/OneDrive-SharedLibraries-ThePennsylvaniaStateUniversity/AI Adoption Meta Analysis - Documents/Meta/AI Adoption/PDFs/S156.pdf
S156,BI-PE,BI,PE,0.65,305.0,latest_human_R1_CORRELATIONS,true,false,true,true,true,true,ok,true,/Users/newhosung/Library/CloudStorage/OneDrive-SharedLibraries-ThePennsylvaniaStateUniversity/AI Adoption Meta Analysis - Documents/Meta/AI Adoption/PDFs/S156.pdf
S156,BI-SI,BI,SI,0.7,305.0,latest_human_R1_CORRELATIONS,true,true,true,true,true,true,ok,true,/Users/newhosung/Library/CloudStorage/OneDrive-SharedLibraries-ThePennsylvaniaStateUniversity/AI Adoption Meta Analysis - Documents/Meta/AI Adoption/PDFs/S156.pdf
S156,BI-UB,BI,UB,0.71,305.0,latest_human_R1_CORRELATIONS,true,false,true,true,true,true,ok,true,/Users/newhosung/Library/CloudStorage/OneDrive-SharedLibraries-ThePennsylvaniaStateUniversity/AI Adoption Meta Analysis - Documents/Meta/AI Adoption/PDFs/S156.pdf
S156,FC-PE,FC,PE,0.59,305.0,latest_human_R1_CORRELATIONS,true,false,false,true,true,true,ok,true,/Users/newhosung/Library/CloudStorage/OneDrive-SharedLibraries-ThePennsylvaniaStateUniversity/AI Adoption Meta Analysis - Documents/Meta/AI Adoption/PDFs/S156.pdf
S156,FC-SI,FC,SI,0.65,305.0,latest_human_R1_CORRELATIONS,true,true,true,true,true,true,ok,true,/Users/newhosung/Library/CloudStorage/OneDrive-SharedLibraries-ThePennsylvaniaStateUniversity/AI Adoption Meta Analysis - Documents/Meta/AI Adoption/PDFs/S156.pdf
S156,FC-UB,FC,UB,0.64,305.0,latest_human_R1_CORRELATIONS,true,false,false,true,true,true,ok,true,/Users/newhosung/Library/CloudStorage/OneDrive-SharedLibraries-ThePennsylvaniaStateUniversity/AI Adoption Meta Analysis - Documents/Meta/AI Adoption/PDFs/S156.pdf
S156,PE-SI,PE,SI,0.65,305.0,latest_human_R1_CORRELATIONS,true,true,true,true,true,true,ok,true,/Users/newhosung/Library/CloudStorage/OneDrive-SharedLibraries-ThePennsylvaniaStateUniversity/AI Adoption Meta Analysis - Documents/Meta/AI Adoption/PDFs/S156.pdf
S156,PE-UB,PE,UB,0.57,305.0,latest_human_R1_CORRELATIONS,true,false,false,true,true,true,ok,true,/Users/newhosung/Library/CloudStorage/OneDrive-SharedLibraries-ThePennsylvaniaStateUniversity/AI Adoption Meta Analysis - Documents/Meta/AI Adoption/PDFs/S156.pdf
S156,SI-UB,SI,UB,0.72,305.0,latest_human_R1_CORRELATIONS,true,true,true,true,true,true,ok,true,/Users/newhosung/Library/CloudStorage/OneDrive-SharedLibraries-ThePennsylvaniaStateUniversity/AI Adoption Meta Analysis - Documents/Meta/AI Adoption/PDFs/S156.pdf
S030,ATT-BI,ATT,BI,0.613,226.0,latest_human_R1_CORRELATIONS,true,false,false,true,true,true,ok,true,/Users/newhosung/Library/CloudStorage/OneDrive-SharedLibraries-ThePennsylvaniaStateUniversity/AI Adoption Meta Analysis - Documents/Meta/AI Adoption/PDFs/S030.pdf
S030,ATT-EE,ATT,EE,0.556,226.0,latest_human_R1_CORRELATIONS,true,false,false,true,true,true,ok,true,/Users/newhosung/Library/CloudStorage/OneDrive-SharedLibraries-ThePennsylvaniaStateUniversity/AI Adoption Meta Analysis - Documents/Meta/AI Adoption/PDFs/S030.pdf
S030,ATT-FC,ATT,FC,0.571,226.0,latest_human_R1_CORRELATIONS,true,false,false,true,true,true,ok,true,/Users/newhosung/Library/CloudStorage/OneDrive-SharedLibraries-ThePennsylvaniaStateUniversity/AI Adoption Meta Analysis - Documents/Meta/AI Adoption/PDFs/S030.pdf
S030,ATT-PE,ATT,PE,0.504,226.0,latest_human_R1_CORRELATIONS,true,false,false,true,true,true,ok,true,/Users/newhosung/Library/CloudStorage/OneDrive-SharedLibraries-ThePennsylvaniaStateUniversity/AI Adoption Meta Analysis - Documents/Meta/AI Adoption/PDFs/S030.pdf
S030,ATT-SI,ATT,SI,0.666,226.0,latest_human_R1_CORRELATIONS,true,false,false,true,true,true,ok,true,/Users/newhosung/Library/CloudStorage/OneDrive-SharedLibraries-ThePennsylvaniaStateUniversity/AI Adoption Meta Analysis - Documents/Meta/AI Adoption/PDFs/S030.pdf
S030,ATT-TRU,ATT,TRU,0.619,226.0,latest_human_R1_CORRELATIONS,true,false,false,true,true,true,ok,true,/Users/newhosung/Library/CloudStorage/OneDrive-SharedLibraries-ThePennsylvaniaStateUniversity/AI Adoption Meta Analysis - Documents/Meta/AI Adoption/PDFs/S030.pdf
S030,BI-EE,BI,EE,0.555,226.0,latest_human_R1_CORRELATIONS,true,false,false,true,true,true,ok,true,/Users/newhosung/Library/CloudStorage/OneDrive-SharedLibraries-ThePennsylvaniaStateUniversity/AI Adoption Meta Analysis - Documents/Meta/AI Adoption/PDFs/S030.pdf
S030,BI-FC,BI,FC,0.57,226.0,latest_human_R1_CORRELATIONS,true,false,false,true,true,true,ok,true,/Users/newhosung/Library/CloudStorage/OneDrive-SharedLibraries-ThePennsylvaniaStateUniversity/AI Adoption Meta Analysis - Documents/Meta/AI Adoption/PDFs/S030.pdf
S030,BI-PE,BI,PE,0.581,226.0,latest_human_R1_CORRELATIONS,true,false,false,true,true,true,ok,true,/Users/newhosung/Library/CloudStorage/OneDrive-SharedLibraries-ThePennsylvaniaStateUniversity/AI Adoption Meta Analysis - Documents/Meta/AI Adoption/PDFs/S030.pdf
S030,BI-SI,BI,SI,0.703,226.0,latest_human_R1_CORRELATIONS,true,false,false,true,true,true,ok,true,/Users/newhosung/Library/CloudStorage/OneDrive-SharedLibraries-ThePennsylvaniaStateUniversity/AI Adoption Meta Analysis - Documents/Meta/AI Adoption/PDFs/S030.pdf
S030,BI-TRU,BI,TRU,0.612,226.0,latest_human_R1_CORRELATIONS,true,false,false,true,true,true,ok,true,/Users/newhosung/Library/CloudStorage/OneDrive-SharedLibraries-ThePennsylvaniaStateUniversity/AI Adoption Meta Analysis - Documents/Meta/AI Adoption/PDFs/S030.pdf
S030,EE-FC,EE,FC,0.56,226.0,latest_human_R1_CORRELATIONS,true,false,false,true,true,true,ok,true,/Users/newhosung/Library/CloudStorage/OneDrive-SharedLibraries-ThePennsylvaniaStateUniversity/AI Adoption Meta Analysis - Documents/Meta/AI Adoption/PDFs/S030.pdf
S030,EE-PE,EE,PE,0.542,226.0,latest_human_R1_CORRELATIONS,true,false,false,true,true,true,ok,true,/Users/newhosung/Library/CloudStorage/OneDrive-SharedLibraries-ThePennsylvaniaStateUniversity/AI Adoption Meta Analysis - Documents/Meta/AI Adoption/PDFs/S030.pdf
S030,EE-SI,EE,SI,0.674,226.0,latest_human_R1_CORRELATIONS,true,false,false,true,true,true,ok,true,/Users/newhosung/Library/CloudStorage/OneDrive-SharedLibraries-ThePennsylvaniaStateUniversity/AI Adoption Meta Analysis - Documents/Meta/AI Adoption/PDFs/S030.pdf
S030,EE-TRU,EE,TRU,0.636,226.0,latest_human_R1_CORRELATIONS,true,false,false,true,true,true,ok,true,/Users/newhosung/Library/CloudStorage/OneDrive-SharedLibraries-ThePennsylvaniaStateUniversity/AI Adoption Meta Analysis - Documents/Meta/AI Adoption/PDFs/S030.pdf
S030,FC-PE,FC,PE,0.598,226.0,latest_human_R1_CORRELATIONS,true,false,false,true,true,true,ok,true,/Users/newhosung/Library/CloudStorage/OneDrive-SharedLibraries-ThePennsylvaniaStateUniversity/AI Adoption Meta Analysis - Documents/Meta/AI Adoption/PDFs/S030.pdf
S030,FC-SI,FC,SI,0.649,226.0,latest_human_R1_CORRELATIONS,true,false,false,true,true,true,ok,true,/Users/newhosung/Library/CloudStorage/OneDrive-SharedLibraries-ThePennsylvaniaStateUniversity/AI Adoption Meta Analysis - Documents/Meta/AI Adoption/PDFs/S030.pdf
S030,FC-TRU,FC,TRU,0.594,226.0,latest_human_R1_CORRELATIONS,true,false,false,true,true,true,ok,true,/Users/newhosung/Library/CloudStorage/OneDrive-SharedLibraries-ThePennsylvaniaStateUniversity/AI Adoption Meta Analysis - Documents/Meta/AI Adoption/PDFs/S030.pdf
S030,PE-SI,PE,SI,0.635,226.0,latest_human_R1_CORRELATIONS,true,false,false,true,true,true,ok,true,/Users/newhosung/Library/CloudStorage/OneDrive-SharedLibraries-ThePennsylvaniaStateUniversity/AI Adoption Meta Analysis - Documents/Meta/AI Adoption/PDFs/S030.pdf
S030,PE-TRU,PE,TRU,0.539,226.0,latest_human_R1_CORRELATIONS,true,false,false,true,true,true,ok,true,/Users/newhosung/Library/CloudStorage/OneDrive-SharedLibraries-ThePennsylvaniaStateUniversity/AI Adoption Meta Analysis - Documents/Meta/AI Adoption/PDFs/S030.pdf
S030,SI-TRU,SI,TRU,0.646,226.0,latest_human_R1_CORRELATIONS,true,false,false,true,true,true,ok,true,/Users/newhosung/Library/CloudStorage/OneDrive-SharedLibraries-ThePennsylvaniaStateUniversity/AI Adoption Meta Analysis - Documents/Meta/AI Adoption/PDFs/S030.pdf
S201,BI-EE,BI,EE,0.215,238.0,latest_human_R1_CORRELATIONS,true,false,false,true,true,true,ok,true,/Users/newhosung/Library/CloudStorage/OneDrive-SharedLibraries-ThePennsylvaniaStateUniversity/AI Adoption Meta Analysis - Documents/Meta/AI Adoption/PDFs/S201.pdf
S201,BI-PE,BI,PE,0.595,238.0,latest_human_R1_CORRELATIONS,true,false,false,true,true,true,ok,true,/Users/newhosung/Library/CloudStorage/OneDrive-SharedLibraries-ThePennsylvaniaStateUniversity/AI Adoption Meta Analysis - Documents/Meta/AI Adoption/PDFs/S201.pdf
S201,BI-SE,BI,SE,0.269,238.0,latest_human_R1_CORRELATIONS,true,true,true,true,true,true,ok,true,/Users/newhosung/Library/CloudStorage/OneDrive-SharedLibraries-ThePennsylvaniaStateUniversity/AI Adoption Meta Analysis - Documents/Meta/AI Adoption/PDFs/S201.pdf
S201,BI-SI,BI,SI,0.514,238.0,latest_human_R1_CORRELATIONS,true,false,false,true,true,true,ok,true,/Users/newhosung/Library/CloudStorage/OneDrive-SharedLibraries-ThePennsylvaniaStateUniversity/AI Adoption Meta Analysis - Documents/Meta/AI Adoption/PDFs/S201.pdf
S201,EE-PE,EE,PE,0.344,238.0,latest_human_R1_CORRELATIONS,true,false,false,true,true,true,ok,true,/Users/newhosung/Library/CloudStorage/OneDrive-SharedLibraries-ThePennsylvaniaStateUniversity/AI Adoption Meta Analysis - Documents/Meta/AI Adoption/PDFs/S201.pdf
S201,EE-SE,EE,SE,0.577,238.0,latest_human_R1_CORRELATIONS,true,true,true,true,true,true,ok,true,/Users/newhosung/Library/CloudStorage/OneDrive-SharedLibraries-ThePennsylvaniaStateUniversity/AI Adoption Meta Analysis - Documents/Meta/AI Adoption/PDFs/S201.pdf
S201,EE-SI,EE,SI,0.342,238.0,latest_human_R1_CORRELATIONS,true,false,false,true,true,true,ok,true,/Users/newhosung/Library/CloudStorage/OneDrive-SharedLibraries-ThePennsylvaniaStateUniversity/AI Adoption Meta Analysis - Documents/Meta/AI Adoption/PDFs/S201.pdf
S201,PE-SE,PE,SE,0.309,238.0,latest_human_R1_CORRELATIONS,true,true,true,true,true,true,ok,true,/Users/newhosung/Library/CloudStorage/OneDrive-SharedLibraries-ThePennsylvaniaStateUniversity/AI Adoption Meta Analysis - Documents/Meta/AI Adoption/PDFs/S201.pdf
S201,PE-SI,PE,SI,0.494,238.0,latest_human_R1_CORRELATIONS,true,false,false,true,true,true,ok,true,/Users/newhosung/Library/CloudStorage/OneDrive-SharedLibraries-ThePennsylvaniaStateUniversity/AI Adoption Meta Analysis - Documents/Meta/AI Adoption/PDFs/S201.pdf
S201,SE-SI,SE,SI,0.277,238.0,latest_human_R1_CORRELATIONS,true,true,true,true,true,true,ok,true,/Users/newhosung/Library/CloudStorage/OneDrive-SharedLibraries-ThePennsylvaniaStateUniversity/AI Adoption Meta Analysis - Documents/Meta/AI Adoption/PDFs/S201.pdf
S019,PE-TRU,PE,TRU,0.479,572.0,latest_human_R1_CORRELATIONS,true,false,false,true,true,true,ok,true,/Users/newhosung/Library/CloudStorage/OneDrive-SharedLibraries-ThePennsylvaniaStateUniversity/AI Adoption Meta Analysis - Documents/Meta/AI Adoption/PDFs/S019.pdf
S178,BI-EE,BI,EE,0.635,529.0,latest_human_R1_CORRELATIONS,true,false,true,true,true,true,ok,false,/Users/newhosung/Library/CloudStorage/OneDrive-SharedLibraries-ThePennsylvaniaStateUniversity/AI Adoption Meta Analysis - Documents/Meta/AI Adoption/PDFs/S178.pdf
S178,BI-PE,BI,PE,0.649,529.0,latest_human_R1_CORRELATIONS,true,false,true,true,true,true,ok,false,/Users/newhosung/Library/CloudStorage/OneDrive-SharedLibraries-ThePennsylvaniaStateUniversity/AI Adoption Meta Analysis - Documents/Meta/AI Adoption/PDFs/S178.pdf
S178,BI-SI,BI,SI,0.532,529.0,latest_human_R1_CORRELATIONS,true,false,true,true,true,true,ok,true,/Users/newhosung/Library/CloudStorage/OneDrive-SharedLibraries-ThePennsylvaniaStateUniversity/AI Adoption Meta Analysis - Documents/Meta/AI Adoption/PDFs/S178.pdf
S178,BI-TRU,BI,TRU,0.532,529.0,latest_human_R1_CORRELATIONS,true,false,true,true,true,true,ok,true,/Users/newhosung/Library/CloudStorage/OneDrive-SharedLibraries-ThePennsylvaniaStateUniversity/AI Adoption Meta Analysis - Documents/Meta/AI Adoption/PDFs/S178.pdf
S178,EE-PE,EE,PE,0.664,529.0,latest_human_R1_CORRELATIONS,true,false,true,true,true,true,ok,true,/Users/newhosung/Library/CloudStorage/OneDrive-SharedLibraries-ThePennsylvaniaStateUniversity/AI Adoption Meta Analysis - Documents/Meta/AI Adoption/PDFs/S178.pdf
S178,EE-SI,EE,SI,0.506,529.0,latest_human_R1_CORRELATIONS,true,false,true,true,true,true,ok,true,/Users/newhosung/Library/CloudStorage/OneDrive-SharedLibraries-ThePennsylvaniaStateUniversity/AI Adoption Meta Analysis - Documents/Meta/AI Adoption/PDFs/S178.pdf
S178,EE-TRU,EE,TRU,0.518,529.0,latest_human_R1_CORRELATIONS,true,false,true,true,true,true,ok,true,/Users/newhosung/Library/CloudStorage/OneDrive-SharedLibraries-ThePennsylvaniaStateUniversity/AI Adoption Meta Analysis - Documents/Meta/AI Adoption/PDFs/S178.pdf
S178,PE-SI,PE,SI,0.479,529.0,latest_human_R1_CORRELATIONS,true,false,true,true,true,true,ok,true,/Users/newhosung/Library/CloudStorage/OneDrive-SharedLibraries-ThePennsylvaniaStateUniversity/AI Adoption Meta Analysis - Documents/Meta/AI Adoption/PDFs/S178.pdf
S178,PE-TRU,PE,TRU,0.587,529.0,latest_human_R1_CORRELATIONS,true,false,true,true,true,true,ok,false,/Users/newhosung/Library/CloudStorage/OneDrive-SharedLibraries-ThePennsylvaniaStateUniversity/AI Adoption Meta Analysis - Documents/Meta/AI Adoption/PDFs/S178.pdf
S178,SI-TRU,SI,TRU,0.568,529.0,latest_human_R1_CORRELATIONS,true,false,true,true,true,true,ok,false,/Users/newhosung/Library/CloudStorage/OneDrive-SharedLibraries-ThePennsylvaniaStateUniversity/AI Adoption Meta Analysis - Documents/Meta/AI Adoption/PDFs/S178.pdf
S046,ANX-BI,ANX,BI,-0.377,361.0,latest_human_R1_CORRELATIONS,true,true,true,true,false,true,ok,false,/Users/newhosung/Library/CloudStorage/OneDrive-SharedLibraries-ThePennsylvaniaStateUniversity/AI Adoption Meta Analysis - Documents/Meta/AI Adoption/PDFs/S046.pdf
S046,ANX-EE,ANX,EE,-0.423,361.0,latest_human_R1_CORRELATIONS,true,true,true,true,false,true,ok,false,/Users/newhosung/Library/CloudStorage/OneDrive-SharedLibraries-ThePennsylvaniaStateUniversity/AI Adoption Meta Analysis - Documents/Meta/AI Adoption/PDFs/S046.pdf
S046,ANX-PE,ANX,PE,-0.462,361.0,latest_human_R1_CORRELATIONS,true,true,true,true,false,true,ok,false,/Users/newhosung/Library/CloudStorage/OneDrive-SharedLibraries-ThePennsylvaniaStateUniversity/AI Adoption Meta Analysis - Documents/Meta/AI Adoption/PDFs/S046.pdf
S046,ANX-SE,ANX,SE,-0.069,361.0,latest_human_R1_CORRELATIONS,true,true,true,true,false,true,ok,false,/Users/newhosung/Library/CloudStorage/OneDrive-SharedLibraries-ThePennsylvaniaStateUniversity/AI Adoption Meta Analysis - Documents/Meta/AI Adoption/PDFs/S046.pdf
S046,ANX-SI,ANX,SI,-0.032,361.0,latest_human_R1_CORRELATIONS,true,true,true,true,false,true,ok,false,/Users/newhosung/Library/CloudStorage/OneDrive-SharedLibraries-ThePennsylvaniaStateUniversity/AI Adoption Meta Analysis - Documents/Meta/AI Adoption/PDFs/S046.pdf
S046,BI-EE,BI,EE,0.726,361.0,latest_human_R1_CORRELATIONS,true,false,false,true,true,true,ok,true,/Users/newhosung/Library/CloudStorage/OneDrive-SharedLibraries-ThePennsylvaniaStateUniversity/AI Adoption Meta Analysis - Documents/Meta/AI Adoption/PDFs/S046.pdf
S046,BI-PE,BI,PE,0.661,361.0,latest_human_R1_CORRELATIONS,true,false,false,true,true,true,ok,true,/Users/newhosung/Library/CloudStorage/OneDrive-SharedLibraries-ThePennsylvaniaStateUniversity/AI Adoption Meta Analysis - Documents/Meta/AI Adoption/PDFs/S046.pdf
S046,BI-SE,BI,SE,0.442,361.0,latest_human_R1_CORRELATIONS,true,false,false,true,true,true,ok,true,/Users/newhosung/Library/CloudStorage/OneDrive-SharedLibraries-ThePennsylvaniaStateUniversity/AI Adoption Meta Analysis - Documents/Meta/AI Adoption/PDFs/S046.pdf
S046,BI-SI,BI,SI,0.087,361.0,latest_human_R1_CORRELATIONS,true,false,false,true,true,true,ok,true,/Users/newhosung/Library/CloudStorage/OneDrive-SharedLibraries-ThePennsylvaniaStateUniversity/AI Adoption Meta Analysis - Documents/Meta/AI Adoption/PDFs/S046.pdf
S046,EE-PE,EE,PE,0.724,361.0,latest_human_R1_CORRELATIONS,true,false,false,true,true,true,ok,true,/Users/newhosung/Library/CloudStorage/OneDrive-SharedLibraries-ThePennsylvaniaStateUniversity/AI Adoption Meta Analysis - Documents/Meta/AI Adoption/PDFs/S046.pdf
S046,EE-SE,EE,SE,0.537,361.0,latest_human_R1_CORRELATIONS,true,false,false,true,true,true,ok,true,/Users/newhosung/Library/CloudStorage/OneDrive-SharedLibraries-ThePennsylvaniaStateUniversity/AI Adoption Meta Analysis - Documents/Meta/AI Adoption/PDFs/S046.pdf
S046,EE-SI,EE,SI,0.031,361.0,latest_human_R1_CORRELATIONS,true,false,false,true,true,true,ok,true,/Users/newhosung/Library/CloudStorage/OneDrive-SharedLibraries-ThePennsylvaniaStateUniversity/AI Adoption Meta Analysis - Documents/Meta/AI Adoption/PDFs/S046.pdf
S046,PE-SE,PE,SE,0.508,361.0,latest_human_R1_CORRELATIONS,true,false,false,true,true,true,ok,true,/Users/newhosung/Library/CloudStorage/OneDrive-SharedLibraries-ThePennsylvaniaStateUniversity/AI Adoption Meta Analysis - Documents/Meta/AI Adoption/PDFs/S046.pdf
S046,PE-SI,PE,SI,0.383,361.0,latest_human_R1_CORRELATIONS,true,false,false,true,true,true,ok,true,/Users/newhosung/Library/CloudStorage/OneDrive-SharedLibraries-ThePennsylvaniaStateUniversity/AI Adoption Meta Analysis - Documents/Meta/AI Adoption/PDFs/S046.pdf
S046,SE-SI,SE,SI,0.04,361.0,latest_human_R1_CORRELATIONS,true,false,false,true,true,true,ok,true,/Users/newhosung/Library/CloudStorage/OneDrive-SharedLibraries-ThePennsylvaniaStateUniversity/AI Adoption Meta Analysis - Documents/Meta/AI Adoption/PDFs/S046.pdf
S053,BI-EE,BI,EE,0.155,445.0,latest_human_R1_CORRELATIONS,true,false,false,true,true,true,ok,true,/Users/newhosung/Library/CloudStorage/OneDrive-SharedLibraries-ThePennsylvaniaStateUniversity/AI Adoption Meta Analysis - Documents/Meta/AI Adoption/R1/PDFs/S053.pdf
S053,BI-PE,BI,PE,0.596,445.0,latest_human_R1_CORRELATIONS,true,false,false,true,false,true,ok,true,/Users/newhosung/Library/CloudStorage/OneDrive-SharedLibraries-ThePennsylvaniaStateUniversity/AI Adoption Meta Analysis - Documents/Meta/AI Adoption/R1/PDFs/S053.pdf
S053,BI-SE,BI,SE,0.429,445.0,latest_human_R1_CORRELATIONS,true,false,false,true,true,true,ok,true,/Users/newhosung/Library/CloudStorage/OneDrive-SharedLibraries-ThePennsylvaniaStateUniversity/AI Adoption Meta Analysis - Documents/Meta/AI Adoption/R1/PDFs/S053.pdf
S053,BI-UB,BI,UB,0.236,445.0,latest_human_R1_CORRELATIONS,true,false,false,true,true,true,ok,true,/Users/newhosung/Library/CloudStorage/OneDrive-SharedLibraries-ThePennsylvaniaStateUniversity/AI Adoption Meta Analysis - Documents/Meta/AI Adoption/R1/PDFs/S053.pdf
S053,EE-PE,EE,PE,0.103,445.0,latest_human_R1_CORRELATIONS,true,false,false,true,true,true,ok,true,/Users/newhosung/Library/CloudStorage/OneDrive-SharedLibraries-ThePennsylvaniaStateUniversity/AI Adoption Meta Analysis - Documents/Meta/AI Adoption/R1/PDFs/S053.pdf
S053,EE-SE,EE,SE,0.113,445.0,latest_human_R1_CORRELATIONS,true,false,false,true,true,true,ok,true,/Users/newhosung/Library/CloudStorage/OneDrive-SharedLibraries-ThePennsylvaniaStateUniversity/AI Adoption Meta Analysis - Documents/Meta/AI Adoption/R1/PDFs/S053.pdf
S053,EE-UB,EE,UB,-0.032,445.0,latest_human_R1_CORRELATIONS,true,false,false,true,false,true,ok,false,/Users/newhosung/Library/CloudStorage/OneDrive-SharedLibraries-ThePennsylvaniaStateUniversity/AI Adoption Meta Analysis - Documents/Meta/AI Adoption/R1/PDFs/S053.pdf
S053,PE-SE,PE,SE,0.453,445.0,latest_human_R1_CORRELATIONS,true,false,false,true,false,true,ok,true,/Users/newhosung/Library/CloudStorage/OneDrive-SharedLibraries-ThePennsylvaniaStateUniversity/AI Adoption Meta Analysis - Documents/Meta/AI Adoption/R1/PDFs/S053.pdf
S053,PE-UB,PE,UB,0.185,445.0,latest_human_R1_CORRELATIONS,true,false,false,true,true,true,ok,true,/Users/newhosung/Library/CloudStorage/OneDrive-SharedLibraries-ThePennsylvaniaStateUniversity/AI Adoption Meta Analysis - Documents/Meta/AI Adoption/R1/PDFs/S053.pdf
S053,SE-UB,SE,UB,0.131,445.0,latest_human_R1_CORRELATIONS,true,false,false,true,true,true,ok,true,/Users/newhosung/Library/CloudStorage/OneDrive-SharedLibraries-ThePennsylvaniaStateUniversity/AI Adoption Meta Analysis - Documents/Meta/AI Adoption/R1/PDFs/S053.pdf
S095,EE-FC,EE,FC,0.704,1055.0,latest_human_R1_CORRELATIONS,true,false,true,true,false,true,ok,true,/Users/newhosung/Library/CloudStorage/OneDrive-SharedLibraries-ThePennsylvaniaStateUniversity/AI Adoption Meta Analysis - Documents/Meta/AI Adoption/PDFs/S095.pdf
S095,EE-PE,EE,PE,0.644,1055.0,latest_human_R1_CORRELATIONS,true,false,true,true,false,true,ok,true,/Users/newhosung/Library/CloudStorage/OneDrive-SharedLibraries-ThePennsylvaniaStateUniversity/AI Adoption Meta Analysis - Documents/Meta/AI Adoption/PDFs/S095.pdf
S095,FC-SI,FC,SI,0.692,1055.0,latest_human_R1_CORRELATIONS,true,false,true,true,false,true,ok,true,/Users/newhosung/Library/CloudStorage/OneDrive-SharedLibraries-ThePennsylvaniaStateUniversity/AI Adoption Meta Analysis - Documents/Meta/AI Adoption/PDFs/S095.pdf
S095,PE-SI,PE,SI,0.672,1055.0,latest_human_R1_CORRELATIONS,true,false,true,true,false,true,ok,true,/Users/newhosung/Library/CloudStorage/OneDrive-SharedLibraries-ThePennsylvaniaStateUniversity/AI Adoption Meta Analysis - Documents/Meta/AI Adoption/PDFs/S095.pdf
S102,ANX-BI,ANX,BI,0.203,284.0,latest_human_R1_CORRELATIONS,true,true,true,true,true,true,ok,true,/Users/newhosung/Library/CloudStorage/OneDrive-SharedLibraries-ThePennsylvaniaStateUniversity/AI Adoption Meta Analysis - Documents/Meta/AI Adoption/PDFs/S102.pdf
S102,ANX-EE,ANX,EE,0.108,284.0,latest_human_R1_CORRELATIONS,true,true,true,true,true,true,ok,true,/Users/newhosung/Library/CloudStorage/OneDrive-SharedLibraries-ThePennsylvaniaStateUniversity/AI Adoption Meta Analysis - Documents/Meta/AI Adoption/PDFs/S102.pdf
S102,ANX-PE,ANX,PE,0.136,284.0,latest_human_R1_CORRELATIONS,true,true,true,true,true,true,ok,true,/Users/newhosung/Library/CloudStorage/OneDrive-SharedLibraries-ThePennsylvaniaStateUniversity/AI Adoption Meta Analysis - Documents/Meta/AI Adoption/PDFs/S102.pdf
S102,ANX-TRU,ANX,TRU,0.027,284.0,latest_human_R1_CORRELATIONS,true,true,true,true,true,true,ok,true,/Users/newhosung/Library/CloudStorage/OneDrive-SharedLibraries-ThePennsylvaniaStateUniversity/AI Adoption Meta Analysis - Documents/Meta/AI Adoption/PDFs/S102.pdf
S102,BI-EE,BI,EE,0.712,284.0,latest_human_R1_CORRELATIONS,true,false,false,true,true,true,ok,true,/Users/newhosung/Library/CloudStorage/OneDrive-SharedLibraries-ThePennsylvaniaStateUniversity/AI Adoption Meta Analysis - Documents/Meta/AI Adoption/PDFs/S102.pdf
S102,BI-PE,BI,PE,0.682,284.0,latest_human_R1_CORRELATIONS,true,false,false,true,true,true,ok,true,/Users/newhosung/Library/CloudStorage/OneDrive-SharedLibraries-ThePennsylvaniaStateUniversity/AI Adoption Meta Analysis - Documents/Meta/AI Adoption/PDFs/S102.pdf
S102,BI-TRU,BI,TRU,0.368,284.0,latest_human_R1_CORRELATIONS,true,false,false,true,true,true,ok,true,/Users/newhosung/Library/CloudStorage/OneDrive-SharedLibraries-ThePennsylvaniaStateUniversity/AI Adoption Meta Analysis - Documents/Meta/AI Adoption/PDFs/S102.pdf
S102,EE-PE,EE,PE,0.63,284.0,latest_human_R1_CORRELATIONS,true,false,false,true,true,true,ok,true,/Users/newhosung/Library/CloudStorage/OneDrive-SharedLibraries-ThePennsylvaniaStateUniversity/AI Adoption Meta Analysis - Documents/Meta/AI Adoption/PDFs/S102.pdf
S102,EE-TRU,EE,TRU,0.435,284.0,latest_human_R1_CORRELATIONS,true,false,false,true,true,true,ok,true,/Users/newhosung/Library/CloudStorage/OneDrive-SharedLibraries-ThePennsylvaniaStateUniversity/AI Adoption Meta Analysis - Documents/Meta/AI Adoption/PDFs/S102.pdf
S102,PE-TRU,PE,TRU,0.46,284.0,latest_human_R1_CORRELATIONS,true,false,false,true,true,true,ok,true,/Users/newhosung/Library/CloudStorage/OneDrive-SharedLibraries-ThePennsylvaniaStateUniversity/AI Adoption Meta Analysis - Documents/Meta/AI Adoption/PDFs/S102.pdf
S018,ATT-BI,ATT,BI,0.88,748.0,latest_human_R1_CORRELATIONS,true,false,false,true,true,true,ok,true,/Users/newhosung/Library/CloudStorage/OneDrive-SharedLibraries-ThePennsylvaniaStateUniversity/AI Adoption Meta Analysis - Documents/Meta/AI Adoption/PDFs/S018.pdf
S018,ATT-EE,ATT,EE,0.847,748.0,latest_human_R1_CORRELATIONS,true,false,false,true,true,true,ok,true,/Users/newhosung/Library/CloudStorage/OneDrive-SharedLibraries-ThePennsylvaniaStateUniversity/AI Adoption Meta Analysis - Documents/Meta/AI Adoption/PDFs/S018.pdf
S018,ATT-PE,ATT,PE,0.893,748.0,latest_human_R1_CORRELATIONS,true,false,false,true,true,true,ok,true,/Users/newhosung/Library/CloudStorage/OneDrive-SharedLibraries-ThePennsylvaniaStateUniversity/AI Adoption Meta Analysis - Documents/Meta/AI Adoption/PDFs/S018.pdf
S018,ATT-SI,ATT,SI,0.653,748.0,latest_human_R1_CORRELATIONS,true,false,false,true,true,true,ok,true,/Users/newhosung/Library/CloudStorage/OneDrive-SharedLibraries-ThePennsylvaniaStateUniversity/AI Adoption Meta Analysis - Documents/Meta/AI Adoption/PDFs/S018.pdf
S018,BI-EE,BI,EE,0.832,748.0,latest_human_R1_CORRELATIONS,true,false,false,true,true,true,ok,true,/Users/newhosung/Library/CloudStorage/OneDrive-SharedLibraries-ThePennsylvaniaStateUniversity/AI Adoption Meta Analysis - Documents/Meta/AI Adoption/PDFs/S018.pdf
S018,BI-PE,BI,PE,0.867,748.0,latest_human_R1_CORRELATIONS,true,false,false,true,true,true,ok,true,/Users/newhosung/Library/CloudStorage/OneDrive-SharedLibraries-ThePennsylvaniaStateUniversity/AI Adoption Meta Analysis - Documents/Meta/AI Adoption/PDFs/S018.pdf
S018,BI-SI,BI,SI,0.659,748.0,latest_human_R1_CORRELATIONS,true,false,false,true,false,true,ok,true,/Users/newhosung/Library/CloudStorage/OneDrive-SharedLibraries-ThePennsylvaniaStateUniversity/AI Adoption Meta Analysis - Documents/Meta/AI Adoption/PDFs/S018.pdf
S018,EE-PE,EE,PE,0.856,748.0,latest_human_R1_CORRELATIONS,true,false,false,true,true,true,ok,true,/Users/newhosung/Library/CloudStorage/OneDrive-SharedLibraries-ThePennsylvaniaStateUniversity/AI Adoption Meta Analysis - Documents/Meta/AI Adoption/PDFs/S018.pdf
S018,EE-SI,EE,SI,0.671,748.0,latest_human_R1_CORRELATIONS,true,false,false,true,true,true,ok,true,/Users/newhosung/Library/CloudStorage/OneDrive-SharedLibraries-ThePennsylvaniaStateUniversity/AI Adoption Meta Analysis - Documents/Meta/AI Adoption/PDFs/S018.pdf
S018,PE-SI,PE,SI,0.642,748.0,latest_human_R1_CORRELATIONS,true,false,false,true,true,true,ok,true,/Users/newhosung/Library/CloudStorage/OneDrive-SharedLibraries-ThePennsylvaniaStateUniversity/AI Adoption Meta Analysis - Documents/Meta/AI Adoption/PDFs/S018.pdf
S190,ANX-ATT,ANX,ATT,0.64,330.0,latest_human_R1_CORRELATIONS,true,true,true,true,true,true,ok,true,/Users/newhosung/Library/CloudStorage/OneDrive-SharedLibraries-ThePennsylvaniaStateUniversity/AI Adoption Meta Analysis - Documents/Meta/AI Adoption/PDFs/S190.pdf
S190,ANX-BI,ANX,BI,0.45,330.0,latest_human_R1_CORRELATIONS,true,true,true,true,true,true,ok,true,/Users/newhosung/Library/CloudStorage/OneDrive-SharedLibraries-ThePennsylvaniaStateUniversity/AI Adoption Meta Analysis - Documents/Meta/AI Adoption/PDFs/S190.pdf
S190,ANX-EE,ANX,EE,0.49,330.0,latest_human_R1_CORRELATIONS,true,true,true,true,true,true,ok,true,/Users/newhosung/Library/CloudStorage/OneDrive-SharedLibraries-ThePennsylvaniaStateUniversity/AI Adoption Meta Analysis - Documents/Meta/AI Adoption/PDFs/S190.pdf
S190,ANX-FC,ANX,FC,0.64,330.0,latest_human_R1_CORRELATIONS,true,true,true,true,true,true,ok,true,/Users/newhosung/Library/CloudStorage/OneDrive-SharedLibraries-ThePennsylvaniaStateUniversity/AI Adoption Meta Analysis - Documents/Meta/AI Adoption/PDFs/S190.pdf
S190,ANX-PE,ANX,PE,0.48,330.0,latest_human_R1_CORRELATIONS,true,true,true,true,true,true,ok,true,/Users/newhosung/Library/CloudStorage/OneDrive-SharedLibraries-ThePennsylvaniaStateUniversity/AI Adoption Meta Analysis - Documents/Meta/AI Adoption/PDFs/S190.pdf
S190,ANX-SI,ANX,SI,0.39,330.0,latest_human_R1_CORRELATIONS,true,true,true,true,true,true,ok,true,/Users/newhosung/Library/CloudStorage/OneDrive-SharedLibraries-ThePennsylvaniaStateUniversity/AI Adoption Meta Analysis - Documents/Meta/AI Adoption/PDFs/S190.pdf
S190,ATT-BI,ATT,BI,0.39,330.0,latest_human_R1_CORRELATIONS,true,true,true,true,true,true,ok,true,/Users/newhosung/Library/CloudStorage/OneDrive-SharedLibraries-ThePennsylvaniaStateUniversity/AI Adoption Meta Analysis - Documents/Meta/AI Adoption/PDFs/S190.pdf
S190,ATT-EE,ATT,EE,0.64,330.0,latest_human_R1_CORRELATIONS,true,true,true,true,true,true,ok,true,/Users/newhosung/Library/CloudStorage/OneDrive-SharedLibraries-ThePennsylvaniaStateUniversity/AI Adoption Meta Analysis - Documents/Meta/AI Adoption/PDFs/S190.pdf
S190,ATT-FC,ATT,FC,0.6,330.0,latest_human_R1_CORRELATIONS,true,true,true,true,true,true,ok,true,/Users/newhosung/Library/CloudStorage/OneDrive-SharedLibraries-ThePennsylvaniaStateUniversity/AI Adoption Meta Analysis - Documents/Meta/AI Adoption/PDFs/S190.pdf
S190,ATT-PE,ATT,PE,0.58,330.0,latest_human_R1_CORRELATIONS,true,true,true,true,true,true,ok,true,/Users/newhosung/Library/CloudStorage/OneDrive-SharedLibraries-ThePennsylvaniaStateUniversity/AI Adoption Meta Analysis - Documents/Meta/AI Adoption/PDFs/S190.pdf
S190,ATT-SI,ATT,SI,0.5,330.0,latest_human_R1_CORRELATIONS,true,true,true,true,true,true,ok,true,/Users/newhosung/Library/CloudStorage/OneDrive-SharedLibraries-ThePennsylvaniaStateUniversity/AI Adoption Meta Analysis - Documents/Meta/AI Adoption/PDFs/S190.pdf
S190,BI-EE,BI,EE,0.53,330.0,latest_human_R1_CORRELATIONS,true,false,false,true,true,true,ok,true,/Users/newhosung/Library/CloudStorage/OneDrive-SharedLibraries-ThePennsylvaniaStateUniversity/AI Adoption Meta Analysis - Documents/Meta/AI Adoption/PDFs/S190.pdf
S190,BI-FC,BI,FC,0.64,330.0,latest_human_R1_CORRELATIONS,true,true,true,true,true,true,ok,true,/Users/newhosung/Library/CloudStorage/OneDrive-SharedLibraries-ThePennsylvaniaStateUniversity/AI Adoption Meta Analysis - Documents/Meta/AI Adoption/PDFs/S190.pdf
S190,BI-PE,BI,PE,0.54,330.0,latest_human_R1_CORRELATIONS,true,false,false,true,true,true,ok,true,/Users/newhosung/Library/CloudStorage/OneDrive-SharedLibraries-ThePennsylvaniaStateUniversity/AI Adoption Meta Analysis - Documents/Meta/AI Adoption/PDFs/S190.pdf
S190,BI-SI,BI,SI,0.62,330.0,latest_human_R1_CORRELATIONS,true,false,false,true,true,true,ok,true,/Users/newhosung/Library/CloudStorage/OneDrive-SharedLibraries-ThePennsylvaniaStateUniversity/AI Adoption Meta Analysis - Documents/Meta/AI Adoption/PDFs/S190.pdf
S190,EE-FC,EE,FC,0.63,330.0,latest_human_R1_CORRELATIONS,true,true,true,true,true,true,ok,true,/Users/newhosung/Library/CloudStorage/OneDrive-SharedLibraries-ThePennsylvaniaStateUniversity/AI Adoption Meta Analysis - Documents/Meta/AI Adoption/PDFs/S190.pdf
S190,EE-PE,EE,PE,0.7,330.0,latest_human_R1_CORRELATIONS,true,false,false,true,true,true,ok,true,/Users/newhosung/Library/CloudStorage/OneDrive-SharedLibraries-ThePennsylvaniaStateUniversity/AI Adoption Meta Analysis - Documents/Meta/AI Adoption/PDFs/S190.pdf
S190,EE-SI,EE,SI,0.51,330.0,latest_human_R1_CORRELATIONS,true,false,false,true,true,true,ok,true,/Users/newhosung/Library/CloudStorage/OneDrive-SharedLibraries-ThePennsylvaniaStateUniversity/AI Adoption Meta Analysis - Documents/Meta/AI Adoption/PDFs/S190.pdf
S190,FC-PE,FC,PE,0.61,330.0,latest_human_R1_CORRELATIONS,true,true,true,true,true,true,ok,true,/Users/newhosung/Library/CloudStorage/OneDrive-SharedLibraries-ThePennsylvaniaStateUniversity/AI Adoption Meta Analysis - Documents/Meta/AI Adoption/PDFs/S190.pdf
S190,FC-SI,FC,SI,0.71,330.0,latest_human_R1_CORRELATIONS,true,true,true,true,true,true,ok,true,/Users/newhosung/Library/CloudStorage/OneDrive-SharedLibraries-ThePennsylvaniaStateUniversity/AI Adoption Meta Analysis - Documents/Meta/AI Adoption/PDFs/S190.pdf
S190,PE-SI,PE,SI,0.47,330.0,latest_human_R1_CORRELATIONS,true,false,false,true,true,true,ok,true,/Users/newhosung/Library/CloudStorage/OneDrive-SharedLibraries-ThePennsylvaniaStateUniversity/AI Adoption Meta Analysis - Documents/Meta/AI Adoption/PDFs/S190.pdf
S076,ATT-BI,ATT,BI,0.815,526.0,latest_human_R1_CORRELATIONS,true,false,false,true,true,true,ok,true,/Users/newhosung/Library/CloudStorage/OneDrive-SharedLibraries-ThePennsylvaniaStateUniversity/AI Adoption Meta Analysis - Documents/Meta/AI Adoption/PDFs/S076.pdf
S076,ATT-EE,ATT,EE,0.74,526.0,latest_human_R1_CORRELATIONS,true,false,false,true,true,true,ok,true,/Users/newhosung/Library/CloudStorage/OneDrive-SharedLibraries-ThePennsylvaniaStateUniversity/AI Adoption Meta Analysis - Documents/Meta/AI Adoption/PDFs/S076.pdf
S076,ATT-FC,ATT,FC,0.664,526.0,latest_human_R1_CORRELATIONS,true,false,false,true,true,true,ok,true,/Users/newhosung/Library/CloudStorage/OneDrive-SharedLibraries-ThePennsylvaniaStateUniversity/AI Adoption Meta Analysis - Documents/Meta/AI Adoption/PDFs/S076.pdf
S076,ATT-PE,ATT,PE,0.743,526.0,latest_human_R1_CORRELATIONS,true,false,false,true,true,true,ok,true,/Users/newhosung/Library/CloudStorage/OneDrive-SharedLibraries-ThePennsylvaniaStateUniversity/AI Adoption Meta Analysis - Documents/Meta/AI Adoption/PDFs/S076.pdf
S076,ATT-SI,ATT,SI,0.752,526.0,latest_human_R1_CORRELATIONS,true,false,false,true,true,true,ok,true,/Users/newhosung/Library/CloudStorage/OneDrive-SharedLibraries-ThePennsylvaniaStateUniversity/AI Adoption Meta Analysis - Documents/Meta/AI Adoption/PDFs/S076.pdf
S076,BI-EE,BI,EE,0.67,526.0,latest_human_R1_CORRELATIONS,true,false,false,true,true,true,ok,true,/Users/newhosung/Library/CloudStorage/OneDrive-SharedLibraries-ThePennsylvaniaStateUniversity/AI Adoption Meta Analysis - Documents/Meta/AI Adoption/PDFs/S076.pdf
S076,BI-FC,BI,FC,0.558,526.0,latest_human_R1_CORRELATIONS,true,false,false,true,true,true,ok,true,/Users/newhosung/Library/CloudStorage/OneDrive-SharedLibraries-ThePennsylvaniaStateUniversity/AI Adoption Meta Analysis - Documents/Meta/AI Adoption/PDFs/S076.pdf
S076,BI-PE,BI,PE,0.702,526.0,latest_human_R1_CORRELATIONS,true,false,false,true,true,true,ok,true,/Users/newhosung/Library/CloudStorage/OneDrive-SharedLibraries-ThePennsylvaniaStateUniversity/AI Adoption Meta Analysis - Documents/Meta/AI Adoption/PDFs/S076.pdf
S076,BI-SI,BI,SI,0.759,526.0,latest_human_R1_CORRELATIONS,true,false,false,true,true,true,ok,true,/Users/newhosung/Library/CloudStorage/OneDrive-SharedLibraries-ThePennsylvaniaStateUniversity/AI Adoption Meta Analysis - Documents/Meta/AI Adoption/PDFs/S076.pdf
S076,EE-FC,EE,FC,0.731,526.0,latest_human_R1_CORRELATIONS,true,false,false,true,true,true,ok,true,/Users/newhosung/Library/CloudStorage/OneDrive-SharedLibraries-ThePennsylvaniaStateUniversity/AI Adoption Meta Analysis - Documents/Meta/AI Adoption/PDFs/S076.pdf
S076,EE-PE,EE,PE,0.787,526.0,latest_human_R1_CORRELATIONS,true,false,false,true,true,true,ok,true,/Users/newhosung/Library/CloudStorage/OneDrive-SharedLibraries-ThePennsylvaniaStateUniversity/AI Adoption Meta Analysis - Documents/Meta/AI Adoption/PDFs/S076.pdf
S076,EE-SI,EE,SI,0.739,526.0,latest_human_R1_CORRELATIONS,true,false,false,true,true,true,ok,true,/Users/newhosung/Library/CloudStorage/OneDrive-SharedLibraries-ThePennsylvaniaStateUniversity/AI Adoption Meta Analysis - Documents/Meta/AI Adoption/PDFs/S076.pdf
S076,FC-PE,FC,PE,0.658,526.0,latest_human_R1_CORRELATIONS,true,false,false,true,true,true,ok,true,/Users/newhosung/Library/CloudStorage/OneDrive-SharedLibraries-ThePennsylvaniaStateUniversity/AI Adoption Meta Analysis - Documents/Meta/AI Adoption/PDFs/S076.pdf
S076,FC-SI,FC,SI,0.67,526.0,latest_human_R1_CORRELATIONS,true,false,false,true,true,true,ok,true,/Users/newhosung/Library/CloudStorage/OneDrive-SharedLibraries-ThePennsylvaniaStateUniversity/AI Adoption Meta Analysis - Documents/Meta/AI Adoption/PDFs/S076.pdf
S076,PE-SI,PE,SI,0.746,526.0,latest_human_R1_CORRELATIONS,true,false,false,true,true,true,ok,true,/Users/newhosung/Library/CloudStorage/OneDrive-SharedLibraries-ThePennsylvaniaStateUniversity/AI Adoption Meta Analysis - Documents/Meta/AI Adoption/PDFs/S076.pdf
S164,ATT-BI,ATT,BI,0.85,2078.0,latest_human_R1_CORRELATIONS,true,false,false,true,true,true,ok,true,/Users/newhosung/Library/CloudStorage/OneDrive-SharedLibraries-ThePennsylvaniaStateUniversity/AI Adoption Meta Analysis - Documents/Meta/AI Adoption/PDFs/S164.pdf
S164,ATT-EE,ATT,EE,0.763,2078.0,latest_human_R1_CORRELATIONS,true,false,false,true,false,true,ok,true,/Users/newhosung/Library/CloudStorage/OneDrive-SharedLibraries-ThePennsylvaniaStateUniversity/AI Adoption Meta Analysis - Documents/Meta/AI Adoption/PDFs/S164.pdf
S164,ATT-FC,ATT,FC,0.833,2078.0,latest_human_R1_CORRELATIONS,true,false,false,true,true,true,ok,true,/Users/newhosung/Library/CloudStorage/OneDrive-SharedLibraries-ThePennsylvaniaStateUniversity/AI Adoption Meta Analysis - Documents/Meta/AI Adoption/PDFs/S164.pdf
S164,ATT-PE,ATT,PE,0.714,2078.0,latest_human_R1_CORRELATIONS,true,false,false,true,true,true,ok,true,/Users/newhosung/Library/CloudStorage/OneDrive-SharedLibraries-ThePennsylvaniaStateUniversity/AI Adoption Meta Analysis - Documents/Meta/AI Adoption/PDFs/S164.pdf
S164,ATT-SI,ATT,SI,-0.031,2078.0,latest_human_R1_CORRELATIONS,true,true,true,true,false,true,ok,false,/Users/newhosung/Library/CloudStorage/OneDrive-SharedLibraries-ThePennsylvaniaStateUniversity/AI Adoption Meta Analysis - Documents/Meta/AI Adoption/PDFs/S164.pdf
S164,ATT-UB,ATT,UB,0.784,2078.0,latest_human_R1_CORRELATIONS,true,false,false,true,true,true,ok,true,/Users/newhosung/Library/CloudStorage/OneDrive-SharedLibraries-ThePennsylvaniaStateUniversity/AI Adoption Meta Analysis - Documents/Meta/AI Adoption/PDFs/S164.pdf
S164,BI-EE,BI,EE,0.729,2078.0,latest_human_R1_CORRELATIONS,true,false,false,true,true,true,ok,true,/Users/newhosung/Library/CloudStorage/OneDrive-SharedLibraries-ThePennsylvaniaStateUniversity/AI Adoption Meta Analysis - Documents/Meta/AI Adoption/PDFs/S164.pdf
S164,BI-FC,BI,FC,0.82,2078.0,latest_human_R1_CORRELATIONS,true,false,false,true,true,true,ok,true,/Users/newhosung/Library/CloudStorage/OneDrive-SharedLibraries-ThePennsylvaniaStateUniversity/AI Adoption Meta Analysis - Documents/Meta/AI Adoption/PDFs/S164.pdf
S164,BI-PE,BI,PE,0.687,2078.0,latest_human_R1_CORRELATIONS,true,false,false,true,true,true,ok,true,/Users/newhosung/Library/CloudStorage/OneDrive-SharedLibraries-ThePennsylvaniaStateUniversity/AI Adoption Meta Analysis - Documents/Meta/AI Adoption/PDFs/S164.pdf
S164,BI-SI,BI,SI,-0.03,2078.0,latest_human_R1_CORRELATIONS,true,true,true,true,false,true,ok,false,/Users/newhosung/Library/CloudStorage/OneDrive-SharedLibraries-ThePennsylvaniaStateUniversity/AI Adoption Meta Analysis - Documents/Meta/AI Adoption/PDFs/S164.pdf
S164,BI-UB,BI,UB,0.806,2078.0,latest_human_R1_CORRELATIONS,true,false,false,true,true,true,ok,true,/Users/newhosung/Library/CloudStorage/OneDrive-SharedLibraries-ThePennsylvaniaStateUniversity/AI Adoption Meta Analysis - Documents/Meta/AI Adoption/PDFs/S164.pdf
S164,EE-FC,EE,FC,0.742,2078.0,latest_human_R1_CORRELATIONS,true,false,false,true,true,true,ok,true,/Users/newhosung/Library/CloudStorage/OneDrive-SharedLibraries-ThePennsylvaniaStateUniversity/AI Adoption Meta Analysis - Documents/Meta/AI Adoption/PDFs/S164.pdf
S164,EE-PE,EE,PE,0.716,2078.0,latest_human_R1_CORRELATIONS,true,false,false,true,true,true,ok,true,/Users/newhosung/Library/CloudStorage/OneDrive-SharedLibraries-ThePennsylvaniaStateUniversity/AI Adoption Meta Analysis - Documents/Meta/AI Adoption/PDFs/S164.pdf
S164,EE-SI,EE,SI,-0.024,2078.0,latest_human_R1_CORRELATIONS,true,true,true,true,false,true,ok,false,/Users/newhosung/Library/CloudStorage/OneDrive-SharedLibraries-ThePennsylvaniaStateUniversity/AI Adoption Meta Analysis - Documents/Meta/AI Adoption/PDFs/S164.pdf
S164,EE-UB,EE,UB,0.659,2078.0,latest_human_R1_CORRELATIONS,true,false,false,true,true,true,ok,true,/Users/newhosung/Library/CloudStorage/OneDrive-SharedLibraries-ThePennsylvaniaStateUniversity/AI Adoption Meta Analysis - Documents/Meta/AI Adoption/PDFs/S164.pdf
S164,FC-PE,FC,PE,0.632,2078.0,latest_human_R1_CORRELATIONS,true,false,false,true,true,true,ok,true,/Users/newhosung/Library/CloudStorage/OneDrive-SharedLibraries-ThePennsylvaniaStateUniversity/AI Adoption Meta Analysis - Documents/Meta/AI Adoption/PDFs/S164.pdf
S164,FC-SI,FC,SI,-0.011,2078.0,latest_human_R1_CORRELATIONS,true,true,true,true,false,true,ok,false,/Users/newhosung/Library/CloudStorage/OneDrive-SharedLibraries-ThePennsylvaniaStateUniversity/AI Adoption Meta Analysis - Documents/Meta/AI Adoption/PDFs/S164.pdf
S164,FC-UB,FC,UB,0.751,2078.0,latest_human_R1_CORRELATIONS,true,false,false,true,true,true,ok,true,/Users/newhosung/Library/CloudStorage/OneDrive-SharedLibraries-ThePennsylvaniaStateUniversity/AI Adoption Meta Analysis - Documents/Meta/AI Adoption/PDFs/S164.pdf
S164,PE-SI,PE,SI,-0.021,2078.0,latest_human_R1_CORRELATIONS,true,true,true,true,false,true,ok,false,/Users/newhosung/Library/CloudStorage/OneDrive-SharedLibraries-ThePennsylvaniaStateUniversity/AI Adoption Meta Analysis - Documents/Meta/AI Adoption/PDFs/S164.pdf
S164,PE-UB,PE,UB,-0.031,2078.0,latest_human_R1_CORRELATIONS,true,true,true,true,false,true,ok,false,/Users/newhosung/Library/CloudStorage/OneDrive-SharedLibraries-ThePennsylvaniaStateUniversity/AI Adoption Meta Analysis - Documents/Meta/AI Adoption/PDFs/S164.pdf
S164,SI-UB,SI,UB,-0.005,2078.0,latest_human_R1_CORRELATIONS,true,true,true,true,false,true,ok,false,/Users/newhosung/Library/CloudStorage/OneDrive-SharedLibraries-ThePennsylvaniaStateUniversity/AI Adoption Meta Analysis - Documents/Meta/AI Adoption/PDFs/S164.pdf
S091,ATT-BI,ATT,BI,0.478,382.0,latest_human_R1_CORRELATIONS,true,false,false,true,true,true,ok,true,/Users/newhosung/Library/CloudStorage/OneDrive-SharedLibraries-ThePennsylvaniaStateUniversity/AI Adoption Meta Analysis - Documents/Meta/AI Adoption/PDFs/S091.pdf
S091,ATT-FC,ATT,FC,0.687,382.0,latest_human_R1_CORRELATIONS,true,false,false,true,true,true,ok,true,/Users/newhosung/Library/CloudStorage/OneDrive-SharedLibraries-ThePennsylvaniaStateUniversity/AI Adoption Meta Analysis - Documents/Meta/AI Adoption/PDFs/S091.pdf
S091,ATT-PE,ATT,PE,0.748,382.0,latest_human_R1_CORRELATIONS,true,false,false,true,true,true,ok,true,/Users/newhosung/Library/CloudStorage/OneDrive-SharedLibraries-ThePennsylvaniaStateUniversity/AI Adoption Meta Analysis - Documents/Meta/AI Adoption/PDFs/S091.pdf
S091,BI-FC,BI,FC,0.516,382.0,latest_human_R1_CORRELATIONS,true,false,false,true,true,true,ok,true,/Users/newhosung/Library/CloudStorage/OneDrive-SharedLibraries-ThePennsylvaniaStateUniversity/AI Adoption Meta Analysis - Documents/Meta/AI Adoption/PDFs/S091.pdf
S091,BI-PE,BI,PE,0.523,382.0,latest_human_R1_CORRELATIONS,true,false,false,true,true,true,ok,true,/Users/newhosung/Library/CloudStorage/OneDrive-SharedLibraries-ThePennsylvaniaStateUniversity/AI Adoption Meta Analysis - Documents/Meta/AI Adoption/PDFs/S091.pdf
S091,FC-PE,FC,PE,0.684,382.0,latest_human_R1_CORRELATIONS,true,false,false,true,true,true,ok,true,/Users/newhosung/Library/CloudStorage/OneDrive-SharedLibraries-ThePennsylvaniaStateUniversity/AI Adoption Meta Analysis - Documents/Meta/AI Adoption/PDFs/S091.pdf
S187,ANX-BI,ANX,BI,0.002,352.0,latest_human_R1_CORRELATIONS,true,true,true,true,false,true,ok,true,/Users/newhosung/Library/CloudStorage/OneDrive-SharedLibraries-ThePennsylvaniaStateUniversity/AI Adoption Meta Analysis - Documents/Meta/AI Adoption/PDFs/S187.pdf
S187,ANX-EE,ANX,EE,0.03,352.0,latest_human_R1_CORRELATIONS,true,true,true,true,false,true,ok,true,/Users/newhosung/Library/CloudStorage/OneDrive-SharedLibraries-ThePennsylvaniaStateUniversity/AI Adoption Meta Analysis - Documents/Meta/AI Adoption/PDFs/S187.pdf
S187,ANX-FC,ANX,FC,0.052,352.0,latest_human_R1_CORRELATIONS,true,true,true,true,true,true,ok,true,/Users/newhosung/Library/CloudStorage/OneDrive-SharedLibraries-ThePennsylvaniaStateUniversity/AI Adoption Meta Analysis - Documents/Meta/AI Adoption/PDFs/S187.pdf
S187,ANX-PE,ANX,PE,0.031,352.0,latest_human_R1_CORRELATIONS,true,true,true,true,true,true,ok,true,/Users/newhosung/Library/CloudStorage/OneDrive-SharedLibraries-ThePennsylvaniaStateUniversity/AI Adoption Meta Analysis - Documents/Meta/AI Adoption/PDFs/S187.pdf
S187,ANX-SI,ANX,SI,0.026,352.0,latest_human_R1_CORRELATIONS,true,true,true,true,false,true,ok,true,/Users/newhosung/Library/CloudStorage/OneDrive-SharedLibraries-ThePennsylvaniaStateUniversity/AI Adoption Meta Analysis - Documents/Meta/AI Adoption/PDFs/S187.pdf
S187,BI-EE,BI,EE,0.591,352.0,latest_human_R1_CORRELATIONS,true,false,false,true,false,true,ok,true,/Users/newhosung/Library/CloudStorage/OneDrive-SharedLibraries-ThePennsylvaniaStateUniversity/AI Adoption Meta Analysis - Documents/Meta/AI Adoption/PDFs/S187.pdf
S187,BI-FC,BI,FC,0.598,352.0,latest_human_R1_CORRELATIONS,true,false,false,true,false,true,ok,true,/Users/newhosung/Library/CloudStorage/OneDrive-SharedLibraries-ThePennsylvaniaStateUniversity/AI Adoption Meta Analysis - Documents/Meta/AI Adoption/PDFs/S187.pdf
S187,BI-PE,BI,PE,0.655,352.0,latest_human_R1_CORRELATIONS,true,false,false,true,true,true,ok,true,/Users/newhosung/Library/CloudStorage/OneDrive-SharedLibraries-ThePennsylvaniaStateUniversity/AI Adoption Meta Analysis - Documents/Meta/AI Adoption/PDFs/S187.pdf
S187,BI-SI,BI,SI,0.639,352.0,latest_human_R1_CORRELATIONS,true,false,false,true,false,true,ok,true,/Users/newhosung/Library/CloudStorage/OneDrive-SharedLibraries-ThePennsylvaniaStateUniversity/AI Adoption Meta Analysis - Documents/Meta/AI Adoption/PDFs/S187.pdf
S187,EE-FC,EE,FC,0.703,352.0,latest_human_R1_CORRELATIONS,true,false,false,true,true,true,ok,true,/Users/newhosung/Library/CloudStorage/OneDrive-SharedLibraries-ThePennsylvaniaStateUniversity/AI Adoption Meta Analysis - Documents/Meta/AI Adoption/PDFs/S187.pdf
S187,EE-PE,EE,PE,0.572,352.0,latest_human_R1_CORRELATIONS,true,false,false,true,false,true,ok,true,/Users/newhosung/Library/CloudStorage/OneDrive-SharedLibraries-ThePennsylvaniaStateUniversity/AI Adoption Meta Analysis - Documents/Meta/AI Adoption/PDFs/S187.pdf
S187,EE-SI,EE,SI,0.571,352.0,latest_human_R1_CORRELATIONS,true,false,false,true,false,true,ok,true,/Users/newhosung/Library/CloudStorage/OneDrive-SharedLibraries-ThePennsylvaniaStateUniversity/AI Adoption Meta Analysis - Documents/Meta/AI Adoption/PDFs/S187.pdf
S187,FC-PE,FC,PE,0.535,352.0,latest_human_R1_CORRELATIONS,true,false,false,true,true,true,ok,true,/Users/newhosung/Library/CloudStorage/OneDrive-SharedLibraries-ThePennsylvaniaStateUniversity/AI Adoption Meta Analysis - Documents/Meta/AI Adoption/PDFs/S187.pdf
S187,FC-SI,FC,SI,0.655,352.0,latest_human_R1_CORRELATIONS,true,false,false,true,true,true,ok,true,/Users/newhosung/Library/CloudStorage/OneDrive-SharedLibraries-ThePennsylvaniaStateUniversity/AI Adoption Meta Analysis - Documents/Meta/AI Adoption/PDFs/S187.pdf
S187,PE-SI,PE,SI,0.614,352.0,latest_human_R1_CORRELATIONS,true,false,false,true,false,true,ok,true,/Users/newhosung/Library/CloudStorage/OneDrive-SharedLibraries-ThePennsylvaniaStateUniversity/AI Adoption Meta Analysis - Documents/Meta/AI Adoption/PDFs/S187.pdf
S223,BI-EE,BI,EE,0.808,300.0,latest_human_R1_CORRELATIONS,true,false,false,true,true,true,ok,true,/Users/newhosung/Library/CloudStorage/OneDrive-SharedLibraries-ThePennsylvaniaStateUniversity/AI Adoption Meta Analysis - Documents/Meta/AI Adoption/PDFs/S223.pdf
S223,BI-FC,BI,FC,0.737,300.0,latest_human_R1_CORRELATIONS,true,false,false,true,true,true,ok,true,/Users/newhosung/Library/CloudStorage/OneDrive-SharedLibraries-ThePennsylvaniaStateUniversity/AI Adoption Meta Analysis - Documents/Meta/AI Adoption/PDFs/S223.pdf
S223,BI-PE,BI,PE,0.818,300.0,latest_human_R1_CORRELATIONS,true,false,false,true,true,true,ok,true,/Users/newhosung/Library/CloudStorage/OneDrive-SharedLibraries-ThePennsylvaniaStateUniversity/AI Adoption Meta Analysis - Documents/Meta/AI Adoption/PDFs/S223.pdf
S223,BI-SI,BI,SI,0.703,300.0,latest_human_R1_CORRELATIONS,true,false,false,true,true,true,ok,true,/Users/newhosung/Library/CloudStorage/OneDrive-SharedLibraries-ThePennsylvaniaStateUniversity/AI Adoption Meta Analysis - Documents/Meta/AI Adoption/PDFs/S223.pdf
S223,BI-TRU,BI,TRU,0.732,300.0,latest_human_R1_CORRELATIONS,true,false,false,true,true,true,ok,true,/Users/newhosung/Library/CloudStorage/OneDrive-SharedLibraries-ThePennsylvaniaStateUniversity/AI Adoption Meta Analysis - Documents/Meta/AI Adoption/PDFs/S223.pdf
S223,BI-UB,BI,UB,0.799,300.0,latest_human_R1_CORRELATIONS,true,false,false,true,true,true,ok,true,/Users/newhosung/Library/CloudStorage/OneDrive-SharedLibraries-ThePennsylvaniaStateUniversity/AI Adoption Meta Analysis - Documents/Meta/AI Adoption/PDFs/S223.pdf
S223,EE-FC,EE,FC,0.785,300.0,latest_human_R1_CORRELATIONS,true,false,false,true,true,true,ok,true,/Users/newhosung/Library/CloudStorage/OneDrive-SharedLibraries-ThePennsylvaniaStateUniversity/AI Adoption Meta Analysis - Documents/Meta/AI Adoption/PDFs/S223.pdf
S223,EE-PE,EE,PE,0.732,300.0,latest_human_R1_CORRELATIONS,true,false,false,true,true,true,ok,true,/Users/newhosung/Library/CloudStorage/OneDrive-SharedLibraries-ThePennsylvaniaStateUniversity/AI Adoption Meta Analysis - Documents/Meta/AI Adoption/PDFs/S223.pdf
S223,EE-SI,EE,SI,0.579,300.0,latest_human_R1_CORRELATIONS,true,false,false,true,true,true,ok,true,/Users/newhosung/Library/CloudStorage/OneDrive-SharedLibraries-ThePennsylvaniaStateUniversity/AI Adoption Meta Analysis - Documents/Meta/AI Adoption/PDFs/S223.pdf
S223,EE-TRU,EE,TRU,0.666,300.0,latest_human_R1_CORRELATIONS,true,false,false,true,true,true,ok,true,/Users/newhosung/Library/CloudStorage/OneDrive-SharedLibraries-ThePennsylvaniaStateUniversity/AI Adoption Meta Analysis - Documents/Meta/AI Adoption/PDFs/S223.pdf
S223,EE-UB,EE,UB,0.66,300.0,latest_human_R1_CORRELATIONS,true,false,false,true,true,true,ok,true,/Users/newhosung/Library/CloudStorage/OneDrive-SharedLibraries-ThePennsylvaniaStateUniversity/AI Adoption Meta Analysis - Documents/Meta/AI Adoption/PDFs/S223.pdf
S223,FC-PE,FC,PE,0.667,300.0,latest_human_R1_CORRELATIONS,true,false,false,true,true,true,ok,true,/Users/newhosung/Library/CloudStorage/OneDrive-SharedLibraries-ThePennsylvaniaStateUniversity/AI Adoption Meta Analysis - Documents/Meta/AI Adoption/PDFs/S223.pdf
S223,FC-SI,FC,SI,0.657,300.0,latest_human_R1_CORRELATIONS,true,false,false,true,true,true,ok,true,/Users/newhosung/Library/CloudStorage/OneDrive-SharedLibraries-ThePennsylvaniaStateUniversity/AI Adoption Meta Analysis - Documents/Meta/AI Adoption/PDFs/S223.pdf
S223,FC-TRU,FC,TRU,0.706,300.0,latest_human_R1_CORRELATIONS,true,false,false,true,true,true,ok,true,/Users/newhosung/Library/CloudStorage/OneDrive-SharedLibraries-ThePennsylvaniaStateUniversity/AI Adoption Meta Analysis - Documents/Meta/AI Adoption/PDFs/S223.pdf
S223,FC-UB,FC,UB,0.616,300.0,latest_human_R1_CORRELATIONS,true,false,false,true,true,true,ok,true,/Users/newhosung/Library/CloudStorage/OneDrive-SharedLibraries-ThePennsylvaniaStateUniversity/AI Adoption Meta Analysis - Documents/Meta/AI Adoption/PDFs/S223.pdf
S223,PE-SI,PE,SI,0.607,300.0,latest_human_R1_CORRELATIONS,true,false,false,true,true,true,ok,true,/Users/newhosung/Library/CloudStorage/OneDrive-SharedLibraries-ThePennsylvaniaStateUniversity/AI Adoption Meta Analysis - Documents/Meta/AI Adoption/PDFs/S223.pdf
S223,PE-TRU,PE,TRU,0.678,300.0,latest_human_R1_CORRELATIONS,true,false,false,true,true,true,ok,true,/Users/newhosung/Library/CloudStorage/OneDrive-SharedLibraries-ThePennsylvaniaStateUniversity/AI Adoption Meta Analysis - Documents/Meta/AI Adoption/PDFs/S223.pdf
S223,PE-UB,PE,UB,0.707,300.0,latest_human_R1_CORRELATIONS,true,false,false,true,true,true,ok,true,/Users/newhosung/Library/CloudStorage/OneDrive-SharedLibraries-ThePennsylvaniaStateUniversity/AI Adoption Meta Analysis - Documents/Meta/AI Adoption/PDFs/S223.pdf
S223,SI-TRU,SI,TRU,0.668,300.0,latest_human_R1_CORRELATIONS,true,false,false,true,true,true,ok,true,/Users/newhosung/Library/CloudStorage/OneDrive-SharedLibraries-ThePennsylvaniaStateUniversity/AI Adoption Meta Analysis - Documents/Meta/AI Adoption/PDFs/S223.pdf
S223,SI-UB,SI,UB,0.748,300.0,latest_human_R1_CORRELATIONS,true,false,false,true,true,true,ok,true,/Users/newhosung/Library/CloudStorage/OneDrive-SharedLibraries-ThePennsylvaniaStateUniversity/AI Adoption Meta Analysis - Documents/Meta/AI Adoption/PDFs/S223.pdf
S223,TRU-UB,TRU,UB,0.688,300.0,latest_human_R1_CORRELATIONS,true,false,false,true,true,true,ok,true,/Users/newhosung/Library/CloudStorage/OneDrive-SharedLibraries-ThePennsylvaniaStateUniversity/AI Adoption Meta Analysis - Documents/Meta/AI Adoption/PDFs/S223.pdf
S005,ANX-BI,ANX,BI,0.174,230.0,latest_human_R1_CORRELATIONS,true,false,false,true,true,true,ok,true,/Users/newhosung/Library/CloudStorage/OneDrive-SharedLibraries-ThePennsylvaniaStateUniversity/AI Adoption Meta Analysis - Documents/Meta/AI Adoption/PDFs/S005.pdf
S005,ANX-FC,ANX,FC,0.205,230.0,latest_human_R1_CORRELATIONS,true,true,true,true,true,true,ok,true,/Users/newhosung/Library/CloudStorage/OneDrive-SharedLibraries-ThePennsylvaniaStateUniversity/AI Adoption Meta Analysis - Documents/Meta/AI Adoption/PDFs/S005.pdf
S005,ANX-PE,ANX,PE,0.233,230.0,latest_human_R1_CORRELATIONS,true,false,false,true,true,true,ok,true,/Users/newhosung/Library/CloudStorage/OneDrive-SharedLibraries-ThePennsylvaniaStateUniversity/AI Adoption Meta Analysis - Documents/Meta/AI Adoption/PDFs/S005.pdf
S005,ANX-SE,ANX,SE,0.173,230.0,latest_human_R1_CORRELATIONS,true,false,false,true,true,true,ok,true,/Users/newhosung/Library/CloudStorage/OneDrive-SharedLibraries-ThePennsylvaniaStateUniversity/AI Adoption Meta Analysis - Documents/Meta/AI Adoption/PDFs/S005.pdf
S005,BI-FC,BI,FC,0.734,230.0,latest_human_R1_CORRELATIONS,true,true,true,true,true,true,ok,true,/Users/newhosung/Library/CloudStorage/OneDrive-SharedLibraries-ThePennsylvaniaStateUniversity/AI Adoption Meta Analysis - Documents/Meta/AI Adoption/PDFs/S005.pdf
S005,BI-PE,BI,PE,0.706,230.0,latest_human_R1_CORRELATIONS,true,false,false,true,true,true,ok,true,/Users/newhosung/Library/CloudStorage/OneDrive-SharedLibraries-ThePennsylvaniaStateUniversity/AI Adoption Meta Analysis - Documents/Meta/AI Adoption/PDFs/S005.pdf
S005,BI-SE,BI,SE,0.722,230.0,latest_human_R1_CORRELATIONS,true,false,false,true,true,true,ok,true,/Users/newhosung/Library/CloudStorage/OneDrive-SharedLibraries-ThePennsylvaniaStateUniversity/AI Adoption Meta Analysis - Documents/Meta/AI Adoption/PDFs/S005.pdf
S005,FC-PE,FC,PE,0.665,230.0,latest_human_R1_CORRELATIONS,true,true,true,true,true,true,ok,true,/Users/newhosung/Library/CloudStorage/OneDrive-SharedLibraries-ThePennsylvaniaStateUniversity/AI Adoption Meta Analysis - Documents/Meta/AI Adoption/PDFs/S005.pdf
S005,FC-SE,FC,SE,0.711,230.0,latest_human_R1_CORRELATIONS,true,true,true,true,true,true,ok,true,/Users/newhosung/Library/CloudStorage/OneDrive-SharedLibraries-ThePennsylvaniaStateUniversity/AI Adoption Meta Analysis - Documents/Meta/AI Adoption/PDFs/S005.pdf
S005,PE-SE,PE,SE,0.663,230.0,latest_human_R1_CORRELATIONS,true,false,false,true,true,true,ok,true,/Users/newhosung/Library/CloudStorage/OneDrive-SharedLibraries-ThePennsylvaniaStateUniversity/AI Adoption Meta Analysis - Documents/Meta/AI Adoption/PDFs/S005.pdf
S168,BI-EE,BI,EE,0.14,534.0,latest_human_R1_CORRELATIONS,true,true,true,true,false,true,ok,false,/Users/newhosung/Library/CloudStorage/OneDrive-SharedLibraries-ThePennsylvaniaStateUniversity/AI Adoption Meta Analysis - Documents/Meta/AI Adoption/PDFs/S168.pdf
S168,BI-FC,BI,FC,-0.05,534.0,latest_human_R1_CORRELATIONS,true,true,true,true,false,true,ok,false,/Users/newhosung/Library/CloudStorage/OneDrive-SharedLibraries-ThePennsylvaniaStateUniversity/AI Adoption Meta Analysis - Documents/Meta/AI Adoption/PDFs/S168.pdf
S168,BI-PE,BI,PE,0.31,534.0,latest_human_R1_CORRELATIONS,true,true,true,true,true,true,ok,false,/Users/newhosung/Library/CloudStorage/OneDrive-SharedLibraries-ThePennsylvaniaStateUniversity/AI Adoption Meta Analysis - Documents/Meta/AI Adoption/PDFs/S168.pdf
S168,BI-SI,BI,SI,0.15,534.0,latest_human_R1_CORRELATIONS,true,true,true,true,true,true,ok,true,/Users/newhosung/Library/CloudStorage/OneDrive-SharedLibraries-ThePennsylvaniaStateUniversity/AI Adoption Meta Analysis - Documents/Meta/AI Adoption/PDFs/S168.pdf
S168,BI-UB,BI,UB,0.47,534.0,latest_human_R1_CORRELATIONS,true,true,true,true,false,true,ok,false,/Users/newhosung/Library/CloudStorage/OneDrive-SharedLibraries-ThePennsylvaniaStateUniversity/AI Adoption Meta Analysis - Documents/Meta/AI Adoption/PDFs/S168.pdf
S168,FC-UB,FC,UB,0.23,534.0,latest_human_R1_CORRELATIONS,true,true,true,true,true,true,ok,true,/Users/newhosung/Library/CloudStorage/OneDrive-SharedLibraries-ThePennsylvaniaStateUniversity/AI Adoption Meta Analysis - Documents/Meta/AI Adoption/PDFs/S168.pdf
S054,BI-EE,BI,EE,0.66,646.0,latest_human_R1_CORRELATIONS,true,true,true,true,true,true,ok,true,/Users/newhosung/Library/CloudStorage/OneDrive-SharedLibraries-ThePennsylvaniaStateUniversity/AI Adoption Meta Analysis - Documents/Meta/AI Adoption/PDFs/S054.pdf
S054,BI-FC,BI,FC,0.67,646.0,latest_human_R1_CORRELATIONS,true,true,true,true,true,true,ok,true,/Users/newhosung/Library/CloudStorage/OneDrive-SharedLibraries-ThePennsylvaniaStateUniversity/AI Adoption Meta Analysis - Documents/Meta/AI Adoption/PDFs/S054.pdf
S054,BI-PE,BI,PE,0.57,646.0,latest_human_R1_CORRELATIONS,true,true,true,true,true,true,ok,true,/Users/newhosung/Library/CloudStorage/OneDrive-SharedLibraries-ThePennsylvaniaStateUniversity/AI Adoption Meta Analysis - Documents/Meta/AI Adoption/PDFs/S054.pdf
S054,BI-SI,BI,SI,0.64,646.0,latest_human_R1_CORRELATIONS,true,true,true,true,true,true,ok,false,/Users/newhosung/Library/CloudStorage/OneDrive-SharedLibraries-ThePennsylvaniaStateUniversity/AI Adoption Meta Analysis - Documents/Meta/AI Adoption/PDFs/S054.pdf
S054,EE-FC,EE,FC,0.66,646.0,latest_human_R1_CORRELATIONS,true,true,true,true,true,true,ok,true,/Users/newhosung/Library/CloudStorage/OneDrive-SharedLibraries-ThePennsylvaniaStateUniversity/AI Adoption Meta Analysis - Documents/Meta/AI Adoption/PDFs/S054.pdf
S054,EE-PE,EE,PE,0.52,646.0,latest_human_R1_CORRELATIONS,true,true,true,true,true,true,ok,true,/Users/newhosung/Library/CloudStorage/OneDrive-SharedLibraries-ThePennsylvaniaStateUniversity/AI Adoption Meta Analysis - Documents/Meta/AI Adoption/PDFs/S054.pdf
S054,EE-SI,EE,SI,0.6,646.0,latest_human_R1_CORRELATIONS,true,true,true,true,true,true,ok,true,/Users/newhosung/Library/CloudStorage/OneDrive-SharedLibraries-ThePennsylvaniaStateUniversity/AI Adoption Meta Analysis - Documents/Meta/AI Adoption/PDFs/S054.pdf
S054,FC-PE,FC,PE,0.58,646.0,latest_human_R1_CORRELATIONS,true,true,true,true,true,true,ok,true,/Users/newhosung/Library/CloudStorage/OneDrive-SharedLibraries-ThePennsylvaniaStateUniversity/AI Adoption Meta Analysis - Documents/Meta/AI Adoption/PDFs/S054.pdf
S054,FC-SI,FC,SI,0.78,646.0,latest_human_R1_CORRELATIONS,true,true,true,true,true,true,ok,true,/Users/newhosung/Library/CloudStorage/OneDrive-SharedLibraries-ThePennsylvaniaStateUniversity/AI Adoption Meta Analysis - Documents/Meta/AI Adoption/PDFs/S054.pdf
S054,PE-SI,PE,SI,0.57,646.0,latest_human_R1_CORRELATIONS,true,true,true,true,true,true,ok,true,/Users/newhosung/Library/CloudStorage/OneDrive-SharedLibraries-ThePennsylvaniaStateUniversity/AI Adoption Meta Analysis - Documents/Meta/AI Adoption/PDFs/S054.pdf
S011,ATT-BI,ATT,BI,0.29,304.0,latest_human_R1_CORRELATIONS,true,true,true,true,true,true,ok,true,/Users/newhosung/Library/CloudStorage/OneDrive-SharedLibraries-ThePennsylvaniaStateUniversity/AI Adoption Meta Analysis - Documents/Meta/AI Adoption/PDFs/S011.pdf
S011,ATT-EE,ATT,EE,0.29,304.0,latest_human_R1_CORRELATIONS,true,true,true,true,true,true,ok,true,/Users/newhosung/Library/CloudStorage/OneDrive-SharedLibraries-ThePennsylvaniaStateUniversity/AI Adoption Meta Analysis - Documents/Meta/AI Adoption/PDFs/S011.pdf
S011,ATT-FC,ATT,FC,0.58,304.0,latest_human_R1_CORRELATIONS,true,true,true,true,true,true,ok,true,/Users/newhosung/Library/CloudStorage/OneDrive-SharedLibraries-ThePennsylvaniaStateUniversity/AI Adoption Meta Analysis - Documents/Meta/AI Adoption/PDFs/S011.pdf
S011,ATT-PE,ATT,PE,0.28,304.0,latest_human_R1_CORRELATIONS,true,true,true,true,false,true,ok,false,/Users/newhosung/Library/CloudStorage/OneDrive-SharedLibraries-ThePennsylvaniaStateUniversity/AI Adoption Meta Analysis - Documents/Meta/AI Adoption/PDFs/S011.pdf
S011,BI-FC,BI,FC,0.72,304.0,latest_human_R1_CORRELATIONS,true,true,true,true,true,true,ok,true,/Users/newhosung/Library/CloudStorage/OneDrive-SharedLibraries-ThePennsylvaniaStateUniversity/AI Adoption Meta Analysis - Documents/Meta/AI Adoption/PDFs/S011.pdf
S044,ATT-EE,ATT,EE,0.64,441.0,latest_human_R1_CORRELATIONS,true,true,true,true,false,true,ok,false,/Users/newhosung/Library/CloudStorage/OneDrive-SharedLibraries-ThePennsylvaniaStateUniversity/AI Adoption Meta Analysis - Documents/Meta/AI Adoption/PDFs/S044.pdf
S044,ATT-FC,ATT,FC,0.47,441.0,latest_human_R1_CORRELATIONS,true,true,true,true,true,true,ok,false,/Users/newhosung/Library/CloudStorage/OneDrive-SharedLibraries-ThePennsylvaniaStateUniversity/AI Adoption Meta Analysis - Documents/Meta/AI Adoption/PDFs/S044.pdf
S044,ATT-PE,ATT,PE,0.54,441.0,latest_human_R1_CORRELATIONS,true,true,true,true,true,true,ok,false,/Users/newhosung/Library/CloudStorage/OneDrive-SharedLibraries-ThePennsylvaniaStateUniversity/AI Adoption Meta Analysis - Documents/Meta/AI Adoption/PDFs/S044.pdf
S044,ATT-SI,ATT,SI,0.64,441.0,latest_human_R1_CORRELATIONS,true,true,true,true,false,true,ok,false,/Users/newhosung/Library/CloudStorage/OneDrive-SharedLibraries-ThePennsylvaniaStateUniversity/AI Adoption Meta Analysis - Documents/Meta/AI Adoption/PDFs/S044.pdf
S044,EE-FC,EE,FC,0.53,441.0,latest_human_R1_CORRELATIONS,true,false,false,true,true,true,ok,false,/Users/newhosung/Library/CloudStorage/OneDrive-SharedLibraries-ThePennsylvaniaStateUniversity/AI Adoption Meta Analysis - Documents/Meta/AI Adoption/PDFs/S044.pdf
S044,EE-PE,EE,PE,0.66,441.0,latest_human_R1_CORRELATIONS,true,false,false,true,false,true,ok,false,/Users/newhosung/Library/CloudStorage/OneDrive-SharedLibraries-ThePennsylvaniaStateUniversity/AI Adoption Meta Analysis - Documents/Meta/AI Adoption/PDFs/S044.pdf
S044,EE-SI,EE,SI,0.53,441.0,latest_human_R1_CORRELATIONS,true,false,false,true,true,true,ok,false,/Users/newhosung/Library/CloudStorage/OneDrive-SharedLibraries-ThePennsylvaniaStateUniversity/AI Adoption Meta Analysis - Documents/Meta/AI Adoption/PDFs/S044.pdf
S044,FC-PE,FC,PE,0.55,441.0,latest_human_R1_CORRELATIONS,true,false,false,true,true,true,ok,true,/Users/newhosung/Library/CloudStorage/OneDrive-SharedLibraries-ThePennsylvaniaStateUniversity/AI Adoption Meta Analysis - Documents/Meta/AI Adoption/PDFs/S044.pdf
S044,FC-SI,FC,SI,0.57,441.0,latest_human_R1_CORRELATIONS,true,false,false,true,false,true,ok,false,/Users/newhosung/Library/CloudStorage/OneDrive-SharedLibraries-ThePennsylvaniaStateUniversity/AI Adoption Meta Analysis - Documents/Meta/AI Adoption/PDFs/S044.pdf
S044,PE-SI,PE,SI,0.68,441.0,latest_human_R1_CORRELATIONS,true,false,false,true,false,true,ok,false,/Users/newhosung/Library/CloudStorage/OneDrive-SharedLibraries-ThePennsylvaniaStateUniversity/AI Adoption Meta Analysis - Documents/Meta/AI Adoption/PDFs/S044.pdf
S151,EE-FC,EE,FC,0.54,295.0,latest_human_R1_CORRELATIONS,true,false,false,true,true,true,ok,true,/Users/newhosung/Library/CloudStorage/OneDrive-SharedLibraries-ThePennsylvaniaStateUniversity/AI Adoption Meta Analysis - Documents/Meta/AI Adoption/R1/PDFs/S151.pdf
S151,EE-PE,EE,PE,0.46,295.0,latest_human_R1_CORRELATIONS,true,false,false,true,true,true,ok,true,/Users/newhosung/Library/CloudStorage/OneDrive-SharedLibraries-ThePennsylvaniaStateUniversity/AI Adoption Meta Analysis - Documents/Meta/AI Adoption/R1/PDFs/S151.pdf
S151,EE-SE,EE,SE,0.42,295.0,latest_human_R1_CORRELATIONS,true,false,false,true,true,true,ok,true,/Users/newhosung/Library/CloudStorage/OneDrive-SharedLibraries-ThePennsylvaniaStateUniversity/AI Adoption Meta Analysis - Documents/Meta/AI Adoption/R1/PDFs/S151.pdf
S151,EE-UB,EE,UB,0.54,295.0,latest_human_R1_CORRELATIONS,true,true,true,true,true,true,ok,true,/Users/newhosung/Library/CloudStorage/OneDrive-SharedLibraries-ThePennsylvaniaStateUniversity/AI Adoption Meta Analysis - Documents/Meta/AI Adoption/R1/PDFs/S151.pdf
S151,FC-PE,FC,PE,0.47,295.0,latest_human_R1_CORRELATIONS,true,false,false,true,true,true,ok,true,/Users/newhosung/Library/CloudStorage/OneDrive-SharedLibraries-ThePennsylvaniaStateUniversity/AI Adoption Meta Analysis - Documents/Meta/AI Adoption/R1/PDFs/S151.pdf
S151,FC-SE,FC,SE,0.5,295.0,latest_human_R1_CORRELATIONS,true,false,false,true,true,true,ok,true,/Users/newhosung/Library/CloudStorage/OneDrive-SharedLibraries-ThePennsylvaniaStateUniversity/AI Adoption Meta Analysis - Documents/Meta/AI Adoption/R1/PDFs/S151.pdf
S151,FC-UB,FC,UB,0.56,295.0,latest_human_R1_CORRELATIONS,true,true,true,true,false,true,ok,false,/Users/newhosung/Library/CloudStorage/OneDrive-SharedLibraries-ThePennsylvaniaStateUniversity/AI Adoption Meta Analysis - Documents/Meta/AI Adoption/R1/PDFs/S151.pdf
S151,PE-SE,PE,SE,0.48,295.0,latest_human_R1_CORRELATIONS,true,false,false,true,true,true,ok,true,/Users/newhosung/Library/CloudStorage/OneDrive-SharedLibraries-ThePennsylvaniaStateUniversity/AI Adoption Meta Analysis - Documents/Meta/AI Adoption/R1/PDFs/S151.pdf
S151,PE-UB,PE,UB,0.57,295.0,latest_human_R1_CORRELATIONS,true,true,true,true,false,true,ok,false,/Users/newhosung/Library/CloudStorage/OneDrive-SharedLibraries-ThePennsylvaniaStateUniversity/AI Adoption Meta Analysis - Documents/Meta/AI Adoption/R1/PDFs/S151.pdf
S151,SE-UB,SE,UB,0.56,295.0,latest_human_R1_CORRELATIONS,true,true,true,true,false,true,ok,false,/Users/newhosung/Library/CloudStorage/OneDrive-SharedLibraries-ThePennsylvaniaStateUniversity/AI Adoption Meta Analysis - Documents/Meta/AI Adoption/R1/PDFs/S151.pdf
S087,ATT-BI,ATT,BI,0.62,620.0,latest_human_R1_CORRELATIONS,true,true,true,true,true,true,ok,true,/Users/newhosung/Library/CloudStorage/OneDrive-SharedLibraries-ThePennsylvaniaStateUniversity/AI Adoption Meta Analysis - Documents/Meta/AI Adoption/PDFs/S087.pdf
S087,ATT-EE,ATT,EE,0.61,620.0,latest_human_R1_CORRELATIONS,true,true,true,true,true,true,ok,true,/Users/newhosung/Library/CloudStorage/OneDrive-SharedLibraries-ThePennsylvaniaStateUniversity/AI Adoption Meta Analysis - Documents/Meta/AI Adoption/PDFs/S087.pdf
S087,ATT-FC,ATT,FC,0.52,620.0,latest_human_R1_CORRELATIONS,true,true,true,true,true,true,ok,true,/Users/newhosung/Library/CloudStorage/OneDrive-SharedLibraries-ThePennsylvaniaStateUniversity/AI Adoption Meta Analysis - Documents/Meta/AI Adoption/PDFs/S087.pdf
S087,ATT-PE,ATT,PE,0.59,620.0,latest_human_R1_CORRELATIONS,true,true,true,true,true,true,ok,true,/Users/newhosung/Library/CloudStorage/OneDrive-SharedLibraries-ThePennsylvaniaStateUniversity/AI Adoption Meta Analysis - Documents/Meta/AI Adoption/PDFs/S087.pdf
S087,ATT-SI,ATT,SI,0.62,620.0,latest_human_R1_CORRELATIONS,true,true,true,true,true,true,ok,true,/Users/newhosung/Library/CloudStorage/OneDrive-SharedLibraries-ThePennsylvaniaStateUniversity/AI Adoption Meta Analysis - Documents/Meta/AI Adoption/PDFs/S087.pdf
S087,BI-EE,BI,EE,0.39,620.0,latest_human_R1_CORRELATIONS,true,false,false,true,true,true,ok,true,/Users/newhosung/Library/CloudStorage/OneDrive-SharedLibraries-ThePennsylvaniaStateUniversity/AI Adoption Meta Analysis - Documents/Meta/AI Adoption/PDFs/S087.pdf
S087,BI-FC,BI,FC,0.29,620.0,latest_human_R1_CORRELATIONS,true,false,false,true,true,true,ok,true,/Users/newhosung/Library/CloudStorage/OneDrive-SharedLibraries-ThePennsylvaniaStateUniversity/AI Adoption Meta Analysis - Documents/Meta/AI Adoption/PDFs/S087.pdf
S087,BI-PE,BI,PE,0.4,620.0,latest_human_R1_CORRELATIONS,true,false,false,true,true,true,ok,true,/Users/newhosung/Library/CloudStorage/OneDrive-SharedLibraries-ThePennsylvaniaStateUniversity/AI Adoption Meta Analysis - Documents/Meta/AI Adoption/PDFs/S087.pdf
S087,BI-SI,BI,SI,0.63,620.0,latest_human_R1_CORRELATIONS,true,false,false,true,true,true,ok,true,/Users/newhosung/Library/CloudStorage/OneDrive-SharedLibraries-ThePennsylvaniaStateUniversity/AI Adoption Meta Analysis - Documents/Meta/AI Adoption/PDFs/S087.pdf
S087,EE-FC,EE,FC,0.49,620.0,latest_human_R1_CORRELATIONS,true,false,false,true,true,true,ok,true,/Users/newhosung/Library/CloudStorage/OneDrive-SharedLibraries-ThePennsylvaniaStateUniversity/AI Adoption Meta Analysis - Documents/Meta/AI Adoption/PDFs/S087.pdf
S087,EE-PE,EE,PE,0.63,620.0,latest_human_R1_CORRELATIONS,true,false,false,true,true,true,ok,true,/Users/newhosung/Library/CloudStorage/OneDrive-SharedLibraries-ThePennsylvaniaStateUniversity/AI Adoption Meta Analysis - Documents/Meta/AI Adoption/PDFs/S087.pdf
S087,EE-SI,EE,SI,0.47,620.0,latest_human_R1_CORRELATIONS,true,false,false,true,true,true,ok,true,/Users/newhosung/Library/CloudStorage/OneDrive-SharedLibraries-ThePennsylvaniaStateUniversity/AI Adoption Meta Analysis - Documents/Meta/AI Adoption/PDFs/S087.pdf
S087,FC-PE,FC,PE,0.43,620.0,latest_human_R1_CORRELATIONS,true,false,false,true,true,true,ok,true,/Users/newhosung/Library/CloudStorage/OneDrive-SharedLibraries-ThePennsylvaniaStateUniversity/AI Adoption Meta Analysis - Documents/Meta/AI Adoption/PDFs/S087.pdf
S087,FC-SI,FC,SI,0.39,620.0,latest_human_R1_CORRELATIONS,true,false,false,true,true,true,ok,true,/Users/newhosung/Library/CloudStorage/OneDrive-SharedLibraries-ThePennsylvaniaStateUniversity/AI Adoption Meta Analysis - Documents/Meta/AI Adoption/PDFs/S087.pdf
S087,PE-SI,PE,SI,0.48,620.0,latest_human_R1_CORRELATIONS,true,false,false,true,true,true,ok,true,/Users/newhosung/Library/CloudStorage/OneDrive-SharedLibraries-ThePennsylvaniaStateUniversity/AI Adoption Meta Analysis - Documents/Meta/AI Adoption/PDFs/S087.pdf
S051,ANX-BI,ANX,BI,-0.23,524.0,latest_human_R1_CORRELATIONS,true,true,true,true,true,true,ok,true,/Users/newhosung/Library/CloudStorage/OneDrive-SharedLibraries-ThePennsylvaniaStateUniversity/AI Adoption Meta Analysis - Documents/Meta/AI Adoption/PDFs/S051.pdf
S051,ANX-EE,ANX,EE,-0.14,524.0,latest_human_R1_CORRELATIONS,true,true,true,true,false,true,ok,false,/Users/newhosung/Library/CloudStorage/OneDrive-SharedLibraries-ThePennsylvaniaStateUniversity/AI Adoption Meta Analysis - Documents/Meta/AI Adoption/PDFs/S051.pdf
S051,ANX-FC,ANX,FC,-0.34,524.0,latest_human_R1_CORRELATIONS,true,true,true,true,false,true,ok,false,/Users/newhosung/Library/CloudStorage/OneDrive-SharedLibraries-ThePennsylvaniaStateUniversity/AI Adoption Meta Analysis - Documents/Meta/AI Adoption/PDFs/S051.pdf
S051,ANX-PE,ANX,PE,-0.16,524.0,latest_human_R1_CORRELATIONS,true,true,true,true,false,true,ok,false,/Users/newhosung/Library/CloudStorage/OneDrive-SharedLibraries-ThePennsylvaniaStateUniversity/AI Adoption Meta Analysis - Documents/Meta/AI Adoption/PDFs/S051.pdf
S051,ANX-SI,ANX,SI,-0.21,524.0,latest_human_R1_CORRELATIONS,true,true,true,true,false,true,ok,false,/Users/newhosung/Library/CloudStorage/OneDrive-SharedLibraries-ThePennsylvaniaStateUniversity/AI Adoption Meta Analysis - Documents/Meta/AI Adoption/PDFs/S051.pdf
S051,ANX-UB,ANX,UB,-0.06,524.0,latest_human_R1_CORRELATIONS,true,true,true,true,false,true,ok,false,/Users/newhosung/Library/CloudStorage/OneDrive-SharedLibraries-ThePennsylvaniaStateUniversity/AI Adoption Meta Analysis - Documents/Meta/AI Adoption/PDFs/S051.pdf
S051,BI-EE,BI,EE,0.45,524.0,latest_human_R1_CORRELATIONS,true,false,false,true,true,true,ok,true,/Users/newhosung/Library/CloudStorage/OneDrive-SharedLibraries-ThePennsylvaniaStateUniversity/AI Adoption Meta Analysis - Documents/Meta/AI Adoption/PDFs/S051.pdf
S051,BI-FC,BI,FC,0.51,524.0,latest_human_R1_CORRELATIONS,true,false,false,true,true,true,ok,true,/Users/newhosung/Library/CloudStorage/OneDrive-SharedLibraries-ThePennsylvaniaStateUniversity/AI Adoption Meta Analysis - Documents/Meta/AI Adoption/PDFs/S051.pdf
S051,BI-PE,BI,PE,0.69,524.0,latest_human_R1_CORRELATIONS,true,false,false,true,true,true,ok,true,/Users/newhosung/Library/CloudStorage/OneDrive-SharedLibraries-ThePennsylvaniaStateUniversity/AI Adoption Meta Analysis - Documents/Meta/AI Adoption/PDFs/S051.pdf
S051,BI-SI,BI,SI,0.58,524.0,latest_human_R1_CORRELATIONS,true,false,false,true,true,true,ok,true,/Users/newhosung/Library/CloudStorage/OneDrive-SharedLibraries-ThePennsylvaniaStateUniversity/AI Adoption Meta Analysis - Documents/Meta/AI Adoption/PDFs/S051.pdf
S051,BI-UB,BI,UB,0.42,524.0,latest_human_R1_CORRELATIONS,true,false,false,true,false,true,ok,true,/Users/newhosung/Library/CloudStorage/OneDrive-SharedLibraries-ThePennsylvaniaStateUniversity/AI Adoption Meta Analysis - Documents/Meta/AI Adoption/PDFs/S051.pdf
S051,EE-FC,EE,FC,0.59,524.0,latest_human_R1_CORRELATIONS,true,false,false,true,true,true,ok,true,/Users/newhosung/Library/CloudStorage/OneDrive-SharedLibraries-ThePennsylvaniaStateUniversity/AI Adoption Meta Analysis - Documents/Meta/AI Adoption/PDFs/S051.pdf
S051,EE-PE,EE,PE,0.48,524.0,latest_human_R1_CORRELATIONS,true,false,false,true,true,true,ok,true,/Users/newhosung/Library/CloudStorage/OneDrive-SharedLibraries-ThePennsylvaniaStateUniversity/AI Adoption Meta Analysis - Documents/Meta/AI Adoption/PDFs/S051.pdf
S051,EE-SI,EE,SI,0.5,524.0,latest_human_R1_CORRELATIONS,true,false,false,true,true,true,ok,true,/Users/newhosung/Library/CloudStorage/OneDrive-SharedLibraries-ThePennsylvaniaStateUniversity/AI Adoption Meta Analysis - Documents/Meta/AI Adoption/PDFs/S051.pdf
S051,EE-UB,EE,UB,0.44,524.0,latest_human_R1_CORRELATIONS,true,false,false,true,false,true,ok,true,/Users/newhosung/Library/CloudStorage/OneDrive-SharedLibraries-ThePennsylvaniaStateUniversity/AI Adoption Meta Analysis - Documents/Meta/AI Adoption/PDFs/S051.pdf
S051,FC-PE,FC,PE,0.47,524.0,latest_human_R1_CORRELATIONS,true,false,false,true,true,true,ok,true,/Users/newhosung/Library/CloudStorage/OneDrive-SharedLibraries-ThePennsylvaniaStateUniversity/AI Adoption Meta Analysis - Documents/Meta/AI Adoption/PDFs/S051.pdf
S051,FC-SI,FC,SI,0.53,524.0,latest_human_R1_CORRELATIONS,true,false,false,true,true,true,ok,true,/Users/newhosung/Library/CloudStorage/OneDrive-SharedLibraries-ThePennsylvaniaStateUniversity/AI Adoption Meta Analysis - Documents/Meta/AI Adoption/PDFs/S051.pdf
S051,FC-UB,FC,UB,0.56,524.0,latest_human_R1_CORRELATIONS,true,false,false,true,true,true,ok,true,/Users/newhosung/Library/CloudStorage/OneDrive-SharedLibraries-ThePennsylvaniaStateUniversity/AI Adoption Meta Analysis - Documents/Meta/AI Adoption/PDFs/S051.pdf
S051,PE-SI,PE,SI,0.57,524.0,latest_human_R1_CORRELATIONS,true,false,false,true,true,true,ok,true,/Users/newhosung/Library/CloudStorage/OneDrive-SharedLibraries-ThePennsylvaniaStateUniversity/AI Adoption Meta Analysis - Documents/Meta/AI Adoption/PDFs/S051.pdf
S051,PE-UB,PE,UB,0.44,524.0,latest_human_R1_CORRELATIONS,true,false,false,true,false,true,ok,true,/Users/newhosung/Library/CloudStorage/OneDrive-SharedLibraries-ThePennsylvaniaStateUniversity/AI Adoption Meta Analysis - Documents/Meta/AI Adoption/PDFs/S051.pdf
S051,SI-UB,SI,UB,0.41,524.0,latest_human_R1_CORRELATIONS,true,false,false,true,false,true,ok,true,/Users/newhosung/Library/CloudStorage/OneDrive-SharedLibraries-ThePennsylvaniaStateUniversity/AI Adoption Meta Analysis - Documents/Meta/AI Adoption/PDFs/S051.pdf
S086,BI-EE,BI,EE,0.5,235.0,latest_human_R1_CORRELATIONS,true,false,false,true,true,true,ok,true,/Users/newhosung/Library/CloudStorage/OneDrive-SharedLibraries-ThePennsylvaniaStateUniversity/AI Adoption Meta Analysis - Documents/Meta/AI Adoption/PDFs/S086.pdf
S086,BI-FC,BI,FC,0.32,235.0,latest_human_R1_CORRELATIONS,true,false,false,true,false,true,ok,false,/Users/newhosung/Library/CloudStorage/OneDrive-SharedLibraries-ThePennsylvaniaStateUniversity/AI Adoption Meta Analysis - Documents/Meta/AI Adoption/PDFs/S086.pdf
S086,BI-PE,BI,PE,0.64,235.0,latest_human_R1_CORRELATIONS,true,false,false,true,false,true,ok,false,/Users/newhosung/Library/CloudStorage/OneDrive-SharedLibraries-ThePennsylvaniaStateUniversity/AI Adoption Meta Analysis - Documents/Meta/AI Adoption/PDFs/S086.pdf
S086,BI-SI,BI,SI,0.55,235.0,latest_human_R1_CORRELATIONS,true,false,false,true,true,true,ok,true,/Users/newhosung/Library/CloudStorage/OneDrive-SharedLibraries-ThePennsylvaniaStateUniversity/AI Adoption Meta Analysis - Documents/Meta/AI Adoption/PDFs/S086.pdf
S086,BI-TRU,BI,TRU,0.7,235.0,latest_human_R1_CORRELATIONS,true,false,false,true,true,true,ok,true,/Users/newhosung/Library/CloudStorage/OneDrive-SharedLibraries-ThePennsylvaniaStateUniversity/AI Adoption Meta Analysis - Documents/Meta/AI Adoption/PDFs/S086.pdf
S086,BI-UB,BI,UB,0.62,235.0,latest_human_R1_CORRELATIONS,true,false,false,true,true,true,ok,true,/Users/newhosung/Library/CloudStorage/OneDrive-SharedLibraries-ThePennsylvaniaStateUniversity/AI Adoption Meta Analysis - Documents/Meta/AI Adoption/PDFs/S086.pdf
S086,EE-FC,EE,FC,0.24,235.0,latest_human_R1_CORRELATIONS,true,false,false,true,false,true,ok,true,/Users/newhosung/Library/CloudStorage/OneDrive-SharedLibraries-ThePennsylvaniaStateUniversity/AI Adoption Meta Analysis - Documents/Meta/AI Adoption/PDFs/S086.pdf
S086,EE-PE,EE,PE,0.55,235.0,latest_human_R1_CORRELATIONS,true,false,false,true,true,true,ok,true,/Users/newhosung/Library/CloudStorage/OneDrive-SharedLibraries-ThePennsylvaniaStateUniversity/AI Adoption Meta Analysis - Documents/Meta/AI Adoption/PDFs/S086.pdf
S086,EE-SI,EE,SI,0.39,235.0,latest_human_R1_CORRELATIONS,true,false,false,true,false,true,ok,false,/Users/newhosung/Library/CloudStorage/OneDrive-SharedLibraries-ThePennsylvaniaStateUniversity/AI Adoption Meta Analysis - Documents/Meta/AI Adoption/PDFs/S086.pdf
S086,EE-TRU,EE,TRU,0.48,235.0,latest_human_R1_CORRELATIONS,true,false,false,true,true,true,ok,false,/Users/newhosung/Library/CloudStorage/OneDrive-SharedLibraries-ThePennsylvaniaStateUniversity/AI Adoption Meta Analysis - Documents/Meta/AI Adoption/PDFs/S086.pdf
S086,EE-UB,EE,UB,0.46,235.0,latest_human_R1_CORRELATIONS,true,false,false,true,true,true,ok,false,/Users/newhosung/Library/CloudStorage/OneDrive-SharedLibraries-ThePennsylvaniaStateUniversity/AI Adoption Meta Analysis - Documents/Meta/AI Adoption/PDFs/S086.pdf
S086,FC-PE,FC,PE,0.19,235.0,latest_human_R1_CORRELATIONS,true,false,false,true,false,true,ok,true,/Users/newhosung/Library/CloudStorage/OneDrive-SharedLibraries-ThePennsylvaniaStateUniversity/AI Adoption Meta Analysis - Documents/Meta/AI Adoption/PDFs/S086.pdf
S086,FC-SI,FC,SI,0.46,235.0,latest_human_R1_CORRELATIONS,true,false,false,true,true,true,ok,false,/Users/newhosung/Library/CloudStorage/OneDrive-SharedLibraries-ThePennsylvaniaStateUniversity/AI Adoption Meta Analysis - Documents/Meta/AI Adoption/PDFs/S086.pdf
S086,FC-TRU,FC,TRU,0.41,235.0,latest_human_R1_CORRELATIONS,true,false,false,true,false,true,ok,false,/Users/newhosung/Library/CloudStorage/OneDrive-SharedLibraries-ThePennsylvaniaStateUniversity/AI Adoption Meta Analysis - Documents/Meta/AI Adoption/PDFs/S086.pdf
S086,FC-UB,FC,UB,0.15,235.0,latest_human_R1_CORRELATIONS,true,false,false,true,true,true,ok,true,/Users/newhosung/Library/CloudStorage/OneDrive-SharedLibraries-ThePennsylvaniaStateUniversity/AI Adoption Meta Analysis - Documents/Meta/AI Adoption/PDFs/S086.pdf
S086,PE-SI,PE,SI,0.44,235.0,latest_human_R1_CORRELATIONS,true,false,false,true,false,true,ok,false,/Users/newhosung/Library/CloudStorage/OneDrive-SharedLibraries-ThePennsylvaniaStateUniversity/AI Adoption Meta Analysis - Documents/Meta/AI Adoption/PDFs/S086.pdf
S086,PE-TRU,PE,TRU,0.53,235.0,latest_human_R1_CORRELATIONS,true,false,false,true,true,true,ok,false,/Users/newhosung/Library/CloudStorage/OneDrive-SharedLibraries-ThePennsylvaniaStateUniversity/AI Adoption Meta Analysis - Documents/Meta/AI Adoption/PDFs/S086.pdf
S086,PE-UB,PE,UB,0.62,235.0,latest_human_R1_CORRELATIONS,true,false,false,true,true,true,ok,true,/Users/newhosung/Library/CloudStorage/OneDrive-SharedLibraries-ThePennsylvaniaStateUniversity/AI Adoption Meta Analysis - Documents/Meta/AI Adoption/PDFs/S086.pdf
S086,SI-TRU,SI,TRU,0.51,235.0,latest_human_R1_CORRELATIONS,true,false,false,true,true,true,ok,false,/Users/newhosung/Library/CloudStorage/OneDrive-SharedLibraries-ThePennsylvaniaStateUniversity/AI Adoption Meta Analysis - Documents/Meta/AI Adoption/PDFs/S086.pdf
S086,SI-UB,SI,UB,0.41,235.0,latest_human_R1_CORRELATIONS,true,false,false,true,false,true,ok,false,/Users/newhosung/Library/CloudStorage/OneDrive-SharedLibraries-ThePennsylvaniaStateUniversity/AI Adoption Meta Analysis - Documents/Meta/AI Adoption/PDFs/S086.pdf
S086,TRU-UB,TRU,UB,0.46,235.0,latest_human_R1_CORRELATIONS,true,false,false,true,true,true,ok,false,/Users/newhosung/Library/CloudStorage/OneDrive-SharedLibraries-ThePennsylvaniaStateUniversity/AI Adoption Meta Analysis - Documents/Meta/AI Adoption/PDFs/S086.pdf
S074,ANX-ATT,ANX,ATT,0.65,1260.0,latest_human_R1_CORRELATIONS,true,true,true,true,true,true,ok,true,/Users/newhosung/Library/CloudStorage/OneDrive-SharedLibraries-ThePennsylvaniaStateUniversity/AI Adoption Meta Analysis - Documents/Meta/AI Adoption/PDFs/S074.pdf
S074,ANX-BI,ANX,BI,0.6,1260.0,latest_human_R1_CORRELATIONS,true,true,true,true,false,true,ok,false,/Users/newhosung/Library/CloudStorage/OneDrive-SharedLibraries-ThePennsylvaniaStateUniversity/AI Adoption Meta Analysis - Documents/Meta/AI Adoption/PDFs/S074.pdf
S074,ANX-EE,ANX,EE,0.18,1260.0,latest_human_R1_CORRELATIONS,true,true,true,true,false,true,ok,false,/Users/newhosung/Library/CloudStorage/OneDrive-SharedLibraries-ThePennsylvaniaStateUniversity/AI Adoption Meta Analysis - Documents/Meta/AI Adoption/PDFs/S074.pdf
S074,ANX-PE,ANX,PE,0.5,1260.0,latest_human_R1_CORRELATIONS,true,true,true,true,true,true,ok,true,/Users/newhosung/Library/CloudStorage/OneDrive-SharedLibraries-ThePennsylvaniaStateUniversity/AI Adoption Meta Analysis - Documents/Meta/AI Adoption/PDFs/S074.pdf
S074,ANX-SE,ANX,SE,0.68,1260.0,latest_human_R1_CORRELATIONS,true,true,true,true,true,true,ok,true,/Users/newhosung/Library/CloudStorage/OneDrive-SharedLibraries-ThePennsylvaniaStateUniversity/AI Adoption Meta Analysis - Documents/Meta/AI Adoption/PDFs/S074.pdf
S074,ATT-BI,ATT,BI,0.64,1260.0,latest_human_R1_CORRELATIONS,true,false,false,true,false,true,ok,false,/Users/newhosung/Library/CloudStorage/OneDrive-SharedLibraries-ThePennsylvaniaStateUniversity/AI Adoption Meta Analysis - Documents/Meta/AI Adoption/PDFs/S074.pdf
S074,ATT-EE,ATT,EE,0.27,1260.0,latest_human_R1_CORRELATIONS,true,false,false,true,false,true,ok,false,/Users/newhosung/Library/CloudStorage/OneDrive-SharedLibraries-ThePennsylvaniaStateUniversity/AI Adoption Meta Analysis - Documents/Meta/AI Adoption/PDFs/S074.pdf
S074,ATT-PE,ATT,PE,0.7,1260.0,latest_human_R1_CORRELATIONS,true,false,false,true,true,true,ok,true,/Users/newhosung/Library/CloudStorage/OneDrive-SharedLibraries-ThePennsylvaniaStateUniversity/AI Adoption Meta Analysis - Documents/Meta/AI Adoption/PDFs/S074.pdf
S074,ATT-SE,ATT,SE,0.69,1260.0,latest_human_R1_CORRELATIONS,true,false,false,true,true,true,ok,true,/Users/newhosung/Library/CloudStorage/OneDrive-SharedLibraries-ThePennsylvaniaStateUniversity/AI Adoption Meta Analysis - Documents/Meta/AI Adoption/PDFs/S074.pdf
S074,BI-EE,BI,EE,0.33,1260.0,latest_human_R1_CORRELATIONS,true,false,false,true,false,true,ok,false,/Users/newhosung/Library/CloudStorage/OneDrive-SharedLibraries-ThePennsylvaniaStateUniversity/AI Adoption Meta Analysis - Documents/Meta/AI Adoption/PDFs/S074.pdf
S074,BI-PE,BI,PE,0.59,1260.0,latest_human_R1_CORRELATIONS,true,false,false,true,false,true,ok,false,/Users/newhosung/Library/CloudStorage/OneDrive-SharedLibraries-ThePennsylvaniaStateUniversity/AI Adoption Meta Analysis - Documents/Meta/AI Adoption/PDFs/S074.pdf
S074,BI-SE,BI,SE,0.65,1260.0,latest_human_R1_CORRELATIONS,true,false,false,true,true,true,ok,true,/Users/newhosung/Library/CloudStorage/OneDrive-SharedLibraries-ThePennsylvaniaStateUniversity/AI Adoption Meta Analysis - Documents/Meta/AI Adoption/PDFs/S074.pdf
S074,EE-PE,EE,PE,0.34,1260.0,latest_human_R1_CORRELATIONS,true,false,false,true,false,true,ok,false,/Users/newhosung/Library/CloudStorage/OneDrive-SharedLibraries-ThePennsylvaniaStateUniversity/AI Adoption Meta Analysis - Documents/Meta/AI Adoption/PDFs/S074.pdf
S074,EE-SE,EE,SE,0.3,1260.0,latest_human_R1_CORRELATIONS,true,false,false,true,false,true,ok,false,/Users/newhosung/Library/CloudStorage/OneDrive-SharedLibraries-ThePennsylvaniaStateUniversity/AI Adoption Meta Analysis - Documents/Meta/AI Adoption/PDFs/S074.pdf
S074,PE-SE,PE,SE,0.64,1260.0,latest_human_R1_CORRELATIONS,true,false,false,true,false,true,ok,false,/Users/newhosung/Library/CloudStorage/OneDrive-SharedLibraries-ThePennsylvaniaStateUniversity/AI Adoption Meta Analysis - Documents/Meta/AI Adoption/PDFs/S074.pdf
S189,ATT-BI,ATT,BI,0.4,236.0,latest_human_R1_CORRELATIONS,true,true,true,true,false,true,ok,false,/Users/newhosung/Library/CloudStorage/OneDrive-SharedLibraries-ThePennsylvaniaStateUniversity/AI Adoption Meta Analysis - Documents/Meta/AI Adoption/PDFs/S189.pdf
S189,ATT-EE,ATT,EE,0.36,236.0,latest_human_R1_CORRELATIONS,true,true,true,true,false,true,ok,false,/Users/newhosung/Library/CloudStorage/OneDrive-SharedLibraries-ThePennsylvaniaStateUniversity/AI Adoption Meta Analysis - Documents/Meta/AI Adoption/PDFs/S189.pdf
S189,ATT-PE,ATT,PE,0.39,236.0,latest_human_R1_CORRELATIONS,true,true,true,true,false,true,ok,false,/Users/newhosung/Library/CloudStorage/OneDrive-SharedLibraries-ThePennsylvaniaStateUniversity/AI Adoption Meta Analysis - Documents/Meta/AI Adoption/PDFs/S189.pdf
S189,BI-EE,BI,EE,0.51,236.0,latest_human_R1_CORRELATIONS,true,false,false,true,true,true,ok,true,/Users/newhosung/Library/CloudStorage/OneDrive-SharedLibraries-ThePennsylvaniaStateUniversity/AI Adoption Meta Analysis - Documents/Meta/AI Adoption/PDFs/S189.pdf
S189,BI-PE,BI,PE,0.55,236.0,latest_human_R1_CORRELATIONS,true,false,false,true,true,true,ok,true,/Users/newhosung/Library/CloudStorage/OneDrive-SharedLibraries-ThePennsylvaniaStateUniversity/AI Adoption Meta Analysis - Documents/Meta/AI Adoption/PDFs/S189.pdf
S189,EE-PE,EE,PE,0.6,236.0,latest_human_R1_CORRELATIONS,true,false,false,true,true,true,ok,true,/Users/newhosung/Library/CloudStorage/OneDrive-SharedLibraries-ThePennsylvaniaStateUniversity/AI Adoption Meta Analysis - Documents/Meta/AI Adoption/PDFs/S189.pdf
S120,BI-EE,BI,EE,0.06,351.0,latest_human_R1_CORRELATIONS,true,true,true,true,true,true,ok,true,/Users/newhosung/Library/CloudStorage/OneDrive-SharedLibraries-ThePennsylvaniaStateUniversity/AI Adoption Meta Analysis - Documents/Meta/AI Adoption/PDFs/S120.pdf
S120,BI-FC,BI,FC,0.19,351.0,latest_human_R1_CORRELATIONS,true,true,true,true,true,true,ok,true,/Users/newhosung/Library/CloudStorage/OneDrive-SharedLibraries-ThePennsylvaniaStateUniversity/AI Adoption Meta Analysis - Documents/Meta/AI Adoption/PDFs/S120.pdf
S120,BI-PE,BI,PE,0.32,351.0,latest_human_R1_CORRELATIONS,true,true,true,true,false,true,ok,false,/Users/newhosung/Library/CloudStorage/OneDrive-SharedLibraries-ThePennsylvaniaStateUniversity/AI Adoption Meta Analysis - Documents/Meta/AI Adoption/PDFs/S120.pdf
S120,BI-SI,BI,SI,0.14,351.0,latest_human_R1_CORRELATIONS,true,true,true,true,true,true,ok,true,/Users/newhosung/Library/CloudStorage/OneDrive-SharedLibraries-ThePennsylvaniaStateUniversity/AI Adoption Meta Analysis - Documents/Meta/AI Adoption/PDFs/S120.pdf
S120,BI-UB,BI,UB,0.69,351.0,latest_human_R1_CORRELATIONS,true,true,true,true,true,true,ok,true,/Users/newhosung/Library/CloudStorage/OneDrive-SharedLibraries-ThePennsylvaniaStateUniversity/AI Adoption Meta Analysis - Documents/Meta/AI Adoption/PDFs/S120.pdf
S081,BI-EE,BI,EE,0.47,305.0,latest_human_R1_CORRELATIONS,true,false,false,true,true,true,ok,true,/Users/newhosung/Library/CloudStorage/OneDrive-SharedLibraries-ThePennsylvaniaStateUniversity/AI Adoption Meta Analysis - Documents/Meta/AI Adoption/PDFs/S081.pdf
S081,BI-FC,BI,FC,0.43,305.0,latest_human_R1_CORRELATIONS,true,false,false,true,false,true,ok,false,/Users/newhosung/Library/CloudStorage/OneDrive-SharedLibraries-ThePennsylvaniaStateUniversity/AI Adoption Meta Analysis - Documents/Meta/AI Adoption/PDFs/S081.pdf
S081,BI-PE,BI,PE,0.41,305.0,latest_human_R1_CORRELATIONS,true,false,false,true,false,true,ok,false,/Users/newhosung/Library/CloudStorage/OneDrive-SharedLibraries-ThePennsylvaniaStateUniversity/AI Adoption Meta Analysis - Documents/Meta/AI Adoption/PDFs/S081.pdf
S081,BI-SI,BI,SI,0.46,305.0,latest_human_R1_CORRELATIONS,true,false,false,true,true,true,ok,true,/Users/newhosung/Library/CloudStorage/OneDrive-SharedLibraries-ThePennsylvaniaStateUniversity/AI Adoption Meta Analysis - Documents/Meta/AI Adoption/PDFs/S081.pdf
S081,EE-FC,EE,FC,0.36,305.0,latest_human_R1_CORRELATIONS,true,false,false,true,false,true,ok,true,/Users/newhosung/Library/CloudStorage/OneDrive-SharedLibraries-ThePennsylvaniaStateUniversity/AI Adoption Meta Analysis - Documents/Meta/AI Adoption/PDFs/S081.pdf
S081,EE-PE,EE,PE,0.4,305.0,latest_human_R1_CORRELATIONS,true,false,false,true,false,true,ok,false,/Users/newhosung/Library/CloudStorage/OneDrive-SharedLibraries-ThePennsylvaniaStateUniversity/AI Adoption Meta Analysis - Documents/Meta/AI Adoption/PDFs/S081.pdf
S081,EE-SI,EE,SI,0.43,305.0,latest_human_R1_CORRELATIONS,true,false,false,true,false,true,ok,false,/Users/newhosung/Library/CloudStorage/OneDrive-SharedLibraries-ThePennsylvaniaStateUniversity/AI Adoption Meta Analysis - Documents/Meta/AI Adoption/PDFs/S081.pdf
S081,FC-PE,FC,PE,0.2,305.0,latest_human_R1_CORRELATIONS,true,false,false,true,false,true,ok,true,/Users/newhosung/Library/CloudStorage/OneDrive-SharedLibraries-ThePennsylvaniaStateUniversity/AI Adoption Meta Analysis - Documents/Meta/AI Adoption/PDFs/S081.pdf
S081,FC-SI,FC,SI,0.25,305.0,latest_human_R1_CORRELATIONS,true,false,false,true,false,true,ok,true,/Users/newhosung/Library/CloudStorage/OneDrive-SharedLibraries-ThePennsylvaniaStateUniversity/AI Adoption Meta Analysis - Documents/Meta/AI Adoption/PDFs/S081.pdf
S081,PE-SI,PE,SI,0.38,305.0,latest_human_R1_CORRELATIONS,true,false,false,true,true,true,ok,true,/Users/newhosung/Library/CloudStorage/OneDrive-SharedLibraries-ThePennsylvaniaStateUniversity/AI Adoption Meta Analysis - Documents/Meta/AI Adoption/PDFs/S081.pdf
S035,BI-EE,BI,EE,0.74,622.0,latest_human_R1_CORRELATIONS,true,false,false,true,false,true,ok,false,/Users/newhosung/Library/CloudStorage/OneDrive-SharedLibraries-ThePennsylvaniaStateUniversity/AI Adoption Meta Analysis - Documents/Meta/AI Adoption/R1/PDFs/S035.pdf
S035,BI-FC,BI,FC,0.79,622.0,latest_human_R1_CORRELATIONS,true,false,false,true,true,true,ok,true,/Users/newhosung/Library/CloudStorage/OneDrive-SharedLibraries-ThePennsylvaniaStateUniversity/AI Adoption Meta Analysis - Documents/Meta/AI Adoption/R1/PDFs/S035.pdf
S035,BI-PE,BI,PE,0.68,622.0,latest_human_R1_CORRELATIONS,true,false,false,true,false,true,ok,false,/Users/newhosung/Library/CloudStorage/OneDrive-SharedLibraries-ThePennsylvaniaStateUniversity/AI Adoption Meta Analysis - Documents/Meta/AI Adoption/R1/PDFs/S035.pdf
S035,BI-SI,BI,SI,0.74,622.0,latest_human_R1_CORRELATIONS,true,false,false,true,false,true,ok,false,/Users/newhosung/Library/CloudStorage/OneDrive-SharedLibraries-ThePennsylvaniaStateUniversity/AI Adoption Meta Analysis - Documents/Meta/AI Adoption/R1/PDFs/S035.pdf
S035,BI-TRU,BI,TRU,0.75,622.0,latest_human_R1_CORRELATIONS,true,false,false,true,false,true,ok,false,/Users/newhosung/Library/CloudStorage/OneDrive-SharedLibraries-ThePennsylvaniaStateUniversity/AI Adoption Meta Analysis - Documents/Meta/AI Adoption/R1/PDFs/S035.pdf
S035,BI-UB,BI,UB,0.87,622.0,latest_human_R1_CORRELATIONS,true,true,true,true,false,true,ok,true,/Users/newhosung/Library/CloudStorage/OneDrive-SharedLibraries-ThePennsylvaniaStateUniversity/AI Adoption Meta Analysis - Documents/Meta/AI Adoption/R1/PDFs/S035.pdf
S035,EE-FC,EE,FC,0.58,622.0,latest_human_R1_CORRELATIONS,true,false,false,true,true,true,ok,true,/Users/newhosung/Library/CloudStorage/OneDrive-SharedLibraries-ThePennsylvaniaStateUniversity/AI Adoption Meta Analysis - Documents/Meta/AI Adoption/R1/PDFs/S035.pdf
S035,EE-PE,EE,PE,0.78,622.0,latest_human_R1_CORRELATIONS,true,false,false,true,false,true,ok,true,/Users/newhosung/Library/CloudStorage/OneDrive-SharedLibraries-ThePennsylvaniaStateUniversity/AI Adoption Meta Analysis - Documents/Meta/AI Adoption/R1/PDFs/S035.pdf
S035,EE-SI,EE,SI,0.72,622.0,latest_human_R1_CORRELATIONS,true,false,false,true,false,true,ok,false,/Users/newhosung/Library/CloudStorage/OneDrive-SharedLibraries-ThePennsylvaniaStateUniversity/AI Adoption Meta Analysis - Documents/Meta/AI Adoption/R1/PDFs/S035.pdf
S035,EE-TRU,EE,TRU,0.63,622.0,latest_human_R1_CORRELATIONS,true,false,false,true,false,true,ok,false,/Users/newhosung/Library/CloudStorage/OneDrive-SharedLibraries-ThePennsylvaniaStateUniversity/AI Adoption Meta Analysis - Documents/Meta/AI Adoption/R1/PDFs/S035.pdf
S035,EE-UB,EE,UB,0.64,622.0,latest_human_R1_CORRELATIONS,true,true,true,true,false,true,ok,false,/Users/newhosung/Library/CloudStorage/OneDrive-SharedLibraries-ThePennsylvaniaStateUniversity/AI Adoption Meta Analysis - Documents/Meta/AI Adoption/R1/PDFs/S035.pdf
S035,FC-PE,FC,PE,0.57,622.0,latest_human_R1_CORRELATIONS,true,false,false,true,false,true,ok,false,/Users/newhosung/Library/CloudStorage/OneDrive-SharedLibraries-ThePennsylvaniaStateUniversity/AI Adoption Meta Analysis - Documents/Meta/AI Adoption/R1/PDFs/S035.pdf
S035,FC-SI,FC,SI,0.66,622.0,latest_human_R1_CORRELATIONS,true,false,false,true,false,true,ok,false,/Users/newhosung/Library/CloudStorage/OneDrive-SharedLibraries-ThePennsylvaniaStateUniversity/AI Adoption Meta Analysis - Documents/Meta/AI Adoption/R1/PDFs/S035.pdf
S035,FC-TRU,FC,TRU,0.73,622.0,latest_human_R1_CORRELATIONS,true,false,false,true,false,true,ok,false,/Users/newhosung/Library/CloudStorage/OneDrive-SharedLibraries-ThePennsylvaniaStateUniversity/AI Adoption Meta Analysis - Documents/Meta/AI Adoption/R1/PDFs/S035.pdf
S035,FC-UB,FC,UB,0.88,622.0,latest_human_R1_CORRELATIONS,true,true,true,true,false,true,ok,true,/Users/newhosung/Library/CloudStorage/OneDrive-SharedLibraries-ThePennsylvaniaStateUniversity/AI Adoption Meta Analysis - Documents/Meta/AI Adoption/R1/PDFs/S035.pdf
S035,PE-SI,PE,SI,0.7,622.0,latest_human_R1_CORRELATIONS,true,false,false,true,true,true,ok,true,/Users/newhosung/Library/CloudStorage/OneDrive-SharedLibraries-ThePennsylvaniaStateUniversity/AI Adoption Meta Analysis - Documents/Meta/AI Adoption/R1/PDFs/S035.pdf
S035,PE-TRU,PE,TRU,0.56,622.0,latest_human_R1_CORRELATIONS,true,false,false,true,false,true,ok,false,/Users/newhosung/Library/CloudStorage/OneDrive-SharedLibraries-ThePennsylvaniaStateUniversity/AI Adoption Meta Analysis - Documents/Meta/AI Adoption/R1/PDFs/S035.pdf
S035,PE-UB,PE,UB,0.67,622.0,latest_human_R1_CORRELATIONS,true,true,true,true,false,true,ok,false,/Users/newhosung/Library/CloudStorage/OneDrive-SharedLibraries-ThePennsylvaniaStateUniversity/AI Adoption Meta Analysis - Documents/Meta/AI Adoption/R1/PDFs/S035.pdf
S035,SI-TRU,SI,TRU,0.68,622.0,latest_human_R1_CORRELATIONS,true,false,false,true,false,true,ok,false,/Users/newhosung/Library/CloudStorage/OneDrive-SharedLibraries-ThePennsylvaniaStateUniversity/AI Adoption Meta Analysis - Documents/Meta/AI Adoption/R1/PDFs/S035.pdf
S035,SI-UB,SI,UB,0.68,622.0,latest_human_R1_CORRELATIONS,true,true,true,true,false,true,ok,false,/Users/newhosung/Library/CloudStorage/OneDrive-SharedLibraries-ThePennsylvaniaStateUniversity/AI Adoption Meta Analysis - Documents/Meta/AI Adoption/R1/PDFs/S035.pdf
S035,TRU-UB,TRU,UB,0.76,622.0,latest_human_R1_CORRELATIONS,true,true,true,true,false,true,ok,false,/Users/newhosung/Library/CloudStorage/OneDrive-SharedLibraries-ThePennsylvaniaStateUniversity/AI Adoption Meta Analysis - Documents/Meta/AI Adoption/R1/PDFs/S035.pdf
S191,BI-EE,BI,EE,0.81,331.0,latest_human_R1_CORRELATIONS,true,false,false,true,true,true,ok,true,/Users/newhosung/Library/CloudStorage/OneDrive-SharedLibraries-ThePennsylvaniaStateUniversity/AI Adoption Meta Analysis - Documents/Meta/AI Adoption/PDFs/S191.pdf
S191,BI-FC,BI,FC,0.81,331.0,latest_human_R1_CORRELATIONS,true,false,false,true,true,true,ok,true,/Users/newhosung/Library/CloudStorage/OneDrive-SharedLibraries-ThePennsylvaniaStateUniversity/AI Adoption Meta Analysis - Documents/Meta/AI Adoption/PDFs/S191.pdf
S191,BI-PE,BI,PE,0.76,331.0,latest_human_R1_CORRELATIONS,true,false,false,true,false,true,ok,false,/Users/newhosung/Library/CloudStorage/OneDrive-SharedLibraries-ThePennsylvaniaStateUniversity/AI Adoption Meta Analysis - Documents/Meta/AI Adoption/PDFs/S191.pdf
S191,BI-SE,BI,SE,0.58,331.0,latest_human_R1_CORRELATIONS,true,true,true,true,false,true,ok,false,/Users/newhosung/Library/CloudStorage/OneDrive-SharedLibraries-ThePennsylvaniaStateUniversity/AI Adoption Meta Analysis - Documents/Meta/AI Adoption/PDFs/S191.pdf
S191,BI-SI,BI,SI,0.7,331.0,latest_human_R1_CORRELATIONS,true,false,false,true,true,true,ok,true,/Users/newhosung/Library/CloudStorage/OneDrive-SharedLibraries-ThePennsylvaniaStateUniversity/AI Adoption Meta Analysis - Documents/Meta/AI Adoption/PDFs/S191.pdf
S191,BI-UB,BI,UB,0.72,331.0,latest_human_R1_CORRELATIONS,true,false,false,true,false,true,ok,false,/Users/newhosung/Library/CloudStorage/OneDrive-SharedLibraries-ThePennsylvaniaStateUniversity/AI Adoption Meta Analysis - Documents/Meta/AI Adoption/PDFs/S191.pdf
S191,EE-FC,EE,FC,0.62,331.0,latest_human_R1_CORRELATIONS,true,false,false,true,false,true,ok,false,/Users/newhosung/Library/CloudStorage/OneDrive-SharedLibraries-ThePennsylvaniaStateUniversity/AI Adoption Meta Analysis - Documents/Meta/AI Adoption/PDFs/S191.pdf
S191,EE-PE,EE,PE,0.71,331.0,latest_human_R1_CORRELATIONS,true,false,false,true,false,true,ok,false,/Users/newhosung/Library/CloudStorage/OneDrive-SharedLibraries-ThePennsylvaniaStateUniversity/AI Adoption Meta Analysis - Documents/Meta/AI Adoption/PDFs/S191.pdf
S191,EE-SE,EE,SE,0.35,331.0,latest_human_R1_CORRELATIONS,true,true,true,true,true,true,ok,true,/Users/newhosung/Library/CloudStorage/OneDrive-SharedLibraries-ThePennsylvaniaStateUniversity/AI Adoption Meta Analysis - Documents/Meta/AI Adoption/PDFs/S191.pdf
S191,EE-SI,EE,SI,0.59,331.0,latest_human_R1_CORRELATIONS,true,false,false,true,false,true,ok,false,/Users/newhosung/Library/CloudStorage/OneDrive-SharedLibraries-ThePennsylvaniaStateUniversity/AI Adoption Meta Analysis - Documents/Meta/AI Adoption/PDFs/S191.pdf
S191,EE-UB,EE,UB,0.51,331.0,latest_human_R1_CORRELATIONS,true,false,false,true,true,true,ok,true,/Users/newhosung/Library/CloudStorage/OneDrive-SharedLibraries-ThePennsylvaniaStateUniversity/AI Adoption Meta Analysis - Documents/Meta/AI Adoption/PDFs/S191.pdf
S191,FC-PE,FC,PE,0.56,331.0,latest_human_R1_CORRELATIONS,true,false,false,true,false,true,ok,false,/Users/newhosung/Library/CloudStorage/OneDrive-SharedLibraries-ThePennsylvaniaStateUniversity/AI Adoption Meta Analysis - Documents/Meta/AI Adoption/PDFs/S191.pdf
S191,FC-SE,FC,SE,0.49,331.0,latest_human_R1_CORRELATIONS,true,true,true,true,true,true,ok,true,/Users/newhosung/Library/CloudStorage/OneDrive-SharedLibraries-ThePennsylvaniaStateUniversity/AI Adoption Meta Analysis - Documents/Meta/AI Adoption/PDFs/S191.pdf
S191,FC-SI,FC,SI,0.54,331.0,latest_human_R1_CORRELATIONS,true,false,false,true,true,true,ok,true,/Users/newhosung/Library/CloudStorage/OneDrive-SharedLibraries-ThePennsylvaniaStateUniversity/AI Adoption Meta Analysis - Documents/Meta/AI Adoption/PDFs/S191.pdf
S191,FC-UB,FC,UB,0.67,331.0,latest_human_R1_CORRELATIONS,true,false,false,true,false,true,ok,false,/Users/newhosung/Library/CloudStorage/OneDrive-SharedLibraries-ThePennsylvaniaStateUniversity/AI Adoption Meta Analysis - Documents/Meta/AI Adoption/PDFs/S191.pdf
S191,PE-SE,PE,SE,0.26,331.0,latest_human_R1_CORRELATIONS,true,true,true,true,false,true,ok,false,/Users/newhosung/Library/CloudStorage/OneDrive-SharedLibraries-ThePennsylvaniaStateUniversity/AI Adoption Meta Analysis - Documents/Meta/AI Adoption/PDFs/S191.pdf
S191,PE-SI,PE,SI,0.53,331.0,latest_human_R1_CORRELATIONS,true,false,false,true,true,true,ok,true,/Users/newhosung/Library/CloudStorage/OneDrive-SharedLibraries-ThePennsylvaniaStateUniversity/AI Adoption Meta Analysis - Documents/Meta/AI Adoption/PDFs/S191.pdf
S191,PE-UB,PE,UB,0.45,331.0,latest_human_R1_CORRELATIONS,true,false,false,true,true,true,ok,true,/Users/newhosung/Library/CloudStorage/OneDrive-SharedLibraries-ThePennsylvaniaStateUniversity/AI Adoption Meta Analysis - Documents/Meta/AI Adoption/PDFs/S191.pdf
S191,SE-SI,SE,SI,0.35,331.0,latest_human_R1_CORRELATIONS,true,true,true,true,true,true,ok,true,/Users/newhosung/Library/CloudStorage/OneDrive-SharedLibraries-ThePennsylvaniaStateUniversity/AI Adoption Meta Analysis - Documents/Meta/AI Adoption/PDFs/S191.pdf
S191,SE-UB,SE,UB,0.58,331.0,latest_human_R1_CORRELATIONS,true,true,true,true,false,true,ok,false,/Users/newhosung/Library/CloudStorage/OneDrive-SharedLibraries-ThePennsylvaniaStateUniversity/AI Adoption Meta Analysis - Documents/Meta/AI Adoption/PDFs/S191.pdf
S191,SI-UB,SI,UB,0.5,331.0,latest_human_R1_CORRELATIONS,true,false,false,true,true,true,ok,true,/Users/newhosung/Library/CloudStorage/OneDrive-SharedLibraries-ThePennsylvaniaStateUniversity/AI Adoption Meta Analysis - Documents/Meta/AI Adoption/PDFs/S191.pdf
S217,ATT-BI,ATT,BI,0.77,344.0,latest_human_R1_CORRELATIONS,true,false,false,true,true,true,ok,true,/Users/newhosung/Library/CloudStorage/OneDrive-SharedLibraries-ThePennsylvaniaStateUniversity/AI Adoption Meta Analysis - Documents/Meta/AI Adoption/PDFs/S217.pdf
S217,ATT-EE,ATT,EE,0.77,344.0,latest_human_R1_CORRELATIONS,true,false,false,true,true,true,ok,true,/Users/newhosung/Library/CloudStorage/OneDrive-SharedLibraries-ThePennsylvaniaStateUniversity/AI Adoption Meta Analysis - Documents/Meta/AI Adoption/PDFs/S217.pdf
S217,ATT-PE,ATT,PE,0.77,344.0,latest_human_R1_CORRELATIONS,true,false,false,true,true,true,ok,true,/Users/newhosung/Library/CloudStorage/OneDrive-SharedLibraries-ThePennsylvaniaStateUniversity/AI Adoption Meta Analysis - Documents/Meta/AI Adoption/PDFs/S217.pdf
S217,ATT-TRU,ATT,TRU,0.73,344.0,latest_human_R1_CORRELATIONS,true,false,false,true,false,true,ok,false,/Users/newhosung/Library/CloudStorage/OneDrive-SharedLibraries-ThePennsylvaniaStateUniversity/AI Adoption Meta Analysis - Documents/Meta/AI Adoption/PDFs/S217.pdf
S217,BI-EE,BI,EE,0.81,344.0,latest_human_R1_CORRELATIONS,true,false,false,true,true,true,ok,true,/Users/newhosung/Library/CloudStorage/OneDrive-SharedLibraries-ThePennsylvaniaStateUniversity/AI Adoption Meta Analysis - Documents/Meta/AI Adoption/PDFs/S217.pdf
S217,BI-PE,BI,PE,0.75,344.0,latest_human_R1_CORRELATIONS,true,false,false,true,false,true,ok,false,/Users/newhosung/Library/CloudStorage/OneDrive-SharedLibraries-ThePennsylvaniaStateUniversity/AI Adoption Meta Analysis - Documents/Meta/AI Adoption/PDFs/S217.pdf
S217,BI-TRU,BI,TRU,0.78,344.0,latest_human_R1_CORRELATIONS,true,false,false,true,false,true,ok,false,/Users/newhosung/Library/CloudStorage/OneDrive-SharedLibraries-ThePennsylvaniaStateUniversity/AI Adoption Meta Analysis - Documents/Meta/AI Adoption/PDFs/S217.pdf
S217,EE-PE,EE,PE,0.83,344.0,latest_human_R1_CORRELATIONS,true,false,false,true,true,true,ok,true,/Users/newhosung/Library/CloudStorage/OneDrive-SharedLibraries-ThePennsylvaniaStateUniversity/AI Adoption Meta Analysis - Documents/Meta/AI Adoption/PDFs/S217.pdf
S217,EE-TRU,EE,TRU,0.8,344.0,latest_human_R1_CORRELATIONS,true,false,false,true,false,true,ok,false,/Users/newhosung/Library/CloudStorage/OneDrive-SharedLibraries-ThePennsylvaniaStateUniversity/AI Adoption Meta Analysis - Documents/Meta/AI Adoption/PDFs/S217.pdf
S217,PE-TRU,PE,TRU,0.77,344.0,latest_human_R1_CORRELATIONS,true,false,false,true,true,true,ok,true,/Users/newhosung/Library/CloudStorage/OneDrive-SharedLibraries-ThePennsylvaniaStateUniversity/AI Adoption Meta Analysis - Documents/Meta/AI Adoption/PDFs/S217.pdf
S166,BI-EE,BI,EE,-0.15,104.0,latest_human_R1_CORRELATIONS,true,true,true,true,false,true,ok,false,/Users/newhosung/Library/CloudStorage/OneDrive-SharedLibraries-ThePennsylvaniaStateUniversity/AI Adoption Meta Analysis - Documents/Meta/AI Adoption/PDFs/S166.pdf
S166,BI-PE,BI,PE,0.55,104.0,latest_human_R1_CORRELATIONS,true,true,true,true,false,true,ok,true,/Users/newhosung/Library/CloudStorage/OneDrive-SharedLibraries-ThePennsylvaniaStateUniversity/AI Adoption Meta Analysis - Documents/Meta/AI Adoption/PDFs/S166.pdf
S166,BI-SI,BI,SI,0.15,104.0,latest_human_R1_CORRELATIONS,true,true,true,true,true,true,ok,true,/Users/newhosung/Library/CloudStorage/OneDrive-SharedLibraries-ThePennsylvaniaStateUniversity/AI Adoption Meta Analysis - Documents/Meta/AI Adoption/PDFs/S166.pdf
S166,BI-UB,BI,UB,0.63,104.0,latest_human_R1_CORRELATIONS,true,true,true,true,false,true,ok,true,/Users/newhosung/Library/CloudStorage/OneDrive-SharedLibraries-ThePennsylvaniaStateUniversity/AI Adoption Meta Analysis - Documents/Meta/AI Adoption/PDFs/S166.pdf
S166,FC-UB,FC,UB,-0.14,104.0,latest_human_R1_CORRELATIONS,true,true,true,true,false,true,ok,false,/Users/newhosung/Library/CloudStorage/OneDrive-SharedLibraries-ThePennsylvaniaStateUniversity/AI Adoption Meta Analysis - Documents/Meta/AI Adoption/PDFs/S166.pdf
S033,ATT-EE,ATT,EE,0.06,437.0,latest_human_R1_CORRELATIONS,true,true,true,true,false,true,ok,true,/Users/newhosung/Library/CloudStorage/OneDrive-SharedLibraries-ThePennsylvaniaStateUniversity/AI Adoption Meta Analysis - Documents/Meta/AI Adoption/PDFs/S033.pdf
S033,ATT-PE,ATT,PE,0.84,437.0,latest_human_R1_CORRELATIONS,true,true,true,true,false,true,ok,false,/Users/newhosung/Library/CloudStorage/OneDrive-SharedLibraries-ThePennsylvaniaStateUniversity/AI Adoption Meta Analysis - Documents/Meta/AI Adoption/PDFs/S033.pdf
S033,ATT-UB,ATT,UB,0.34,437.0,latest_human_R1_CORRELATIONS,true,true,true,true,false,true,ok,true,/Users/newhosung/Library/CloudStorage/OneDrive-SharedLibraries-ThePennsylvaniaStateUniversity/AI Adoption Meta Analysis - Documents/Meta/AI Adoption/PDFs/S033.pdf
S033,EE-PE,EE,PE,0.54,437.0,latest_human_R1_CORRELATIONS,true,true,true,true,true,true,ok,true,/Users/newhosung/Library/CloudStorage/OneDrive-SharedLibraries-ThePennsylvaniaStateUniversity/AI Adoption Meta Analysis - Documents/Meta/AI Adoption/PDFs/S033.pdf
S033,SI-UB,SI,UB,0.21,437.0,latest_human_R1_CORRELATIONS,true,true,true,true,false,true,ok,true,/Users/newhosung/Library/CloudStorage/OneDrive-SharedLibraries-ThePennsylvaniaStateUniversity/AI Adoption Meta Analysis - Documents/Meta/AI Adoption/PDFs/S033.pdf
S033,TRU-UB,TRU,UB,0.29,437.0,latest_human_R1_CORRELATIONS,true,true,true,true,false,true,ok,true,/Users/newhosung/Library/CloudStorage/OneDrive-SharedLibraries-ThePennsylvaniaStateUniversity/AI Adoption Meta Analysis - Documents/Meta/AI Adoption/PDFs/S033.pdf
S089,BI-EE,BI,EE,0.46,322.0,latest_human_R1_CORRELATIONS,true,false,true,true,true,true,ok,true,/Users/newhosung/Library/CloudStorage/OneDrive-SharedLibraries-ThePennsylvaniaStateUniversity/AI Adoption Meta Analysis - Documents/Meta/AI Adoption/PDFs/S089.pdf
S089,BI-PE,BI,PE,0.36,322.0,latest_human_R1_CORRELATIONS,true,false,true,true,false,true,ok,false,/Users/newhosung/Library/CloudStorage/OneDrive-SharedLibraries-ThePennsylvaniaStateUniversity/AI Adoption Meta Analysis - Documents/Meta/AI Adoption/PDFs/S089.pdf
S089,BI-UB,BI,UB,0.72,322.0,latest_human_R1_CORRELATIONS,true,false,true,true,true,true,ok,true,/Users/newhosung/Library/CloudStorage/OneDrive-SharedLibraries-ThePennsylvaniaStateUniversity/AI Adoption Meta Analysis - Documents/Meta/AI Adoption/PDFs/S089.pdf
S089,EE-UB,EE,UB,0.33,322.0,latest_human_R1_CORRELATIONS,true,false,true,true,true,true,ok,true,/Users/newhosung/Library/CloudStorage/OneDrive-SharedLibraries-ThePennsylvaniaStateUniversity/AI Adoption Meta Analysis - Documents/Meta/AI Adoption/PDFs/S089.pdf
S089,PE-UB,PE,UB,0.26,322.0,latest_human_R1_CORRELATIONS,true,false,true,true,true,true,ok,true,/Users/newhosung/Library/CloudStorage/OneDrive-SharedLibraries-ThePennsylvaniaStateUniversity/AI Adoption Meta Analysis - Documents/Meta/AI Adoption/PDFs/S089.pdf
S075,BI-EE,BI,EE,0.591,402.0,latest_human_R1_CORRELATIONS,true,false,true,true,true,true,ok,true,/Users/newhosung/Library/CloudStorage/OneDrive-SharedLibraries-ThePennsylvaniaStateUniversity/AI Adoption Meta Analysis - Documents/Meta/AI Adoption/PDFs/S075.pdf
S075,BI-FC,BI,FC,0.561,402.0,latest_human_R1_CORRELATIONS,true,false,true,true,true,true,ok,true,/Users/newhosung/Library/CloudStorage/OneDrive-SharedLibraries-ThePennsylvaniaStateUniversity/AI Adoption Meta Analysis - Documents/Meta/AI Adoption/PDFs/S075.pdf
S075,BI-PE,BI,PE,0.525,402.0,latest_human_R1_CORRELATIONS,true,false,true,true,true,true,ok,true,/Users/newhosung/Library/CloudStorage/OneDrive-SharedLibraries-ThePennsylvaniaStateUniversity/AI Adoption Meta Analysis - Documents/Meta/AI Adoption/PDFs/S075.pdf
S075,BI-SI,BI,SI,0.473,402.0,latest_human_R1_CORRELATIONS,true,false,true,true,true,true,ok,true,/Users/newhosung/Library/CloudStorage/OneDrive-SharedLibraries-ThePennsylvaniaStateUniversity/AI Adoption Meta Analysis - Documents/Meta/AI Adoption/PDFs/S075.pdf
S075,BI-UB,BI,UB,0.584,402.0,latest_human_R1_CORRELATIONS,true,false,true,true,true,true,ok,true,/Users/newhosung/Library/CloudStorage/OneDrive-SharedLibraries-ThePennsylvaniaStateUniversity/AI Adoption Meta Analysis - Documents/Meta/AI Adoption/PDFs/S075.pdf
S075,EE-FC,EE,FC,0.404,402.0,latest_human_R1_CORRELATIONS,true,false,true,true,true,true,ok,true,/Users/newhosung/Library/CloudStorage/OneDrive-SharedLibraries-ThePennsylvaniaStateUniversity/AI Adoption Meta Analysis - Documents/Meta/AI Adoption/PDFs/S075.pdf
S075,EE-PE,EE,PE,0.4,402.0,latest_human_R1_CORRELATIONS,true,false,true,true,true,true,ok,true,/Users/newhosung/Library/CloudStorage/OneDrive-SharedLibraries-ThePennsylvaniaStateUniversity/AI Adoption Meta Analysis - Documents/Meta/AI Adoption/PDFs/S075.pdf
S075,EE-SI,EE,SI,0.514,402.0,latest_human_R1_CORRELATIONS,true,false,true,true,true,true,ok,true,/Users/newhosung/Library/CloudStorage/OneDrive-SharedLibraries-ThePennsylvaniaStateUniversity/AI Adoption Meta Analysis - Documents/Meta/AI Adoption/PDFs/S075.pdf
S075,EE-UB,EE,UB,0.322,402.0,latest_human_R1_CORRELATIONS,true,false,true,true,true,true,ok,true,/Users/newhosung/Library/CloudStorage/OneDrive-SharedLibraries-ThePennsylvaniaStateUniversity/AI Adoption Meta Analysis - Documents/Meta/AI Adoption/PDFs/S075.pdf
S075,FC-PE,FC,PE,0.287,402.0,latest_human_R1_CORRELATIONS,true,false,true,true,true,true,ok,true,/Users/newhosung/Library/CloudStorage/OneDrive-SharedLibraries-ThePennsylvaniaStateUniversity/AI Adoption Meta Analysis - Documents/Meta/AI Adoption/PDFs/S075.pdf
S075,FC-SI,FC,SI,0.322,402.0,latest_human_R1_CORRELATIONS,true,false,true,true,true,true,ok,true,/Users/newhosung/Library/CloudStorage/OneDrive-SharedLibraries-ThePennsylvaniaStateUniversity/AI Adoption Meta Analysis - Documents/Meta/AI Adoption/PDFs/S075.pdf
S075,FC-UB,FC,UB,0.319,402.0,latest_human_R1_CORRELATIONS,true,false,true,true,true,true,ok,true,/Users/newhosung/Library/CloudStorage/OneDrive-SharedLibraries-ThePennsylvaniaStateUniversity/AI Adoption Meta Analysis - Documents/Meta/AI Adoption/PDFs/S075.pdf
S075,PE-SI,PE,SI,0.306,402.0,latest_human_R1_CORRELATIONS,true,false,true,true,true,true,ok,true,/Users/newhosung/Library/CloudStorage/OneDrive-SharedLibraries-ThePennsylvaniaStateUniversity/AI Adoption Meta Analysis - Documents/Meta/AI Adoption/PDFs/S075.pdf
S075,PE-UB,PE,UB,0.217,402.0,latest_human_R1_CORRELATIONS,true,false,true,true,true,true,ok,true,/Users/newhosung/Library/CloudStorage/OneDrive-SharedLibraries-ThePennsylvaniaStateUniversity/AI Adoption Meta Analysis - Documents/Meta/AI Adoption/PDFs/S075.pdf
S075,SI-UB,SI,UB,0.28,402.0,latest_human_R1_CORRELATIONS,true,false,true,true,true,true,ok,true,/Users/newhosung/Library/CloudStorage/OneDrive-SharedLibraries-ThePennsylvaniaStateUniversity/AI Adoption Meta Analysis - Documents/Meta/AI Adoption/PDFs/S075.pdf
S058,ATT-BI,ATT,BI,0.86,541.0,latest_human_R1_CORRELATIONS,true,false,true,true,false,true,ok,true,/Users/newhosung/Library/CloudStorage/OneDrive-SharedLibraries-ThePennsylvaniaStateUniversity/AI Adoption Meta Analysis - Documents/Meta/AI Adoption/PDFs/S058.pdf
S058,ATT-EE,ATT,EE,0.42,541.0,latest_human_R1_CORRELATIONS,true,false,true,true,false,true,ok,false,/Users/newhosung/Library/CloudStorage/OneDrive-SharedLibraries-ThePennsylvaniaStateUniversity/AI Adoption Meta Analysis - Documents/Meta/AI Adoption/PDFs/S058.pdf
S058,ATT-PE,ATT,PE,0.53,541.0,latest_human_R1_CORRELATIONS,true,false,true,true,false,true,ok,false,/Users/newhosung/Library/CloudStorage/OneDrive-SharedLibraries-ThePennsylvaniaStateUniversity/AI Adoption Meta Analysis - Documents/Meta/AI Adoption/PDFs/S058.pdf
S058,BI-EE,BI,EE,0.19,541.0,latest_human_R1_CORRELATIONS,true,false,true,true,false,true,ok,true,/Users/newhosung/Library/CloudStorage/OneDrive-SharedLibraries-ThePennsylvaniaStateUniversity/AI Adoption Meta Analysis - Documents/Meta/AI Adoption/PDFs/S058.pdf
S058,BI-PE,BI,PE,0.46,541.0,latest_human_R1_CORRELATIONS,true,false,true,true,false,true,ok,true,/Users/newhosung/Library/CloudStorage/OneDrive-SharedLibraries-ThePennsylvaniaStateUniversity/AI Adoption Meta Analysis - Documents/Meta/AI Adoption/PDFs/S058.pdf
S058,EE-PE,EE,PE,0.86,541.0,latest_human_R1_CORRELATIONS,true,false,true,true,false,true,ok,true,/Users/newhosung/Library/CloudStorage/OneDrive-SharedLibraries-ThePennsylvaniaStateUniversity/AI Adoption Meta Analysis - Documents/Meta/AI Adoption/PDFs/S058.pdf
S067,ATT-BI,ATT,BI,0.672,598.0,latest_human_R1_CORRELATIONS,true,false,true,true,true,true,ok,true,/Users/newhosung/Library/CloudStorage/OneDrive-SharedLibraries-ThePennsylvaniaStateUniversity/AI Adoption Meta Analysis - Documents/Meta/AI Adoption/PDFs/S067.pdf
S067,ATT-EE,ATT,EE,0.264,598.0,latest_human_R1_CORRELATIONS,true,false,true,true,true,true,ok,true,/Users/newhosung/Library/CloudStorage/OneDrive-SharedLibraries-ThePennsylvaniaStateUniversity/AI Adoption Meta Analysis - Documents/Meta/AI Adoption/PDFs/S067.pdf
S067,ATT-PE,ATT,PE,0.457,598.0,latest_human_R1_CORRELATIONS,true,false,true,true,true,true,ok,true,/Users/newhosung/Library/CloudStorage/OneDrive-SharedLibraries-ThePennsylvaniaStateUniversity/AI Adoption Meta Analysis - Documents/Meta/AI Adoption/PDFs/S067.pdf
S067,ATT-SI,ATT,SI,0.236,598.0,latest_human_R1_CORRELATIONS,true,false,true,true,true,true,ok,true,/Users/newhosung/Library/CloudStorage/OneDrive-SharedLibraries-ThePennsylvaniaStateUniversity/AI Adoption Meta Analysis - Documents/Meta/AI Adoption/PDFs/S067.pdf
S067,ATT-TRU,ATT,TRU,0.334,598.0,latest_human_R1_CORRELATIONS,true,false,true,true,true,true,ok,true,/Users/newhosung/Library/CloudStorage/OneDrive-SharedLibraries-ThePennsylvaniaStateUniversity/AI Adoption Meta Analysis - Documents/Meta/AI Adoption/PDFs/S067.pdf
S067,BI-EE,BI,EE,0.338,598.0,latest_human_R1_CORRELATIONS,true,false,true,true,true,true,ok,true,/Users/newhosung/Library/CloudStorage/OneDrive-SharedLibraries-ThePennsylvaniaStateUniversity/AI Adoption Meta Analysis - Documents/Meta/AI Adoption/PDFs/S067.pdf
S067,BI-PE,BI,PE,0.507,598.0,latest_human_R1_CORRELATIONS,true,false,true,true,true,true,ok,true,/Users/newhosung/Library/CloudStorage/OneDrive-SharedLibraries-ThePennsylvaniaStateUniversity/AI Adoption Meta Analysis - Documents/Meta/AI Adoption/PDFs/S067.pdf
S067,BI-SI,BI,SI,0.204,598.0,latest_human_R1_CORRELATIONS,true,false,true,true,true,true,ok,true,/Users/newhosung/Library/CloudStorage/OneDrive-SharedLibraries-ThePennsylvaniaStateUniversity/AI Adoption Meta Analysis - Documents/Meta/AI Adoption/PDFs/S067.pdf
S067,BI-TRU,BI,TRU,0.347,598.0,latest_human_R1_CORRELATIONS,true,false,true,true,true,true,ok,true,/Users/newhosung/Library/CloudStorage/OneDrive-SharedLibraries-ThePennsylvaniaStateUniversity/AI Adoption Meta Analysis - Documents/Meta/AI Adoption/PDFs/S067.pdf
S067,EE-PE,EE,PE,0.354,598.0,latest_human_R1_CORRELATIONS,true,false,true,true,true,true,ok,true,/Users/newhosung/Library/CloudStorage/OneDrive-SharedLibraries-ThePennsylvaniaStateUniversity/AI Adoption Meta Analysis - Documents/Meta/AI Adoption/PDFs/S067.pdf
S067,EE-SI,EE,SI,0.228,598.0,latest_human_R1_CORRELATIONS,true,false,true,true,true,true,ok,true,/Users/newhosung/Library/CloudStorage/OneDrive-SharedLibraries-ThePennsylvaniaStateUniversity/AI Adoption Meta Analysis - Documents/Meta/AI Adoption/PDFs/S067.pdf
S067,EE-TRU,EE,TRU,0.276,598.0,latest_human_R1_CORRELATIONS,true,false,true,true,true,true,ok,true,/Users/newhosung/Library/CloudStorage/OneDrive-SharedLibraries-ThePennsylvaniaStateUniversity/AI Adoption Meta Analysis - Documents/Meta/AI Adoption/PDFs/S067.pdf
S067,PE-SI,PE,SI,0.214,598.0,latest_human_R1_CORRELATIONS,true,false,true,true,true,true,ok,true,/Users/newhosung/Library/CloudStorage/OneDrive-SharedLibraries-ThePennsylvaniaStateUniversity/AI Adoption Meta Analysis - Documents/Meta/AI Adoption/PDFs/S067.pdf
S067,PE-TRU,PE,TRU,0.291,598.0,latest_human_R1_CORRELATIONS,true,false,true,true,true,true,ok,true,/Users/newhosung/Library/CloudStorage/OneDrive-SharedLibraries-ThePennsylvaniaStateUniversity/AI Adoption Meta Analysis - Documents/Meta/AI Adoption/PDFs/S067.pdf
S067,SI-TRU,SI,TRU,0.714,598.0,latest_human_R1_CORRELATIONS,true,false,true,true,true,true,ok,true,/Users/newhosung/Library/CloudStorage/OneDrive-SharedLibraries-ThePennsylvaniaStateUniversity/AI Adoption Meta Analysis - Documents/Meta/AI Adoption/PDFs/S067.pdf
S103,ATT-BI,ATT,BI,0.701,770.0,latest_human_R1_CORRELATIONS,true,false,true,true,true,true,ok,true,/Users/newhosung/Library/CloudStorage/OneDrive-SharedLibraries-ThePennsylvaniaStateUniversity/AI Adoption Meta Analysis - Documents/Meta/AI Adoption/PDFs/S103.pdf
S103,ATT-FC,ATT,FC,0.57,770.0,latest_human_R1_CORRELATIONS,true,false,true,true,true,true,ok,true,/Users/newhosung/Library/CloudStorage/OneDrive-SharedLibraries-ThePennsylvaniaStateUniversity/AI Adoption Meta Analysis - Documents/Meta/AI Adoption/PDFs/S103.pdf
S103,ATT-PE,ATT,PE,0.727,770.0,latest_human_R1_CORRELATIONS,true,false,true,true,true,true,ok,true,/Users/newhosung/Library/CloudStorage/OneDrive-SharedLibraries-ThePennsylvaniaStateUniversity/AI Adoption Meta Analysis - Documents/Meta/AI Adoption/PDFs/S103.pdf
S103,ATT-SI,ATT,SI,0.265,770.0,latest_human_R1_CORRELATIONS,true,false,true,true,true,true,ok,true,/Users/newhosung/Library/CloudStorage/OneDrive-SharedLibraries-ThePennsylvaniaStateUniversity/AI Adoption Meta Analysis - Documents/Meta/AI Adoption/PDFs/S103.pdf
S103,BI-FC,BI,FC,0.567,770.0,latest_human_R1_CORRELATIONS,true,false,true,true,true,true,ok,true,/Users/newhosung/Library/CloudStorage/OneDrive-SharedLibraries-ThePennsylvaniaStateUniversity/AI Adoption Meta Analysis - Documents/Meta/AI Adoption/PDFs/S103.pdf
S103,BI-PE,BI,PE,0.639,770.0,latest_human_R1_CORRELATIONS,true,false,true,true,true,true,ok,true,/Users/newhosung/Library/CloudStorage/OneDrive-SharedLibraries-ThePennsylvaniaStateUniversity/AI Adoption Meta Analysis - Documents/Meta/AI Adoption/PDFs/S103.pdf
S103,BI-SI,BI,SI,0.288,770.0,latest_human_R1_CORRELATIONS,true,false,true,true,true,true,ok,true,/Users/newhosung/Library/CloudStorage/OneDrive-SharedLibraries-ThePennsylvaniaStateUniversity/AI Adoption Meta Analysis - Documents/Meta/AI Adoption/PDFs/S103.pdf
S103,FC-PE,FC,PE,0.638,770.0,latest_human_R1_CORRELATIONS,true,false,true,true,true,true,ok,true,/Users/newhosung/Library/CloudStorage/OneDrive-SharedLibraries-ThePennsylvaniaStateUniversity/AI Adoption Meta Analysis - Documents/Meta/AI Adoption/PDFs/S103.pdf
S103,FC-SI,FC,SI,0.497,770.0,latest_human_R1_CORRELATIONS,true,false,true,true,true,true,ok,true,/Users/newhosung/Library/CloudStorage/OneDrive-SharedLibraries-ThePennsylvaniaStateUniversity/AI Adoption Meta Analysis - Documents/Meta/AI Adoption/PDFs/S103.pdf
S103,PE-SI,PE,SI,0.363,770.0,latest_human_R1_CORRELATIONS,true,false,true,true,true,true,ok,true,/Users/newhosung/Library/CloudStorage/OneDrive-SharedLibraries-ThePennsylvaniaStateUniversity/AI Adoption Meta Analysis - Documents/Meta/AI Adoption/PDFs/S103.pdf
S069,BI-EE,BI,EE,0.345,597.0,latest_human_R1_CORRELATIONS,true,false,true,true,true,true,ok,true,/Users/newhosung/Library/CloudStorage/OneDrive-SharedLibraries-ThePennsylvaniaStateUniversity/AI Adoption Meta Analysis - Documents/Meta/AI Adoption/PDFs/S069.pdf
S069,BI-PE,BI,PE,0.421,597.0,latest_human_R1_CORRELATIONS,true,false,true,true,true,true,ok,true,/Users/newhosung/Library/CloudStorage/OneDrive-SharedLibraries-ThePennsylvaniaStateUniversity/AI Adoption Meta Analysis - Documents/Meta/AI Adoption/PDFs/S069.pdf
S069,BI-SI,BI,SI,0.635,597.0,latest_human_R1_CORRELATIONS,true,false,true,true,true,true,ok,true,/Users/newhosung/Library/CloudStorage/OneDrive-SharedLibraries-ThePennsylvaniaStateUniversity/AI Adoption Meta Analysis - Documents/Meta/AI Adoption/PDFs/S069.pdf
S069,EE-PE,EE,PE,0.69,597.0,latest_human_R1_CORRELATIONS,true,false,true,true,true,true,ok,true,/Users/newhosung/Library/CloudStorage/OneDrive-SharedLibraries-ThePennsylvaniaStateUniversity/AI Adoption Meta Analysis - Documents/Meta/AI Adoption/PDFs/S069.pdf
S069,EE-SI,EE,SI,0.551,597.0,latest_human_R1_CORRELATIONS,true,false,true,true,true,true,ok,true,/Users/newhosung/Library/CloudStorage/OneDrive-SharedLibraries-ThePennsylvaniaStateUniversity/AI Adoption Meta Analysis - Documents/Meta/AI Adoption/PDFs/S069.pdf
S069,PE-SI,PE,SI,0.493,597.0,latest_human_R1_CORRELATIONS,true,false,true,true,true,true,ok,true,/Users/newhosung/Library/CloudStorage/OneDrive-SharedLibraries-ThePennsylvaniaStateUniversity/AI Adoption Meta Analysis - Documents/Meta/AI Adoption/PDFs/S069.pdf
S063,ATT-BI,ATT,BI,0.688,388.0,latest_human_R1_CORRELATIONS,true,false,true,true,true,true,ok,true,/Users/newhosung/Library/CloudStorage/OneDrive-SharedLibraries-ThePennsylvaniaStateUniversity/AI Adoption Meta Analysis - Documents/Meta/AI Adoption/PDFs/S063.pdf
S063,ATT-EE,ATT,EE,0.638,388.0,latest_human_R1_CORRELATIONS,true,false,true,true,true,true,ok,true,/Users/newhosung/Library/CloudStorage/OneDrive-SharedLibraries-ThePennsylvaniaStateUniversity/AI Adoption Meta Analysis - Documents/Meta/AI Adoption/PDFs/S063.pdf
S063,ATT-PE,ATT,PE,0.6,388.0,latest_human_R1_CORRELATIONS,true,false,true,true,true,true,ok,true,/Users/newhosung/Library/CloudStorage/OneDrive-SharedLibraries-ThePennsylvaniaStateUniversity/AI Adoption Meta Analysis - Documents/Meta/AI Adoption/PDFs/S063.pdf
S063,ATT-UB,ATT,UB,0.584,388.0,latest_human_R1_CORRELATIONS,true,false,true,true,true,true,ok,true,/Users/newhosung/Library/CloudStorage/OneDrive-SharedLibraries-ThePennsylvaniaStateUniversity/AI Adoption Meta Analysis - Documents/Meta/AI Adoption/PDFs/S063.pdf
S063,BI-EE,BI,EE,0.599,388.0,latest_human_R1_CORRELATIONS,true,false,true,true,true,true,ok,true,/Users/newhosung/Library/CloudStorage/OneDrive-SharedLibraries-ThePennsylvaniaStateUniversity/AI Adoption Meta Analysis - Documents/Meta/AI Adoption/PDFs/S063.pdf
S063,BI-PE,BI,PE,0.544,388.0,latest_human_R1_CORRELATIONS,true,false,true,true,true,true,ok,true,/Users/newhosung/Library/CloudStorage/OneDrive-SharedLibraries-ThePennsylvaniaStateUniversity/AI Adoption Meta Analysis - Documents/Meta/AI Adoption/PDFs/S063.pdf
S063,BI-UB,BI,UB,0.639,388.0,latest_human_R1_CORRELATIONS,true,false,true,true,true,true,ok,true,/Users/newhosung/Library/CloudStorage/OneDrive-SharedLibraries-ThePennsylvaniaStateUniversity/AI Adoption Meta Analysis - Documents/Meta/AI Adoption/PDFs/S063.pdf
S063,EE-PE,EE,PE,0.622,388.0,latest_human_R1_CORRELATIONS,true,false,true,true,true,true,ok,true,/Users/newhosung/Library/CloudStorage/OneDrive-SharedLibraries-ThePennsylvaniaStateUniversity/AI Adoption Meta Analysis - Documents/Meta/AI Adoption/PDFs/S063.pdf
S063,EE-UB,EE,UB,0.47,388.0,latest_human_R1_CORRELATIONS,true,false,true,true,true,true,ok,true,/Users/newhosung/Library/CloudStorage/OneDrive-SharedLibraries-ThePennsylvaniaStateUniversity/AI Adoption Meta Analysis - Documents/Meta/AI Adoption/PDFs/S063.pdf
S063,PE-UB,PE,UB,0.511,388.0,latest_human_R1_CORRELATIONS,true,false,true,true,true,true,ok,true,/Users/newhosung/Library/CloudStorage/OneDrive-SharedLibraries-ThePennsylvaniaStateUniversity/AI Adoption Meta Analysis - Documents/Meta/AI Adoption/PDFs/S063.pdf
S119,BI-EE,BI,EE,0.72,432.0,latest_human_R1_CORRELATIONS,true,false,true,true,true,true,ok,true,/Users/newhosung/Library/CloudStorage/OneDrive-SharedLibraries-ThePennsylvaniaStateUniversity/AI Adoption Meta Analysis - Documents/Meta/AI Adoption/PDFs/S119.pdf
S119,BI-FC,BI,FC,0.699,432.0,latest_human_R1_CORRELATIONS,true,false,true,true,true,true,ok,true,/Users/newhosung/Library/CloudStorage/OneDrive-SharedLibraries-ThePennsylvaniaStateUniversity/AI Adoption Meta Analysis - Documents/Meta/AI Adoption/PDFs/S119.pdf
S119,BI-PE,BI,PE,0.737,432.0,latest_human_R1_CORRELATIONS,true,false,true,true,true,true,ok,true,/Users/newhosung/Library/CloudStorage/OneDrive-SharedLibraries-ThePennsylvaniaStateUniversity/AI Adoption Meta Analysis - Documents/Meta/AI Adoption/PDFs/S119.pdf
S119,BI-SI,BI,SI,0.632,432.0,latest_human_R1_CORRELATIONS,true,false,true,true,true,true,ok,true,/Users/newhosung/Library/CloudStorage/OneDrive-SharedLibraries-ThePennsylvaniaStateUniversity/AI Adoption Meta Analysis - Documents/Meta/AI Adoption/PDFs/S119.pdf
S119,EE-FC,EE,FC,0.677,432.0,latest_human_R1_CORRELATIONS,true,false,true,true,true,true,ok,true,/Users/newhosung/Library/CloudStorage/OneDrive-SharedLibraries-ThePennsylvaniaStateUniversity/AI Adoption Meta Analysis - Documents/Meta/AI Adoption/PDFs/S119.pdf
S119,EE-PE,EE,PE,0.854,432.0,latest_human_R1_CORRELATIONS,true,false,true,true,true,true,ok,true,/Users/newhosung/Library/CloudStorage/OneDrive-SharedLibraries-ThePennsylvaniaStateUniversity/AI Adoption Meta Analysis - Documents/Meta/AI Adoption/PDFs/S119.pdf
S119,EE-SI,EE,SI,0.66,432.0,latest_human_R1_CORRELATIONS,true,false,true,true,true,true,ok,true,/Users/newhosung/Library/CloudStorage/OneDrive-SharedLibraries-ThePennsylvaniaStateUniversity/AI Adoption Meta Analysis - Documents/Meta/AI Adoption/PDFs/S119.pdf
S119,FC-PE,FC,PE,0.604,432.0,latest_human_R1_CORRELATIONS,true,false,true,true,true,true,ok,true,/Users/newhosung/Library/CloudStorage/OneDrive-SharedLibraries-ThePennsylvaniaStateUniversity/AI Adoption Meta Analysis - Documents/Meta/AI Adoption/PDFs/S119.pdf
S119,FC-SI,FC,SI,0.873,432.0,latest_human_R1_CORRELATIONS,true,false,true,true,true,true,ok,true,/Users/newhosung/Library/CloudStorage/OneDrive-SharedLibraries-ThePennsylvaniaStateUniversity/AI Adoption Meta Analysis - Documents/Meta/AI Adoption/PDFs/S119.pdf
S119,PE-SI,PE,SI,0.596,432.0,latest_human_R1_CORRELATIONS,true,false,true,true,true,true,ok,true,/Users/newhosung/Library/CloudStorage/OneDrive-SharedLibraries-ThePennsylvaniaStateUniversity/AI Adoption Meta Analysis - Documents/Meta/AI Adoption/PDFs/S119.pdf
S093,ATT-BI,ATT,BI,0.89,127.0,latest_human_R1_CORRELATIONS,true,false,true,true,false,true,ok,false,/Users/newhosung/Library/CloudStorage/OneDrive-SharedLibraries-ThePennsylvaniaStateUniversity/AI Adoption Meta Analysis - Documents/Meta/AI Adoption/PDFs/S093.pdf
S093,ATT-EE,ATT,EE,0.48,127.0,latest_human_R1_CORRELATIONS,true,false,true,true,false,true,ok,false,/Users/newhosung/Library/CloudStorage/OneDrive-SharedLibraries-ThePennsylvaniaStateUniversity/AI Adoption Meta Analysis - Documents/Meta/AI Adoption/PDFs/S093.pdf
S093,ATT-PE,ATT,PE,0.39,127.0,latest_human_R1_CORRELATIONS,true,false,true,true,false,true,ok,false,/Users/newhosung/Library/CloudStorage/OneDrive-SharedLibraries-ThePennsylvaniaStateUniversity/AI Adoption Meta Analysis - Documents/Meta/AI Adoption/PDFs/S093.pdf
S093,BI-FC,BI,FC,-0.08,127.0,latest_human_R1_CORRELATIONS,true,false,true,true,false,true,ok,false,/Users/newhosung/Library/CloudStorage/OneDrive-SharedLibraries-ThePennsylvaniaStateUniversity/AI Adoption Meta Analysis - Documents/Meta/AI Adoption/PDFs/S093.pdf
S093,BI-UB,BI,UB,0.62,127.0,latest_human_R1_CORRELATIONS,true,false,true,true,false,true,ok,false,/Users/newhosung/Library/CloudStorage/OneDrive-SharedLibraries-ThePennsylvaniaStateUniversity/AI Adoption Meta Analysis - Documents/Meta/AI Adoption/PDFs/S093.pdf
S093,EE-FC,EE,FC,0.15,127.0,latest_human_R1_CORRELATIONS,true,false,true,true,false,true,ok,false,/Users/newhosung/Library/CloudStorage/OneDrive-SharedLibraries-ThePennsylvaniaStateUniversity/AI Adoption Meta Analysis - Documents/Meta/AI Adoption/PDFs/S093.pdf
S153,BI-EE,BI,EE,0.502,207.0,latest_human_R1_CORRELATIONS,true,false,true,true,false,true,ok,true,/Users/newhosung/Library/CloudStorage/OneDrive-SharedLibraries-ThePennsylvaniaStateUniversity/AI Adoption Meta Analysis - Documents/Meta/AI Adoption/PDFs/S153.pdf
S153,BI-PE,BI,PE,0.56,207.0,latest_human_R1_CORRELATIONS,true,false,true,true,false,true,ok,true,/Users/newhosung/Library/CloudStorage/OneDrive-SharedLibraries-ThePennsylvaniaStateUniversity/AI Adoption Meta Analysis - Documents/Meta/AI Adoption/PDFs/S153.pdf
S153,BI-SI,BI,SI,0.672,207.0,latest_human_R1_CORRELATIONS,true,false,true,true,false,true,ok,true,/Users/newhosung/Library/CloudStorage/OneDrive-SharedLibraries-ThePennsylvaniaStateUniversity/AI Adoption Meta Analysis - Documents/Meta/AI Adoption/PDFs/S153.pdf
S153,BI-TRU,BI,TRU,0.577,207.0,latest_human_R1_CORRELATIONS,true,false,true,true,false,true,ok,true,/Users/newhosung/Library/CloudStorage/OneDrive-SharedLibraries-ThePennsylvaniaStateUniversity/AI Adoption Meta Analysis - Documents/Meta/AI Adoption/PDFs/S153.pdf
S153,EE-PE,EE,PE,0.613,207.0,latest_human_R1_CORRELATIONS,true,false,true,true,false,true,ok,true,/Users/newhosung/Library/CloudStorage/OneDrive-SharedLibraries-ThePennsylvaniaStateUniversity/AI Adoption Meta Analysis - Documents/Meta/AI Adoption/PDFs/S153.pdf
S153,EE-SI,EE,SI,0.333,207.0,latest_human_R1_CORRELATIONS,true,false,true,true,false,true,ok,true,/Users/newhosung/Library/CloudStorage/OneDrive-SharedLibraries-ThePennsylvaniaStateUniversity/AI Adoption Meta Analysis - Documents/Meta/AI Adoption/PDFs/S153.pdf
S153,EE-TRU,EE,TRU,0.536,207.0,latest_human_R1_CORRELATIONS,true,false,true,true,false,true,ok,true,/Users/newhosung/Library/CloudStorage/OneDrive-SharedLibraries-ThePennsylvaniaStateUniversity/AI Adoption Meta Analysis - Documents/Meta/AI Adoption/PDFs/S153.pdf
S153,PE-SI,PE,SI,0.433,207.0,latest_human_R1_CORRELATIONS,true,false,true,true,false,true,ok,true,/Users/newhosung/Library/CloudStorage/OneDrive-SharedLibraries-ThePennsylvaniaStateUniversity/AI Adoption Meta Analysis - Documents/Meta/AI Adoption/PDFs/S153.pdf
S153,PE-TRU,PE,TRU,0.654,207.0,latest_human_R1_CORRELATIONS,true,false,true,true,false,true,ok,true,/Users/newhosung/Library/CloudStorage/OneDrive-SharedLibraries-ThePennsylvaniaStateUniversity/AI Adoption Meta Analysis - Documents/Meta/AI Adoption/PDFs/S153.pdf
S153,SI-TRU,SI,TRU,0.487,207.0,latest_human_R1_CORRELATIONS,true,false,true,true,false,true,ok,true,/Users/newhosung/Library/CloudStorage/OneDrive-SharedLibraries-ThePennsylvaniaStateUniversity/AI Adoption Meta Analysis - Documents/Meta/AI Adoption/PDFs/S153.pdf
S049,BI-EE,BI,EE,0.49,419.0,latest_human_R1_CORRELATIONS,true,false,true,true,true,true,ok,true,/Users/newhosung/Library/CloudStorage/OneDrive-SharedLibraries-ThePennsylvaniaStateUniversity/AI Adoption Meta Analysis - Documents/Meta/AI Adoption/PDFs/S049.pdf
S049,BI-FC,BI,FC,0.507,419.0,latest_human_R1_CORRELATIONS,true,false,true,true,true,true,ok,true,/Users/newhosung/Library/CloudStorage/OneDrive-SharedLibraries-ThePennsylvaniaStateUniversity/AI Adoption Meta Analysis - Documents/Meta/AI Adoption/PDFs/S049.pdf
S049,BI-PE,BI,PE,0.478,419.0,latest_human_R1_CORRELATIONS,true,false,true,true,true,true,ok,true,/Users/newhosung/Library/CloudStorage/OneDrive-SharedLibraries-ThePennsylvaniaStateUniversity/AI Adoption Meta Analysis - Documents/Meta/AI Adoption/PDFs/S049.pdf
S049,BI-SI,BI,SI,0.566,419.0,latest_human_R1_CORRELATIONS,true,false,true,true,true,true,ok,true,/Users/newhosung/Library/CloudStorage/OneDrive-SharedLibraries-ThePennsylvaniaStateUniversity/AI Adoption Meta Analysis - Documents/Meta/AI Adoption/PDFs/S049.pdf
S049,BI-UB,BI,UB,0.684,419.0,latest_human_R1_CORRELATIONS,true,false,true,true,true,true,ok,true,/Users/newhosung/Library/CloudStorage/OneDrive-SharedLibraries-ThePennsylvaniaStateUniversity/AI Adoption Meta Analysis - Documents/Meta/AI Adoption/PDFs/S049.pdf
S049,EE-FC,EE,FC,0.56,419.0,latest_human_R1_CORRELATIONS,true,false,true,true,true,true,ok,true,/Users/newhosung/Library/CloudStorage/OneDrive-SharedLibraries-ThePennsylvaniaStateUniversity/AI Adoption Meta Analysis - Documents/Meta/AI Adoption/PDFs/S049.pdf
S049,EE-PE,EE,PE,0.397,419.0,latest_human_R1_CORRELATIONS,true,false,true,true,true,true,ok,true,/Users/newhosung/Library/CloudStorage/OneDrive-SharedLibraries-ThePennsylvaniaStateUniversity/AI Adoption Meta Analysis - Documents/Meta/AI Adoption/PDFs/S049.pdf
S049,EE-SI,EE,SI,0.48,419.0,latest_human_R1_CORRELATIONS,true,false,true,true,true,true,ok,true,/Users/newhosung/Library/CloudStorage/OneDrive-SharedLibraries-ThePennsylvaniaStateUniversity/AI Adoption Meta Analysis - Documents/Meta/AI Adoption/PDFs/S049.pdf
S049,EE-UB,EE,UB,0.493,419.0,latest_human_R1_CORRELATIONS,true,false,true,true,true,true,ok,true,/Users/newhosung/Library/CloudStorage/OneDrive-SharedLibraries-ThePennsylvaniaStateUniversity/AI Adoption Meta Analysis - Documents/Meta/AI Adoption/PDFs/S049.pdf
S049,FC-PE,FC,PE,0.385,419.0,latest_human_R1_CORRELATIONS,true,false,true,true,true,true,ok,true,/Users/newhosung/Library/CloudStorage/OneDrive-SharedLibraries-ThePennsylvaniaStateUniversity/AI Adoption Meta Analysis - Documents/Meta/AI Adoption/PDFs/S049.pdf
S049,FC-SI,FC,SI,0.565,419.0,latest_human_R1_CORRELATIONS,true,false,true,true,true,true,ok,true,/Users/newhosung/Library/CloudStorage/OneDrive-SharedLibraries-ThePennsylvaniaStateUniversity/AI Adoption Meta Analysis - Documents/Meta/AI Adoption/PDFs/S049.pdf
S049,FC-UB,FC,UB,0.443,419.0,latest_human_R1_CORRELATIONS,true,false,true,true,true,true,ok,true,/Users/newhosung/Library/CloudStorage/OneDrive-SharedLibraries-ThePennsylvaniaStateUniversity/AI Adoption Meta Analysis - Documents/Meta/AI Adoption/PDFs/S049.pdf
S049,PE-SI,PE,SI,0.497,419.0,latest_human_R1_CORRELATIONS,true,false,true,true,true,true,ok,true,/Users/newhosung/Library/CloudStorage/OneDrive-SharedLibraries-ThePennsylvaniaStateUniversity/AI Adoption Meta Analysis - Documents/Meta/AI Adoption/PDFs/S049.pdf
S049,PE-UB,PE,UB,0.412,419.0,latest_human_R1_CORRELATIONS,true,false,true,true,true,true,ok,true,/Users/newhosung/Library/CloudStorage/OneDrive-SharedLibraries-ThePennsylvaniaStateUniversity/AI Adoption Meta Analysis - Documents/Meta/AI Adoption/PDFs/S049.pdf
S049,SI-UB,SI,UB,0.474,419.0,latest_human_R1_CORRELATIONS,true,false,true,true,true,true,ok,true,/Users/newhosung/Library/CloudStorage/OneDrive-SharedLibraries-ThePennsylvaniaStateUniversity/AI Adoption Meta Analysis - Documents/Meta/AI Adoption/PDFs/S049.pdf
S066,ANX-BI,ANX,BI,0.12,175.0,latest_human_R1_CORRELATIONS,true,true,true,true,false,true,ok,false,/Users/newhosung/Library/CloudStorage/OneDrive-SharedLibraries-ThePennsylvaniaStateUniversity/AI Adoption Meta Analysis - Documents/Meta/AI Adoption/PDFs/S066.pdf
S066,ANX-EE,ANX,EE,0.14,175.0,latest_human_R1_CORRELATIONS,true,true,true,true,false,true,ok,true,/Users/newhosung/Library/CloudStorage/OneDrive-SharedLibraries-ThePennsylvaniaStateUniversity/AI Adoption Meta Analysis - Documents/Meta/AI Adoption/PDFs/S066.pdf
S066,ANX-FC,ANX,FC,0.18,175.0,latest_human_R1_CORRELATIONS,true,true,true,true,false,true,ok,false,/Users/newhosung/Library/CloudStorage/OneDrive-SharedLibraries-ThePennsylvaniaStateUniversity/AI Adoption Meta Analysis - Documents/Meta/AI Adoption/PDFs/S066.pdf
S066,ANX-PE,ANX,PE,0.27,175.0,latest_human_R1_CORRELATIONS,true,true,true,true,false,true,ok,true,/Users/newhosung/Library/CloudStorage/OneDrive-SharedLibraries-ThePennsylvaniaStateUniversity/AI Adoption Meta Analysis - Documents/Meta/AI Adoption/PDFs/S066.pdf
S066,ANX-SI,ANX,SI,0.38,175.0,latest_human_R1_CORRELATIONS,true,true,true,true,false,true,ok,true,/Users/newhosung/Library/CloudStorage/OneDrive-SharedLibraries-ThePennsylvaniaStateUniversity/AI Adoption Meta Analysis - Documents/Meta/AI Adoption/PDFs/S066.pdf
S066,ANX-TRU,ANX,TRU,0.19,175.0,latest_human_R1_CORRELATIONS,true,true,true,true,false,true,ok,false,/Users/newhosung/Library/CloudStorage/OneDrive-SharedLibraries-ThePennsylvaniaStateUniversity/AI Adoption Meta Analysis - Documents/Meta/AI Adoption/PDFs/S066.pdf
S066,BI-EE,BI,EE,0.23,175.0,latest_human_R1_CORRELATIONS,true,false,true,true,false,true,ok,false,/Users/newhosung/Library/CloudStorage/OneDrive-SharedLibraries-ThePennsylvaniaStateUniversity/AI Adoption Meta Analysis - Documents/Meta/AI Adoption/PDFs/S066.pdf
S066,BI-FC,BI,FC,0.17,175.0,latest_human_R1_CORRELATIONS,true,false,true,true,false,true,ok,true,/Users/newhosung/Library/CloudStorage/OneDrive-SharedLibraries-ThePennsylvaniaStateUniversity/AI Adoption Meta Analysis - Documents/Meta/AI Adoption/PDFs/S066.pdf
S066,BI-PE,BI,PE,0.09,175.0,latest_human_R1_CORRELATIONS,true,false,true,true,false,true,ok,true,/Users/newhosung/Library/CloudStorage/OneDrive-SharedLibraries-ThePennsylvaniaStateUniversity/AI Adoption Meta Analysis - Documents/Meta/AI Adoption/PDFs/S066.pdf
S066,BI-SI,BI,SI,0.39,175.0,latest_human_R1_CORRELATIONS,true,false,true,true,false,true,ok,true,/Users/newhosung/Library/CloudStorage/OneDrive-SharedLibraries-ThePennsylvaniaStateUniversity/AI Adoption Meta Analysis - Documents/Meta/AI Adoption/PDFs/S066.pdf
S066,BI-TRU,BI,TRU,0.26,175.0,latest_human_R1_CORRELATIONS,true,false,true,true,false,true,ok,true,/Users/newhosung/Library/CloudStorage/OneDrive-SharedLibraries-ThePennsylvaniaStateUniversity/AI Adoption Meta Analysis - Documents/Meta/AI Adoption/PDFs/S066.pdf
S066,BI-UB,BI,UB,0.55,175.0,latest_human_R1_CORRELATIONS,true,false,true,true,true,true,ok,true,/Users/newhosung/Library/CloudStorage/OneDrive-SharedLibraries-ThePennsylvaniaStateUniversity/AI Adoption Meta Analysis - Documents/Meta/AI Adoption/PDFs/S066.pdf
S162,ANX-ATT,ANX,ATT,-0.323,156.0,latest_human_R1_CORRELATIONS,true,false,true,true,false,true,ok,false,/Users/newhosung/Library/CloudStorage/OneDrive-SharedLibraries-ThePennsylvaniaStateUniversity/AI Adoption Meta Analysis - Documents/Meta/AI Adoption/PDFs/S162.pdf
S162,ANX-BI,ANX,BI,0.184,156.0,latest_human_R1_CORRELATIONS,true,false,true,true,true,true,ok,true,/Users/newhosung/Library/CloudStorage/OneDrive-SharedLibraries-ThePennsylvaniaStateUniversity/AI Adoption Meta Analysis - Documents/Meta/AI Adoption/PDFs/S162.pdf
S162,ANX-EE,ANX,EE,0.412,156.0,latest_human_R1_CORRELATIONS,true,false,true,true,true,true,ok,true,/Users/newhosung/Library/CloudStorage/OneDrive-SharedLibraries-ThePennsylvaniaStateUniversity/AI Adoption Meta Analysis - Documents/Meta/AI Adoption/PDFs/S162.pdf
S162,ANX-PE,ANX,PE,0.54,156.0,latest_human_R1_CORRELATIONS,true,false,true,true,true,true,ok,true,/Users/newhosung/Library/CloudStorage/OneDrive-SharedLibraries-ThePennsylvaniaStateUniversity/AI Adoption Meta Analysis - Documents/Meta/AI Adoption/PDFs/S162.pdf
S162,ANX-UB,ANX,UB,0.132,156.0,latest_human_R1_CORRELATIONS,true,false,true,true,true,true,ok,true,/Users/newhosung/Library/CloudStorage/OneDrive-SharedLibraries-ThePennsylvaniaStateUniversity/AI Adoption Meta Analysis - Documents/Meta/AI Adoption/PDFs/S162.pdf
S162,ATT-BI,ATT,BI,0.234,156.0,latest_human_R1_CORRELATIONS,true,false,true,true,true,true,ok,true,/Users/newhosung/Library/CloudStorage/OneDrive-SharedLibraries-ThePennsylvaniaStateUniversity/AI Adoption Meta Analysis - Documents/Meta/AI Adoption/PDFs/S162.pdf
S162,ATT-EE,ATT,EE,0.087,156.0,latest_human_R1_CORRELATIONS,true,false,true,true,true,true,ok,true,/Users/newhosung/Library/CloudStorage/OneDrive-SharedLibraries-ThePennsylvaniaStateUniversity/AI Adoption Meta Analysis - Documents/Meta/AI Adoption/PDFs/S162.pdf
S162,ATT-PE,ATT,PE,-0.591,156.0,latest_human_R1_CORRELATIONS,true,false,true,true,false,true,ok,false,/Users/newhosung/Library/CloudStorage/OneDrive-SharedLibraries-ThePennsylvaniaStateUniversity/AI Adoption Meta Analysis - Documents/Meta/AI Adoption/PDFs/S162.pdf
S162,ATT-UB,ATT,UB,0.166,156.0,latest_human_R1_CORRELATIONS,true,false,true,true,true,true,ok,true,/Users/newhosung/Library/CloudStorage/OneDrive-SharedLibraries-ThePennsylvaniaStateUniversity/AI Adoption Meta Analysis - Documents/Meta/AI Adoption/PDFs/S162.pdf
S162,BI-EE,BI,EE,0.019,156.0,latest_human_R1_CORRELATIONS,true,false,true,true,true,true,ok,true,/Users/newhosung/Library/CloudStorage/OneDrive-SharedLibraries-ThePennsylvaniaStateUniversity/AI Adoption Meta Analysis - Documents/Meta/AI Adoption/PDFs/S162.pdf
S162,BI-PE,BI,PE,0.021,156.0,latest_human_R1_CORRELATIONS,true,false,true,true,true,true,ok,true,/Users/newhosung/Library/CloudStorage/OneDrive-SharedLibraries-ThePennsylvaniaStateUniversity/AI Adoption Meta Analysis - Documents/Meta/AI Adoption/PDFs/S162.pdf
S162,BI-UB,BI,UB,0.619,156.0,latest_human_R1_CORRELATIONS,true,false,true,true,true,true,ok,true,/Users/newhosung/Library/CloudStorage/OneDrive-SharedLibraries-ThePennsylvaniaStateUniversity/AI Adoption Meta Analysis - Documents/Meta/AI Adoption/PDFs/S162.pdf
S162,EE-PE,EE,PE,0.427,156.0,latest_human_R1_CORRELATIONS,true,false,true,true,true,true,ok,true,/Users/newhosung/Library/CloudStorage/OneDrive-SharedLibraries-ThePennsylvaniaStateUniversity/AI Adoption Meta Analysis - Documents/Meta/AI Adoption/PDFs/S162.pdf
S162,EE-UB,EE,UB,0.081,156.0,latest_human_R1_CORRELATIONS,true,false,true,true,true,true,ok,true,/Users/newhosung/Library/CloudStorage/OneDrive-SharedLibraries-ThePennsylvaniaStateUniversity/AI Adoption Meta Analysis - Documents/Meta/AI Adoption/PDFs/S162.pdf
S162,PE-UB,PE,UB,-0.079,156.0,latest_human_R1_CORRELATIONS,true,false,true,true,false,true,ok,false,/Users/newhosung/Library/CloudStorage/OneDrive-SharedLibraries-ThePennsylvaniaStateUniversity/AI Adoption Meta Analysis - Documents/Meta/AI Adoption/PDFs/S162.pdf
S136,BI-EE,BI,EE,0.418,105.0,latest_human_R1_CORRELATIONS,true,false,false,true,true,true,ok,true,/Users/newhosung/Library/CloudStorage/OneDrive-SharedLibraries-ThePennsylvaniaStateUniversity/AI Adoption Meta Analysis - Documents/Meta/AI Adoption/PDFs/S136.pdf
S136,BI-PE,BI,PE,0.25,105.0,latest_human_R1_CORRELATIONS,true,false,false,true,true,true,ok,true,/Users/newhosung/Library/CloudStorage/OneDrive-SharedLibraries-ThePennsylvaniaStateUniversity/AI Adoption Meta Analysis - Documents/Meta/AI Adoption/PDFs/S136.pdf
S136,BI-SI,BI,SI,0.358,105.0,latest_human_R1_CORRELATIONS,true,false,false,true,true,true,ok,true,/Users/newhosung/Library/CloudStorage/OneDrive-SharedLibraries-ThePennsylvaniaStateUniversity/AI Adoption Meta Analysis - Documents/Meta/AI Adoption/PDFs/S136.pdf
S136,BI-UB,BI,UB,0.55,105.0,latest_human_R1_CORRELATIONS,true,false,false,true,true,true,ok,true,/Users/newhosung/Library/CloudStorage/OneDrive-SharedLibraries-ThePennsylvaniaStateUniversity/AI Adoption Meta Analysis - Documents/Meta/AI Adoption/PDFs/S136.pdf
S136,EE-PE,EE,PE,0.283,105.0,latest_human_R1_CORRELATIONS,true,false,false,true,true,true,ok,true,/Users/newhosung/Library/CloudStorage/OneDrive-SharedLibraries-ThePennsylvaniaStateUniversity/AI Adoption Meta Analysis - Documents/Meta/AI Adoption/PDFs/S136.pdf
S136,EE-SI,EE,SI,0.397,105.0,latest_human_R1_CORRELATIONS,true,false,false,true,true,true,ok,true,/Users/newhosung/Library/CloudStorage/OneDrive-SharedLibraries-ThePennsylvaniaStateUniversity/AI Adoption Meta Analysis - Documents/Meta/AI Adoption/PDFs/S136.pdf
S136,EE-UB,EE,UB,0.374,105.0,latest_human_R1_CORRELATIONS,true,false,false,true,true,true,ok,true,/Users/newhosung/Library/CloudStorage/OneDrive-SharedLibraries-ThePennsylvaniaStateUniversity/AI Adoption Meta Analysis - Documents/Meta/AI Adoption/PDFs/S136.pdf
S136,PE-SI,PE,SI,0.142,105.0,latest_human_R1_CORRELATIONS,true,false,false,true,true,true,ok,true,/Users/newhosung/Library/CloudStorage/OneDrive-SharedLibraries-ThePennsylvaniaStateUniversity/AI Adoption Meta Analysis - Documents/Meta/AI Adoption/PDFs/S136.pdf
S136,PE-UB,PE,UB,0.057,105.0,latest_human_R1_CORRELATIONS,true,false,false,true,true,true,ok,true,/Users/newhosung/Library/CloudStorage/OneDrive-SharedLibraries-ThePennsylvaniaStateUniversity/AI Adoption Meta Analysis - Documents/Meta/AI Adoption/PDFs/S136.pdf
S136,SI-UB,SI,UB,0.484,105.0,latest_human_R1_CORRELATIONS,true,false,false,true,true,true,ok,true,/Users/newhosung/Library/CloudStorage/OneDrive-SharedLibraries-ThePennsylvaniaStateUniversity/AI Adoption Meta Analysis - Documents/Meta/AI Adoption/PDFs/S136.pdf
S188,BI-EE,BI,EE,0.647,147.0,latest_human_R1_CORRELATIONS,true,false,true,true,true,true,ok,true,/Users/newhosung/Library/CloudStorage/OneDrive-SharedLibraries-ThePennsylvaniaStateUniversity/AI Adoption Meta Analysis - Documents/Meta/AI Adoption/PDFs/S188.pdf
S188,BI-PE,BI,PE,0.645,147.0,latest_human_R1_CORRELATIONS,true,false,true,true,true,true,ok,true,/Users/newhosung/Library/CloudStorage/OneDrive-SharedLibraries-ThePennsylvaniaStateUniversity/AI Adoption Meta Analysis - Documents/Meta/AI Adoption/PDFs/S188.pdf
S188,BI-TRU,BI,TRU,0.478,147.0,latest_human_R1_CORRELATIONS,true,false,true,true,true,true,ok,true,/Users/newhosung/Library/CloudStorage/OneDrive-SharedLibraries-ThePennsylvaniaStateUniversity/AI Adoption Meta Analysis - Documents/Meta/AI Adoption/PDFs/S188.pdf
S188,EE-PE,EE,PE,0.679,147.0,latest_human_R1_CORRELATIONS,true,false,true,true,true,true,ok,true,/Users/newhosung/Library/CloudStorage/OneDrive-SharedLibraries-ThePennsylvaniaStateUniversity/AI Adoption Meta Analysis - Documents/Meta/AI Adoption/PDFs/S188.pdf
S188,EE-TRU,EE,TRU,0.519,147.0,latest_human_R1_CORRELATIONS,true,false,true,true,true,true,ok,true,/Users/newhosung/Library/CloudStorage/OneDrive-SharedLibraries-ThePennsylvaniaStateUniversity/AI Adoption Meta Analysis - Documents/Meta/AI Adoption/PDFs/S188.pdf
S188,PE-TRU,PE,TRU,0.369,147.0,latest_human_R1_CORRELATIONS,true,false,true,true,true,true,ok,true,/Users/newhosung/Library/CloudStorage/OneDrive-SharedLibraries-ThePennsylvaniaStateUniversity/AI Adoption Meta Analysis - Documents/Meta/AI Adoption/PDFs/S188.pdf
S080,BI-EE,BI,EE,0.49,251.0,latest_human_R1_CORRELATIONS,true,false,false,true,true,true,ok,true,/Users/newhosung/Library/CloudStorage/OneDrive-SharedLibraries-ThePennsylvaniaStateUniversity/AI Adoption Meta Analysis - Documents/Meta/AI Adoption/PDFs/S080.pdf
S080,BI-FC,BI,FC,-0.11,251.0,latest_human_R1_CORRELATIONS,true,false,false,true,false,true,ok,false,/Users/newhosung/Library/CloudStorage/OneDrive-SharedLibraries-ThePennsylvaniaStateUniversity/AI Adoption Meta Analysis - Documents/Meta/AI Adoption/PDFs/S080.pdf
S080,BI-PE,BI,PE,0.26,251.0,latest_human_R1_CORRELATIONS,true,false,false,true,false,true,ok,false,/Users/newhosung/Library/CloudStorage/OneDrive-SharedLibraries-ThePennsylvaniaStateUniversity/AI Adoption Meta Analysis - Documents/Meta/AI Adoption/PDFs/S080.pdf
S080,BI-SI,BI,SI,0.12,251.0,latest_human_R1_CORRELATIONS,true,false,false,true,true,true,ok,false,/Users/newhosung/Library/CloudStorage/OneDrive-SharedLibraries-ThePennsylvaniaStateUniversity/AI Adoption Meta Analysis - Documents/Meta/AI Adoption/PDFs/S080.pdf
S216,ANX-EE,ANX,EE,0.14,348.0,latest_human_R1_CORRELATIONS,true,false,false,true,false,true,ok,false,/Users/newhosung/Library/CloudStorage/OneDrive-SharedLibraries-ThePennsylvaniaStateUniversity/AI Adoption Meta Analysis - Documents/Meta/AI Adoption/PDFs/S216.pdf
S216,BI-EE,BI,EE,0.25,348.0,latest_human_R1_CORRELATIONS,true,false,false,true,false,true,ok,false,/Users/newhosung/Library/CloudStorage/OneDrive-SharedLibraries-ThePennsylvaniaStateUniversity/AI Adoption Meta Analysis - Documents/Meta/AI Adoption/PDFs/S216.pdf
S216,BI-PE,BI,PE,0.25,348.0,latest_human_R1_CORRELATIONS,true,false,false,true,false,true,ok,false,/Users/newhosung/Library/CloudStorage/OneDrive-SharedLibraries-ThePennsylvaniaStateUniversity/AI Adoption Meta Analysis - Documents/Meta/AI Adoption/PDFs/S216.pdf
S216,BI-SI,BI,SI,0.21,348.0,latest_human_R1_CORRELATIONS,true,false,false,true,false,true,ok,false,/Users/newhosung/Library/CloudStorage/OneDrive-SharedLibraries-ThePennsylvaniaStateUniversity/AI Adoption Meta Analysis - Documents/Meta/AI Adoption/PDFs/S216.pdf
S216,EE-PE,EE,PE,0.28,348.0,latest_human_R1_CORRELATIONS,true,false,false,true,false,true,ok,false,/Users/newhosung/Library/CloudStorage/OneDrive-SharedLibraries-ThePennsylvaniaStateUniversity/AI Adoption Meta Analysis - Documents/Meta/AI Adoption/PDFs/S216.pdf
S216,EE-SE,EE,SE,0.28,348.0,latest_human_R1_CORRELATIONS,true,false,false,true,false,true,ok,false,/Users/newhosung/Library/CloudStorage/OneDrive-SharedLibraries-ThePennsylvaniaStateUniversity/AI Adoption Meta Analysis - Documents/Meta/AI Adoption/PDFs/S216.pdf
S088,BI-EE,BI,EE,0.29,353.0,latest_human_R1_CORRELATIONS,true,false,false,true,false,true,ok,true,/Users/newhosung/Library/CloudStorage/OneDrive-SharedLibraries-ThePennsylvaniaStateUniversity/AI Adoption Meta Analysis - Documents/Meta/AI Adoption/PDFs/S088.pdf
S088,BI-FC,BI,FC,0.353,353.0,latest_human_R1_CORRELATIONS,true,false,false,true,false,true,ok,true,/Users/newhosung/Library/CloudStorage/OneDrive-SharedLibraries-ThePennsylvaniaStateUniversity/AI Adoption Meta Analysis - Documents/Meta/AI Adoption/PDFs/S088.pdf
S088,BI-PE,BI,PE,0.41,353.0,latest_human_R1_CORRELATIONS,true,false,false,true,false,true,ok,true,/Users/newhosung/Library/CloudStorage/OneDrive-SharedLibraries-ThePennsylvaniaStateUniversity/AI Adoption Meta Analysis - Documents/Meta/AI Adoption/PDFs/S088.pdf
S088,BI-SI,BI,SI,0.152,353.0,latest_human_R1_CORRELATIONS,true,false,false,true,false,true,ok,true,/Users/newhosung/Library/CloudStorage/OneDrive-SharedLibraries-ThePennsylvaniaStateUniversity/AI Adoption Meta Analysis - Documents/Meta/AI Adoption/PDFs/S088.pdf
S088,BI-TRU,BI,TRU,0.128,353.0,latest_human_R1_CORRELATIONS,true,false,false,true,false,true,ok,true,/Users/newhosung/Library/CloudStorage/OneDrive-SharedLibraries-ThePennsylvaniaStateUniversity/AI Adoption Meta Analysis - Documents/Meta/AI Adoption/PDFs/S088.pdf
S088,BI-UB,BI,UB,0.399,353.0,latest_human_R1_CORRELATIONS,true,false,false,true,false,true,ok,true,/Users/newhosung/Library/CloudStorage/OneDrive-SharedLibraries-ThePennsylvaniaStateUniversity/AI Adoption Meta Analysis - Documents/Meta/AI Adoption/PDFs/S088.pdf
S088,EE-FC,EE,FC,0.409,353.0,latest_human_R1_CORRELATIONS,true,false,false,true,false,true,ok,true,/Users/newhosung/Library/CloudStorage/OneDrive-SharedLibraries-ThePennsylvaniaStateUniversity/AI Adoption Meta Analysis - Documents/Meta/AI Adoption/PDFs/S088.pdf
S088,EE-PE,EE,PE,0.319,353.0,latest_human_R1_CORRELATIONS,true,false,false,true,false,true,ok,true,/Users/newhosung/Library/CloudStorage/OneDrive-SharedLibraries-ThePennsylvaniaStateUniversity/AI Adoption Meta Analysis - Documents/Meta/AI Adoption/PDFs/S088.pdf
S088,EE-SI,EE,SI,0.175,353.0,latest_human_R1_CORRELATIONS,true,false,false,true,false,true,ok,true,/Users/newhosung/Library/CloudStorage/OneDrive-SharedLibraries-ThePennsylvaniaStateUniversity/AI Adoption Meta Analysis - Documents/Meta/AI Adoption/PDFs/S088.pdf
S088,EE-TRU,EE,TRU,0.141,353.0,latest_human_R1_CORRELATIONS,true,false,false,true,false,true,ok,true,/Users/newhosung/Library/CloudStorage/OneDrive-SharedLibraries-ThePennsylvaniaStateUniversity/AI Adoption Meta Analysis - Documents/Meta/AI Adoption/PDFs/S088.pdf
S088,EE-UB,EE,UB,0.184,353.0,latest_human_R1_CORRELATIONS,true,false,false,true,false,true,ok,true,/Users/newhosung/Library/CloudStorage/OneDrive-SharedLibraries-ThePennsylvaniaStateUniversity/AI Adoption Meta Analysis - Documents/Meta/AI Adoption/PDFs/S088.pdf
S088,FC-PE,FC,PE,0.393,353.0,latest_human_R1_CORRELATIONS,true,false,false,true,false,true,ok,true,/Users/newhosung/Library/CloudStorage/OneDrive-SharedLibraries-ThePennsylvaniaStateUniversity/AI Adoption Meta Analysis - Documents/Meta/AI Adoption/PDFs/S088.pdf
S088,FC-SI,FC,SI,0.164,353.0,latest_human_R1_CORRELATIONS,true,false,false,true,false,true,ok,true,/Users/newhosung/Library/CloudStorage/OneDrive-SharedLibraries-ThePennsylvaniaStateUniversity/AI Adoption Meta Analysis - Documents/Meta/AI Adoption/PDFs/S088.pdf
S088,FC-TRU,FC,TRU,0.093,353.0,latest_human_R1_CORRELATIONS,true,false,false,true,false,true,ok,true,/Users/newhosung/Library/CloudStorage/OneDrive-SharedLibraries-ThePennsylvaniaStateUniversity/AI Adoption Meta Analysis - Documents/Meta/AI Adoption/PDFs/S088.pdf
S088,FC-UB,FC,UB,0.246,353.0,latest_human_R1_CORRELATIONS,true,false,false,true,false,true,ok,true,/Users/newhosung/Library/CloudStorage/OneDrive-SharedLibraries-ThePennsylvaniaStateUniversity/AI Adoption Meta Analysis - Documents/Meta/AI Adoption/PDFs/S088.pdf
S088,PE-SI,PE,SI,0.346,353.0,latest_human_R1_CORRELATIONS,true,false,false,true,false,true,ok,true,/Users/newhosung/Library/CloudStorage/OneDrive-SharedLibraries-ThePennsylvaniaStateUniversity/AI Adoption Meta Analysis - Documents/Meta/AI Adoption/PDFs/S088.pdf
S088,PE-TRU,PE,TRU,0.194,353.0,latest_human_R1_CORRELATIONS,true,false,false,true,false,true,ok,true,/Users/newhosung/Library/CloudStorage/OneDrive-SharedLibraries-ThePennsylvaniaStateUniversity/AI Adoption Meta Analysis - Documents/Meta/AI Adoption/PDFs/S088.pdf
S088,PE-UB,PE,UB,0.29,353.0,latest_human_R1_CORRELATIONS,true,false,false,true,false,true,ok,true,/Users/newhosung/Library/CloudStorage/OneDrive-SharedLibraries-ThePennsylvaniaStateUniversity/AI Adoption Meta Analysis - Documents/Meta/AI Adoption/PDFs/S088.pdf
S088,SI-TRU,SI,TRU,0.132,353.0,latest_human_R1_CORRELATIONS,true,false,false,true,false,true,ok,true,/Users/newhosung/Library/CloudStorage/OneDrive-SharedLibraries-ThePennsylvaniaStateUniversity/AI Adoption Meta Analysis - Documents/Meta/AI Adoption/PDFs/S088.pdf
S088,SI-UB,SI,UB,0.207,353.0,latest_human_R1_CORRELATIONS,true,false,false,true,false,true,ok,true,/Users/newhosung/Library/CloudStorage/OneDrive-SharedLibraries-ThePennsylvaniaStateUniversity/AI Adoption Meta Analysis - Documents/Meta/AI Adoption/PDFs/S088.pdf
S088,TRU-UB,TRU,UB,0.224,353.0,latest_human_R1_CORRELATIONS,true,false,false,true,false,true,ok,true,/Users/newhosung/Library/CloudStorage/OneDrive-SharedLibraries-ThePennsylvaniaStateUniversity/AI Adoption Meta Analysis - Documents/Meta/AI Adoption/PDFs/S088.pdf
S192,BI-EE,BI,EE,0.08,693.0,latest_human_R1_CORRELATIONS,true,false,false,true,true,true,ok,true,/Users/newhosung/Library/CloudStorage/OneDrive-SharedLibraries-ThePennsylvaniaStateUniversity/AI Adoption Meta Analysis - Documents/Meta/AI Adoption/PDFs/S192.pdf
S192,BI-FC,BI,FC,0.34,693.0,latest_human_R1_CORRELATIONS,true,false,false,true,false,true,ok,false,/Users/newhosung/Library/CloudStorage/OneDrive-SharedLibraries-ThePennsylvaniaStateUniversity/AI Adoption Meta Analysis - Documents/Meta/AI Adoption/PDFs/S192.pdf
S192,BI-PE,BI,PE,0.14,693.0,latest_human_R1_CORRELATIONS,true,false,false,true,true,true,ok,true,/Users/newhosung/Library/CloudStorage/OneDrive-SharedLibraries-ThePennsylvaniaStateUniversity/AI Adoption Meta Analysis - Documents/Meta/AI Adoption/PDFs/S192.pdf
S192,BI-SI,BI,SI,0.37,693.0,latest_human_R1_CORRELATIONS,true,false,false,true,true,true,ok,true,/Users/newhosung/Library/CloudStorage/OneDrive-SharedLibraries-ThePennsylvaniaStateUniversity/AI Adoption Meta Analysis - Documents/Meta/AI Adoption/PDFs/S192.pdf
S192,BI-UB,BI,UB,0.32,693.0,latest_human_R1_CORRELATIONS,true,false,false,true,true,true,ok,true,/Users/newhosung/Library/CloudStorage/OneDrive-SharedLibraries-ThePennsylvaniaStateUniversity/AI Adoption Meta Analysis - Documents/Meta/AI Adoption/PDFs/S192.pdf
S006,BI-EE,BI,EE,0.367,1167.0,latest_human_R1_CORRELATIONS,true,false,false,true,true,true,ok,true,/Users/newhosung/Library/CloudStorage/OneDrive-SharedLibraries-ThePennsylvaniaStateUniversity/AI Adoption Meta Analysis - Documents/Meta/AI Adoption/PDFs/S006.pdf
S006,BI-FC,BI,FC,0.22,1167.0,latest_human_R1_CORRELATIONS,true,false,false,true,true,true,ok,true,/Users/newhosung/Library/CloudStorage/OneDrive-SharedLibraries-ThePennsylvaniaStateUniversity/AI Adoption Meta Analysis - Documents/Meta/AI Adoption/PDFs/S006.pdf
S006,BI-PE,BI,PE,0.626,1167.0,latest_human_R1_CORRELATIONS,true,false,false,true,true,true,ok,true,/Users/newhosung/Library/CloudStorage/OneDrive-SharedLibraries-ThePennsylvaniaStateUniversity/AI Adoption Meta Analysis - Documents/Meta/AI Adoption/PDFs/S006.pdf
S006,BI-SI,BI,SI,0.421,1167.0,latest_human_R1_CORRELATIONS,true,false,false,true,true,true,ok,true,/Users/newhosung/Library/CloudStorage/OneDrive-SharedLibraries-ThePennsylvaniaStateUniversity/AI Adoption Meta Analysis - Documents/Meta/AI Adoption/PDFs/S006.pdf
S006,BI-UB,BI,UB,0.596,1167.0,latest_human_R1_CORRELATIONS,true,false,false,true,true,true,ok,true,/Users/newhosung/Library/CloudStorage/OneDrive-SharedLibraries-ThePennsylvaniaStateUniversity/AI Adoption Meta Analysis - Documents/Meta/AI Adoption/PDFs/S006.pdf
S006,EE-FC,EE,FC,0.333,1167.0,latest_human_R1_CORRELATIONS,true,false,false,true,true,true,ok,true,/Users/newhosung/Library/CloudStorage/OneDrive-SharedLibraries-ThePennsylvaniaStateUniversity/AI Adoption Meta Analysis - Documents/Meta/AI Adoption/PDFs/S006.pdf
S006,EE-PE,EE,PE,0.334,1167.0,latest_human_R1_CORRELATIONS,true,false,false,true,true,true,ok,true,/Users/newhosung/Library/CloudStorage/OneDrive-SharedLibraries-ThePennsylvaniaStateUniversity/AI Adoption Meta Analysis - Documents/Meta/AI Adoption/PDFs/S006.pdf
S006,EE-SI,EE,SI,0.377,1167.0,latest_human_R1_CORRELATIONS,true,false,false,true,true,true,ok,true,/Users/newhosung/Library/CloudStorage/OneDrive-SharedLibraries-ThePennsylvaniaStateUniversity/AI Adoption Meta Analysis - Documents/Meta/AI Adoption/PDFs/S006.pdf
S006,EE-UB,EE,UB,0.307,1167.0,latest_human_R1_CORRELATIONS,true,false,false,true,true,true,ok,true,/Users/newhosung/Library/CloudStorage/OneDrive-SharedLibraries-ThePennsylvaniaStateUniversity/AI Adoption Meta Analysis - Documents/Meta/AI Adoption/PDFs/S006.pdf
S006,FC-PE,FC,PE,0.134,1167.0,latest_human_R1_CORRELATIONS,true,false,false,true,true,true,ok,true,/Users/newhosung/Library/CloudStorage/OneDrive-SharedLibraries-ThePennsylvaniaStateUniversity/AI Adoption Meta Analysis - Documents/Meta/AI Adoption/PDFs/S006.pdf
S006,FC-SI,FC,SI,-0.029,1167.0,latest_human_R1_CORRELATIONS,true,false,false,true,false,true,ok,true,/Users/newhosung/Library/CloudStorage/OneDrive-SharedLibraries-ThePennsylvaniaStateUniversity/AI Adoption Meta Analysis - Documents/Meta/AI Adoption/PDFs/S006.pdf
S006,FC-UB,FC,UB,0.402,1167.0,latest_human_R1_CORRELATIONS,true,false,false,true,true,true,ok,true,/Users/newhosung/Library/CloudStorage/OneDrive-SharedLibraries-ThePennsylvaniaStateUniversity/AI Adoption Meta Analysis - Documents/Meta/AI Adoption/PDFs/S006.pdf
S006,PE-SI,PE,SI,0.403,1167.0,latest_human_R1_CORRELATIONS,true,false,false,true,true,true,ok,true,/Users/newhosung/Library/CloudStorage/OneDrive-SharedLibraries-ThePennsylvaniaStateUniversity/AI Adoption Meta Analysis - Documents/Meta/AI Adoption/PDFs/S006.pdf
S006,PE-UB,PE,UB,0.469,1167.0,latest_human_R1_CORRELATIONS,true,false,false,true,true,true,ok,true,/Users/newhosung/Library/CloudStorage/OneDrive-SharedLibraries-ThePennsylvaniaStateUniversity/AI Adoption Meta Analysis - Documents/Meta/AI Adoption/PDFs/S006.pdf
S006,SI-UB,SI,UB,0.334,1167.0,latest_human_R1_CORRELATIONS,true,false,false,true,true,true,ok,true,/Users/newhosung/Library/CloudStorage/OneDrive-SharedLibraries-ThePennsylvaniaStateUniversity/AI Adoption Meta Analysis - Documents/Meta/AI Adoption/PDFs/S006.pdf
S003,EE-FC,EE,FC,0.271,195.0,latest_human_R1_CORRELATIONS,true,false,false,true,true,true,ok,true,/Users/newhosung/Library/CloudStorage/OneDrive-SharedLibraries-ThePennsylvaniaStateUniversity/AI Adoption Meta Analysis - Documents/Meta/AI Adoption/PDFs/S003.pdf
S003,EE-PE,EE,PE,0.496,195.0,latest_human_R1_CORRELATIONS,true,false,false,true,true,true,ok,true,/Users/newhosung/Library/CloudStorage/OneDrive-SharedLibraries-ThePennsylvaniaStateUniversity/AI Adoption Meta Analysis - Documents/Meta/AI Adoption/PDFs/S003.pdf
S003,EE-SI,EE,SI,0.414,195.0,latest_human_R1_CORRELATIONS,true,false,false,true,true,true,ok,true,/Users/newhosung/Library/CloudStorage/OneDrive-SharedLibraries-ThePennsylvaniaStateUniversity/AI Adoption Meta Analysis - Documents/Meta/AI Adoption/PDFs/S003.pdf
S003,EE-UB,EE,UB,0.241,195.0,latest_human_R1_CORRELATIONS,true,false,false,true,true,true,ok,true,/Users/newhosung/Library/CloudStorage/OneDrive-SharedLibraries-ThePennsylvaniaStateUniversity/AI Adoption Meta Analysis - Documents/Meta/AI Adoption/PDFs/S003.pdf
S003,FC-PE,FC,PE,0.448,195.0,latest_human_R1_CORRELATIONS,true,false,false,true,true,true,ok,true,/Users/newhosung/Library/CloudStorage/OneDrive-SharedLibraries-ThePennsylvaniaStateUniversity/AI Adoption Meta Analysis - Documents/Meta/AI Adoption/PDFs/S003.pdf
S003,FC-SI,FC,SI,0.565,195.0,latest_human_R1_CORRELATIONS,true,false,false,true,true,true,ok,true,/Users/newhosung/Library/CloudStorage/OneDrive-SharedLibraries-ThePennsylvaniaStateUniversity/AI Adoption Meta Analysis - Documents/Meta/AI Adoption/PDFs/S003.pdf
S003,FC-UB,FC,UB,0.609,195.0,latest_human_R1_CORRELATIONS,true,false,false,true,true,true,ok,true,/Users/newhosung/Library/CloudStorage/OneDrive-SharedLibraries-ThePennsylvaniaStateUniversity/AI Adoption Meta Analysis - Documents/Meta/AI Adoption/PDFs/S003.pdf
S003,PE-SI,PE,SI,0.644,195.0,latest_human_R1_CORRELATIONS,true,false,false,true,true,true,ok,true,/Users/newhosung/Library/CloudStorage/OneDrive-SharedLibraries-ThePennsylvaniaStateUniversity/AI Adoption Meta Analysis - Documents/Meta/AI Adoption/PDFs/S003.pdf
S003,PE-UB,PE,UB,0.726,195.0,latest_human_R1_CORRELATIONS,true,false,false,true,true,true,ok,true,/Users/newhosung/Library/CloudStorage/OneDrive-SharedLibraries-ThePennsylvaniaStateUniversity/AI Adoption Meta Analysis - Documents/Meta/AI Adoption/PDFs/S003.pdf
S003,SI-UB,SI,UB,0.73,195.0,latest_human_R1_CORRELATIONS,true,false,false,true,true,true,ok,true,/Users/newhosung/Library/CloudStorage/OneDrive-SharedLibraries-ThePennsylvaniaStateUniversity/AI Adoption Meta Analysis - Documents/Meta/AI Adoption/PDFs/S003.pdf
S037,BI-EE,BI,EE,0.601,635.0,latest_human_R1_CORRELATIONS,true,false,false,true,true,true,ok,true,/Users/newhosung/Library/CloudStorage/OneDrive-SharedLibraries-ThePennsylvaniaStateUniversity/AI Adoption Meta Analysis - Documents/Meta/AI Adoption/PDFs/S037.pdf
S037,BI-PE,BI,PE,0.692,635.0,latest_human_R1_CORRELATIONS,true,false,false,true,true,true,ok,true,/Users/newhosung/Library/CloudStorage/OneDrive-SharedLibraries-ThePennsylvaniaStateUniversity/AI Adoption Meta Analysis - Documents/Meta/AI Adoption/PDFs/S037.pdf
S037,BI-SI,BI,SI,0.528,635.0,latest_human_R1_CORRELATIONS,true,false,false,true,true,true,ok,true,/Users/newhosung/Library/CloudStorage/OneDrive-SharedLibraries-ThePennsylvaniaStateUniversity/AI Adoption Meta Analysis - Documents/Meta/AI Adoption/PDFs/S037.pdf
S037,BI-TRU,BI,TRU,0.72,635.0,latest_human_R1_CORRELATIONS,true,false,false,true,true,true,ok,true,/Users/newhosung/Library/CloudStorage/OneDrive-SharedLibraries-ThePennsylvaniaStateUniversity/AI Adoption Meta Analysis - Documents/Meta/AI Adoption/PDFs/S037.pdf
S037,EE-PE,EE,PE,0.664,635.0,latest_human_R1_CORRELATIONS,true,false,false,true,true,true,ok,true,/Users/newhosung/Library/CloudStorage/OneDrive-SharedLibraries-ThePennsylvaniaStateUniversity/AI Adoption Meta Analysis - Documents/Meta/AI Adoption/PDFs/S037.pdf
S037,EE-SI,EE,SI,0.542,635.0,latest_human_R1_CORRELATIONS,true,false,false,true,true,true,ok,true,/Users/newhosung/Library/CloudStorage/OneDrive-SharedLibraries-ThePennsylvaniaStateUniversity/AI Adoption Meta Analysis - Documents/Meta/AI Adoption/PDFs/S037.pdf
S037,EE-TRU,EE,TRU,0.539,635.0,latest_human_R1_CORRELATIONS,true,false,false,true,true,true,ok,true,/Users/newhosung/Library/CloudStorage/OneDrive-SharedLibraries-ThePennsylvaniaStateUniversity/AI Adoption Meta Analysis - Documents/Meta/AI Adoption/PDFs/S037.pdf
S037,PE-SI,PE,SI,0.542,635.0,latest_human_R1_CORRELATIONS,true,false,false,true,true,true,ok,true,/Users/newhosung/Library/CloudStorage/OneDrive-SharedLibraries-ThePennsylvaniaStateUniversity/AI Adoption Meta Analysis - Documents/Meta/AI Adoption/PDFs/S037.pdf
S037,PE-TRU,PE,TRU,0.601,635.0,latest_human_R1_CORRELATIONS,true,false,false,true,true,true,ok,true,/Users/newhosung/Library/CloudStorage/OneDrive-SharedLibraries-ThePennsylvaniaStateUniversity/AI Adoption Meta Analysis - Documents/Meta/AI Adoption/PDFs/S037.pdf
S037,SI-TRU,SI,TRU,0.519,635.0,latest_human_R1_CORRELATIONS,true,false,false,true,true,true,ok,true,/Users/newhosung/Library/CloudStorage/OneDrive-SharedLibraries-ThePennsylvaniaStateUniversity/AI Adoption Meta Analysis - Documents/Meta/AI Adoption/PDFs/S037.pdf
S112,BI-EE,BI,EE,0.16,500.0,latest_human_R1_CORRELATIONS,true,false,false,true,false,true,ok,false,/Users/newhosung/Library/CloudStorage/OneDrive-SharedLibraries-ThePennsylvaniaStateUniversity/AI Adoption Meta Analysis - Documents/Meta/AI Adoption/PDFs/S112.pdf
S112,BI-FC,BI,FC,0.16,500.0,latest_human_R1_CORRELATIONS,true,false,false,true,false,true,ok,false,/Users/newhosung/Library/CloudStorage/OneDrive-SharedLibraries-ThePennsylvaniaStateUniversity/AI Adoption Meta Analysis - Documents/Meta/AI Adoption/PDFs/S112.pdf
S112,BI-PE,BI,PE,0.23,500.0,latest_human_R1_CORRELATIONS,true,false,false,true,false,true,ok,false,/Users/newhosung/Library/CloudStorage/OneDrive-SharedLibraries-ThePennsylvaniaStateUniversity/AI Adoption Meta Analysis - Documents/Meta/AI Adoption/PDFs/S112.pdf
S112,BI-SI,BI,SI,0.29,500.0,latest_human_R1_CORRELATIONS,true,false,false,true,true,true,ok,true,/Users/newhosung/Library/CloudStorage/OneDrive-SharedLibraries-ThePennsylvaniaStateUniversity/AI Adoption Meta Analysis - Documents/Meta/AI Adoption/PDFs/S112.pdf
S112,EE-FC,EE,FC,0.43,500.0,latest_human_R1_CORRELATIONS,true,false,false,true,false,true,ok,true,/Users/newhosung/Library/CloudStorage/OneDrive-SharedLibraries-ThePennsylvaniaStateUniversity/AI Adoption Meta Analysis - Documents/Meta/AI Adoption/PDFs/S112.pdf
S112,EE-PE,EE,PE,0.3,500.0,latest_human_R1_CORRELATIONS,true,false,false,true,true,true,ok,true,/Users/newhosung/Library/CloudStorage/OneDrive-SharedLibraries-ThePennsylvaniaStateUniversity/AI Adoption Meta Analysis - Documents/Meta/AI Adoption/PDFs/S112.pdf
S112,PE-SI,PE,SI,0.27,500.0,latest_human_R1_CORRELATIONS,true,false,false,true,true,true,ok,true,/Users/newhosung/Library/CloudStorage/OneDrive-SharedLibraries-ThePennsylvaniaStateUniversity/AI Adoption Meta Analysis - Documents/Meta/AI Adoption/PDFs/S112.pdf
S040,BI-EE,BI,EE,0.59,290.0,latest_human_R1_CORRELATIONS,true,false,false,true,true,true,ok,true,/Users/newhosung/Library/CloudStorage/OneDrive-SharedLibraries-ThePennsylvaniaStateUniversity/AI Adoption Meta Analysis - Documents/Meta/AI Adoption/PDFs/S040.pdf
S040,BI-PE,BI,PE,0.55,290.0,latest_human_R1_CORRELATIONS,true,false,false,true,true,true,ok,true,/Users/newhosung/Library/CloudStorage/OneDrive-SharedLibraries-ThePennsylvaniaStateUniversity/AI Adoption Meta Analysis - Documents/Meta/AI Adoption/PDFs/S040.pdf
S040,BI-TRU,BI,TRU,0.84,290.0,latest_human_R1_CORRELATIONS,true,false,false,true,true,true,ok,true,/Users/newhosung/Library/CloudStorage/OneDrive-SharedLibraries-ThePennsylvaniaStateUniversity/AI Adoption Meta Analysis - Documents/Meta/AI Adoption/PDFs/S040.pdf
S040,EE-PE,EE,PE,0.48,290.0,latest_human_R1_CORRELATIONS,true,false,false,true,true,true,ok,true,/Users/newhosung/Library/CloudStorage/OneDrive-SharedLibraries-ThePennsylvaniaStateUniversity/AI Adoption Meta Analysis - Documents/Meta/AI Adoption/PDFs/S040.pdf
S040,EE-TRU,EE,TRU,0.65,290.0,latest_human_R1_CORRELATIONS,true,false,false,true,true,true,ok,true,/Users/newhosung/Library/CloudStorage/OneDrive-SharedLibraries-ThePennsylvaniaStateUniversity/AI Adoption Meta Analysis - Documents/Meta/AI Adoption/PDFs/S040.pdf
S040,PE-TRU,PE,TRU,0.59,290.0,latest_human_R1_CORRELATIONS,true,false,false,true,true,true,ok,true,/Users/newhosung/Library/CloudStorage/OneDrive-SharedLibraries-ThePennsylvaniaStateUniversity/AI Adoption Meta Analysis - Documents/Meta/AI Adoption/PDFs/S040.pdf
S116,BI-EE,BI,EE,0.35,8496.0,latest_human_R1_CORRELATIONS,true,false,false,true,true,true,ok,true,/Users/newhosung/Library/CloudStorage/OneDrive-SharedLibraries-ThePennsylvaniaStateUniversity/AI Adoption Meta Analysis - Documents/Meta/AI Adoption/PDFs/S116.pdf
S116,BI-FC,BI,FC,0.37,8496.0,latest_human_R1_CORRELATIONS,true,false,false,true,true,true,ok,true,/Users/newhosung/Library/CloudStorage/OneDrive-SharedLibraries-ThePennsylvaniaStateUniversity/AI Adoption Meta Analysis - Documents/Meta/AI Adoption/PDFs/S116.pdf
S116,BI-PE,BI,PE,0.43,8496.0,latest_human_R1_CORRELATIONS,true,false,false,true,true,true,ok,true,/Users/newhosung/Library/CloudStorage/OneDrive-SharedLibraries-ThePennsylvaniaStateUniversity/AI Adoption Meta Analysis - Documents/Meta/AI Adoption/PDFs/S116.pdf
S116,BI-SI,BI,SI,0.32,8496.0,latest_human_R1_CORRELATIONS,true,false,false,true,true,true,ok,true,/Users/newhosung/Library/CloudStorage/OneDrive-SharedLibraries-ThePennsylvaniaStateUniversity/AI Adoption Meta Analysis - Documents/Meta/AI Adoption/PDFs/S116.pdf
S116,BI-UB,BI,UB,0.66,8496.0,latest_human_R1_CORRELATIONS,true,false,false,true,true,true,ok,true,/Users/newhosung/Library/CloudStorage/OneDrive-SharedLibraries-ThePennsylvaniaStateUniversity/AI Adoption Meta Analysis - Documents/Meta/AI Adoption/PDFs/S116.pdf
S116,EE-FC,EE,FC,0.57,8496.0,latest_human_R1_CORRELATIONS,true,false,false,true,true,true,ok,true,/Users/newhosung/Library/CloudStorage/OneDrive-SharedLibraries-ThePennsylvaniaStateUniversity/AI Adoption Meta Analysis - Documents/Meta/AI Adoption/PDFs/S116.pdf
S116,EE-PE,EE,PE,0.61,8496.0,latest_human_R1_CORRELATIONS,true,false,false,true,true,true,ok,true,/Users/newhosung/Library/CloudStorage/OneDrive-SharedLibraries-ThePennsylvaniaStateUniversity/AI Adoption Meta Analysis - Documents/Meta/AI Adoption/PDFs/S116.pdf
S116,EE-SI,EE,SI,0.28,8496.0,latest_human_R1_CORRELATIONS,true,false,false,true,true,true,ok,true,/Users/newhosung/Library/CloudStorage/OneDrive-SharedLibraries-ThePennsylvaniaStateUniversity/AI Adoption Meta Analysis - Documents/Meta/AI Adoption/PDFs/S116.pdf
S116,EE-UB,EE,UB,0.4,8496.0,latest_human_R1_CORRELATIONS,true,false,false,true,true,true,ok,true,/Users/newhosung/Library/CloudStorage/OneDrive-SharedLibraries-ThePennsylvaniaStateUniversity/AI Adoption Meta Analysis - Documents/Meta/AI Adoption/PDFs/S116.pdf
S116,FC-PE,FC,PE,0.49,8496.0,latest_human_R1_CORRELATIONS,true,false,false,true,true,true,ok,true,/Users/newhosung/Library/CloudStorage/OneDrive-SharedLibraries-ThePennsylvaniaStateUniversity/AI Adoption Meta Analysis - Documents/Meta/AI Adoption/PDFs/S116.pdf
S116,FC-SI,FC,SI,0.29,8496.0,latest_human_R1_CORRELATIONS,true,false,false,true,true,true,ok,true,/Users/newhosung/Library/CloudStorage/OneDrive-SharedLibraries-ThePennsylvaniaStateUniversity/AI Adoption Meta Analysis - Documents/Meta/AI Adoption/PDFs/S116.pdf
S116,FC-UB,FC,UB,0.5,8496.0,latest_human_R1_CORRELATIONS,true,false,false,true,true,true,ok,true,/Users/newhosung/Library/CloudStorage/OneDrive-SharedLibraries-ThePennsylvaniaStateUniversity/AI Adoption Meta Analysis - Documents/Meta/AI Adoption/PDFs/S116.pdf
S116,PE-SI,PE,SI,0.22,8496.0,latest_human_R1_CORRELATIONS,true,false,false,true,true,true,ok,true,/Users/newhosung/Library/CloudStorage/OneDrive-SharedLibraries-ThePennsylvaniaStateUniversity/AI Adoption Meta Analysis - Documents/Meta/AI Adoption/PDFs/S116.pdf
S116,PE-UB,PE,UB,0.41,8496.0,latest_human_R1_CORRELATIONS,true,false,false,true,true,true,ok,true,/Users/newhosung/Library/CloudStorage/OneDrive-SharedLibraries-ThePennsylvaniaStateUniversity/AI Adoption Meta Analysis - Documents/Meta/AI Adoption/PDFs/S116.pdf
S116,SI-UB,SI,UB,0.32,8496.0,latest_human_R1_CORRELATIONS,true,false,false,true,true,true,ok,true,/Users/newhosung/Library/CloudStorage/OneDrive-SharedLibraries-ThePennsylvaniaStateUniversity/AI Adoption Meta Analysis - Documents/Meta/AI Adoption/PDFs/S116.pdf
S172,BI-EE,BI,EE,0.889,330.0,latest_human_R1_CORRELATIONS,true,false,false,true,true,true,ok,true,/Users/newhosung/Library/CloudStorage/OneDrive-SharedLibraries-ThePennsylvaniaStateUniversity/AI Adoption Meta Analysis - Documents/Meta/AI Adoption/PDFs/S172.pdf
S172,BI-PE,BI,PE,0.779,330.0,latest_human_R1_CORRELATIONS,true,false,false,true,true,true,ok,true,/Users/newhosung/Library/CloudStorage/OneDrive-SharedLibraries-ThePennsylvaniaStateUniversity/AI Adoption Meta Analysis - Documents/Meta/AI Adoption/PDFs/S172.pdf
S172,BI-UB,BI,UB,0.881,330.0,latest_human_R1_CORRELATIONS,true,false,false,true,true,true,ok,true,/Users/newhosung/Library/CloudStorage/OneDrive-SharedLibraries-ThePennsylvaniaStateUniversity/AI Adoption Meta Analysis - Documents/Meta/AI Adoption/PDFs/S172.pdf
S172,EE-PE,EE,PE,0.692,330.0,latest_human_R1_CORRELATIONS,true,false,false,true,true,true,ok,true,/Users/newhosung/Library/CloudStorage/OneDrive-SharedLibraries-ThePennsylvaniaStateUniversity/AI Adoption Meta Analysis - Documents/Meta/AI Adoption/PDFs/S172.pdf
S172,EE-UB,EE,UB,0.878,330.0,latest_human_R1_CORRELATIONS,true,false,false,true,true,true,ok,true,/Users/newhosung/Library/CloudStorage/OneDrive-SharedLibraries-ThePennsylvaniaStateUniversity/AI Adoption Meta Analysis - Documents/Meta/AI Adoption/PDFs/S172.pdf
S172,PE-UB,PE,UB,0.787,330.0,latest_human_R1_CORRELATIONS,true,false,false,true,true,true,ok,true,/Users/newhosung/Library/CloudStorage/OneDrive-SharedLibraries-ThePennsylvaniaStateUniversity/AI Adoption Meta Analysis - Documents/Meta/AI Adoption/PDFs/S172.pdf
S159,BI-EE,BI,EE,0.103,483.0,latest_human_R1_CORRELATIONS,true,false,false,true,true,true,ok,true,/Users/newhosung/Library/CloudStorage/OneDrive-SharedLibraries-ThePennsylvaniaStateUniversity/AI Adoption Meta Analysis - Documents/Meta/AI Adoption/PDFs/S159.pdf
S159,BI-PE,BI,PE,0.127,483.0,latest_human_R1_CORRELATIONS,true,false,false,true,true,true,ok,true,/Users/newhosung/Library/CloudStorage/OneDrive-SharedLibraries-ThePennsylvaniaStateUniversity/AI Adoption Meta Analysis - Documents/Meta/AI Adoption/PDFs/S159.pdf
S159,BI-SI,BI,SI,0.053,483.0,latest_human_R1_CORRELATIONS,true,false,false,true,true,true,ok,true,/Users/newhosung/Library/CloudStorage/OneDrive-SharedLibraries-ThePennsylvaniaStateUniversity/AI Adoption Meta Analysis - Documents/Meta/AI Adoption/PDFs/S159.pdf
S159,BI-TRU,BI,TRU,0.137,483.0,latest_human_R1_CORRELATIONS,true,false,false,true,true,true,ok,true,/Users/newhosung/Library/CloudStorage/OneDrive-SharedLibraries-ThePennsylvaniaStateUniversity/AI Adoption Meta Analysis - Documents/Meta/AI Adoption/PDFs/S159.pdf
S159,EE-PE,EE,PE,0.139,483.0,latest_human_R1_CORRELATIONS,true,false,false,true,true,true,ok,true,/Users/newhosung/Library/CloudStorage/OneDrive-SharedLibraries-ThePennsylvaniaStateUniversity/AI Adoption Meta Analysis - Documents/Meta/AI Adoption/PDFs/S159.pdf
S159,EE-SI,EE,SI,0.02,483.0,latest_human_R1_CORRELATIONS,true,false,false,true,true,true,ok,true,/Users/newhosung/Library/CloudStorage/OneDrive-SharedLibraries-ThePennsylvaniaStateUniversity/AI Adoption Meta Analysis - Documents/Meta/AI Adoption/PDFs/S159.pdf
S159,EE-TRU,EE,TRU,0.087,483.0,latest_human_R1_CORRELATIONS,true,false,false,true,true,true,ok,true,/Users/newhosung/Library/CloudStorage/OneDrive-SharedLibraries-ThePennsylvaniaStateUniversity/AI Adoption Meta Analysis - Documents/Meta/AI Adoption/PDFs/S159.pdf
S159,PE-SI,PE,SI,0.154,483.0,latest_human_R1_CORRELATIONS,true,false,false,true,true,true,ok,true,/Users/newhosung/Library/CloudStorage/OneDrive-SharedLibraries-ThePennsylvaniaStateUniversity/AI Adoption Meta Analysis - Documents/Meta/AI Adoption/PDFs/S159.pdf
S159,PE-TRU,PE,TRU,0.008,483.0,latest_human_R1_CORRELATIONS,true,false,false,true,true,true,ok,true,/Users/newhosung/Library/CloudStorage/OneDrive-SharedLibraries-ThePennsylvaniaStateUniversity/AI Adoption Meta Analysis - Documents/Meta/AI Adoption/PDFs/S159.pdf
S159,SI-TRU,SI,TRU,0.037,483.0,latest_human_R1_CORRELATIONS,true,false,false,true,true,true,ok,true,/Users/newhosung/Library/CloudStorage/OneDrive-SharedLibraries-ThePennsylvaniaStateUniversity/AI Adoption Meta Analysis - Documents/Meta/AI Adoption/PDFs/S159.pdf
S134,BI-EE,BI,EE,0.1,506.0,latest_human_R1_CORRELATIONS,true,false,false,true,false,true,ok,false,/Users/newhosung/Library/CloudStorage/OneDrive-SharedLibraries-ThePennsylvaniaStateUniversity/AI Adoption Meta Analysis - Documents/Meta/AI Adoption/PDFs/S134.pdf
S134,BI-FC,BI,FC,0.07,506.0,latest_human_R1_CORRELATIONS,true,false,false,true,false,true,ok,false,/Users/newhosung/Library/CloudStorage/OneDrive-SharedLibraries-ThePennsylvaniaStateUniversity/AI Adoption Meta Analysis - Documents/Meta/AI Adoption/PDFs/S134.pdf
S134,BI-PE,BI,PE,0.44,506.0,latest_human_R1_CORRELATIONS,true,false,false,true,true,true,ok,false,/Users/newhosung/Library/CloudStorage/OneDrive-SharedLibraries-ThePennsylvaniaStateUniversity/AI Adoption Meta Analysis - Documents/Meta/AI Adoption/PDFs/S134.pdf
S134,BI-SI,BI,SI,0.08,506.0,latest_human_R1_CORRELATIONS,true,false,false,true,true,true,ok,true,/Users/newhosung/Library/CloudStorage/OneDrive-SharedLibraries-ThePennsylvaniaStateUniversity/AI Adoption Meta Analysis - Documents/Meta/AI Adoption/PDFs/S134.pdf
S134,BI-UB,BI,UB,0.44,506.0,latest_human_R1_CORRELATIONS,true,false,false,true,true,true,ok,false,/Users/newhosung/Library/CloudStorage/OneDrive-SharedLibraries-ThePennsylvaniaStateUniversity/AI Adoption Meta Analysis - Documents/Meta/AI Adoption/PDFs/S134.pdf
S134,FC-UB,FC,UB,0.17,506.0,latest_human_R1_CORRELATIONS,true,false,false,true,true,true,ok,false,/Users/newhosung/Library/CloudStorage/OneDrive-SharedLibraries-ThePennsylvaniaStateUniversity/AI Adoption Meta Analysis - Documents/Meta/AI Adoption/PDFs/S134.pdf
S082,BI-EE,BI,EE,0.61,308.0,latest_human_R1_CORRELATIONS,true,false,false,true,true,true,ok,true,/Users/newhosung/Library/CloudStorage/OneDrive-SharedLibraries-ThePennsylvaniaStateUniversity/AI Adoption Meta Analysis - Documents/Meta/AI Adoption/PDFs/S082.pdf
S082,BI-FC,BI,FC,0.58,308.0,latest_human_R1_CORRELATIONS,true,false,false,true,true,true,ok,true,/Users/newhosung/Library/CloudStorage/OneDrive-SharedLibraries-ThePennsylvaniaStateUniversity/AI Adoption Meta Analysis - Documents/Meta/AI Adoption/PDFs/S082.pdf
S082,BI-PE,BI,PE,0.73,308.0,latest_human_R1_CORRELATIONS,true,false,false,true,true,true,ok,true,/Users/newhosung/Library/CloudStorage/OneDrive-SharedLibraries-ThePennsylvaniaStateUniversity/AI Adoption Meta Analysis - Documents/Meta/AI Adoption/PDFs/S082.pdf
S082,BI-SI,BI,SI,0.3,308.0,latest_human_R1_CORRELATIONS,true,false,false,true,true,true,ok,true,/Users/newhosung/Library/CloudStorage/OneDrive-SharedLibraries-ThePennsylvaniaStateUniversity/AI Adoption Meta Analysis - Documents/Meta/AI Adoption/PDFs/S082.pdf
S082,EE-FC,EE,FC,0.68,308.0,latest_human_R1_CORRELATIONS,true,false,false,true,true,true,ok,true,/Users/newhosung/Library/CloudStorage/OneDrive-SharedLibraries-ThePennsylvaniaStateUniversity/AI Adoption Meta Analysis - Documents/Meta/AI Adoption/PDFs/S082.pdf
S082,EE-PE,EE,PE,0.74,308.0,latest_human_R1_CORRELATIONS,true,false,false,true,true,true,ok,true,/Users/newhosung/Library/CloudStorage/OneDrive-SharedLibraries-ThePennsylvaniaStateUniversity/AI Adoption Meta Analysis - Documents/Meta/AI Adoption/PDFs/S082.pdf
S082,EE-SI,EE,SI,0.22,308.0,latest_human_R1_CORRELATIONS,true,false,false,true,true,true,ok,true,/Users/newhosung/Library/CloudStorage/OneDrive-SharedLibraries-ThePennsylvaniaStateUniversity/AI Adoption Meta Analysis - Documents/Meta/AI Adoption/PDFs/S082.pdf
S082,FC-PE,FC,PE,0.56,308.0,latest_human_R1_CORRELATIONS,true,false,false,true,true,true,ok,true,/Users/newhosung/Library/CloudStorage/OneDrive-SharedLibraries-ThePennsylvaniaStateUniversity/AI Adoption Meta Analysis - Documents/Meta/AI Adoption/PDFs/S082.pdf
S082,FC-SI,FC,SI,0.33,308.0,latest_human_R1_CORRELATIONS,true,false,false,true,true,true,ok,true,/Users/newhosung/Library/CloudStorage/OneDrive-SharedLibraries-ThePennsylvaniaStateUniversity/AI Adoption Meta Analysis - Documents/Meta/AI Adoption/PDFs/S082.pdf
S082,PE-SI,PE,SI,0.26,308.0,latest_human_R1_CORRELATIONS,true,false,false,true,true,true,ok,true,/Users/newhosung/Library/CloudStorage/OneDrive-SharedLibraries-ThePennsylvaniaStateUniversity/AI Adoption Meta Analysis - Documents/Meta/AI Adoption/PDFs/S082.pdf
S182,BI-EE,BI,EE,0.5,380.0,latest_human_R1_CORRELATIONS,true,false,false,true,true,true,ok,true,/Users/newhosung/Library/CloudStorage/OneDrive-SharedLibraries-ThePennsylvaniaStateUniversity/AI Adoption Meta Analysis - Documents/Meta/AI Adoption/PDFs/S182.pdf
S182,BI-FC,BI,FC,0.56,380.0,latest_human_R1_CORRELATIONS,true,false,false,true,true,true,ok,true,/Users/newhosung/Library/CloudStorage/OneDrive-SharedLibraries-ThePennsylvaniaStateUniversity/AI Adoption Meta Analysis - Documents/Meta/AI Adoption/PDFs/S182.pdf
S182,BI-PE,BI,PE,0.601,380.0,latest_human_R1_CORRELATIONS,true,false,false,true,true,true,ok,true,/Users/newhosung/Library/CloudStorage/OneDrive-SharedLibraries-ThePennsylvaniaStateUniversity/AI Adoption Meta Analysis - Documents/Meta/AI Adoption/PDFs/S182.pdf
S182,BI-SI,BI,SI,0.64,380.0,latest_human_R1_CORRELATIONS,true,false,false,true,true,true,ok,true,/Users/newhosung/Library/CloudStorage/OneDrive-SharedLibraries-ThePennsylvaniaStateUniversity/AI Adoption Meta Analysis - Documents/Meta/AI Adoption/PDFs/S182.pdf
S182,EE-FC,EE,FC,0.657,380.0,latest_human_R1_CORRELATIONS,true,false,false,true,true,true,ok,true,/Users/newhosung/Library/CloudStorage/OneDrive-SharedLibraries-ThePennsylvaniaStateUniversity/AI Adoption Meta Analysis - Documents/Meta/AI Adoption/PDFs/S182.pdf
S182,EE-PE,EE,PE,0.54,380.0,latest_human_R1_CORRELATIONS,true,false,false,true,true,true,ok,true,/Users/newhosung/Library/CloudStorage/OneDrive-SharedLibraries-ThePennsylvaniaStateUniversity/AI Adoption Meta Analysis - Documents/Meta/AI Adoption/PDFs/S182.pdf
S182,EE-SI,EE,SI,0.505,380.0,latest_human_R1_CORRELATIONS,true,false,false,true,true,true,ok,true,/Users/newhosung/Library/CloudStorage/OneDrive-SharedLibraries-ThePennsylvaniaStateUniversity/AI Adoption Meta Analysis - Documents/Meta/AI Adoption/PDFs/S182.pdf
S182,FC-PE,FC,PE,0.522,380.0,latest_human_R1_CORRELATIONS,true,false,false,true,true,true,ok,true,/Users/newhosung/Library/CloudStorage/OneDrive-SharedLibraries-ThePennsylvaniaStateUniversity/AI Adoption Meta Analysis - Documents/Meta/AI Adoption/PDFs/S182.pdf
S182,FC-SI,FC,SI,0.617,380.0,latest_human_R1_CORRELATIONS,true,false,false,true,true,true,ok,true,/Users/newhosung/Library/CloudStorage/OneDrive-SharedLibraries-ThePennsylvaniaStateUniversity/AI Adoption Meta Analysis - Documents/Meta/AI Adoption/PDFs/S182.pdf
S182,PE-SI,PE,SI,0.562,380.0,latest_human_R1_CORRELATIONS,true,false,false,true,true,true,ok,true,/Users/newhosung/Library/CloudStorage/OneDrive-SharedLibraries-ThePennsylvaniaStateUniversity/AI Adoption Meta Analysis - Documents/Meta/AI Adoption/PDFs/S182.pdf
S199,BI-EE,BI,EE,0.207,197.0,latest_human_R1_CORRELATIONS,true,false,false,true,true,true,ok,true,/Users/newhosung/Library/CloudStorage/OneDrive-SharedLibraries-ThePennsylvaniaStateUniversity/AI Adoption Meta Analysis - Documents/Meta/AI Adoption/PDFs/S199.pdf
S199,BI-FC,BI,FC,0.388,197.0,latest_human_R1_CORRELATIONS,true,false,false,true,true,true,ok,true,/Users/newhosung/Library/CloudStorage/OneDrive-SharedLibraries-ThePennsylvaniaStateUniversity/AI Adoption Meta Analysis - Documents/Meta/AI Adoption/PDFs/S199.pdf
S199,BI-PE,BI,PE,0.703,197.0,latest_human_R1_CORRELATIONS,true,false,false,true,true,true,ok,true,/Users/newhosung/Library/CloudStorage/OneDrive-SharedLibraries-ThePennsylvaniaStateUniversity/AI Adoption Meta Analysis - Documents/Meta/AI Adoption/PDFs/S199.pdf
S199,BI-SI,BI,SI,0.559,197.0,latest_human_R1_CORRELATIONS,true,false,false,true,true,true,ok,true,/Users/newhosung/Library/CloudStorage/OneDrive-SharedLibraries-ThePennsylvaniaStateUniversity/AI Adoption Meta Analysis - Documents/Meta/AI Adoption/PDFs/S199.pdf
S199,BI-UB,BI,UB,0.738,197.0,latest_human_R1_CORRELATIONS,true,false,false,true,true,true,ok,true,/Users/newhosung/Library/CloudStorage/OneDrive-SharedLibraries-ThePennsylvaniaStateUniversity/AI Adoption Meta Analysis - Documents/Meta/AI Adoption/PDFs/S199.pdf
S199,EE-FC,EE,FC,0.462,197.0,latest_human_R1_CORRELATIONS,true,false,false,true,true,true,ok,true,/Users/newhosung/Library/CloudStorage/OneDrive-SharedLibraries-ThePennsylvaniaStateUniversity/AI Adoption Meta Analysis - Documents/Meta/AI Adoption/PDFs/S199.pdf
S199,EE-PE,EE,PE,0.45,197.0,latest_human_R1_CORRELATIONS,true,false,false,true,true,true,ok,true,/Users/newhosung/Library/CloudStorage/OneDrive-SharedLibraries-ThePennsylvaniaStateUniversity/AI Adoption Meta Analysis - Documents/Meta/AI Adoption/PDFs/S199.pdf
S199,EE-SI,EE,SI,0.044,197.0,latest_human_R1_CORRELATIONS,true,false,false,true,true,true,ok,true,/Users/newhosung/Library/CloudStorage/OneDrive-SharedLibraries-ThePennsylvaniaStateUniversity/AI Adoption Meta Analysis - Documents/Meta/AI Adoption/PDFs/S199.pdf
S199,EE-UB,EE,UB,0.179,197.0,latest_human_R1_CORRELATIONS,true,false,false,true,true,true,ok,true,/Users/newhosung/Library/CloudStorage/OneDrive-SharedLibraries-ThePennsylvaniaStateUniversity/AI Adoption Meta Analysis - Documents/Meta/AI Adoption/PDFs/S199.pdf
S199,FC-PE,FC,PE,0.502,197.0,latest_human_R1_CORRELATIONS,true,false,false,true,true,true,ok,true,/Users/newhosung/Library/CloudStorage/OneDrive-SharedLibraries-ThePennsylvaniaStateUniversity/AI Adoption Meta Analysis - Documents/Meta/AI Adoption/PDFs/S199.pdf
S199,FC-SI,FC,SI,0.352,197.0,latest_human_R1_CORRELATIONS,true,false,false,true,true,true,ok,true,/Users/newhosung/Library/CloudStorage/OneDrive-SharedLibraries-ThePennsylvaniaStateUniversity/AI Adoption Meta Analysis - Documents/Meta/AI Adoption/PDFs/S199.pdf
S199,FC-UB,FC,UB,0.434,197.0,latest_human_R1_CORRELATIONS,true,false,false,true,true,true,ok,true,/Users/newhosung/Library/CloudStorage/OneDrive-SharedLibraries-ThePennsylvaniaStateUniversity/AI Adoption Meta Analysis - Documents/Meta/AI Adoption/PDFs/S199.pdf
S199,PE-SI,PE,SI,0.489,197.0,latest_human_R1_CORRELATIONS,true,false,false,true,true,true,ok,true,/Users/newhosung/Library/CloudStorage/OneDrive-SharedLibraries-ThePennsylvaniaStateUniversity/AI Adoption Meta Analysis - Documents/Meta/AI Adoption/PDFs/S199.pdf
S199,PE-UB,PE,UB,0.614,197.0,latest_human_R1_CORRELATIONS,true,false,false,true,true,true,ok,true,/Users/newhosung/Library/CloudStorage/OneDrive-SharedLibraries-ThePennsylvaniaStateUniversity/AI Adoption Meta Analysis - Documents/Meta/AI Adoption/PDFs/S199.pdf
S199,SI-UB,SI,UB,0.498,197.0,latest_human_R1_CORRELATIONS,true,false,false,true,true,true,ok,true,/Users/newhosung/Library/CloudStorage/OneDrive-SharedLibraries-ThePennsylvaniaStateUniversity/AI Adoption Meta Analysis - Documents/Meta/AI Adoption/PDFs/S199.pdf
S148,ATT-BI,ATT,BI,0.99,603.0,latest_human_R1_CORRELATIONS,true,true,true,true,false,true,ok,false,/Users/newhosung/Library/CloudStorage/OneDrive-SharedLibraries-ThePennsylvaniaStateUniversity/AI Adoption Meta Analysis - Documents/Meta/AI Adoption/PDFs/S148.pdf
S122,BI-EE,BI,EE,0.806,842.0,latest_human_R1_CORRELATIONS,true,false,false,true,true,true,ok,true,/Users/newhosung/Library/CloudStorage/OneDrive-SharedLibraries-ThePennsylvaniaStateUniversity/AI Adoption Meta Analysis - Documents/Meta/AI Adoption/PDFs/S122.pdf
S122,BI-FC,BI,FC,0.722,842.0,latest_human_R1_CORRELATIONS,true,false,false,true,true,true,ok,true,/Users/newhosung/Library/CloudStorage/OneDrive-SharedLibraries-ThePennsylvaniaStateUniversity/AI Adoption Meta Analysis - Documents/Meta/AI Adoption/PDFs/S122.pdf
S122,BI-PE,BI,PE,0.746,842.0,latest_human_R1_CORRELATIONS,true,false,false,true,true,true,ok,true,/Users/newhosung/Library/CloudStorage/OneDrive-SharedLibraries-ThePennsylvaniaStateUniversity/AI Adoption Meta Analysis - Documents/Meta/AI Adoption/PDFs/S122.pdf
S122,BI-SI,BI,SI,0.56,842.0,latest_human_R1_CORRELATIONS,true,false,false,true,true,true,ok,true,/Users/newhosung/Library/CloudStorage/OneDrive-SharedLibraries-ThePennsylvaniaStateUniversity/AI Adoption Meta Analysis - Documents/Meta/AI Adoption/PDFs/S122.pdf
S122,EE-FC,EE,FC,0.717,842.0,latest_human_R1_CORRELATIONS,true,false,false,true,true,true,ok,true,/Users/newhosung/Library/CloudStorage/OneDrive-SharedLibraries-ThePennsylvaniaStateUniversity/AI Adoption Meta Analysis - Documents/Meta/AI Adoption/PDFs/S122.pdf
S122,EE-PE,EE,PE,0.687,842.0,latest_human_R1_CORRELATIONS,true,false,false,true,true,true,ok,true,/Users/newhosung/Library/CloudStorage/OneDrive-SharedLibraries-ThePennsylvaniaStateUniversity/AI Adoption Meta Analysis - Documents/Meta/AI Adoption/PDFs/S122.pdf
S122,EE-SI,EE,SI,0.577,842.0,latest_human_R1_CORRELATIONS,true,false,false,true,true,true,ok,true,/Users/newhosung/Library/CloudStorage/OneDrive-SharedLibraries-ThePennsylvaniaStateUniversity/AI Adoption Meta Analysis - Documents/Meta/AI Adoption/PDFs/S122.pdf
S122,FC-PE,FC,PE,0.708,842.0,latest_human_R1_CORRELATIONS,true,false,false,true,true,true,ok,true,/Users/newhosung/Library/CloudStorage/OneDrive-SharedLibraries-ThePennsylvaniaStateUniversity/AI Adoption Meta Analysis - Documents/Meta/AI Adoption/PDFs/S122.pdf
S122,FC-SI,FC,SI,0.728,842.0,latest_human_R1_CORRELATIONS,true,false,false,true,true,true,ok,true,/Users/newhosung/Library/CloudStorage/OneDrive-SharedLibraries-ThePennsylvaniaStateUniversity/AI Adoption Meta Analysis - Documents/Meta/AI Adoption/PDFs/S122.pdf
S122,PE-SI,PE,SI,0.594,842.0,latest_human_R1_CORRELATIONS,true,false,false,true,true,true,ok,true,/Users/newhosung/Library/CloudStorage/OneDrive-SharedLibraries-ThePennsylvaniaStateUniversity/AI Adoption Meta Analysis - Documents/Meta/AI Adoption/PDFs/S122.pdf
S034,BI-EE,BI,EE,0.62,148.0,latest_human_R1_CORRELATIONS,true,false,false,true,false,true,ok,true,/Users/newhosung/Library/CloudStorage/OneDrive-SharedLibraries-ThePennsylvaniaStateUniversity/AI Adoption Meta Analysis - Documents/Meta/AI Adoption/PDFs/S034.pdf
S034,BI-PE,BI,PE,0.65,148.0,latest_human_R1_CORRELATIONS,true,false,false,true,true,true,ok,true,/Users/newhosung/Library/CloudStorage/OneDrive-SharedLibraries-ThePennsylvaniaStateUniversity/AI Adoption Meta Analysis - Documents/Meta/AI Adoption/PDFs/S034.pdf
S062,ATT-EE,ATT,EE,0.208,729.0,latest_human_R1_CORRELATIONS,true,false,false,true,true,true,ok,true,/Users/newhosung/Library/CloudStorage/OneDrive-SharedLibraries-ThePennsylvaniaStateUniversity/AI Adoption Meta Analysis - Documents/Meta/AI Adoption/PDFs/S062.pdf
S062,ATT-PE,ATT,PE,0.179,729.0,latest_human_R1_CORRELATIONS,true,false,false,true,true,true,ok,true,/Users/newhosung/Library/CloudStorage/OneDrive-SharedLibraries-ThePennsylvaniaStateUniversity/AI Adoption Meta Analysis - Documents/Meta/AI Adoption/PDFs/S062.pdf
S062,ATT-UB,ATT,UB,0.322,729.0,latest_human_R1_CORRELATIONS,true,false,false,true,true,true,ok,true,/Users/newhosung/Library/CloudStorage/OneDrive-SharedLibraries-ThePennsylvaniaStateUniversity/AI Adoption Meta Analysis - Documents/Meta/AI Adoption/PDFs/S062.pdf
S062,EE-PE,EE,PE,0.167,729.0,latest_human_R1_CORRELATIONS,true,false,false,true,true,true,ok,true,/Users/newhosung/Library/CloudStorage/OneDrive-SharedLibraries-ThePennsylvaniaStateUniversity/AI Adoption Meta Analysis - Documents/Meta/AI Adoption/PDFs/S062.pdf
S062,EE-UB,EE,UB,0.494,729.0,latest_human_R1_CORRELATIONS,true,false,false,true,true,true,ok,true,/Users/newhosung/Library/CloudStorage/OneDrive-SharedLibraries-ThePennsylvaniaStateUniversity/AI Adoption Meta Analysis - Documents/Meta/AI Adoption/PDFs/S062.pdf
S062,PE-UB,PE,UB,0.554,729.0,latest_human_R1_CORRELATIONS,true,false,false,true,true,true,ok,true,/Users/newhosung/Library/CloudStorage/OneDrive-SharedLibraries-ThePennsylvaniaStateUniversity/AI Adoption Meta Analysis - Documents/Meta/AI Adoption/PDFs/S062.pdf
S129,BI-EE,BI,EE,0.29,300.0,latest_human_R1_CORRELATIONS,true,false,false,true,false,true,ok,false,/Users/newhosung/Library/CloudStorage/OneDrive-SharedLibraries-ThePennsylvaniaStateUniversity/AI Adoption Meta Analysis - Documents/Meta/AI Adoption/PDFs/S129.pdf
S129,BI-PE,BI,PE,0.5,300.0,latest_human_R1_CORRELATIONS,true,false,false,true,true,true,ok,true,/Users/newhosung/Library/CloudStorage/OneDrive-SharedLibraries-ThePennsylvaniaStateUniversity/AI Adoption Meta Analysis - Documents/Meta/AI Adoption/PDFs/S129.pdf
S129,BI-SI,BI,SI,-0.14,300.0,latest_human_R1_CORRELATIONS,true,false,false,true,false,true,ok,false,/Users/newhosung/Library/CloudStorage/OneDrive-SharedLibraries-ThePennsylvaniaStateUniversity/AI Adoption Meta Analysis - Documents/Meta/AI Adoption/PDFs/S129.pdf
S129,BI-UB,BI,UB,0.46,300.0,latest_human_R1_CORRELATIONS,true,false,false,true,false,true,ok,false,/Users/newhosung/Library/CloudStorage/OneDrive-SharedLibraries-ThePennsylvaniaStateUniversity/AI Adoption Meta Analysis - Documents/Meta/AI Adoption/PDFs/S129.pdf
S129,EE-FC,EE,FC,0.28,300.0,latest_human_R1_CORRELATIONS,true,false,false,true,false,true,ok,false,/Users/newhosung/Library/CloudStorage/OneDrive-SharedLibraries-ThePennsylvaniaStateUniversity/AI Adoption Meta Analysis - Documents/Meta/AI Adoption/PDFs/S129.pdf
S129,EE-PE,EE,PE,0.52,300.0,latest_human_R1_CORRELATIONS,true,false,false,true,false,true,ok,false,/Users/newhosung/Library/CloudStorage/OneDrive-SharedLibraries-ThePennsylvaniaStateUniversity/AI Adoption Meta Analysis - Documents/Meta/AI Adoption/PDFs/S129.pdf
S129,EE-SI,EE,SI,-0.11,300.0,latest_human_R1_CORRELATIONS,true,false,false,true,false,true,ok,false,/Users/newhosung/Library/CloudStorage/OneDrive-SharedLibraries-ThePennsylvaniaStateUniversity/AI Adoption Meta Analysis - Documents/Meta/AI Adoption/PDFs/S129.pdf
S129,EE-TRU,EE,TRU,0.4,300.0,latest_human_R1_CORRELATIONS,true,false,false,true,false,true,ok,false,/Users/newhosung/Library/CloudStorage/OneDrive-SharedLibraries-ThePennsylvaniaStateUniversity/AI Adoption Meta Analysis - Documents/Meta/AI Adoption/PDFs/S129.pdf
S129,PE-SI,PE,SI,0.42,300.0,latest_human_R1_CORRELATIONS,true,false,false,true,false,true,ok,false,/Users/newhosung/Library/CloudStorage/OneDrive-SharedLibraries-ThePennsylvaniaStateUniversity/AI Adoption Meta Analysis - Documents/Meta/AI Adoption/PDFs/S129.pdf
S205,BI-EE,BI,EE,0.539,136.0,latest_human_R1_CORRELATIONS,true,false,false,true,true,true,ok,true,/Users/newhosung/Library/CloudStorage/OneDrive-SharedLibraries-ThePennsylvaniaStateUniversity/AI Adoption Meta Analysis - Documents/Meta/AI Adoption/PDFs/S205.pdf
S205,BI-FC,BI,FC,0.623,136.0,latest_human_R1_CORRELATIONS,true,false,false,true,true,true,ok,true,/Users/newhosung/Library/CloudStorage/OneDrive-SharedLibraries-ThePennsylvaniaStateUniversity/AI Adoption Meta Analysis - Documents/Meta/AI Adoption/PDFs/S205.pdf
S205,BI-PE,BI,PE,0.729,136.0,latest_human_R1_CORRELATIONS,true,false,false,true,true,true,ok,true,/Users/newhosung/Library/CloudStorage/OneDrive-SharedLibraries-ThePennsylvaniaStateUniversity/AI Adoption Meta Analysis - Documents/Meta/AI Adoption/PDFs/S205.pdf
S205,BI-SI,BI,SI,0.55,136.0,latest_human_R1_CORRELATIONS,true,false,false,true,true,true,ok,true,/Users/newhosung/Library/CloudStorage/OneDrive-SharedLibraries-ThePennsylvaniaStateUniversity/AI Adoption Meta Analysis - Documents/Meta/AI Adoption/PDFs/S205.pdf
S205,EE-FC,EE,FC,0.822,136.0,latest_human_R1_CORRELATIONS,true,false,false,true,true,true,ok,true,/Users/newhosung/Library/CloudStorage/OneDrive-SharedLibraries-ThePennsylvaniaStateUniversity/AI Adoption Meta Analysis - Documents/Meta/AI Adoption/PDFs/S205.pdf
S205,EE-PE,EE,PE,0.463,136.0,latest_human_R1_CORRELATIONS,true,false,false,true,true,true,ok,true,/Users/newhosung/Library/CloudStorage/OneDrive-SharedLibraries-ThePennsylvaniaStateUniversity/AI Adoption Meta Analysis - Documents/Meta/AI Adoption/PDFs/S205.pdf
S205,EE-SI,EE,SI,0.442,136.0,latest_human_R1_CORRELATIONS,true,false,false,true,true,true,ok,true,/Users/newhosung/Library/CloudStorage/OneDrive-SharedLibraries-ThePennsylvaniaStateUniversity/AI Adoption Meta Analysis - Documents/Meta/AI Adoption/PDFs/S205.pdf
S205,FC-PE,FC,PE,0.465,136.0,latest_human_R1_CORRELATIONS,true,false,false,true,true,true,ok,true,/Users/newhosung/Library/CloudStorage/OneDrive-SharedLibraries-ThePennsylvaniaStateUniversity/AI Adoption Meta Analysis - Documents/Meta/AI Adoption/PDFs/S205.pdf
S205,FC-SI,FC,SI,0.531,136.0,latest_human_R1_CORRELATIONS,true,false,false,true,true,true,ok,true,/Users/newhosung/Library/CloudStorage/OneDrive-SharedLibraries-ThePennsylvaniaStateUniversity/AI Adoption Meta Analysis - Documents/Meta/AI Adoption/PDFs/S205.pdf
S205,PE-SI,PE,SI,0.541,136.0,latest_human_R1_CORRELATIONS,true,false,false,true,true,true,ok,true,/Users/newhosung/Library/CloudStorage/OneDrive-SharedLibraries-ThePennsylvaniaStateUniversity/AI Adoption Meta Analysis - Documents/Meta/AI Adoption/PDFs/S205.pdf
S126,BI-EE,BI,EE,0.58,194.0,latest_human_R1_CORRELATIONS,true,false,false,true,true,true,ok,true,/Users/newhosung/Library/CloudStorage/OneDrive-SharedLibraries-ThePennsylvaniaStateUniversity/AI Adoption Meta Analysis - Documents/Meta/AI Adoption/PDFs/S126.pdf
S126,BI-FC,BI,FC,0.511,194.0,latest_human_R1_CORRELATIONS,true,false,false,true,true,true,ok,true,/Users/newhosung/Library/CloudStorage/OneDrive-SharedLibraries-ThePennsylvaniaStateUniversity/AI Adoption Meta Analysis - Documents/Meta/AI Adoption/PDFs/S126.pdf
S126,BI-PE,BI,PE,0.757,194.0,latest_human_R1_CORRELATIONS,true,false,false,true,true,true,ok,true,/Users/newhosung/Library/CloudStorage/OneDrive-SharedLibraries-ThePennsylvaniaStateUniversity/AI Adoption Meta Analysis - Documents/Meta/AI Adoption/PDFs/S126.pdf
S126,BI-SI,BI,SI,0.483,194.0,latest_human_R1_CORRELATIONS,true,false,false,true,true,true,ok,true,/Users/newhosung/Library/CloudStorage/OneDrive-SharedLibraries-ThePennsylvaniaStateUniversity/AI Adoption Meta Analysis - Documents/Meta/AI Adoption/PDFs/S126.pdf
S126,BI-UB,BI,UB,0.613,194.0,latest_human_R1_CORRELATIONS,true,false,false,true,true,true,ok,true,/Users/newhosung/Library/CloudStorage/OneDrive-SharedLibraries-ThePennsylvaniaStateUniversity/AI Adoption Meta Analysis - Documents/Meta/AI Adoption/PDFs/S126.pdf
S126,EE-FC,EE,FC,0.662,194.0,latest_human_R1_CORRELATIONS,true,false,false,true,true,true,ok,true,/Users/newhosung/Library/CloudStorage/OneDrive-SharedLibraries-ThePennsylvaniaStateUniversity/AI Adoption Meta Analysis - Documents/Meta/AI Adoption/PDFs/S126.pdf
S126,EE-PE,EE,PE,0.55,194.0,latest_human_R1_CORRELATIONS,true,false,false,true,true,true,ok,true,/Users/newhosung/Library/CloudStorage/OneDrive-SharedLibraries-ThePennsylvaniaStateUniversity/AI Adoption Meta Analysis - Documents/Meta/AI Adoption/PDFs/S126.pdf
S126,EE-SI,EE,SI,0.381,194.0,latest_human_R1_CORRELATIONS,true,false,false,true,true,true,ok,true,/Users/newhosung/Library/CloudStorage/OneDrive-SharedLibraries-ThePennsylvaniaStateUniversity/AI Adoption Meta Analysis - Documents/Meta/AI Adoption/PDFs/S126.pdf
S126,EE-UB,EE,UB,0.498,194.0,latest_human_R1_CORRELATIONS,true,false,false,true,true,true,ok,true,/Users/newhosung/Library/CloudStorage/OneDrive-SharedLibraries-ThePennsylvaniaStateUniversity/AI Adoption Meta Analysis - Documents/Meta/AI Adoption/PDFs/S126.pdf
S126,FC-PE,FC,PE,0.543,194.0,latest_human_R1_CORRELATIONS,true,false,false,true,true,true,ok,true,/Users/newhosung/Library/CloudStorage/OneDrive-SharedLibraries-ThePennsylvaniaStateUniversity/AI Adoption Meta Analysis - Documents/Meta/AI Adoption/PDFs/S126.pdf
S126,FC-SI,FC,SI,0.283,194.0,latest_human_R1_CORRELATIONS,true,false,false,true,true,true,ok,true,/Users/newhosung/Library/CloudStorage/OneDrive-SharedLibraries-ThePennsylvaniaStateUniversity/AI Adoption Meta Analysis - Documents/Meta/AI Adoption/PDFs/S126.pdf
S126,FC-UB,FC,UB,0.432,194.0,latest_human_R1_CORRELATIONS,true,false,false,true,true,true,ok,true,/Users/newhosung/Library/CloudStorage/OneDrive-SharedLibraries-ThePennsylvaniaStateUniversity/AI Adoption Meta Analysis - Documents/Meta/AI Adoption/PDFs/S126.pdf
S126,PE-SI,PE,SI,0.584,194.0,latest_human_R1_CORRELATIONS,true,false,false,true,true,true,ok,true,/Users/newhosung/Library/CloudStorage/OneDrive-SharedLibraries-ThePennsylvaniaStateUniversity/AI Adoption Meta Analysis - Documents/Meta/AI Adoption/PDFs/S126.pdf
S126,PE-UB,PE,UB,0.534,194.0,latest_human_R1_CORRELATIONS,true,false,false,true,true,true,ok,true,/Users/newhosung/Library/CloudStorage/OneDrive-SharedLibraries-ThePennsylvaniaStateUniversity/AI Adoption Meta Analysis - Documents/Meta/AI Adoption/PDFs/S126.pdf
S126,SI-UB,SI,UB,0.359,194.0,latest_human_R1_CORRELATIONS,true,false,false,true,true,true,ok,true,/Users/newhosung/Library/CloudStorage/OneDrive-SharedLibraries-ThePennsylvaniaStateUniversity/AI Adoption Meta Analysis - Documents/Meta/AI Adoption/PDFs/S126.pdf
S115,ATT-BI,ATT,BI,0.78,112.0,latest_human_R1_CORRELATIONS,true,false,false,true,true,true,ok,true,/Users/newhosung/Library/CloudStorage/OneDrive-SharedLibraries-ThePennsylvaniaStateUniversity/AI Adoption Meta Analysis - Documents/Meta/AI Adoption/PDFs/S115.pdf
S115,BI-EE,BI,EE,0.68,112.0,latest_human_R1_CORRELATIONS,true,false,false,true,true,true,ok,true,/Users/newhosung/Library/CloudStorage/OneDrive-SharedLibraries-ThePennsylvaniaStateUniversity/AI Adoption Meta Analysis - Documents/Meta/AI Adoption/PDFs/S115.pdf
S115,BI-PE,BI,PE,0.62,112.0,latest_human_R1_CORRELATIONS,true,false,false,true,true,true,ok,true,/Users/newhosung/Library/CloudStorage/OneDrive-SharedLibraries-ThePennsylvaniaStateUniversity/AI Adoption Meta Analysis - Documents/Meta/AI Adoption/PDFs/S115.pdf
S029,BI-EE,BI,EE,0.488,411.0,latest_human_R1_CORRELATIONS,true,false,false,true,true,true,ok,true,/Users/newhosung/Library/CloudStorage/OneDrive-SharedLibraries-ThePennsylvaniaStateUniversity/AI Adoption Meta Analysis - Documents/Meta/AI Adoption/PDFs/S029.pdf
S029,BI-PE,BI,PE,0.665,411.0,latest_human_R1_CORRELATIONS,true,false,false,true,true,true,ok,true,/Users/newhosung/Library/CloudStorage/OneDrive-SharedLibraries-ThePennsylvaniaStateUniversity/AI Adoption Meta Analysis - Documents/Meta/AI Adoption/PDFs/S029.pdf
S029,BI-SI,BI,SI,0.435,411.0,latest_human_R1_CORRELATIONS,true,false,false,true,true,true,ok,true,/Users/newhosung/Library/CloudStorage/OneDrive-SharedLibraries-ThePennsylvaniaStateUniversity/AI Adoption Meta Analysis - Documents/Meta/AI Adoption/PDFs/S029.pdf
S029,BI-TRU,BI,TRU,0.284,411.0,latest_human_R1_CORRELATIONS,true,false,false,true,true,true,ok,true,/Users/newhosung/Library/CloudStorage/OneDrive-SharedLibraries-ThePennsylvaniaStateUniversity/AI Adoption Meta Analysis - Documents/Meta/AI Adoption/PDFs/S029.pdf
S029,EE-PE,EE,PE,0.706,411.0,latest_human_R1_CORRELATIONS,true,false,false,true,true,true,ok,true,/Users/newhosung/Library/CloudStorage/OneDrive-SharedLibraries-ThePennsylvaniaStateUniversity/AI Adoption Meta Analysis - Documents/Meta/AI Adoption/PDFs/S029.pdf
S029,EE-SI,EE,SI,0.335,411.0,latest_human_R1_CORRELATIONS,true,false,false,true,true,true,ok,true,/Users/newhosung/Library/CloudStorage/OneDrive-SharedLibraries-ThePennsylvaniaStateUniversity/AI Adoption Meta Analysis - Documents/Meta/AI Adoption/PDFs/S029.pdf
S029,EE-TRU,EE,TRU,0.247,411.0,latest_human_R1_CORRELATIONS,true,false,false,true,true,true,ok,true,/Users/newhosung/Library/CloudStorage/OneDrive-SharedLibraries-ThePennsylvaniaStateUniversity/AI Adoption Meta Analysis - Documents/Meta/AI Adoption/PDFs/S029.pdf
S029,PE-SI,PE,SI,0.472,411.0,latest_human_R1_CORRELATIONS,true,false,false,true,true,true,ok,true,/Users/newhosung/Library/CloudStorage/OneDrive-SharedLibraries-ThePennsylvaniaStateUniversity/AI Adoption Meta Analysis - Documents/Meta/AI Adoption/PDFs/S029.pdf
S029,PE-TRU,PE,TRU,0.301,411.0,latest_human_R1_CORRELATIONS,true,false,false,true,true,true,ok,true,/Users/newhosung/Library/CloudStorage/OneDrive-SharedLibraries-ThePennsylvaniaStateUniversity/AI Adoption Meta Analysis - Documents/Meta/AI Adoption/PDFs/S029.pdf
S029,SI-TRU,SI,TRU,0.281,411.0,latest_human_R1_CORRELATIONS,true,false,false,true,true,true,ok,true,/Users/newhosung/Library/CloudStorage/OneDrive-SharedLibraries-ThePennsylvaniaStateUniversity/AI Adoption Meta Analysis - Documents/Meta/AI Adoption/PDFs/S029.pdf
S139,BI-EE,BI,EE,0.578,435.0,latest_human_R1_CORRELATIONS,true,false,false,true,true,true,ok,true,/Users/newhosung/Library/CloudStorage/OneDrive-SharedLibraries-ThePennsylvaniaStateUniversity/AI Adoption Meta Analysis - Documents/Meta/AI Adoption/PDFs/S139.pdf
S139,BI-PE,BI,PE,0.356,435.0,latest_human_R1_CORRELATIONS,true,false,false,true,true,true,ok,true,/Users/newhosung/Library/CloudStorage/OneDrive-SharedLibraries-ThePennsylvaniaStateUniversity/AI Adoption Meta Analysis - Documents/Meta/AI Adoption/PDFs/S139.pdf
S139,BI-TRU,BI,TRU,0.515,435.0,latest_human_R1_CORRELATIONS,true,false,false,true,true,true,ok,true,/Users/newhosung/Library/CloudStorage/OneDrive-SharedLibraries-ThePennsylvaniaStateUniversity/AI Adoption Meta Analysis - Documents/Meta/AI Adoption/PDFs/S139.pdf
S139,EE-PE,EE,PE,0.433,435.0,latest_human_R1_CORRELATIONS,true,false,false,true,true,true,ok,true,/Users/newhosung/Library/CloudStorage/OneDrive-SharedLibraries-ThePennsylvaniaStateUniversity/AI Adoption Meta Analysis - Documents/Meta/AI Adoption/PDFs/S139.pdf
S139,EE-TRU,EE,TRU,0.454,435.0,latest_human_R1_CORRELATIONS,true,false,false,true,true,true,ok,true,/Users/newhosung/Library/CloudStorage/OneDrive-SharedLibraries-ThePennsylvaniaStateUniversity/AI Adoption Meta Analysis - Documents/Meta/AI Adoption/PDFs/S139.pdf
S139,PE-TRU,PE,TRU,0.377,435.0,latest_human_R1_CORRELATIONS,true,false,false,true,true,true,ok,true,/Users/newhosung/Library/CloudStorage/OneDrive-SharedLibraries-ThePennsylvaniaStateUniversity/AI Adoption Meta Analysis - Documents/Meta/AI Adoption/PDFs/S139.pdf
S014,PE-UB,PE,UB,0.31,750.0,latest_human_R1_CORRELATIONS,true,true,true,false,false,true,ok,false,/Users/newhosung/Library/CloudStorage/OneDrive-SharedLibraries-ThePennsylvaniaStateUniversity/AI Adoption Meta Analysis - Documents/Meta/AI Adoption/PDFs/S014.pdf
S014,SI-UB,SI,UB,0.3,750.0,latest_human_R1_CORRELATIONS,true,true,true,false,false,true,ok,false,/Users/newhosung/Library/CloudStorage/OneDrive-SharedLibraries-ThePennsylvaniaStateUniversity/AI Adoption Meta Analysis - Documents/Meta/AI Adoption/PDFs/S014.pdf
S036,ANX-BI,ANX,BI,-0.336,480.0,latest_human_R1_CORRELATIONS,true,false,false,true,false,true,ok,false,/Users/newhosung/Library/CloudStorage/OneDrive-SharedLibraries-ThePennsylvaniaStateUniversity/AI Adoption Meta Analysis - Documents/Meta/AI Adoption/PDFs/S036.pdf
S036,ANX-EE,ANX,EE,-0.321,480.0,latest_human_R1_CORRELATIONS,true,false,false,true,false,true,ok,false,/Users/newhosung/Library/CloudStorage/OneDrive-SharedLibraries-ThePennsylvaniaStateUniversity/AI Adoption Meta Analysis - Documents/Meta/AI Adoption/PDFs/S036.pdf
S036,ANX-PE,ANX,PE,-0.366,480.0,latest_human_R1_CORRELATIONS,true,false,false,true,false,true,ok,false,/Users/newhosung/Library/CloudStorage/OneDrive-SharedLibraries-ThePennsylvaniaStateUniversity/AI Adoption Meta Analysis - Documents/Meta/AI Adoption/PDFs/S036.pdf
S036,ANX-SE,ANX,SE,-0.318,480.0,latest_human_R1_CORRELATIONS,true,false,false,true,false,true,ok,false,/Users/newhosung/Library/CloudStorage/OneDrive-SharedLibraries-ThePennsylvaniaStateUniversity/AI Adoption Meta Analysis - Documents/Meta/AI Adoption/PDFs/S036.pdf
S036,ANX-SI,ANX,SI,-0.374,480.0,latest_human_R1_CORRELATIONS,true,false,false,true,false,true,ok,false,/Users/newhosung/Library/CloudStorage/OneDrive-SharedLibraries-ThePennsylvaniaStateUniversity/AI Adoption Meta Analysis - Documents/Meta/AI Adoption/PDFs/S036.pdf
S036,ANX-TRU,ANX,TRU,-0.26,480.0,latest_human_R1_CORRELATIONS,true,false,false,true,false,true,ok,false,/Users/newhosung/Library/CloudStorage/OneDrive-SharedLibraries-ThePennsylvaniaStateUniversity/AI Adoption Meta Analysis - Documents/Meta/AI Adoption/PDFs/S036.pdf
S036,BI-EE,BI,EE,0.689,480.0,latest_human_R1_CORRELATIONS,true,false,false,true,true,true,ok,true,/Users/newhosung/Library/CloudStorage/OneDrive-SharedLibraries-ThePennsylvaniaStateUniversity/AI Adoption Meta Analysis - Documents/Meta/AI Adoption/PDFs/S036.pdf
S036,BI-PE,BI,PE,0.678,480.0,latest_human_R1_CORRELATIONS,true,false,false,true,true,true,ok,true,/Users/newhosung/Library/CloudStorage/OneDrive-SharedLibraries-ThePennsylvaniaStateUniversity/AI Adoption Meta Analysis - Documents/Meta/AI Adoption/PDFs/S036.pdf
S036,BI-SE,BI,SE,0.586,480.0,latest_human_R1_CORRELATIONS,true,false,false,true,true,true,ok,true,/Users/newhosung/Library/CloudStorage/OneDrive-SharedLibraries-ThePennsylvaniaStateUniversity/AI Adoption Meta Analysis - Documents/Meta/AI Adoption/PDFs/S036.pdf
S036,BI-SI,BI,SI,0.511,480.0,latest_human_R1_CORRELATIONS,true,false,false,true,true,true,ok,true,/Users/newhosung/Library/CloudStorage/OneDrive-SharedLibraries-ThePennsylvaniaStateUniversity/AI Adoption Meta Analysis - Documents/Meta/AI Adoption/PDFs/S036.pdf
S036,BI-TRU,BI,TRU,0.535,480.0,latest_human_R1_CORRELATIONS,true,false,false,true,true,true,ok,true,/Users/newhosung/Library/CloudStorage/OneDrive-SharedLibraries-ThePennsylvaniaStateUniversity/AI Adoption Meta Analysis - Documents/Meta/AI Adoption/PDFs/S036.pdf
S036,EE-PE,EE,PE,0.566,480.0,latest_human_R1_CORRELATIONS,true,false,false,true,true,true,ok,true,/Users/newhosung/Library/CloudStorage/OneDrive-SharedLibraries-ThePennsylvaniaStateUniversity/AI Adoption Meta Analysis - Documents/Meta/AI Adoption/PDFs/S036.pdf
S036,EE-SE,EE,SE,0.46,480.0,latest_human_R1_CORRELATIONS,true,false,false,true,true,true,ok,true,/Users/newhosung/Library/CloudStorage/OneDrive-SharedLibraries-ThePennsylvaniaStateUniversity/AI Adoption Meta Analysis - Documents/Meta/AI Adoption/PDFs/S036.pdf
S036,EE-SI,EE,SI,0.427,480.0,latest_human_R1_CORRELATIONS,true,false,false,true,true,true,ok,true,/Users/newhosung/Library/CloudStorage/OneDrive-SharedLibraries-ThePennsylvaniaStateUniversity/AI Adoption Meta Analysis - Documents/Meta/AI Adoption/PDFs/S036.pdf
S036,EE-TRU,EE,TRU,0.419,480.0,latest_human_R1_CORRELATIONS,true,false,false,true,true,true,ok,true,/Users/newhosung/Library/CloudStorage/OneDrive-SharedLibraries-ThePennsylvaniaStateUniversity/AI Adoption Meta Analysis - Documents/Meta/AI Adoption/PDFs/S036.pdf
S036,PE-SE,PE,SE,0.377,480.0,latest_human_R1_CORRELATIONS,true,false,false,true,true,true,ok,true,/Users/newhosung/Library/CloudStorage/OneDrive-SharedLibraries-ThePennsylvaniaStateUniversity/AI Adoption Meta Analysis - Documents/Meta/AI Adoption/PDFs/S036.pdf
S036,PE-SI,PE,SI,0.535,480.0,latest_human_R1_CORRELATIONS,true,false,false,true,true,true,ok,true,/Users/newhosung/Library/CloudStorage/OneDrive-SharedLibraries-ThePennsylvaniaStateUniversity/AI Adoption Meta Analysis - Documents/Meta/AI Adoption/PDFs/S036.pdf
S036,PE-TRU,PE,TRU,0.537,480.0,latest_human_R1_CORRELATIONS,true,false,false,true,true,true,ok,true,/Users/newhosung/Library/CloudStorage/OneDrive-SharedLibraries-ThePennsylvaniaStateUniversity/AI Adoption Meta Analysis - Documents/Meta/AI Adoption/PDFs/S036.pdf
S036,SE-SI,SE,SI,0.51,480.0,latest_human_R1_CORRELATIONS,true,false,false,true,true,true,ok,true,/Users/newhosung/Library/CloudStorage/OneDrive-SharedLibraries-ThePennsylvaniaStateUniversity/AI Adoption Meta Analysis - Documents/Meta/AI Adoption/PDFs/S036.pdf
S036,SE-TRU,SE,TRU,0.333,480.0,latest_human_R1_CORRELATIONS,true,false,false,true,true,true,ok,true,/Users/newhosung/Library/CloudStorage/OneDrive-SharedLibraries-ThePennsylvaniaStateUniversity/AI Adoption Meta Analysis - Documents/Meta/AI Adoption/PDFs/S036.pdf
S036,SI-TRU,SI,TRU,0.43,480.0,latest_human_R1_CORRELATIONS,true,false,false,true,true,true,ok,true,/Users/newhosung/Library/CloudStorage/OneDrive-SharedLibraries-ThePennsylvaniaStateUniversity/AI Adoption Meta Analysis - Documents/Meta/AI Adoption/PDFs/S036.pdf
S061,BI-EE,BI,EE,0.103,473.0,latest_human_R1_CORRELATIONS,true,false,false,true,true,true,ok,true,/Users/newhosung/Library/CloudStorage/OneDrive-SharedLibraries-ThePennsylvaniaStateUniversity/AI Adoption Meta Analysis - Documents/Meta/AI Adoption/PDFs/S061.pdf
S061,BI-FC,BI,FC,-0.1,473.0,latest_human_R1_CORRELATIONS,true,false,false,true,false,true,ok,false,/Users/newhosung/Library/CloudStorage/OneDrive-SharedLibraries-ThePennsylvaniaStateUniversity/AI Adoption Meta Analysis - Documents/Meta/AI Adoption/PDFs/S061.pdf
S061,BI-PE,BI,PE,0.127,473.0,latest_human_R1_CORRELATIONS,true,false,false,true,true,true,ok,true,/Users/newhosung/Library/CloudStorage/OneDrive-SharedLibraries-ThePennsylvaniaStateUniversity/AI Adoption Meta Analysis - Documents/Meta/AI Adoption/PDFs/S061.pdf
S061,BI-SI,BI,SI,0.053,473.0,latest_human_R1_CORRELATIONS,true,false,false,true,true,true,ok,true,/Users/newhosung/Library/CloudStorage/OneDrive-SharedLibraries-ThePennsylvaniaStateUniversity/AI Adoption Meta Analysis - Documents/Meta/AI Adoption/PDFs/S061.pdf
S061,EE-PE,EE,PE,0.139,473.0,latest_human_R1_CORRELATIONS,true,false,false,true,true,true,ok,true,/Users/newhosung/Library/CloudStorage/OneDrive-SharedLibraries-ThePennsylvaniaStateUniversity/AI Adoption Meta Analysis - Documents/Meta/AI Adoption/PDFs/S061.pdf
S061,EE-SI,EE,SI,0.02,473.0,latest_human_R1_CORRELATIONS,true,false,false,true,true,true,ok,true,/Users/newhosung/Library/CloudStorage/OneDrive-SharedLibraries-ThePennsylvaniaStateUniversity/AI Adoption Meta Analysis - Documents/Meta/AI Adoption/PDFs/S061.pdf
S061,PE-SI,PE,SI,0.154,473.0,latest_human_R1_CORRELATIONS,true,false,false,true,true,true,ok,true,/Users/newhosung/Library/CloudStorage/OneDrive-SharedLibraries-ThePennsylvaniaStateUniversity/AI Adoption Meta Analysis - Documents/Meta/AI Adoption/PDFs/S061.pdf
S203,BI-EE,BI,EE,0.363,251.0,latest_human_R1_CORRELATIONS,true,false,false,true,true,true,ok,true,/Users/newhosung/Library/CloudStorage/OneDrive-SharedLibraries-ThePennsylvaniaStateUniversity/AI Adoption Meta Analysis - Documents/Meta/AI Adoption/PDFs/S203.pdf
S203,BI-PE,BI,PE,0.409,251.0,latest_human_R1_CORRELATIONS,true,false,false,true,true,true,ok,true,/Users/newhosung/Library/CloudStorage/OneDrive-SharedLibraries-ThePennsylvaniaStateUniversity/AI Adoption Meta Analysis - Documents/Meta/AI Adoption/PDFs/S203.pdf
S203,BI-SE,BI,SE,0.349,251.0,latest_human_R1_CORRELATIONS,true,false,false,true,true,true,ok,true,/Users/newhosung/Library/CloudStorage/OneDrive-SharedLibraries-ThePennsylvaniaStateUniversity/AI Adoption Meta Analysis - Documents/Meta/AI Adoption/PDFs/S203.pdf
S203,BI-TRU,BI,TRU,0.342,251.0,latest_human_R1_CORRELATIONS,true,false,false,true,true,true,ok,true,/Users/newhosung/Library/CloudStorage/OneDrive-SharedLibraries-ThePennsylvaniaStateUniversity/AI Adoption Meta Analysis - Documents/Meta/AI Adoption/PDFs/S203.pdf
S203,EE-PE,EE,PE,0.367,251.0,latest_human_R1_CORRELATIONS,true,false,false,true,true,true,ok,true,/Users/newhosung/Library/CloudStorage/OneDrive-SharedLibraries-ThePennsylvaniaStateUniversity/AI Adoption Meta Analysis - Documents/Meta/AI Adoption/PDFs/S203.pdf
S203,EE-SE,EE,SE,0.549,251.0,latest_human_R1_CORRELATIONS,true,false,false,true,true,true,ok,true,/Users/newhosung/Library/CloudStorage/OneDrive-SharedLibraries-ThePennsylvaniaStateUniversity/AI Adoption Meta Analysis - Documents/Meta/AI Adoption/PDFs/S203.pdf
S203,EE-TRU,EE,TRU,0.42,251.0,latest_human_R1_CORRELATIONS,true,false,false,true,true,true,ok,true,/Users/newhosung/Library/CloudStorage/OneDrive-SharedLibraries-ThePennsylvaniaStateUniversity/AI Adoption Meta Analysis - Documents/Meta/AI Adoption/PDFs/S203.pdf
S203,PE-SE,PE,SE,0.309,251.0,latest_human_R1_CORRELATIONS,true,false,false,true,true,true,ok,true,/Users/newhosung/Library/CloudStorage/OneDrive-SharedLibraries-ThePennsylvaniaStateUniversity/AI Adoption Meta Analysis - Documents/Meta/AI Adoption/PDFs/S203.pdf
S203,PE-TRU,PE,TRU,0.437,251.0,latest_human_R1_CORRELATIONS,true,false,false,true,true,true,ok,true,/Users/newhosung/Library/CloudStorage/OneDrive-SharedLibraries-ThePennsylvaniaStateUniversity/AI Adoption Meta Analysis - Documents/Meta/AI Adoption/PDFs/S203.pdf
S203,SE-TRU,SE,TRU,0.431,251.0,latest_human_R1_CORRELATIONS,true,false,false,true,true,true,ok,true,/Users/newhosung/Library/CloudStorage/OneDrive-SharedLibraries-ThePennsylvaniaStateUniversity/AI Adoption Meta Analysis - Documents/Meta/AI Adoption/PDFs/S203.pdf
S179,BI-EE,BI,EE,0.19,928.0,latest_human_R1_CORRELATIONS,true,false,false,true,true,true,ok,true,/Users/newhosung/Library/CloudStorage/OneDrive-SharedLibraries-ThePennsylvaniaStateUniversity/AI Adoption Meta Analysis - Documents/Meta/AI Adoption/PDFs/S179.pdf
S179,BI-PE,BI,PE,0.46,928.0,latest_human_R1_CORRELATIONS,true,false,false,true,false,true,ok,true,/Users/newhosung/Library/CloudStorage/OneDrive-SharedLibraries-ThePennsylvaniaStateUniversity/AI Adoption Meta Analysis - Documents/Meta/AI Adoption/PDFs/S179.pdf
S179,BI-SI,BI,SI,0.33,928.0,latest_human_R1_CORRELATIONS,true,false,false,true,true,true,ok,false,/Users/newhosung/Library/CloudStorage/OneDrive-SharedLibraries-ThePennsylvaniaStateUniversity/AI Adoption Meta Analysis - Documents/Meta/AI Adoption/PDFs/S179.pdf
S179,BI-UB,BI,UB,0.55,928.0,latest_human_R1_CORRELATIONS,true,false,false,true,false,true,ok,true,/Users/newhosung/Library/CloudStorage/OneDrive-SharedLibraries-ThePennsylvaniaStateUniversity/AI Adoption Meta Analysis - Documents/Meta/AI Adoption/PDFs/S179.pdf
S179,FC-UB,FC,UB,0.24,928.0,latest_human_R1_CORRELATIONS,true,false,false,true,true,true,ok,false,/Users/newhosung/Library/CloudStorage/OneDrive-SharedLibraries-ThePennsylvaniaStateUniversity/AI Adoption Meta Analysis - Documents/Meta/AI Adoption/PDFs/S179.pdf
S138,ATT-BI,ATT,BI,0.766,200.0,latest_human_R1_CORRELATIONS,true,false,false,true,true,true,ok,true,/Users/newhosung/Library/CloudStorage/OneDrive-SharedLibraries-ThePennsylvaniaStateUniversity/AI Adoption Meta Analysis - Documents/Meta/AI Adoption/PDFs/S138.pdf
S138,ATT-EE,ATT,EE,0.707,200.0,latest_human_R1_CORRELATIONS,true,false,false,true,true,true,ok,true,/Users/newhosung/Library/CloudStorage/OneDrive-SharedLibraries-ThePennsylvaniaStateUniversity/AI Adoption Meta Analysis - Documents/Meta/AI Adoption/PDFs/S138.pdf
S138,ATT-PE,ATT,PE,0.735,200.0,latest_human_R1_CORRELATIONS,true,false,false,true,true,true,ok,true,/Users/newhosung/Library/CloudStorage/OneDrive-SharedLibraries-ThePennsylvaniaStateUniversity/AI Adoption Meta Analysis - Documents/Meta/AI Adoption/PDFs/S138.pdf
S138,ATT-SE,ATT,SE,0.534,200.0,latest_human_R1_CORRELATIONS,true,false,false,true,true,true,ok,true,/Users/newhosung/Library/CloudStorage/OneDrive-SharedLibraries-ThePennsylvaniaStateUniversity/AI Adoption Meta Analysis - Documents/Meta/AI Adoption/PDFs/S138.pdf
S138,ATT-SI,ATT,SI,0.557,200.0,latest_human_R1_CORRELATIONS,true,false,false,true,true,true,ok,true,/Users/newhosung/Library/CloudStorage/OneDrive-SharedLibraries-ThePennsylvaniaStateUniversity/AI Adoption Meta Analysis - Documents/Meta/AI Adoption/PDFs/S138.pdf
S138,ATT-TRU,ATT,TRU,0.687,200.0,latest_human_R1_CORRELATIONS,true,false,false,true,true,true,ok,true,/Users/newhosung/Library/CloudStorage/OneDrive-SharedLibraries-ThePennsylvaniaStateUniversity/AI Adoption Meta Analysis - Documents/Meta/AI Adoption/PDFs/S138.pdf
S138,ATT-UB,ATT,UB,0.552,200.0,latest_human_R1_CORRELATIONS,true,false,false,true,true,true,ok,true,/Users/newhosung/Library/CloudStorage/OneDrive-SharedLibraries-ThePennsylvaniaStateUniversity/AI Adoption Meta Analysis - Documents/Meta/AI Adoption/PDFs/S138.pdf
S138,BI-EE,BI,EE,0.686,200.0,latest_human_R1_CORRELATIONS,true,false,false,true,true,true,ok,true,/Users/newhosung/Library/CloudStorage/OneDrive-SharedLibraries-ThePennsylvaniaStateUniversity/AI Adoption Meta Analysis - Documents/Meta/AI Adoption/PDFs/S138.pdf
S138,BI-PE,BI,PE,0.733,200.0,latest_human_R1_CORRELATIONS,true,false,false,true,true,true,ok,true,/Users/newhosung/Library/CloudStorage/OneDrive-SharedLibraries-ThePennsylvaniaStateUniversity/AI Adoption Meta Analysis - Documents/Meta/AI Adoption/PDFs/S138.pdf
S138,BI-SE,BI,SE,0.469,200.0,latest_human_R1_CORRELATIONS,true,false,false,true,true,true,ok,true,/Users/newhosung/Library/CloudStorage/OneDrive-SharedLibraries-ThePennsylvaniaStateUniversity/AI Adoption Meta Analysis - Documents/Meta/AI Adoption/PDFs/S138.pdf
S138,BI-SI,BI,SI,0.561,200.0,latest_human_R1_CORRELATIONS,true,false,false,true,true,true,ok,true,/Users/newhosung/Library/CloudStorage/OneDrive-SharedLibraries-ThePennsylvaniaStateUniversity/AI Adoption Meta Analysis - Documents/Meta/AI Adoption/PDFs/S138.pdf
S138,BI-TRU,BI,TRU,0.763,200.0,latest_human_R1_CORRELATIONS,true,false,false,true,true,true,ok,true,/Users/newhosung/Library/CloudStorage/OneDrive-SharedLibraries-ThePennsylvaniaStateUniversity/AI Adoption Meta Analysis - Documents/Meta/AI Adoption/PDFs/S138.pdf
S138,BI-UB,BI,UB,0.602,200.0,latest_human_R1_CORRELATIONS,true,false,false,true,true,true,ok,true,/Users/newhosung/Library/CloudStorage/OneDrive-SharedLibraries-ThePennsylvaniaStateUniversity/AI Adoption Meta Analysis - Documents/Meta/AI Adoption/PDFs/S138.pdf
S138,EE-PE,EE,PE,0.73,200.0,latest_human_R1_CORRELATIONS,true,false,false,true,true,true,ok,true,/Users/newhosung/Library/CloudStorage/OneDrive-SharedLibraries-ThePennsylvaniaStateUniversity/AI Adoption Meta Analysis - Documents/Meta/AI Adoption/PDFs/S138.pdf
S138,EE-SE,EE,SE,0.662,200.0,latest_human_R1_CORRELATIONS,true,false,false,true,true,true,ok,true,/Users/newhosung/Library/CloudStorage/OneDrive-SharedLibraries-ThePennsylvaniaStateUniversity/AI Adoption Meta Analysis - Documents/Meta/AI Adoption/PDFs/S138.pdf
S138,EE-SI,EE,SI,0.57,200.0,latest_human_R1_CORRELATIONS,true,false,false,true,true,true,ok,true,/Users/newhosung/Library/CloudStorage/OneDrive-SharedLibraries-ThePennsylvaniaStateUniversity/AI Adoption Meta Analysis - Documents/Meta/AI Adoption/PDFs/S138.pdf
S138,EE-TRU,EE,TRU,0.719,200.0,latest_human_R1_CORRELATIONS,true,false,false,true,true,true,ok,true,/Users/newhosung/Library/CloudStorage/OneDrive-SharedLibraries-ThePennsylvaniaStateUniversity/AI Adoption Meta Analysis - Documents/Meta/AI Adoption/PDFs/S138.pdf
S138,EE-UB,EE,UB,0.582,200.0,latest_human_R1_CORRELATIONS,true,false,false,true,true,true,ok,true,/Users/newhosung/Library/CloudStorage/OneDrive-SharedLibraries-ThePennsylvaniaStateUniversity/AI Adoption Meta Analysis - Documents/Meta/AI Adoption/PDFs/S138.pdf
S138,PE-SE,PE,SE,0.584,200.0,latest_human_R1_CORRELATIONS,true,false,false,true,true,true,ok,true,/Users/newhosung/Library/CloudStorage/OneDrive-SharedLibraries-ThePennsylvaniaStateUniversity/AI Adoption Meta Analysis - Documents/Meta/AI Adoption/PDFs/S138.pdf
S138,PE-SI,PE,SI,0.516,200.0,latest_human_R1_CORRELATIONS,true,false,false,true,true,true,ok,true,/Users/newhosung/Library/CloudStorage/OneDrive-SharedLibraries-ThePennsylvaniaStateUniversity/AI Adoption Meta Analysis - Documents/Meta/AI Adoption/PDFs/S138.pdf
S138,PE-TRU,PE,TRU,0.681,200.0,latest_human_R1_CORRELATIONS,true,false,false,true,true,true,ok,true,/Users/newhosung/Library/CloudStorage/OneDrive-SharedLibraries-ThePennsylvaniaStateUniversity/AI Adoption Meta Analysis - Documents/Meta/AI Adoption/PDFs/S138.pdf
S138,PE-UB,PE,UB,0.592,200.0,latest_human_R1_CORRELATIONS,true,false,false,true,true,true,ok,true,/Users/newhosung/Library/CloudStorage/OneDrive-SharedLibraries-ThePennsylvaniaStateUniversity/AI Adoption Meta Analysis - Documents/Meta/AI Adoption/PDFs/S138.pdf
S138,SE-SI,SE,SI,0.593,200.0,latest_human_R1_CORRELATIONS,true,false,false,true,true,true,ok,true,/Users/newhosung/Library/CloudStorage/OneDrive-SharedLibraries-ThePennsylvaniaStateUniversity/AI Adoption Meta Analysis - Documents/Meta/AI Adoption/PDFs/S138.pdf
S138,SE-TRU,SE,TRU,0.521,200.0,latest_human_R1_CORRELATIONS,true,false,false,true,true,true,ok,true,/Users/newhosung/Library/CloudStorage/OneDrive-SharedLibraries-ThePennsylvaniaStateUniversity/AI Adoption Meta Analysis - Documents/Meta/AI Adoption/PDFs/S138.pdf
S138,SE-UB,SE,UB,0.524,200.0,latest_human_R1_CORRELATIONS,true,false,false,true,true,true,ok,true,/Users/newhosung/Library/CloudStorage/OneDrive-SharedLibraries-ThePennsylvaniaStateUniversity/AI Adoption Meta Analysis - Documents/Meta/AI Adoption/PDFs/S138.pdf
S138,SI-TRU,SI,TRU,0.572,200.0,latest_human_R1_CORRELATIONS,true,false,false,true,true,true,ok,true,/Users/newhosung/Library/CloudStorage/OneDrive-SharedLibraries-ThePennsylvaniaStateUniversity/AI Adoption Meta Analysis - Documents/Meta/AI Adoption/PDFs/S138.pdf
S138,SI-UB,SI,UB,0.403,200.0,latest_human_R1_CORRELATIONS,true,false,false,true,true,true,ok,true,/Users/newhosung/Library/CloudStorage/OneDrive-SharedLibraries-ThePennsylvaniaStateUniversity/AI Adoption Meta Analysis - Documents/Meta/AI Adoption/PDFs/S138.pdf
S138,TRU-UB,TRU,UB,0.597,200.0,latest_human_R1_CORRELATIONS,true,false,false,true,true,true,ok,true,/Users/newhosung/Library/CloudStorage/OneDrive-SharedLibraries-ThePennsylvaniaStateUniversity/AI Adoption Meta Analysis - Documents/Meta/AI Adoption/PDFs/S138.pdf
S128,BI-EE,BI,EE,0.829,395.0,latest_human_R1_CORRELATIONS,true,false,false,true,true,true,ok,true,/Users/newhosung/Library/CloudStorage/OneDrive-SharedLibraries-ThePennsylvaniaStateUniversity/AI Adoption Meta Analysis - Documents/Meta/AI Adoption/PDFs/S128.pdf
S128,BI-FC,BI,FC,-0.216,395.0,latest_human_R1_CORRELATIONS,true,false,false,true,false,true,ok,false,/Users/newhosung/Library/CloudStorage/OneDrive-SharedLibraries-ThePennsylvaniaStateUniversity/AI Adoption Meta Analysis - Documents/Meta/AI Adoption/PDFs/S128.pdf
S128,BI-PE,BI,PE,0.124,395.0,latest_human_R1_CORRELATIONS,true,false,false,true,true,true,ok,true,/Users/newhosung/Library/CloudStorage/OneDrive-SharedLibraries-ThePennsylvaniaStateUniversity/AI Adoption Meta Analysis - Documents/Meta/AI Adoption/PDFs/S128.pdf
S128,BI-SI,BI,SI,0.357,395.0,latest_human_R1_CORRELATIONS,true,false,false,true,true,true,ok,true,/Users/newhosung/Library/CloudStorage/OneDrive-SharedLibraries-ThePennsylvaniaStateUniversity/AI Adoption Meta Analysis - Documents/Meta/AI Adoption/PDFs/S128.pdf
S128,BI-UB,BI,UB,0.432,395.0,latest_human_R1_CORRELATIONS,true,false,false,true,true,true,ok,true,/Users/newhosung/Library/CloudStorage/OneDrive-SharedLibraries-ThePennsylvaniaStateUniversity/AI Adoption Meta Analysis - Documents/Meta/AI Adoption/PDFs/S128.pdf
S128,EE-FC,EE,FC,-0.121,395.0,latest_human_R1_CORRELATIONS,true,false,false,true,false,true,ok,false,/Users/newhosung/Library/CloudStorage/OneDrive-SharedLibraries-ThePennsylvaniaStateUniversity/AI Adoption Meta Analysis - Documents/Meta/AI Adoption/PDFs/S128.pdf
S128,EE-PE,EE,PE,0.007,395.0,latest_human_R1_CORRELATIONS,true,false,false,true,true,true,ok,true,/Users/newhosung/Library/CloudStorage/OneDrive-SharedLibraries-ThePennsylvaniaStateUniversity/AI Adoption Meta Analysis - Documents/Meta/AI Adoption/PDFs/S128.pdf
S128,EE-SI,EE,SI,0.374,395.0,latest_human_R1_CORRELATIONS,true,false,false,true,true,true,ok,true,/Users/newhosung/Library/CloudStorage/OneDrive-SharedLibraries-ThePennsylvaniaStateUniversity/AI Adoption Meta Analysis - Documents/Meta/AI Adoption/PDFs/S128.pdf
S128,EE-UB,EE,UB,0.378,395.0,latest_human_R1_CORRELATIONS,true,false,false,true,true,true,ok,true,/Users/newhosung/Library/CloudStorage/OneDrive-SharedLibraries-ThePennsylvaniaStateUniversity/AI Adoption Meta Analysis - Documents/Meta/AI Adoption/PDFs/S128.pdf
S128,FC-PE,FC,PE,-0.065,395.0,latest_human_R1_CORRELATIONS,true,false,false,true,false,true,ok,false,/Users/newhosung/Library/CloudStorage/OneDrive-SharedLibraries-ThePennsylvaniaStateUniversity/AI Adoption Meta Analysis - Documents/Meta/AI Adoption/PDFs/S128.pdf
S128,FC-SI,FC,SI,-0.063,395.0,latest_human_R1_CORRELATIONS,true,false,false,true,false,true,ok,false,/Users/newhosung/Library/CloudStorage/OneDrive-SharedLibraries-ThePennsylvaniaStateUniversity/AI Adoption Meta Analysis - Documents/Meta/AI Adoption/PDFs/S128.pdf
S128,FC-UB,FC,UB,-0.101,395.0,latest_human_R1_CORRELATIONS,true,false,false,true,false,true,ok,false,/Users/newhosung/Library/CloudStorage/OneDrive-SharedLibraries-ThePennsylvaniaStateUniversity/AI Adoption Meta Analysis - Documents/Meta/AI Adoption/PDFs/S128.pdf
S128,PE-SI,PE,SI,-0.22,395.0,latest_human_R1_CORRELATIONS,true,false,false,true,false,true,ok,false,/Users/newhosung/Library/CloudStorage/OneDrive-SharedLibraries-ThePennsylvaniaStateUniversity/AI Adoption Meta Analysis - Documents/Meta/AI Adoption/PDFs/S128.pdf
S128,PE-UB,PE,UB,0.074,395.0,latest_human_R1_CORRELATIONS,true,false,false,true,true,true,ok,true,/Users/newhosung/Library/CloudStorage/OneDrive-SharedLibraries-ThePennsylvaniaStateUniversity/AI Adoption Meta Analysis - Documents/Meta/AI Adoption/PDFs/S128.pdf
S128,SI-UB,SI,UB,0.385,395.0,latest_human_R1_CORRELATIONS,true,false,false,true,true,true,ok,true,/Users/newhosung/Library/CloudStorage/OneDrive-SharedLibraries-ThePennsylvaniaStateUniversity/AI Adoption Meta Analysis - Documents/Meta/AI Adoption/PDFs/S128.pdf
S152,ATT-BI,ATT,BI,0.21,604.0,latest_human_R1_CORRELATIONS,true,false,false,true,false,true,ok,false,/Users/newhosung/Library/CloudStorage/OneDrive-SharedLibraries-ThePennsylvaniaStateUniversity/AI Adoption Meta Analysis - Documents/Meta/AI Adoption/PDFs/S152.pdf
S152,BI-PE,BI,PE,0.11,604.0,latest_human_R1_CORRELATIONS,true,false,false,true,false,true,ok,false,/Users/newhosung/Library/CloudStorage/OneDrive-SharedLibraries-ThePennsylvaniaStateUniversity/AI Adoption Meta Analysis - Documents/Meta/AI Adoption/PDFs/S152.pdf
S152,BI-SE,BI,SE,0.16,604.0,latest_human_R1_CORRELATIONS,true,false,false,true,false,true,ok,false,/Users/newhosung/Library/CloudStorage/OneDrive-SharedLibraries-ThePennsylvaniaStateUniversity/AI Adoption Meta Analysis - Documents/Meta/AI Adoption/PDFs/S152.pdf
S113,BI-EE,BI,EE,0.45,118.0,latest_human_R1_CORRELATIONS,true,false,true,true,false,true,ok,false,/Users/newhosung/Library/CloudStorage/OneDrive-SharedLibraries-ThePennsylvaniaStateUniversity/AI Adoption Meta Analysis - Documents/Meta/AI Adoption/PDFs/S113.pdf
S113,BI-PE,BI,PE,0.53,118.0,latest_human_R1_CORRELATIONS,true,false,true,true,false,true,ok,false,/Users/newhosung/Library/CloudStorage/OneDrive-SharedLibraries-ThePennsylvaniaStateUniversity/AI Adoption Meta Analysis - Documents/Meta/AI Adoption/PDFs/S113.pdf
S113,BI-SE,BI,SE,0.7,118.0,latest_human_R1_CORRELATIONS,true,false,true,true,true,true,ok,true,/Users/newhosung/Library/CloudStorage/OneDrive-SharedLibraries-ThePennsylvaniaStateUniversity/AI Adoption Meta Analysis - Documents/Meta/AI Adoption/PDFs/S113.pdf
S113,EE-PE,EE,PE,0.78,118.0,latest_human_R1_CORRELATIONS,true,false,true,true,true,true,ok,true,/Users/newhosung/Library/CloudStorage/OneDrive-SharedLibraries-ThePennsylvaniaStateUniversity/AI Adoption Meta Analysis - Documents/Meta/AI Adoption/PDFs/S113.pdf
S113,EE-SE,EE,SE,0.76,118.0,latest_human_R1_CORRELATIONS,true,false,true,true,true,true,ok,true,/Users/newhosung/Library/CloudStorage/OneDrive-SharedLibraries-ThePennsylvaniaStateUniversity/AI Adoption Meta Analysis - Documents/Meta/AI Adoption/PDFs/S113.pdf
S113,PE-SE,PE,SE,0.7,118.0,latest_human_R1_CORRELATIONS,true,false,true,true,true,true,ok,true,/Users/newhosung/Library/CloudStorage/OneDrive-SharedLibraries-ThePennsylvaniaStateUniversity/AI Adoption Meta Analysis - Documents/Meta/AI Adoption/PDFs/S113.pdf
S070,BI-EE,BI,EE,0.581,245.0,latest_human_R1_CORRELATIONS,true,false,false,true,false,true,ok,false,/Users/newhosung/Library/CloudStorage/OneDrive-SharedLibraries-ThePennsylvaniaStateUniversity/AI Adoption Meta Analysis - Documents/Meta/AI Adoption/PDFs/S070.pdf
S070,BI-FC,BI,FC,0.469,245.0,latest_human_R1_CORRELATIONS,true,false,false,true,false,true,ok,false,/Users/newhosung/Library/CloudStorage/OneDrive-SharedLibraries-ThePennsylvaniaStateUniversity/AI Adoption Meta Analysis - Documents/Meta/AI Adoption/PDFs/S070.pdf
S070,BI-PE,BI,PE,0.502,245.0,latest_human_R1_CORRELATIONS,true,false,false,true,false,true,ok,false,/Users/newhosung/Library/CloudStorage/OneDrive-SharedLibraries-ThePennsylvaniaStateUniversity/AI Adoption Meta Analysis - Documents/Meta/AI Adoption/PDFs/S070.pdf
S070,BI-SI,BI,SI,0.712,245.0,latest_human_R1_CORRELATIONS,true,false,false,true,true,true,ok,true,/Users/newhosung/Library/CloudStorage/OneDrive-SharedLibraries-ThePennsylvaniaStateUniversity/AI Adoption Meta Analysis - Documents/Meta/AI Adoption/PDFs/S070.pdf
S070,BI-UB,BI,UB,0.832,245.0,latest_human_R1_CORRELATIONS,true,false,false,true,true,true,ok,true,/Users/newhosung/Library/CloudStorage/OneDrive-SharedLibraries-ThePennsylvaniaStateUniversity/AI Adoption Meta Analysis - Documents/Meta/AI Adoption/PDFs/S070.pdf
S070,EE-FC,EE,FC,0.576,245.0,latest_human_R1_CORRELATIONS,true,false,false,true,false,true,ok,false,/Users/newhosung/Library/CloudStorage/OneDrive-SharedLibraries-ThePennsylvaniaStateUniversity/AI Adoption Meta Analysis - Documents/Meta/AI Adoption/PDFs/S070.pdf
S070,EE-PE,EE,PE,0.502,245.0,latest_human_R1_CORRELATIONS,true,false,false,true,false,true,ok,false,/Users/newhosung/Library/CloudStorage/OneDrive-SharedLibraries-ThePennsylvaniaStateUniversity/AI Adoption Meta Analysis - Documents/Meta/AI Adoption/PDFs/S070.pdf
S070,EE-SI,EE,SI,0.84,245.0,latest_human_R1_CORRELATIONS,true,false,false,true,true,true,ok,true,/Users/newhosung/Library/CloudStorage/OneDrive-SharedLibraries-ThePennsylvaniaStateUniversity/AI Adoption Meta Analysis - Documents/Meta/AI Adoption/PDFs/S070.pdf
S070,EE-UB,EE,UB,0.563,245.0,latest_human_R1_CORRELATIONS,true,false,false,true,false,true,ok,false,/Users/newhosung/Library/CloudStorage/OneDrive-SharedLibraries-ThePennsylvaniaStateUniversity/AI Adoption Meta Analysis - Documents/Meta/AI Adoption/PDFs/S070.pdf
S070,FC-PE,FC,PE,0.346,245.0,latest_human_R1_CORRELATIONS,true,false,false,true,false,true,ok,false,/Users/newhosung/Library/CloudStorage/OneDrive-SharedLibraries-ThePennsylvaniaStateUniversity/AI Adoption Meta Analysis - Documents/Meta/AI Adoption/PDFs/S070.pdf
S070,FC-SI,FC,SI,0.611,245.0,latest_human_R1_CORRELATIONS,true,false,false,true,false,true,ok,false,/Users/newhosung/Library/CloudStorage/OneDrive-SharedLibraries-ThePennsylvaniaStateUniversity/AI Adoption Meta Analysis - Documents/Meta/AI Adoption/PDFs/S070.pdf
S070,FC-UB,FC,UB,0.488,245.0,latest_human_R1_CORRELATIONS,true,false,false,true,false,true,ok,false,/Users/newhosung/Library/CloudStorage/OneDrive-SharedLibraries-ThePennsylvaniaStateUniversity/AI Adoption Meta Analysis - Documents/Meta/AI Adoption/PDFs/S070.pdf
S070,PE-SI,PE,SI,0.471,245.0,latest_human_R1_CORRELATIONS,true,false,false,true,false,true,ok,false,/Users/newhosung/Library/CloudStorage/OneDrive-SharedLibraries-ThePennsylvaniaStateUniversity/AI Adoption Meta Analysis - Documents/Meta/AI Adoption/PDFs/S070.pdf
S070,PE-UB,PE,UB,0.524,245.0,latest_human_R1_CORRELATIONS,true,false,false,true,false,true,ok,false,/Users/newhosung/Library/CloudStorage/OneDrive-SharedLibraries-ThePennsylvaniaStateUniversity/AI Adoption Meta Analysis - Documents/Meta/AI Adoption/PDFs/S070.pdf
S070,SI-UB,SI,UB,0.675,245.0,latest_human_R1_CORRELATIONS,true,false,false,true,false,true,ok,false,/Users/newhosung/Library/CloudStorage/OneDrive-SharedLibraries-ThePennsylvaniaStateUniversity/AI Adoption Meta Analysis - Documents/Meta/AI Adoption/PDFs/S070.pdf
S140,BI-TRU,BI,TRU,0.495,823.0,latest_human_R1_CORRELATIONS,true,false,false,true,true,true,ok,true,/Users/newhosung/Library/CloudStorage/OneDrive-SharedLibraries-ThePennsylvaniaStateUniversity/AI Adoption Meta Analysis - Documents/Meta/AI Adoption/PDFs/S140.pdf
S200,BI-EE,BI,EE,0.21,431.0,latest_human_R1_CORRELATIONS,true,false,true,true,true,true,ok,true,/Users/newhosung/Library/CloudStorage/OneDrive-SharedLibraries-ThePennsylvaniaStateUniversity/AI Adoption Meta Analysis - Documents/Meta/AI Adoption/PDFs/S200.pdf
S200,BI-FC,BI,FC,-0.17,431.0,latest_human_R1_CORRELATIONS,true,false,true,true,false,true,ok,false,/Users/newhosung/Library/CloudStorage/OneDrive-SharedLibraries-ThePennsylvaniaStateUniversity/AI Adoption Meta Analysis - Documents/Meta/AI Adoption/PDFs/S200.pdf
S200,BI-PE,BI,PE,0.45,431.0,latest_human_R1_CORRELATIONS,true,false,true,true,true,true,ok,true,/Users/newhosung/Library/CloudStorage/OneDrive-SharedLibraries-ThePennsylvaniaStateUniversity/AI Adoption Meta Analysis - Documents/Meta/AI Adoption/PDFs/S200.pdf
S200,BI-SI,BI,SI,0.09,431.0,latest_human_R1_CORRELATIONS,true,false,true,true,true,true,ok,true,/Users/newhosung/Library/CloudStorage/OneDrive-SharedLibraries-ThePennsylvaniaStateUniversity/AI Adoption Meta Analysis - Documents/Meta/AI Adoption/PDFs/S200.pdf
S200,BI-UB,BI,UB,0.39,431.0,latest_human_R1_CORRELATIONS,true,false,true,true,true,true,ok,true,/Users/newhosung/Library/CloudStorage/OneDrive-SharedLibraries-ThePennsylvaniaStateUniversity/AI Adoption Meta Analysis - Documents/Meta/AI Adoption/PDFs/S200.pdf
S200,EE-FC,EE,FC,0.831,431.0,latest_human_R1_CORRELATIONS,true,false,false,true,true,true,ok,true,/Users/newhosung/Library/CloudStorage/OneDrive-SharedLibraries-ThePennsylvaniaStateUniversity/AI Adoption Meta Analysis - Documents/Meta/AI Adoption/PDFs/S200.pdf
S200,EE-PE,EE,PE,0.525,431.0,latest_human_R1_CORRELATIONS,true,false,false,true,true,true,ok,true,/Users/newhosung/Library/CloudStorage/OneDrive-SharedLibraries-ThePennsylvaniaStateUniversity/AI Adoption Meta Analysis - Documents/Meta/AI Adoption/PDFs/S200.pdf
S200,EE-SI,EE,SI,0.089,431.0,latest_human_R1_CORRELATIONS,true,false,false,true,true,true,ok,true,/Users/newhosung/Library/CloudStorage/OneDrive-SharedLibraries-ThePennsylvaniaStateUniversity/AI Adoption Meta Analysis - Documents/Meta/AI Adoption/PDFs/S200.pdf
S200,EE-UB,EE,UB,0.351,431.0,latest_human_R1_CORRELATIONS,true,false,false,true,true,true,ok,true,/Users/newhosung/Library/CloudStorage/OneDrive-SharedLibraries-ThePennsylvaniaStateUniversity/AI Adoption Meta Analysis - Documents/Meta/AI Adoption/PDFs/S200.pdf
S200,FC-PE,FC,PE,0.565,431.0,latest_human_R1_CORRELATIONS,true,false,false,true,true,true,ok,true,/Users/newhosung/Library/CloudStorage/OneDrive-SharedLibraries-ThePennsylvaniaStateUniversity/AI Adoption Meta Analysis - Documents/Meta/AI Adoption/PDFs/S200.pdf
S200,FC-SI,FC,SI,0.034,431.0,latest_human_R1_CORRELATIONS,true,false,false,true,false,true,ok,true,/Users/newhosung/Library/CloudStorage/OneDrive-SharedLibraries-ThePennsylvaniaStateUniversity/AI Adoption Meta Analysis - Documents/Meta/AI Adoption/PDFs/S200.pdf
S200,FC-UB,FC,UB,0.322,431.0,latest_human_R1_CORRELATIONS,true,false,false,true,true,true,ok,true,/Users/newhosung/Library/CloudStorage/OneDrive-SharedLibraries-ThePennsylvaniaStateUniversity/AI Adoption Meta Analysis - Documents/Meta/AI Adoption/PDFs/S200.pdf
S200,PE-SI,PE,SI,0.241,431.0,latest_human_R1_CORRELATIONS,true,false,false,true,true,true,ok,true,/Users/newhosung/Library/CloudStorage/OneDrive-SharedLibraries-ThePennsylvaniaStateUniversity/AI Adoption Meta Analysis - Documents/Meta/AI Adoption/PDFs/S200.pdf
S200,PE-UB,PE,UB,0.344,431.0,latest_human_R1_CORRELATIONS,true,false,false,true,true,true,ok,true,/Users/newhosung/Library/CloudStorage/OneDrive-SharedLibraries-ThePennsylvaniaStateUniversity/AI Adoption Meta Analysis - Documents/Meta/AI Adoption/PDFs/S200.pdf
S200,SI-UB,SI,UB,0.313,431.0,latest_human_R1_CORRELATIONS,true,false,false,true,true,true,ok,true,/Users/newhosung/Library/CloudStorage/OneDrive-SharedLibraries-ThePennsylvaniaStateUniversity/AI Adoption Meta Analysis - Documents/Meta/AI Adoption/PDFs/S200.pdf
S218,ATT-BI,ATT,BI,0.784,242.0,latest_human_R2_CORRELATIONS,true,false,false,false,false,true,ok,true,/Users/newhosung/Library/CloudStorage/OneDrive-SharedLibraries-ThePennsylvaniaStateUniversity/AI Adoption Meta Analysis - Documents/Meta/AI Adoption/PDFs/S218.pdf
S218,ATT-EE,ATT,EE,0.688,242.0,latest_human_R2_CORRELATIONS,true,false,false,false,false,true,ok,true,/Users/newhosung/Library/CloudStorage/OneDrive-SharedLibraries-ThePennsylvaniaStateUniversity/AI Adoption Meta Analysis - Documents/Meta/AI Adoption/PDFs/S218.pdf
S218,ATT-PE,ATT,PE,0.701,242.0,latest_human_R2_CORRELATIONS,true,false,false,false,false,true,ok,true,/Users/newhosung/Library/CloudStorage/OneDrive-SharedLibraries-ThePennsylvaniaStateUniversity/AI Adoption Meta Analysis - Documents/Meta/AI Adoption/PDFs/S218.pdf
S218,BI-EE,BI,EE,0.59,242.0,latest_human_R2_CORRELATIONS,true,false,false,false,false,true,ok,true,/Users/newhosung/Library/CloudStorage/OneDrive-SharedLibraries-ThePennsylvaniaStateUniversity/AI Adoption Meta Analysis - Documents/Meta/AI Adoption/PDFs/S218.pdf
S218,BI-PE,BI,PE,0.632,242.0,latest_human_R2_CORRELATIONS,true,false,false,false,false,true,ok,true,/Users/newhosung/Library/CloudStorage/OneDrive-SharedLibraries-ThePennsylvaniaStateUniversity/AI Adoption Meta Analysis - Documents/Meta/AI Adoption/PDFs/S218.pdf
S218,EE-PE,EE,PE,0.66,242.0,latest_human_R2_CORRELATIONS,true,false,false,false,false,true,ok,true,/Users/newhosung/Library/CloudStorage/OneDrive-SharedLibraries-ThePennsylvaniaStateUniversity/AI Adoption Meta Analysis - Documents/Meta/AI Adoption/PDFs/S218.pdf
S185,ATT-BI,ATT,BI,0.453,298.0,latest_human_R2_CORRELATIONS,true,false,false,false,false,true,ok,true,/Users/newhosung/Library/CloudStorage/OneDrive-SharedLibraries-ThePennsylvaniaStateUniversity/AI Adoption Meta Analysis - Documents/Meta/AI Adoption/PDFs/S185.pdf
S185,ATT-EE,ATT,EE,0.473,298.0,latest_human_R2_CORRELATIONS,true,false,false,false,false,true,ok,true,/Users/newhosung/Library/CloudStorage/OneDrive-SharedLibraries-ThePennsylvaniaStateUniversity/AI Adoption Meta Analysis - Documents/Meta/AI Adoption/PDFs/S185.pdf
S185,ATT-PE,ATT,PE,0.504,298.0,latest_human_R2_CORRELATIONS,true,false,false,false,false,true,ok,true,/Users/newhosung/Library/CloudStorage/OneDrive-SharedLibraries-ThePennsylvaniaStateUniversity/AI Adoption Meta Analysis - Documents/Meta/AI Adoption/PDFs/S185.pdf
S185,ATT-SI,ATT,SI,0.207,298.0,latest_human_R2_CORRELATIONS,true,false,false,false,false,true,ok,true,/Users/newhosung/Library/CloudStorage/OneDrive-SharedLibraries-ThePennsylvaniaStateUniversity/AI Adoption Meta Analysis - Documents/Meta/AI Adoption/PDFs/S185.pdf
S185,BI-EE,BI,EE,0.524,298.0,latest_human_R2_CORRELATIONS,true,false,false,false,false,true,ok,true,/Users/newhosung/Library/CloudStorage/OneDrive-SharedLibraries-ThePennsylvaniaStateUniversity/AI Adoption Meta Analysis - Documents/Meta/AI Adoption/PDFs/S185.pdf
S185,BI-PE,BI,PE,0.459,298.0,latest_human_R2_CORRELATIONS,true,false,false,false,false,true,ok,true,/Users/newhosung/Library/CloudStorage/OneDrive-SharedLibraries-ThePennsylvaniaStateUniversity/AI Adoption Meta Analysis - Documents/Meta/AI Adoption/PDFs/S185.pdf
S185,BI-SI,BI,SI,0.216,298.0,latest_human_R2_CORRELATIONS,true,false,false,false,false,true,ok,true,/Users/newhosung/Library/CloudStorage/OneDrive-SharedLibraries-ThePennsylvaniaStateUniversity/AI Adoption Meta Analysis - Documents/Meta/AI Adoption/PDFs/S185.pdf
S185,EE-PE,EE,PE,0.482,298.0,latest_human_R2_CORRELATIONS,true,false,false,false,false,true,ok,true,/Users/newhosung/Library/CloudStorage/OneDrive-SharedLibraries-ThePennsylvaniaStateUniversity/AI Adoption Meta Analysis - Documents/Meta/AI Adoption/PDFs/S185.pdf
S185,EE-SI,EE,SI,0.279,298.0,latest_human_R2_CORRELATIONS,true,false,false,false,false,true,ok,true,/Users/newhosung/Library/CloudStorage/OneDrive-SharedLibraries-ThePennsylvaniaStateUniversity/AI Adoption Meta Analysis - Documents/Meta/AI Adoption/PDFs/S185.pdf
S185,PE-SI,PE,SI,0.28,298.0,latest_human_R2_CORRELATIONS,true,false,false,false,false,true,ok,true,/Users/newhosung/Library/CloudStorage/OneDrive-SharedLibraries-ThePennsylvaniaStateUniversity/AI Adoption Meta Analysis - Documents/Meta/AI Adoption/PDFs/S185.pdf
S194,BI-EE,BI,EE,0.44,469.0,latest_human_R2_CORRELATIONS,true,false,false,false,false,true,ok,true,/Users/newhosung/Library/CloudStorage/OneDrive-SharedLibraries-ThePennsylvaniaStateUniversity/AI Adoption Meta Analysis - Documents/Meta/AI Adoption/PDFs/S194.pdf
S194,BI-FC,BI,FC,0.49,469.0,latest_human_R2_CORRELATIONS,true,false,false,false,false,true,ok,true,/Users/newhosung/Library/CloudStorage/OneDrive-SharedLibraries-ThePennsylvaniaStateUniversity/AI Adoption Meta Analysis - Documents/Meta/AI Adoption/PDFs/S194.pdf
S194,BI-PE,BI,PE,-0.08,469.0,latest_human_R2_CORRELATIONS,true,false,false,false,false,true,ok,true,/Users/newhosung/Library/CloudStorage/OneDrive-SharedLibraries-ThePennsylvaniaStateUniversity/AI Adoption Meta Analysis - Documents/Meta/AI Adoption/PDFs/S194.pdf
S194,BI-SI,BI,SI,0.62,469.0,latest_human_R2_CORRELATIONS,true,false,false,false,false,true,ok,true,/Users/newhosung/Library/CloudStorage/OneDrive-SharedLibraries-ThePennsylvaniaStateUniversity/AI Adoption Meta Analysis - Documents/Meta/AI Adoption/PDFs/S194.pdf
S194,BI-UB,BI,UB,0.64,469.0,latest_human_R2_CORRELATIONS,true,false,false,false,false,true,ok,true,/Users/newhosung/Library/CloudStorage/OneDrive-SharedLibraries-ThePennsylvaniaStateUniversity/AI Adoption Meta Analysis - Documents/Meta/AI Adoption/PDFs/S194.pdf
S194,EE-FC,EE,FC,0.55,469.0,latest_human_R2_CORRELATIONS,true,false,false,false,false,true,ok,true,/Users/newhosung/Library/CloudStorage/OneDrive-SharedLibraries-ThePennsylvaniaStateUniversity/AI Adoption Meta Analysis - Documents/Meta/AI Adoption/PDFs/S194.pdf
S194,EE-PE,EE,PE,-0.1,469.0,latest_human_R2_CORRELATIONS,true,false,false,false,false,true,ok,true,/Users/newhosung/Library/CloudStorage/OneDrive-SharedLibraries-ThePennsylvaniaStateUniversity/AI Adoption Meta Analysis - Documents/Meta/AI Adoption/PDFs/S194.pdf
S194,EE-SI,EE,SI,0.52,469.0,latest_human_R2_CORRELATIONS,true,false,false,false,false,true,ok,true,/Users/newhosung/Library/CloudStorage/OneDrive-SharedLibraries-ThePennsylvaniaStateUniversity/AI Adoption Meta Analysis - Documents/Meta/AI Adoption/PDFs/S194.pdf
S194,EE-UB,EE,UB,0.49,469.0,latest_human_R2_CORRELATIONS,true,false,false,false,false,true,ok,true,/Users/newhosung/Library/CloudStorage/OneDrive-SharedLibraries-ThePennsylvaniaStateUniversity/AI Adoption Meta Analysis - Documents/Meta/AI Adoption/PDFs/S194.pdf
S194,FC-PE,FC,PE,-0.12,469.0,latest_human_R2_CORRELATIONS,true,false,false,false,false,true,ok,true,/Users/newhosung/Library/CloudStorage/OneDrive-SharedLibraries-ThePennsylvaniaStateUniversity/AI Adoption Meta Analysis - Documents/Meta/AI Adoption/PDFs/S194.pdf
S194,FC-SI,FC,SI,0.59,469.0,latest_human_R2_CORRELATIONS,true,false,false,false,false,true,ok,true,/Users/newhosung/Library/CloudStorage/OneDrive-SharedLibraries-ThePennsylvaniaStateUniversity/AI Adoption Meta Analysis - Documents/Meta/AI Adoption/PDFs/S194.pdf
S194,FC-UB,FC,UB,0.52,469.0,latest_human_R2_CORRELATIONS,true,false,false,false,false,true,ok,true,/Users/newhosung/Library/CloudStorage/OneDrive-SharedLibraries-ThePennsylvaniaStateUniversity/AI Adoption Meta Analysis - Documents/Meta/AI Adoption/PDFs/S194.pdf
S194,PE-SI,PE,SI,-0.12,469.0,latest_human_R2_CORRELATIONS,true,false,false,false,false,true,ok,true,/Users/newhosung/Library/CloudStorage/OneDrive-SharedLibraries-ThePennsylvaniaStateUniversity/AI Adoption Meta Analysis - Documents/Meta/AI Adoption/PDFs/S194.pdf
S194,PE-UB,PE,UB,-0.05,469.0,latest_human_R2_CORRELATIONS,true,false,false,false,false,true,ok,true,/Users/newhosung/Library/CloudStorage/OneDrive-SharedLibraries-ThePennsylvaniaStateUniversity/AI Adoption Meta Analysis - Documents/Meta/AI Adoption/PDFs/S194.pdf
S194,SI-UB,SI,UB,0.56,469.0,latest_human_R2_CORRELATIONS,true,false,false,false,false,true,ok,true,/Users/newhosung/Library/CloudStorage/OneDrive-SharedLibraries-ThePennsylvaniaStateUniversity/AI Adoption Meta Analysis - Documents/Meta/AI Adoption/PDFs/S194.pdf
S208,BI-EE,BI,EE,0.434,526.0,latest_human_R2_CORRELATIONS,true,false,false,false,false,true,ok,true,/Users/newhosung/Library/CloudStorage/OneDrive-SharedLibraries-ThePennsylvaniaStateUniversity/AI Adoption Meta Analysis - Documents/Meta/AI Adoption/PDFs/S208.pdf
S208,BI-PE,BI,PE,0.241,526.0,latest_human_R2_CORRELATIONS,true,false,false,false,false,true,ok,true,/Users/newhosung/Library/CloudStorage/OneDrive-SharedLibraries-ThePennsylvaniaStateUniversity/AI Adoption Meta Analysis - Documents/Meta/AI Adoption/PDFs/S208.pdf
S208,BI-SI,BI,SI,0.462,526.0,latest_human_R2_CORRELATIONS,true,false,false,false,false,true,ok,true,/Users/newhosung/Library/CloudStorage/OneDrive-SharedLibraries-ThePennsylvaniaStateUniversity/AI Adoption Meta Analysis - Documents/Meta/AI Adoption/PDFs/S208.pdf
S208,BI-TRU,BI,TRU,0.524,526.0,latest_human_R2_CORRELATIONS,true,false,false,false,false,true,ok,true,/Users/newhosung/Library/CloudStorage/OneDrive-SharedLibraries-ThePennsylvaniaStateUniversity/AI Adoption Meta Analysis - Documents/Meta/AI Adoption/PDFs/S208.pdf
S208,EE-PE,EE,PE,0.402,526.0,latest_human_R2_CORRELATIONS,true,false,false,false,false,true,ok,true,/Users/newhosung/Library/CloudStorage/OneDrive-SharedLibraries-ThePennsylvaniaStateUniversity/AI Adoption Meta Analysis - Documents/Meta/AI Adoption/PDFs/S208.pdf
S208,EE-SI,EE,SI,0.632,526.0,latest_human_R2_CORRELATIONS,true,false,false,false,false,true,ok,false,/Users/newhosung/Library/CloudStorage/OneDrive-SharedLibraries-ThePennsylvaniaStateUniversity/AI Adoption Meta Analysis - Documents/Meta/AI Adoption/PDFs/S208.pdf
S208,EE-TRU,EE,TRU,0.395,526.0,latest_human_R2_CORRELATIONS,true,false,false,false,false,true,ok,true,/Users/newhosung/Library/CloudStorage/OneDrive-SharedLibraries-ThePennsylvaniaStateUniversity/AI Adoption Meta Analysis - Documents/Meta/AI Adoption/PDFs/S208.pdf
S208,PE-SI,PE,SI,0.296,526.0,latest_human_R2_CORRELATIONS,true,false,false,false,false,true,ok,true,/Users/newhosung/Library/CloudStorage/OneDrive-SharedLibraries-ThePennsylvaniaStateUniversity/AI Adoption Meta Analysis - Documents/Meta/AI Adoption/PDFs/S208.pdf
S208,PE-TRU,PE,TRU,0.295,526.0,latest_human_R2_CORRELATIONS,true,false,false,false,false,true,ok,true,/Users/newhosung/Library/CloudStorage/OneDrive-SharedLibraries-ThePennsylvaniaStateUniversity/AI Adoption Meta Analysis - Documents/Meta/AI Adoption/PDFs/S208.pdf
S208,SI-TRU,SI,TRU,0.241,526.0,latest_human_R2_CORRELATIONS,true,false,false,false,false,true,ok,true,/Users/newhosung/Library/CloudStorage/OneDrive-SharedLibraries-ThePennsylvaniaStateUniversity/AI Adoption Meta Analysis - Documents/Meta/AI Adoption/PDFs/S208.pdf
S028,ATT-BI,ATT,BI,0.877,508.0,latest_human_R2_CORRELATIONS,true,false,false,false,false,true,ok,true,/Users/newhosung/Library/CloudStorage/OneDrive-SharedLibraries-ThePennsylvaniaStateUniversity/AI Adoption Meta Analysis - Documents/Meta/AI Adoption/PDFs/S028.pdf
S028,ATT-EE,ATT,EE,0.63,508.0,latest_human_R2_CORRELATIONS,true,false,false,false,false,true,ok,true,/Users/newhosung/Library/CloudStorage/OneDrive-SharedLibraries-ThePennsylvaniaStateUniversity/AI Adoption Meta Analysis - Documents/Meta/AI Adoption/PDFs/S028.pdf
S028,ATT-PE,ATT,PE,0.809,508.0,latest_human_R2_CORRELATIONS,true,false,false,false,false,true,ok,true,/Users/newhosung/Library/CloudStorage/OneDrive-SharedLibraries-ThePennsylvaniaStateUniversity/AI Adoption Meta Analysis - Documents/Meta/AI Adoption/PDFs/S028.pdf
S028,ATT-SE,ATT,SE,0.721,508.0,latest_human_R2_CORRELATIONS,true,false,false,false,false,true,ok,true,/Users/newhosung/Library/CloudStorage/OneDrive-SharedLibraries-ThePennsylvaniaStateUniversity/AI Adoption Meta Analysis - Documents/Meta/AI Adoption/PDFs/S028.pdf
S028,BI-EE,BI,EE,0.627,508.0,latest_human_R2_CORRELATIONS,true,false,false,false,false,true,ok,true,/Users/newhosung/Library/CloudStorage/OneDrive-SharedLibraries-ThePennsylvaniaStateUniversity/AI Adoption Meta Analysis - Documents/Meta/AI Adoption/PDFs/S028.pdf
S028,BI-PE,BI,PE,0.823,508.0,latest_human_R2_CORRELATIONS,true,false,false,false,false,true,ok,true,/Users/newhosung/Library/CloudStorage/OneDrive-SharedLibraries-ThePennsylvaniaStateUniversity/AI Adoption Meta Analysis - Documents/Meta/AI Adoption/PDFs/S028.pdf
S028,BI-SE,BI,SE,0.685,508.0,latest_human_R2_CORRELATIONS,true,false,false,false,false,true,ok,true,/Users/newhosung/Library/CloudStorage/OneDrive-SharedLibraries-ThePennsylvaniaStateUniversity/AI Adoption Meta Analysis - Documents/Meta/AI Adoption/PDFs/S028.pdf
S028,EE-PE,EE,PE,0.667,508.0,latest_human_R2_CORRELATIONS,true,false,false,false,false,true,ok,true,/Users/newhosung/Library/CloudStorage/OneDrive-SharedLibraries-ThePennsylvaniaStateUniversity/AI Adoption Meta Analysis - Documents/Meta/AI Adoption/PDFs/S028.pdf
S028,EE-SE,EE,SE,0.792,508.0,latest_human_R2_CORRELATIONS,true,false,false,false,false,true,ok,true,/Users/newhosung/Library/CloudStorage/OneDrive-SharedLibraries-ThePennsylvaniaStateUniversity/AI Adoption Meta Analysis - Documents/Meta/AI Adoption/PDFs/S028.pdf
S028,PE-SE,PE,SE,0.744,508.0,latest_human_R2_CORRELATIONS,true,false,false,false,false,true,ok,true,/Users/newhosung/Library/CloudStorage/OneDrive-SharedLibraries-ThePennsylvaniaStateUniversity/AI Adoption Meta Analysis - Documents/Meta/AI Adoption/PDFs/S028.pdf
S145,BI-EE,BI,EE,0.201,374.0,latest_human_R2_CORRELATIONS,true,false,false,false,false,true,ok,true,/Users/newhosung/Library/CloudStorage/OneDrive-SharedLibraries-ThePennsylvaniaStateUniversity/AI Adoption Meta Analysis - Documents/Meta/AI Adoption/PDFs/S145.pdf
S145,BI-UB,BI,UB,0.338,374.0,latest_human_R2_CORRELATIONS,true,false,false,false,false,true,ok,true,/Users/newhosung/Library/CloudStorage/OneDrive-SharedLibraries-ThePennsylvaniaStateUniversity/AI Adoption Meta Analysis - Documents/Meta/AI Adoption/PDFs/S145.pdf
S145,EE-UB,EE,UB,0.204,374.0,latest_human_R2_CORRELATIONS,true,false,false,false,false,true,ok,true,/Users/newhosung/Library/CloudStorage/OneDrive-SharedLibraries-ThePennsylvaniaStateUniversity/AI Adoption Meta Analysis - Documents/Meta/AI Adoption/PDFs/S145.pdf
S110,BI-EE,BI,EE,0.623,353.0,latest_human_R2_CORRELATIONS,true,false,false,false,false,true,ok,true,/Users/newhosung/Library/CloudStorage/OneDrive-SharedLibraries-ThePennsylvaniaStateUniversity/AI Adoption Meta Analysis - Documents/Meta/AI Adoption/PDFs/S110.pdf
S110,BI-PE,BI,PE,0.681,353.0,latest_human_R2_CORRELATIONS,true,false,false,false,false,true,ok,true,/Users/newhosung/Library/CloudStorage/OneDrive-SharedLibraries-ThePennsylvaniaStateUniversity/AI Adoption Meta Analysis - Documents/Meta/AI Adoption/PDFs/S110.pdf
S110,BI-SI,BI,SI,0.52,353.0,latest_human_R2_CORRELATIONS,true,false,false,false,false,true,ok,true,/Users/newhosung/Library/CloudStorage/OneDrive-SharedLibraries-ThePennsylvaniaStateUniversity/AI Adoption Meta Analysis - Documents/Meta/AI Adoption/PDFs/S110.pdf
S222,BI-EE,BI,EE,0.45,50.0,latest_human_R3_(합의) CORRELATIONS,true,false,false,false,false,true,ok,true,/Users/newhosung/Library/CloudStorage/OneDrive-SharedLibraries-ThePennsylvaniaStateUniversity/AI Adoption Meta Analysis - Documents/Meta/AI Adoption/PDFs/S222.pdf
S222,BI-PE,BI,PE,0.58,50.0,latest_human_R3_(합의) CORRELATIONS,true,false,false,false,false,true,ok,false,/Users/newhosung/Library/CloudStorage/OneDrive-SharedLibraries-ThePennsylvaniaStateUniversity/AI Adoption Meta Analysis - Documents/Meta/AI Adoption/PDFs/S222.pdf
S218,ATT-BI,ATT,BI,0.78,242.0,latest_human_R3_(합의) CORRELATIONS,true,false,false,false,false,true,ok,false,/Users/newhosung/Library/CloudStorage/OneDrive-SharedLibraries-ThePennsylvaniaStateUniversity/AI Adoption Meta Analysis - Documents/Meta/AI Adoption/PDFs/S218.pdf
S218,ATT-EE,ATT,EE,0.68,242.0,latest_human_R3_(합의) CORRELATIONS,true,false,false,false,false,true,ok,false,/Users/newhosung/Library/CloudStorage/OneDrive-SharedLibraries-ThePennsylvaniaStateUniversity/AI Adoption Meta Analysis - Documents/Meta/AI Adoption/PDFs/S218.pdf
S218,ATT-PE,ATT,PE,0.7,242.0,latest_human_R3_(합의) CORRELATIONS,true,false,false,false,false,true,ok,false,/Users/newhosung/Library/CloudStorage/OneDrive-SharedLibraries-ThePennsylvaniaStateUniversity/AI Adoption Meta Analysis - Documents/Meta/AI Adoption/PDFs/S218.pdf
S218,BI-EE,BI,EE,0.59,242.0,latest_human_R3_(합의) CORRELATIONS,true,false,false,false,false,true,ok,true,/Users/newhosung/Library/CloudStorage/OneDrive-SharedLibraries-ThePennsylvaniaStateUniversity/AI Adoption Meta Analysis - Documents/Meta/AI Adoption/PDFs/S218.pdf
S218,BI-PE,BI,PE,0.63,242.0,latest_human_R3_(합의) CORRELATIONS,true,false,false,false,false,true,ok,false,/Users/newhosung/Library/CloudStorage/OneDrive-SharedLibraries-ThePennsylvaniaStateUniversity/AI Adoption Meta Analysis - Documents/Meta/AI Adoption/PDFs/S218.pdf
S218,EE-PE,EE,PE,0.66,242.0,latest_human_R3_(합의) CORRELATIONS,true,false,false,false,false,true,ok,true,/Users/newhosung/Library/CloudStorage/OneDrive-SharedLibraries-ThePennsylvaniaStateUniversity/AI Adoption Meta Analysis - Documents/Meta/AI Adoption/PDFs/S218.pdf
S185,ANX-ATT,ANX,ATT,0.46,298.0,latest_human_R3_(합의) CORRELATIONS,true,false,false,false,false,true,ok,true,/Users/newhosung/Library/CloudStorage/OneDrive-SharedLibraries-ThePennsylvaniaStateUniversity/AI Adoption Meta Analysis - Documents/Meta/AI Adoption/PDFs/S185.pdf
S185,ANX-EE,ANX,EE,0.473,298.0,latest_human_R3_(합의) CORRELATIONS,false,false,false,false,false,true,ok,true,/Users/newhosung/Library/CloudStorage/OneDrive-SharedLibraries-ThePennsylvaniaStateUniversity/AI Adoption Meta Analysis - Documents/Meta/AI Adoption/PDFs/S185.pdf
S185,ANX-PE,ANX,PE,0.435,298.0,latest_human_R3_(합의) CORRELATIONS,false,false,false,false,false,true,ok,true,/Users/newhosung/Library/CloudStorage/OneDrive-SharedLibraries-ThePennsylvaniaStateUniversity/AI Adoption Meta Analysis - Documents/Meta/AI Adoption/PDFs/S185.pdf
S185,ANX-SI,ANX,SI,0.216,298.0,latest_human_R3_(합의) CORRELATIONS,false,false,false,false,false,true,ok,true,/Users/newhosung/Library/CloudStorage/OneDrive-SharedLibraries-ThePennsylvaniaStateUniversity/AI Adoption Meta Analysis - Documents/Meta/AI Adoption/PDFs/S185.pdf
S185,ATT-BI,ATT,BI,0.453,298.0,latest_human_R3_(합의) CORRELATIONS,false,false,false,false,false,true,ok,true,/Users/newhosung/Library/CloudStorage/OneDrive-SharedLibraries-ThePennsylvaniaStateUniversity/AI Adoption Meta Analysis - Documents/Meta/AI Adoption/PDFs/S185.pdf
S185,ATT-EE,ATT,EE,0.473,298.0,latest_human_R3_(합의) CORRELATIONS,false,false,false,false,false,true,ok,true,/Users/newhosung/Library/CloudStorage/OneDrive-SharedLibraries-ThePennsylvaniaStateUniversity/AI Adoption Meta Analysis - Documents/Meta/AI Adoption/PDFs/S185.pdf
S185,ATT-PE,ATT,PE,0.504,298.0,latest_human_R3_(합의) CORRELATIONS,false,false,false,false,false,true,ok,true,/Users/newhosung/Library/CloudStorage/OneDrive-SharedLibraries-ThePennsylvaniaStateUniversity/AI Adoption Meta Analysis - Documents/Meta/AI Adoption/PDFs/S185.pdf
S185,ATT-SI,ATT,SI,0.207,298.0,latest_human_R3_(합의) CORRELATIONS,false,false,false,false,false,true,ok,true,/Users/newhosung/Library/CloudStorage/OneDrive-SharedLibraries-ThePennsylvaniaStateUniversity/AI Adoption Meta Analysis - Documents/Meta/AI Adoption/PDFs/S185.pdf
S185,BI-EE,BI,EE,0.524,298.0,latest_human_R3_(합의) CORRELATIONS,false,false,false,false,false,true,ok,true,/Users/newhosung/Library/CloudStorage/OneDrive-SharedLibraries-ThePennsylvaniaStateUniversity/AI Adoption Meta Analysis - Documents/Meta/AI Adoption/PDFs/S185.pdf
S185,BI-PE,BI,PE,0.459,298.0,latest_human_R3_(합의) CORRELATIONS,false,false,false,false,false,true,ok,true,/Users/newhosung/Library/CloudStorage/OneDrive-SharedLibraries-ThePennsylvaniaStateUniversity/AI Adoption Meta Analysis - Documents/Meta/AI Adoption/PDFs/S185.pdf
S185,BI-SI,BI,SI,0.433,298.0,latest_human_R3_(합의) CORRELATIONS,false,false,false,false,false,true,ok,true,/Users/newhosung/Library/CloudStorage/OneDrive-SharedLibraries-ThePennsylvaniaStateUniversity/AI Adoption Meta Analysis - Documents/Meta/AI Adoption/PDFs/S185.pdf
S185,EE-PE,EE,PE,0.482,298.0,latest_human_R3_(합의) CORRELATIONS,false,false,false,false,false,true,ok,true,/Users/newhosung/Library/CloudStorage/OneDrive-SharedLibraries-ThePennsylvaniaStateUniversity/AI Adoption Meta Analysis - Documents/Meta/AI Adoption/PDFs/S185.pdf
S185,EE-SI,EE,SI,0.279,298.0,latest_human_R3_(합의) CORRELATIONS,false,false,false,false,false,true,ok,true,/Users/newhosung/Library/CloudStorage/OneDrive-SharedLibraries-ThePennsylvaniaStateUniversity/AI Adoption Meta Analysis - Documents/Meta/AI Adoption/PDFs/S185.pdf
S185,PE-SI,PE,SI,0.28,298.0,latest_human_R3_(합의) CORRELATIONS,false,false,false,false,false,true,ok,true,/Users/newhosung/Library/CloudStorage/OneDrive-SharedLibraries-ThePennsylvaniaStateUniversity/AI Adoption Meta Analysis - Documents/Meta/AI Adoption/PDFs/S185.pdf
S194,BI-EE,BI,EE,0.44,469.0,latest_human_R3_(합의) CORRELATIONS,true,false,false,false,false,true,ok,true,/Users/newhosung/Library/CloudStorage/OneDrive-SharedLibraries-ThePennsylvaniaStateUniversity/AI Adoption Meta Analysis - Documents/Meta/AI Adoption/PDFs/S194.pdf
S194,BI-FC,BI,FC,0.49,469.0,latest_human_R3_(합의) CORRELATIONS,true,false,false,false,false,true,ok,true,/Users/newhosung/Library/CloudStorage/OneDrive-SharedLibraries-ThePennsylvaniaStateUniversity/AI Adoption Meta Analysis - Documents/Meta/AI Adoption/PDFs/S194.pdf
S194,BI-PE,BI,PE,-0.08,469.0,latest_human_R3_(합의) CORRELATIONS,true,false,false,false,false,true,ok,true,/Users/newhosung/Library/CloudStorage/OneDrive-SharedLibraries-ThePennsylvaniaStateUniversity/AI Adoption Meta Analysis - Documents/Meta/AI Adoption/PDFs/S194.pdf
S194,BI-SI,BI,SI,0.62,469.0,latest_human_R3_(합의) CORRELATIONS,true,false,false,false,false,true,ok,true,/Users/newhosung/Library/CloudStorage/OneDrive-SharedLibraries-ThePennsylvaniaStateUniversity/AI Adoption Meta Analysis - Documents/Meta/AI Adoption/PDFs/S194.pdf
S194,BI-UB,BI,UB,0.64,469.0,latest_human_R3_(합의) CORRELATIONS,true,false,false,false,false,true,ok,true,/Users/newhosung/Library/CloudStorage/OneDrive-SharedLibraries-ThePennsylvaniaStateUniversity/AI Adoption Meta Analysis - Documents/Meta/AI Adoption/PDFs/S194.pdf
S194,EE-FC,EE,FC,0.55,469.0,latest_human_R3_(합의) CORRELATIONS,true,false,false,false,false,true,ok,true,/Users/newhosung/Library/CloudStorage/OneDrive-SharedLibraries-ThePennsylvaniaStateUniversity/AI Adoption Meta Analysis - Documents/Meta/AI Adoption/PDFs/S194.pdf
S194,EE-PE,EE,PE,-0.1,469.0,latest_human_R3_(합의) CORRELATIONS,true,false,false,false,false,true,ok,true,/Users/newhosung/Library/CloudStorage/OneDrive-SharedLibraries-ThePennsylvaniaStateUniversity/AI Adoption Meta Analysis - Documents/Meta/AI Adoption/PDFs/S194.pdf
S194,EE-SI,EE,SI,0.52,469.0,latest_human_R3_(합의) CORRELATIONS,true,false,false,false,false,true,ok,true,/Users/newhosung/Library/CloudStorage/OneDrive-SharedLibraries-ThePennsylvaniaStateUniversity/AI Adoption Meta Analysis - Documents/Meta/AI Adoption/PDFs/S194.pdf
S194,EE-UB,EE,UB,0.49,469.0,latest_human_R3_(합의) CORRELATIONS,true,false,false,false,false,true,ok,true,/Users/newhosung/Library/CloudStorage/OneDrive-SharedLibraries-ThePennsylvaniaStateUniversity/AI Adoption Meta Analysis - Documents/Meta/AI Adoption/PDFs/S194.pdf
S194,FC-PE,FC,PE,-0.12,469.0,latest_human_R3_(합의) CORRELATIONS,true,false,false,false,false,true,ok,true,/Users/newhosung/Library/CloudStorage/OneDrive-SharedLibraries-ThePennsylvaniaStateUniversity/AI Adoption Meta Analysis - Documents/Meta/AI Adoption/PDFs/S194.pdf
S194,FC-SI,FC,SI,0.59,469.0,latest_human_R3_(합의) CORRELATIONS,true,false,false,false,false,true,ok,true,/Users/newhosung/Library/CloudStorage/OneDrive-SharedLibraries-ThePennsylvaniaStateUniversity/AI Adoption Meta Analysis - Documents/Meta/AI Adoption/PDFs/S194.pdf
S194,FC-UB,FC,UB,0.52,469.0,latest_human_R3_(합의) CORRELATIONS,true,false,false,false,false,true,ok,true,/Users/newhosung/Library/CloudStorage/OneDrive-SharedLibraries-ThePennsylvaniaStateUniversity/AI Adoption Meta Analysis - Documents/Meta/AI Adoption/PDFs/S194.pdf
S194,PE-SI,PE,SI,-0.12,469.0,latest_human_R3_(합의) CORRELATIONS,true,false,false,false,false,true,ok,true,/Users/newhosung/Library/CloudStorage/OneDrive-SharedLibraries-ThePennsylvaniaStateUniversity/AI Adoption Meta Analysis - Documents/Meta/AI Adoption/PDFs/S194.pdf
S194,PE-UB,PE,UB,-0.05,469.0,latest_human_R3_(합의) CORRELATIONS,true,false,false,false,false,true,ok,true,/Users/newhosung/Library/CloudStorage/OneDrive-SharedLibraries-ThePennsylvaniaStateUniversity/AI Adoption Meta Analysis - Documents/Meta/AI Adoption/PDFs/S194.pdf
S194,SI-UB,SI,UB,0.56,469.0,latest_human_R3_(합의) CORRELATIONS,true,false,false,false,false,true,ok,true,/Users/newhosung/Library/CloudStorage/OneDrive-SharedLibraries-ThePennsylvaniaStateUniversity/AI Adoption Meta Analysis - Documents/Meta/AI Adoption/PDFs/S194.pdf
S208,BI-EE,BI,EE,0.43,526.0,latest_human_R3_(합의) CORRELATIONS,true,false,false,false,false,true,ok,true,/Users/newhosung/Library/CloudStorage/OneDrive-SharedLibraries-ThePennsylvaniaStateUniversity/AI Adoption Meta Analysis - Documents/Meta/AI Adoption/PDFs/S208.pdf
S208,BI-PE,BI,PE,0.24,526.0,latest_human_R3_(합의) CORRELATIONS,true,false,false,false,false,true,ok,false,/Users/newhosung/Library/CloudStorage/OneDrive-SharedLibraries-ThePennsylvaniaStateUniversity/AI Adoption Meta Analysis - Documents/Meta/AI Adoption/PDFs/S208.pdf
S208,BI-SI,BI,SI,0.46,526.0,latest_human_R3_(합의) CORRELATIONS,true,false,false,false,false,true,ok,true,/Users/newhosung/Library/CloudStorage/OneDrive-SharedLibraries-ThePennsylvaniaStateUniversity/AI Adoption Meta Analysis - Documents/Meta/AI Adoption/PDFs/S208.pdf
S208,BI-TRU,BI,TRU,0.52,526.0,latest_human_R3_(합의) CORRELATIONS,true,false,false,false,false,true,ok,true,/Users/newhosung/Library/CloudStorage/OneDrive-SharedLibraries-ThePennsylvaniaStateUniversity/AI Adoption Meta Analysis - Documents/Meta/AI Adoption/PDFs/S208.pdf
S208,EE-PE,EE,PE,0.4,526.0,latest_human_R3_(합의) CORRELATIONS,true,false,false,false,false,true,ok,true,/Users/newhosung/Library/CloudStorage/OneDrive-SharedLibraries-ThePennsylvaniaStateUniversity/AI Adoption Meta Analysis - Documents/Meta/AI Adoption/PDFs/S208.pdf
S208,EE-SI,EE,SI,0.36,526.0,latest_human_R3_(합의) CORRELATIONS,true,false,false,false,false,true,ok,true,/Users/newhosung/Library/CloudStorage/OneDrive-SharedLibraries-ThePennsylvaniaStateUniversity/AI Adoption Meta Analysis - Documents/Meta/AI Adoption/PDFs/S208.pdf
S208,EE-TRU,EE,TRU,0.39,526.0,latest_human_R3_(합의) CORRELATIONS,true,false,false,false,false,true,ok,true,/Users/newhosung/Library/CloudStorage/OneDrive-SharedLibraries-ThePennsylvaniaStateUniversity/AI Adoption Meta Analysis - Documents/Meta/AI Adoption/PDFs/S208.pdf
S208,PE-SI,PE,SI,0.29,526.0,latest_human_R3_(합의) CORRELATIONS,true,false,false,false,false,true,ok,false,/Users/newhosung/Library/CloudStorage/OneDrive-SharedLibraries-ThePennsylvaniaStateUniversity/AI Adoption Meta Analysis - Documents/Meta/AI Adoption/PDFs/S208.pdf
S208,PE-TRU,PE,TRU,0.29,526.0,latest_human_R3_(합의) CORRELATIONS,true,false,false,false,false,true,ok,false,/Users/newhosung/Library/CloudStorage/OneDrive-SharedLibraries-ThePennsylvaniaStateUniversity/AI Adoption Meta Analysis - Documents/Meta/AI Adoption/PDFs/S208.pdf
S208,SI-TRU,SI,TRU,0.24,526.0,latest_human_R3_(합의) CORRELATIONS,true,false,false,false,false,true,ok,false,/Users/newhosung/Library/CloudStorage/OneDrive-SharedLibraries-ThePennsylvaniaStateUniversity/AI Adoption Meta Analysis - Documents/Meta/AI Adoption/PDFs/S208.pdf
S028,ATT-BI,ATT,BI,0.87,508.0,latest_human_R3_(합의) CORRELATIONS,true,false,false,false,false,true,ok,false,/Users/newhosung/Library/CloudStorage/OneDrive-SharedLibraries-ThePennsylvaniaStateUniversity/AI Adoption Meta Analysis - Documents/Meta/AI Adoption/PDFs/S028.pdf
S028,ATT-EE,ATT,EE,0.63,508.0,latest_human_R3_(합의) CORRELATIONS,false,false,false,false,false,true,ok,true,/Users/newhosung/Library/CloudStorage/OneDrive-SharedLibraries-ThePennsylvaniaStateUniversity/AI Adoption Meta Analysis - Documents/Meta/AI Adoption/PDFs/S028.pdf
S028,ATT-PE,ATT,PE,0.8,508.0,latest_human_R3_(합의) CORRELATIONS,true,false,false,false,false,true,ok,false,/Users/newhosung/Library/CloudStorage/OneDrive-SharedLibraries-ThePennsylvaniaStateUniversity/AI Adoption Meta Analysis - Documents/Meta/AI Adoption/PDFs/S028.pdf
S028,ATT-SE,ATT,SE,0.72,508.0,latest_human_R3_(합의) CORRELATIONS,true,false,false,false,false,true,ok,false,/Users/newhosung/Library/CloudStorage/OneDrive-SharedLibraries-ThePennsylvaniaStateUniversity/AI Adoption Meta Analysis - Documents/Meta/AI Adoption/PDFs/S028.pdf
S028,BI-EE,BI,EE,0.62,508.0,latest_human_R3_(합의) CORRELATIONS,true,false,false,false,false,true,ok,false,/Users/newhosung/Library/CloudStorage/OneDrive-SharedLibraries-ThePennsylvaniaStateUniversity/AI Adoption Meta Analysis - Documents/Meta/AI Adoption/PDFs/S028.pdf
S028,BI-PE,BI,PE,0.82,508.0,latest_human_R3_(합의) CORRELATIONS,true,false,false,false,false,true,ok,true,/Users/newhosung/Library/CloudStorage/OneDrive-SharedLibraries-ThePennsylvaniaStateUniversity/AI Adoption Meta Analysis - Documents/Meta/AI Adoption/PDFs/S028.pdf
S028,BI-SE,BI,SE,0.68,508.0,latest_human_R3_(합의) CORRELATIONS,true,false,false,false,false,true,ok,false,/Users/newhosung/Library/CloudStorage/OneDrive-SharedLibraries-ThePennsylvaniaStateUniversity/AI Adoption Meta Analysis - Documents/Meta/AI Adoption/PDFs/S028.pdf
S028,EE-PE,EE,PE,0.66,508.0,latest_human_R3_(합의) CORRELATIONS,true,false,false,false,false,true,ok,false,/Users/newhosung/Library/CloudStorage/OneDrive-SharedLibraries-ThePennsylvaniaStateUniversity/AI Adoption Meta Analysis - Documents/Meta/AI Adoption/PDFs/S028.pdf
S028,EE-SE,EE,SE,0.79,508.0,latest_human_R3_(합의) CORRELATIONS,true,false,false,false,false,true,ok,false,/Users/newhosung/Library/CloudStorage/OneDrive-SharedLibraries-ThePennsylvaniaStateUniversity/AI Adoption Meta Analysis - Documents/Meta/AI Adoption/PDFs/S028.pdf
S028,PE-SE,PE,SE,0.74,508.0,latest_human_R3_(합의) CORRELATIONS,true,false,false,false,false,true,ok,true,/Users/newhosung/Library/CloudStorage/OneDrive-SharedLibraries-ThePennsylvaniaStateUniversity/AI Adoption Meta Analysis - Documents/Meta/AI Adoption/PDFs/S028.pdf
S059,ATT-BI,ATT,BI,0.9,645.0,latest_human_R3_(합의) CORRELATIONS,true,false,false,false,false,true,ok,true,/Users/newhosung/Library/CloudStorage/OneDrive-SharedLibraries-ThePennsylvaniaStateUniversity/AI Adoption Meta Analysis - Documents/Meta/AI Adoption/PDFs/S059.pdf
S059,ATT-EE,ATT,EE,0.26,645.0,latest_human_R3_(합의) CORRELATIONS,true,false,false,false,false,true,ok,false,/Users/newhosung/Library/CloudStorage/OneDrive-SharedLibraries-ThePennsylvaniaStateUniversity/AI Adoption Meta Analysis - Documents/Meta/AI Adoption/PDFs/S059.pdf
S059,ATT-PE,ATT,PE,0.29,645.0,latest_human_R3_(합의) CORRELATIONS,true,false,false,false,false,true,ok,false,/Users/newhosung/Library/CloudStorage/OneDrive-SharedLibraries-ThePennsylvaniaStateUniversity/AI Adoption Meta Analysis - Documents/Meta/AI Adoption/PDFs/S059.pdf
S059,BI-FC,BI,FC,0.13,645.0,latest_human_R3_(합의) CORRELATIONS,true,false,false,false,false,true,ok,true,/Users/newhosung/Library/CloudStorage/OneDrive-SharedLibraries-ThePennsylvaniaStateUniversity/AI Adoption Meta Analysis - Documents/Meta/AI Adoption/PDFs/S059.pdf
S059,EE-FC,EE,FC,0.93,645.0,latest_human_R3_(합의) CORRELATIONS,true,false,false,false,false,true,ok,true,/Users/newhosung/Library/CloudStorage/OneDrive-SharedLibraries-ThePennsylvaniaStateUniversity/AI Adoption Meta Analysis - Documents/Meta/AI Adoption/PDFs/S059.pdf
S059,EE-PE,EE,PE,0.17,645.0,latest_human_R3_(합의) CORRELATIONS,true,false,false,false,false,true,ok,false,/Users/newhosung/Library/CloudStorage/OneDrive-SharedLibraries-ThePennsylvaniaStateUniversity/AI Adoption Meta Analysis - Documents/Meta/AI Adoption/PDFs/S059.pdf
S145,ATT-BI,ATT,BI,0.17,374.0,latest_human_R3_(합의) CORRELATIONS,true,false,false,false,false,true,ok,true,/Users/newhosung/Library/CloudStorage/OneDrive-SharedLibraries-ThePennsylvaniaStateUniversity/AI Adoption Meta Analysis - Documents/Meta/AI Adoption/PDFs/S145.pdf
S145,ATT-EE,ATT,EE,0.4,374.0,latest_human_R3_(합의) CORRELATIONS,true,false,false,false,false,true,ok,false,/Users/newhosung/Library/CloudStorage/OneDrive-SharedLibraries-ThePennsylvaniaStateUniversity/AI Adoption Meta Analysis - Documents/Meta/AI Adoption/PDFs/S145.pdf
S145,ATT-UB,ATT,UB,0.15,374.0,latest_human_R3_(합의) CORRELATIONS,true,false,false,false,false,true,ok,true,/Users/newhosung/Library/CloudStorage/OneDrive-SharedLibraries-ThePennsylvaniaStateUniversity/AI Adoption Meta Analysis - Documents/Meta/AI Adoption/PDFs/S145.pdf
S145,BI-EE,BI,EE,0.2,374.0,latest_human_R3_(합의) CORRELATIONS,true,false,false,false,false,true,ok,true,/Users/newhosung/Library/CloudStorage/OneDrive-SharedLibraries-ThePennsylvaniaStateUniversity/AI Adoption Meta Analysis - Documents/Meta/AI Adoption/PDFs/S145.pdf
S145,BI-UB,BI,UB,0.33,374.0,latest_human_R3_(합의) CORRELATIONS,true,false,false,false,false,true,ok,true,/Users/newhosung/Library/CloudStorage/OneDrive-SharedLibraries-ThePennsylvaniaStateUniversity/AI Adoption Meta Analysis - Documents/Meta/AI Adoption/PDFs/S145.pdf
S145,EE-UB,EE,UB,0.2,374.0,latest_human_R3_(합의) CORRELATIONS,true,false,false,false,false,true,ok,true,/Users/newhosung/Library/CloudStorage/OneDrive-SharedLibraries-ThePennsylvaniaStateUniversity/AI Adoption Meta Analysis - Documents/Meta/AI Adoption/PDFs/S145.pdf
S110,BI-EE,BI,EE,0.17,353.0,latest_human_R3_(합의) CORRELATIONS,true,false,false,false,false,true,ok,true,/Users/newhosung/Library/CloudStorage/OneDrive-SharedLibraries-ThePennsylvaniaStateUniversity/AI Adoption Meta Analysis - Documents/Meta/AI Adoption/PDFs/S110.pdf
S110,BI-PE,BI,PE,0.19,353.0,latest_human_R3_(합의) CORRELATIONS,true,false,false,false,false,true,ok,true,/Users/newhosung/Library/CloudStorage/OneDrive-SharedLibraries-ThePennsylvaniaStateUniversity/AI Adoption Meta Analysis - Documents/Meta/AI Adoption/PDFs/S110.pdf
S110,BI-SI,BI,SI,0.05,353.0,latest_human_R3_(합의) CORRELATIONS,true,false,false,false,false,true,ok,true,/Users/newhosung/Library/CloudStorage/OneDrive-SharedLibraries-ThePennsylvaniaStateUniversity/AI Adoption Meta Analysis - Documents/Meta/AI Adoption/PDFs/S110.pdf
S016,ANX-ATT,ANX,ATT,0.338,382.0,latest_human_R3_(합의) CORRELATIONS,false,false,false,true,true,true,ok,true,/Users/newhosung/Library/CloudStorage/OneDrive-SharedLibraries-ThePennsylvaniaStateUniversity/AI Adoption Meta Analysis - Documents/Meta/AI Adoption/PDFs/S016.pdf
S016,ANX-BI,ANX,BI,0.325,382.0,latest_human_R3_(합의) CORRELATIONS,false,false,false,true,true,true,ok,true,/Users/newhosung/Library/CloudStorage/OneDrive-SharedLibraries-ThePennsylvaniaStateUniversity/AI Adoption Meta Analysis - Documents/Meta/AI Adoption/PDFs/S016.pdf
S016,ANX-EE,ANX,EE,0.358,382.0,latest_human_R3_(합의) CORRELATIONS,false,false,false,true,true,true,ok,true,/Users/newhosung/Library/CloudStorage/OneDrive-SharedLibraries-ThePennsylvaniaStateUniversity/AI Adoption Meta Analysis - Documents/Meta/AI Adoption/PDFs/S016.pdf
S016,ANX-FC,ANX,FC,0.372,382.0,latest_human_R3_(합의) CORRELATIONS,false,false,false,true,true,true,ok,true,/Users/newhosung/Library/CloudStorage/OneDrive-SharedLibraries-ThePennsylvaniaStateUniversity/AI Adoption Meta Analysis - Documents/Meta/AI Adoption/PDFs/S016.pdf
S016,ANX-PE,ANX,PE,0.399,382.0,latest_human_R3_(합의) CORRELATIONS,false,false,false,true,true,true,ok,true,/Users/newhosung/Library/CloudStorage/OneDrive-SharedLibraries-ThePennsylvaniaStateUniversity/AI Adoption Meta Analysis - Documents/Meta/AI Adoption/PDFs/S016.pdf
S016,ANX-SE,ANX,SE,-0.003,382.0,latest_human_R3_(합의) CORRELATIONS,false,false,false,true,true,true,ok,true,/Users/newhosung/Library/CloudStorage/OneDrive-SharedLibraries-ThePennsylvaniaStateUniversity/AI Adoption Meta Analysis - Documents/Meta/AI Adoption/PDFs/S016.pdf
S016,ATT-BI,ATT,BI,0.405,382.0,latest_human_R3_(합의) CORRELATIONS,false,false,false,true,true,true,ok,true,/Users/newhosung/Library/CloudStorage/OneDrive-SharedLibraries-ThePennsylvaniaStateUniversity/AI Adoption Meta Analysis - Documents/Meta/AI Adoption/PDFs/S016.pdf
S016,ATT-EE,ATT,EE,0.301,382.0,latest_human_R3_(합의) CORRELATIONS,false,false,false,true,true,true,ok,true,/Users/newhosung/Library/CloudStorage/OneDrive-SharedLibraries-ThePennsylvaniaStateUniversity/AI Adoption Meta Analysis - Documents/Meta/AI Adoption/PDFs/S016.pdf
S016,ATT-FC,ATT,FC,0.348,382.0,latest_human_R3_(합의) CORRELATIONS,false,false,false,true,true,true,ok,true,/Users/newhosung/Library/CloudStorage/OneDrive-SharedLibraries-ThePennsylvaniaStateUniversity/AI Adoption Meta Analysis - Documents/Meta/AI Adoption/PDFs/S016.pdf
S016,ATT-PE,ATT,PE,0.355,382.0,latest_human_R3_(합의) CORRELATIONS,false,false,false,true,true,true,ok,true,/Users/newhosung/Library/CloudStorage/OneDrive-SharedLibraries-ThePennsylvaniaStateUniversity/AI Adoption Meta Analysis - Documents/Meta/AI Adoption/PDFs/S016.pdf
S016,ATT-SE,ATT,SE,0.075,382.0,latest_human_R3_(합의) CORRELATIONS,false,false,false,true,true,true,ok,true,/Users/newhosung/Library/CloudStorage/OneDrive-SharedLibraries-ThePennsylvaniaStateUniversity/AI Adoption Meta Analysis - Documents/Meta/AI Adoption/PDFs/S016.pdf
S016,BI-EE,BI,EE,0.311,382.0,latest_human_R3_(합의) CORRELATIONS,false,false,false,true,true,true,ok,true,/Users/newhosung/Library/CloudStorage/OneDrive-SharedLibraries-ThePennsylvaniaStateUniversity/AI Adoption Meta Analysis - Documents/Meta/AI Adoption/PDFs/S016.pdf
S016,BI-FC,BI,FC,0.388,382.0,latest_human_R3_(합의) CORRELATIONS,false,false,false,true,true,true,ok,true,/Users/newhosung/Library/CloudStorage/OneDrive-SharedLibraries-ThePennsylvaniaStateUniversity/AI Adoption Meta Analysis - Documents/Meta/AI Adoption/PDFs/S016.pdf
S016,BI-PE,BI,PE,0.357,382.0,latest_human_R3_(합의) CORRELATIONS,false,false,false,true,true,true,ok,true,/Users/newhosung/Library/CloudStorage/OneDrive-SharedLibraries-ThePennsylvaniaStateUniversity/AI Adoption Meta Analysis - Documents/Meta/AI Adoption/PDFs/S016.pdf
S016,BI-SE,BI,SE,0.042,382.0,latest_human_R3_(합의) CORRELATIONS,false,false,false,true,true,true,ok,true,/Users/newhosung/Library/CloudStorage/OneDrive-SharedLibraries-ThePennsylvaniaStateUniversity/AI Adoption Meta Analysis - Documents/Meta/AI Adoption/PDFs/S016.pdf
S016,EE-FC,EE,FC,0.338,382.0,latest_human_R3_(합의) CORRELATIONS,false,false,false,true,true,true,ok,true,/Users/newhosung/Library/CloudStorage/OneDrive-SharedLibraries-ThePennsylvaniaStateUniversity/AI Adoption Meta Analysis - Documents/Meta/AI Adoption/PDFs/S016.pdf
S016,EE-PE,EE,PE,0.375,382.0,latest_human_R3_(합의) CORRELATIONS,false,false,false,true,true,true,ok,true,/Users/newhosung/Library/CloudStorage/OneDrive-SharedLibraries-ThePennsylvaniaStateUniversity/AI Adoption Meta Analysis - Documents/Meta/AI Adoption/PDFs/S016.pdf
S016,EE-SE,EE,SE,0.037,382.0,latest_human_R3_(합의) CORRELATIONS,false,false,false,true,true,true,ok,true,/Users/newhosung/Library/CloudStorage/OneDrive-SharedLibraries-ThePennsylvaniaStateUniversity/AI Adoption Meta Analysis - Documents/Meta/AI Adoption/PDFs/S016.pdf
S016,FC-PE,FC,PE,0.405,382.0,latest_human_R3_(합의) CORRELATIONS,false,false,false,true,true,true,ok,true,/Users/newhosung/Library/CloudStorage/OneDrive-SharedLibraries-ThePennsylvaniaStateUniversity/AI Adoption Meta Analysis - Documents/Meta/AI Adoption/PDFs/S016.pdf
S016,FC-SE,FC,SE,-0.084,382.0,latest_human_R3_(합의) CORRELATIONS,false,false,false,true,true,true,ok,true,/Users/newhosung/Library/CloudStorage/OneDrive-SharedLibraries-ThePennsylvaniaStateUniversity/AI Adoption Meta Analysis - Documents/Meta/AI Adoption/PDFs/S016.pdf
S016,PE-SE,PE,SE,0.02,382.0,latest_human_R3_(합의) CORRELATIONS,false,false,false,true,true,true,ok,true,/Users/newhosung/Library/CloudStorage/OneDrive-SharedLibraries-ThePennsylvaniaStateUniversity/AI Adoption Meta Analysis - Documents/Meta/AI Adoption/PDFs/S016.pdf
S097,ATT-BI,ATT,BI,0.94,210.0,latest_human_R3_(합의) CORRELATIONS,false,false,false,true,true,true,ok,true,/Users/newhosung/Library/CloudStorage/OneDrive-SharedLibraries-ThePennsylvaniaStateUniversity/AI Adoption Meta Analysis - Documents/Meta/AI Adoption/PDFs/S097.pdf
S097,ATT-EE,ATT,EE,0.88,210.0,latest_human_R3_(합의) CORRELATIONS,false,false,false,true,true,true,ok,true,/Users/newhosung/Library/CloudStorage/OneDrive-SharedLibraries-ThePennsylvaniaStateUniversity/AI Adoption Meta Analysis - Documents/Meta/AI Adoption/PDFs/S097.pdf
S097,ATT-PE,ATT,PE,0.87,210.0,latest_human_R3_(합의) CORRELATIONS,false,false,false,true,true,true,ok,true,/Users/newhosung/Library/CloudStorage/OneDrive-SharedLibraries-ThePennsylvaniaStateUniversity/AI Adoption Meta Analysis - Documents/Meta/AI Adoption/PDFs/S097.pdf
S097,ATT-UB,ATT,UB,0.9,210.0,latest_human_R3_(합의) CORRELATIONS,false,false,false,true,true,true,ok,true,/Users/newhosung/Library/CloudStorage/OneDrive-SharedLibraries-ThePennsylvaniaStateUniversity/AI Adoption Meta Analysis - Documents/Meta/AI Adoption/PDFs/S097.pdf
S097,BI-EE,BI,EE,0.9,210.0,latest_human_R3_(합의) CORRELATIONS,false,false,false,true,true,true,ok,true,/Users/newhosung/Library/CloudStorage/OneDrive-SharedLibraries-ThePennsylvaniaStateUniversity/AI Adoption Meta Analysis - Documents/Meta/AI Adoption/PDFs/S097.pdf
S097,BI-PE,BI,PE,0.9,210.0,latest_human_R3_(합의) CORRELATIONS,false,false,false,true,true,true,ok,true,/Users/newhosung/Library/CloudStorage/OneDrive-SharedLibraries-ThePennsylvaniaStateUniversity/AI Adoption Meta Analysis - Documents/Meta/AI Adoption/PDFs/S097.pdf
S097,BI-UB,BI,UB,0.93,210.0,latest_human_R3_(합의) CORRELATIONS,false,false,false,true,true,true,ok,true,/Users/newhosung/Library/CloudStorage/OneDrive-SharedLibraries-ThePennsylvaniaStateUniversity/AI Adoption Meta Analysis - Documents/Meta/AI Adoption/PDFs/S097.pdf
S097,EE-PE,EE,PE,0.86,210.0,latest_human_R3_(합의) CORRELATIONS,false,false,false,true,true,true,ok,true,/Users/newhosung/Library/CloudStorage/OneDrive-SharedLibraries-ThePennsylvaniaStateUniversity/AI Adoption Meta Analysis - Documents/Meta/AI Adoption/PDFs/S097.pdf
S097,EE-UB,EE,UB,0.87,210.0,latest_human_R3_(합의) CORRELATIONS,false,false,false,true,true,true,ok,true,/Users/newhosung/Library/CloudStorage/OneDrive-SharedLibraries-ThePennsylvaniaStateUniversity/AI Adoption Meta Analysis - Documents/Meta/AI Adoption/PDFs/S097.pdf
S097,PE-UB,PE,UB,0.88,210.0,latest_human_R3_(합의) CORRELATIONS,false,false,false,true,true,true,ok,true,/Users/newhosung/Library/CloudStorage/OneDrive-SharedLibraries-ThePennsylvaniaStateUniversity/AI Adoption Meta Analysis - Documents/Meta/AI Adoption/PDFs/S097.pdf
S090,EE-PE,EE,PE,0.46,681.0,latest_human_R3_(합의) CORRELATIONS,false,false,false,true,true,true,ok,true,/Users/newhosung/Library/CloudStorage/OneDrive-SharedLibraries-ThePennsylvaniaStateUniversity/AI Adoption Meta Analysis - Documents/Meta/AI Adoption/PDFs/S090.pdf
S090,EE-UB,EE,UB,0.47,681.0,latest_human_R3_(합의) CORRELATIONS,false,false,false,true,true,true,ok,true,/Users/newhosung/Library/CloudStorage/OneDrive-SharedLibraries-ThePennsylvaniaStateUniversity/AI Adoption Meta Analysis - Documents/Meta/AI Adoption/PDFs/S090.pdf
S090,PE-UB,PE,UB,0.74,681.0,latest_human_R3_(합의) CORRELATIONS,false,false,false,true,true,true,ok,true,/Users/newhosung/Library/CloudStorage/OneDrive-SharedLibraries-ThePennsylvaniaStateUniversity/AI Adoption Meta Analysis - Documents/Meta/AI Adoption/PDFs/S090.pdf
S176,ATT-BI,ATT,BI,0.68,1214.0,latest_human_R3_(합의) CORRELATIONS,false,false,false,true,true,true,ok,true,/Users/newhosung/Library/CloudStorage/OneDrive-SharedLibraries-ThePennsylvaniaStateUniversity/AI Adoption Meta Analysis - Documents/Meta/AI Adoption/PDFs/S176.pdf
S176,ATT-EE,ATT,EE,0.18,1214.0,latest_human_R3_(합의) CORRELATIONS,false,false,false,true,true,true,ok,true,/Users/newhosung/Library/CloudStorage/OneDrive-SharedLibraries-ThePennsylvaniaStateUniversity/AI Adoption Meta Analysis - Documents/Meta/AI Adoption/PDFs/S176.pdf
S176,ATT-FC,ATT,FC,0.41,1214.0,latest_human_R3_(합의) CORRELATIONS,false,false,false,true,true,true,ok,true,/Users/newhosung/Library/CloudStorage/OneDrive-SharedLibraries-ThePennsylvaniaStateUniversity/AI Adoption Meta Analysis - Documents/Meta/AI Adoption/PDFs/S176.pdf
S176,ATT-PE,ATT,PE,0.12,1214.0,latest_human_R3_(합의) CORRELATIONS,false,false,false,true,true,true,ok,true,/Users/newhosung/Library/CloudStorage/OneDrive-SharedLibraries-ThePennsylvaniaStateUniversity/AI Adoption Meta Analysis - Documents/Meta/AI Adoption/PDFs/S176.pdf
S176,ATT-SI,ATT,SI,0.05,1214.0,latest_human_R3_(합의) CORRELATIONS,false,false,false,true,true,true,ok,true,/Users/newhosung/Library/CloudStorage/OneDrive-SharedLibraries-ThePennsylvaniaStateUniversity/AI Adoption Meta Analysis - Documents/Meta/AI Adoption/PDFs/S176.pdf
S176,ATT-TRU,ATT,TRU,0.23,1214.0,latest_human_R3_(합의) CORRELATIONS,false,false,false,true,true,true,ok,true,/Users/newhosung/Library/CloudStorage/OneDrive-SharedLibraries-ThePennsylvaniaStateUniversity/AI Adoption Meta Analysis - Documents/Meta/AI Adoption/PDFs/S176.pdf
S176,ATT-UB,ATT,UB,0.47,1214.0,latest_human_R3_(합의) CORRELATIONS,false,false,false,true,true,true,ok,true,/Users/newhosung/Library/CloudStorage/OneDrive-SharedLibraries-ThePennsylvaniaStateUniversity/AI Adoption Meta Analysis - Documents/Meta/AI Adoption/PDFs/S176.pdf
S176,BI-EE,BI,EE,0.23,1214.0,latest_human_R3_(합의) CORRELATIONS,false,false,false,true,true,true,ok,true,/Users/newhosung/Library/CloudStorage/OneDrive-SharedLibraries-ThePennsylvaniaStateUniversity/AI Adoption Meta Analysis - Documents/Meta/AI Adoption/PDFs/S176.pdf
S176,BI-FC,BI,FC,0.53,1214.0,latest_human_R3_(합의) CORRELATIONS,false,false,false,true,true,true,ok,true,/Users/newhosung/Library/CloudStorage/OneDrive-SharedLibraries-ThePennsylvaniaStateUniversity/AI Adoption Meta Analysis - Documents/Meta/AI Adoption/PDFs/S176.pdf
S176,BI-PE,BI,PE,0.05,1214.0,latest_human_R3_(합의) CORRELATIONS,false,false,false,true,true,true,ok,true,/Users/newhosung/Library/CloudStorage/OneDrive-SharedLibraries-ThePennsylvaniaStateUniversity/AI Adoption Meta Analysis - Documents/Meta/AI Adoption/PDFs/S176.pdf
S176,BI-SI,BI,SI,0.09,1214.0,latest_human_R3_(합의) CORRELATIONS,false,false,false,true,true,true,ok,true,/Users/newhosung/Library/CloudStorage/OneDrive-SharedLibraries-ThePennsylvaniaStateUniversity/AI Adoption Meta Analysis - Documents/Meta/AI Adoption/PDFs/S176.pdf
S176,BI-TRU,BI,TRU,0.57,1214.0,latest_human_R3_(합의) CORRELATIONS,false,false,false,true,true,true,ok,true,/Users/newhosung/Library/CloudStorage/OneDrive-SharedLibraries-ThePennsylvaniaStateUniversity/AI Adoption Meta Analysis - Documents/Meta/AI Adoption/PDFs/S176.pdf
S176,BI-UB,BI,UB,0.63,1214.0,latest_human_R3_(합의) CORRELATIONS,false,false,false,true,true,true,ok,true,/Users/newhosung/Library/CloudStorage/OneDrive-SharedLibraries-ThePennsylvaniaStateUniversity/AI Adoption Meta Analysis - Documents/Meta/AI Adoption/PDFs/S176.pdf
S176,EE-FC,EE,FC,0.24,1214.0,latest_human_R3_(합의) CORRELATIONS,false,false,false,true,true,true,ok,true,/Users/newhosung/Library/CloudStorage/OneDrive-SharedLibraries-ThePennsylvaniaStateUniversity/AI Adoption Meta Analysis - Documents/Meta/AI Adoption/PDFs/S176.pdf
S176,EE-PE,EE,PE,0.15,1214.0,latest_human_R3_(합의) CORRELATIONS,false,false,false,true,true,true,ok,true,/Users/newhosung/Library/CloudStorage/OneDrive-SharedLibraries-ThePennsylvaniaStateUniversity/AI Adoption Meta Analysis - Documents/Meta/AI Adoption/PDFs/S176.pdf
S176,EE-SI,EE,SI,0.02,1214.0,latest_human_R3_(합의) CORRELATIONS,false,false,false,true,true,true,ok,true,/Users/newhosung/Library/CloudStorage/OneDrive-SharedLibraries-ThePennsylvaniaStateUniversity/AI Adoption Meta Analysis - Documents/Meta/AI Adoption/PDFs/S176.pdf
S176,EE-TRU,EE,TRU,0.31,1214.0,latest_human_R3_(합의) CORRELATIONS,false,false,false,true,true,true,ok,true,/Users/newhosung/Library/CloudStorage/OneDrive-SharedLibraries-ThePennsylvaniaStateUniversity/AI Adoption Meta Analysis - Documents/Meta/AI Adoption/PDFs/S176.pdf
S176,EE-UB,EE,UB,0.25,1214.0,latest_human_R3_(합의) CORRELATIONS,false,false,false,true,true,true,ok,true,/Users/newhosung/Library/CloudStorage/OneDrive-SharedLibraries-ThePennsylvaniaStateUniversity/AI Adoption Meta Analysis - Documents/Meta/AI Adoption/PDFs/S176.pdf
S176,FC-PE,FC,PE,0.39,1214.0,latest_human_R3_(합의) CORRELATIONS,false,false,false,true,true,true,ok,true,/Users/newhosung/Library/CloudStorage/OneDrive-SharedLibraries-ThePennsylvaniaStateUniversity/AI Adoption Meta Analysis - Documents/Meta/AI Adoption/PDFs/S176.pdf
S176,FC-SI,FC,SI,0.32,1214.0,latest_human_R3_(합의) CORRELATIONS,false,false,false,true,true,true,ok,true,/Users/newhosung/Library/CloudStorage/OneDrive-SharedLibraries-ThePennsylvaniaStateUniversity/AI Adoption Meta Analysis - Documents/Meta/AI Adoption/PDFs/S176.pdf
S176,FC-TRU,FC,TRU,0.55,1214.0,latest_human_R3_(합의) CORRELATIONS,false,false,false,true,true,true,ok,true,/Users/newhosung/Library/CloudStorage/OneDrive-SharedLibraries-ThePennsylvaniaStateUniversity/AI Adoption Meta Analysis - Documents/Meta/AI Adoption/PDFs/S176.pdf
S176,FC-UB,FC,UB,0.71,1214.0,latest_human_R3_(합의) CORRELATIONS,false,false,false,true,true,true,ok,true,/Users/newhosung/Library/CloudStorage/OneDrive-SharedLibraries-ThePennsylvaniaStateUniversity/AI Adoption Meta Analysis - Documents/Meta/AI Adoption/PDFs/S176.pdf
S176,PE-SI,PE,SI,0.75,1214.0,latest_human_R3_(합의) CORRELATIONS,false,false,false,true,true,true,ok,true,/Users/newhosung/Library/CloudStorage/OneDrive-SharedLibraries-ThePennsylvaniaStateUniversity/AI Adoption Meta Analysis - Documents/Meta/AI Adoption/PDFs/S176.pdf
S176,PE-TRU,PE,TRU,0.25,1214.0,latest_human_R3_(합의) CORRELATIONS,false,false,false,true,true,true,ok,true,/Users/newhosung/Library/CloudStorage/OneDrive-SharedLibraries-ThePennsylvaniaStateUniversity/AI Adoption Meta Analysis - Documents/Meta/AI Adoption/PDFs/S176.pdf
S176,PE-UB,PE,UB,0.47,1214.0,latest_human_R3_(합의) CORRELATIONS,false,false,false,true,true,true,ok,true,/Users/newhosung/Library/CloudStorage/OneDrive-SharedLibraries-ThePennsylvaniaStateUniversity/AI Adoption Meta Analysis - Documents/Meta/AI Adoption/PDFs/S176.pdf
S176,SI-TRU,SI,TRU,0.32,1214.0,latest_human_R3_(합의) CORRELATIONS,false,false,false,true,true,true,ok,true,/Users/newhosung/Library/CloudStorage/OneDrive-SharedLibraries-ThePennsylvaniaStateUniversity/AI Adoption Meta Analysis - Documents/Meta/AI Adoption/PDFs/S176.pdf
S176,SI-UB,SI,UB,0.37,1214.0,latest_human_R3_(합의) CORRELATIONS,false,false,false,true,true,true,ok,true,/Users/newhosung/Library/CloudStorage/OneDrive-SharedLibraries-ThePennsylvaniaStateUniversity/AI Adoption Meta Analysis - Documents/Meta/AI Adoption/PDFs/S176.pdf
S176,TRU-UB,TRU,UB,0.67,1214.0,latest_human_R3_(합의) CORRELATIONS,false,false,false,true,true,true,ok,true,/Users/newhosung/Library/CloudStorage/OneDrive-SharedLibraries-ThePennsylvaniaStateUniversity/AI Adoption Meta Analysis - Documents/Meta/AI Adoption/PDFs/S176.pdf
S047,BI-EE,BI,EE,0.448,359.0,latest_human_R3_(합의) CORRELATIONS,false,false,false,true,true,true,ok,true,/Users/newhosung/Library/CloudStorage/OneDrive-SharedLibraries-ThePennsylvaniaStateUniversity/AI Adoption Meta Analysis - Documents/Meta/AI Adoption/PDFs/S047.pdf
S047,BI-FC,BI,FC,0.308,359.0,latest_human_R3_(합의) CORRELATIONS,false,false,false,true,true,true,ok,true,/Users/newhosung/Library/CloudStorage/OneDrive-SharedLibraries-ThePennsylvaniaStateUniversity/AI Adoption Meta Analysis - Documents/Meta/AI Adoption/PDFs/S047.pdf
S047,BI-PE,BI,PE,0.524,359.0,latest_human_R3_(합의) CORRELATIONS,false,false,false,true,true,true,ok,true,/Users/newhosung/Library/CloudStorage/OneDrive-SharedLibraries-ThePennsylvaniaStateUniversity/AI Adoption Meta Analysis - Documents/Meta/AI Adoption/PDFs/S047.pdf
S047,BI-SI,BI,SI,0.534,359.0,latest_human_R3_(합의) CORRELATIONS,false,false,false,true,true,true,ok,true,/Users/newhosung/Library/CloudStorage/OneDrive-SharedLibraries-ThePennsylvaniaStateUniversity/AI Adoption Meta Analysis - Documents/Meta/AI Adoption/PDFs/S047.pdf
S047,EE-FC,EE,FC,0.304,359.0,latest_human_R3_(합의) CORRELATIONS,false,false,false,true,true,true,ok,true,/Users/newhosung/Library/CloudStorage/OneDrive-SharedLibraries-ThePennsylvaniaStateUniversity/AI Adoption Meta Analysis - Documents/Meta/AI Adoption/PDFs/S047.pdf
S047,EE-PE,EE,PE,0.573,359.0,latest_human_R3_(합의) CORRELATIONS,false,false,false,true,true,true,ok,true,/Users/newhosung/Library/CloudStorage/OneDrive-SharedLibraries-ThePennsylvaniaStateUniversity/AI Adoption Meta Analysis - Documents/Meta/AI Adoption/PDFs/S047.pdf
S047,EE-SI,EE,SI,0.506,359.0,latest_human_R3_(합의) CORRELATIONS,false,false,false,true,true,true,ok,true,/Users/newhosung/Library/CloudStorage/OneDrive-SharedLibraries-ThePennsylvaniaStateUniversity/AI Adoption Meta Analysis - Documents/Meta/AI Adoption/PDFs/S047.pdf
S047,FC-PE,FC,PE,0.325,359.0,latest_human_R3_(합의) CORRELATIONS,false,false,false,true,true,true,ok,true,/Users/newhosung/Library/CloudStorage/OneDrive-SharedLibraries-ThePennsylvaniaStateUniversity/AI Adoption Meta Analysis - Documents/Meta/AI Adoption/PDFs/S047.pdf
S047,FC-SI,FC,SI,0.488,359.0,latest_human_R3_(합의) CORRELATIONS,false,false,false,true,true,true,ok,true,/Users/newhosung/Library/CloudStorage/OneDrive-SharedLibraries-ThePennsylvaniaStateUniversity/AI Adoption Meta Analysis - Documents/Meta/AI Adoption/PDFs/S047.pdf
S047,PE-SI,PE,SI,0.639,359.0,latest_human_R3_(합의) CORRELATIONS,false,false,false,true,true,true,ok,true,/Users/newhosung/Library/CloudStorage/OneDrive-SharedLibraries-ThePennsylvaniaStateUniversity/AI Adoption Meta Analysis - Documents/Meta/AI Adoption/PDFs/S047.pdf
S072,ATT-BI,ATT,BI,0.47,500.0,latest_human_R3_(합의) CORRELATIONS,false,false,false,true,true,true,ok,true,/Users/newhosung/Library/CloudStorage/OneDrive-SharedLibraries-ThePennsylvaniaStateUniversity/AI Adoption Meta Analysis - Documents/Meta/AI Adoption/PDFs/S072.pdf
S072,ATT-EE,ATT,EE,0.318,500.0,latest_human_R3_(합의) CORRELATIONS,false,false,false,true,true,true,ok,true,/Users/newhosung/Library/CloudStorage/OneDrive-SharedLibraries-ThePennsylvaniaStateUniversity/AI Adoption Meta Analysis - Documents/Meta/AI Adoption/PDFs/S072.pdf
S072,ATT-FC,ATT,FC,0.38,500.0,latest_human_R3_(합의) CORRELATIONS,false,false,false,true,true,true,ok,false,/Users/newhosung/Library/CloudStorage/OneDrive-SharedLibraries-ThePennsylvaniaStateUniversity/AI Adoption Meta Analysis - Documents/Meta/AI Adoption/PDFs/S072.pdf
S072,ATT-PE,ATT,PE,0.31,500.0,latest_human_R3_(합의) CORRELATIONS,false,false,false,true,false,true,ok,false,/Users/newhosung/Library/CloudStorage/OneDrive-SharedLibraries-ThePennsylvaniaStateUniversity/AI Adoption Meta Analysis - Documents/Meta/AI Adoption/PDFs/S072.pdf
S072,ATT-SI,ATT,SI,0.46,500.0,latest_human_R3_(합의) CORRELATIONS,false,false,false,true,true,true,ok,true,/Users/newhosung/Library/CloudStorage/OneDrive-SharedLibraries-ThePennsylvaniaStateUniversity/AI Adoption Meta Analysis - Documents/Meta/AI Adoption/PDFs/S072.pdf
S072,BI-EE,BI,EE,0.664,500.0,latest_human_R3_(합의) CORRELATIONS,false,false,false,true,true,true,ok,true,/Users/newhosung/Library/CloudStorage/OneDrive-SharedLibraries-ThePennsylvaniaStateUniversity/AI Adoption Meta Analysis - Documents/Meta/AI Adoption/PDFs/S072.pdf
S072,BI-FC,BI,FC,0.666,500.0,latest_human_R3_(합의) CORRELATIONS,false,false,false,true,true,true,ok,true,/Users/newhosung/Library/CloudStorage/OneDrive-SharedLibraries-ThePennsylvaniaStateUniversity/AI Adoption Meta Analysis - Documents/Meta/AI Adoption/PDFs/S072.pdf
S072,BI-PE,BI,PE,0.636,500.0,latest_human_R3_(합의) CORRELATIONS,false,false,false,true,true,true,ok,true,/Users/newhosung/Library/CloudStorage/OneDrive-SharedLibraries-ThePennsylvaniaStateUniversity/AI Adoption Meta Analysis - Documents/Meta/AI Adoption/PDFs/S072.pdf
S072,BI-SI,BI,SI,0.696,500.0,latest_human_R3_(합의) CORRELATIONS,false,false,false,true,true,true,ok,true,/Users/newhosung/Library/CloudStorage/OneDrive-SharedLibraries-ThePennsylvaniaStateUniversity/AI Adoption Meta Analysis - Documents/Meta/AI Adoption/PDFs/S072.pdf
S072,BI-UB,BI,UB,0.646,500.0,latest_human_R3_(합의) CORRELATIONS,false,false,false,true,true,true,ok,true,/Users/newhosung/Library/CloudStorage/OneDrive-SharedLibraries-ThePennsylvaniaStateUniversity/AI Adoption Meta Analysis - Documents/Meta/AI Adoption/PDFs/S072.pdf
S072,EE-FC,EE,FC,0.68,500.0,latest_human_R3_(합의) CORRELATIONS,false,false,false,true,true,true,ok,true,/Users/newhosung/Library/CloudStorage/OneDrive-SharedLibraries-ThePennsylvaniaStateUniversity/AI Adoption Meta Analysis - Documents/Meta/AI Adoption/PDFs/S072.pdf
S072,EE-PE,EE,PE,0.706,500.0,latest_human_R3_(합의) CORRELATIONS,false,false,false,true,true,true,ok,true,/Users/newhosung/Library/CloudStorage/OneDrive-SharedLibraries-ThePennsylvaniaStateUniversity/AI Adoption Meta Analysis - Documents/Meta/AI Adoption/PDFs/S072.pdf
S072,EE-SI,EE,SI,0.717,500.0,latest_human_R3_(합의) CORRELATIONS,false,false,false,true,true,true,ok,true,/Users/newhosung/Library/CloudStorage/OneDrive-SharedLibraries-ThePennsylvaniaStateUniversity/AI Adoption Meta Analysis - Documents/Meta/AI Adoption/PDFs/S072.pdf
S072,EE-UB,EE,UB,0.646,500.0,latest_human_R3_(합의) CORRELATIONS,false,false,false,true,true,true,ok,true,/Users/newhosung/Library/CloudStorage/OneDrive-SharedLibraries-ThePennsylvaniaStateUniversity/AI Adoption Meta Analysis - Documents/Meta/AI Adoption/PDFs/S072.pdf
S072,FC-PE,FC,PE,0.705,500.0,latest_human_R3_(합의) CORRELATIONS,false,false,false,true,true,true,ok,true,/Users/newhosung/Library/CloudStorage/OneDrive-SharedLibraries-ThePennsylvaniaStateUniversity/AI Adoption Meta Analysis - Documents/Meta/AI Adoption/PDFs/S072.pdf
S072,FC-SI,FC,SI,0.734,500.0,latest_human_R3_(합의) CORRELATIONS,false,false,false,true,true,true,ok,true,/Users/newhosung/Library/CloudStorage/OneDrive-SharedLibraries-ThePennsylvaniaStateUniversity/AI Adoption Meta Analysis - Documents/Meta/AI Adoption/PDFs/S072.pdf
S072,FC-UB,FC,UB,0.591,500.0,latest_human_R3_(합의) CORRELATIONS,false,false,false,true,true,true,ok,true,/Users/newhosung/Library/CloudStorage/OneDrive-SharedLibraries-ThePennsylvaniaStateUniversity/AI Adoption Meta Analysis - Documents/Meta/AI Adoption/PDFs/S072.pdf
S072,PE-SI,PE,SI,0.67,500.0,latest_human_R3_(합의) CORRELATIONS,false,false,false,true,true,true,ok,true,/Users/newhosung/Library/CloudStorage/OneDrive-SharedLibraries-ThePennsylvaniaStateUniversity/AI Adoption Meta Analysis - Documents/Meta/AI Adoption/PDFs/S072.pdf
S072,PE-UB,PE,UB,0.464,500.0,latest_human_R3_(합의) CORRELATIONS,false,false,false,true,true,true,ok,true,/Users/newhosung/Library/CloudStorage/OneDrive-SharedLibraries-ThePennsylvaniaStateUniversity/AI Adoption Meta Analysis - Documents/Meta/AI Adoption/PDFs/S072.pdf
S072,SI-UB,SI,UB,0.498,500.0,latest_human_R3_(합의) CORRELATIONS,false,false,false,true,true,true,ok,true,/Users/newhosung/Library/CloudStorage/OneDrive-SharedLibraries-ThePennsylvaniaStateUniversity/AI Adoption Meta Analysis - Documents/Meta/AI Adoption/PDFs/S072.pdf
S219,ANX-ATT,ANX,ATT,-0.08,432.0,latest_human_R3_(합의) CORRELATIONS,false,false,false,true,false,true,ok,false,/Users/newhosung/Library/CloudStorage/OneDrive-SharedLibraries-ThePennsylvaniaStateUniversity/AI Adoption Meta Analysis - Documents/Meta/AI Adoption/PDFs/S219.pdf
S219,ANX-BI,ANX,BI,-0.12,432.0,latest_human_R3_(합의) CORRELATIONS,false,false,false,true,false,true,ok,false,/Users/newhosung/Library/CloudStorage/OneDrive-SharedLibraries-ThePennsylvaniaStateUniversity/AI Adoption Meta Analysis - Documents/Meta/AI Adoption/PDFs/S219.pdf
S219,ANX-EE,ANX,EE,-0.1,432.0,latest_human_R3_(합의) CORRELATIONS,false,false,false,true,false,true,ok,false,/Users/newhosung/Library/CloudStorage/OneDrive-SharedLibraries-ThePennsylvaniaStateUniversity/AI Adoption Meta Analysis - Documents/Meta/AI Adoption/PDFs/S219.pdf
S219,ANX-PE,ANX,PE,-0.07,432.0,latest_human_R3_(합의) CORRELATIONS,false,false,false,true,false,true,ok,false,/Users/newhosung/Library/CloudStorage/OneDrive-SharedLibraries-ThePennsylvaniaStateUniversity/AI Adoption Meta Analysis - Documents/Meta/AI Adoption/PDFs/S219.pdf
S219,ATT-BI,ATT,BI,0.65,432.0,latest_human_R3_(합의) CORRELATIONS,false,false,false,true,true,true,ok,true,/Users/newhosung/Library/CloudStorage/OneDrive-SharedLibraries-ThePennsylvaniaStateUniversity/AI Adoption Meta Analysis - Documents/Meta/AI Adoption/PDFs/S219.pdf
S219,ATT-EE,ATT,EE,0.6,432.0,latest_human_R3_(합의) CORRELATIONS,false,false,false,true,true,true,ok,true,/Users/newhosung/Library/CloudStorage/OneDrive-SharedLibraries-ThePennsylvaniaStateUniversity/AI Adoption Meta Analysis - Documents/Meta/AI Adoption/PDFs/S219.pdf
S219,ATT-PE,ATT,PE,0.63,432.0,latest_human_R3_(합의) CORRELATIONS,false,false,false,true,true,true,ok,true,/Users/newhosung/Library/CloudStorage/OneDrive-SharedLibraries-ThePennsylvaniaStateUniversity/AI Adoption Meta Analysis - Documents/Meta/AI Adoption/PDFs/S219.pdf
S219,BI-EE,BI,EE,0.56,432.0,latest_human_R3_(합의) CORRELATIONS,false,false,false,true,true,true,ok,true,/Users/newhosung/Library/CloudStorage/OneDrive-SharedLibraries-ThePennsylvaniaStateUniversity/AI Adoption Meta Analysis - Documents/Meta/AI Adoption/PDFs/S219.pdf
S219,BI-PE,BI,PE,0.5,432.0,latest_human_R3_(합의) CORRELATIONS,false,false,false,true,true,true,ok,true,/Users/newhosung/Library/CloudStorage/OneDrive-SharedLibraries-ThePennsylvaniaStateUniversity/AI Adoption Meta Analysis - Documents/Meta/AI Adoption/PDFs/S219.pdf
S219,EE-PE,EE,PE,0.61,432.0,latest_human_R3_(합의) CORRELATIONS,false,false,false,true,true,true,ok,true,/Users/newhosung/Library/CloudStorage/OneDrive-SharedLibraries-ThePennsylvaniaStateUniversity/AI Adoption Meta Analysis - Documents/Meta/AI Adoption/PDFs/S219.pdf
S052,BI-EE,BI,EE,0.7,524.0,latest_human_R3_(합의) CORRELATIONS,false,false,false,true,true,true,ok,true,/Users/newhosung/Library/CloudStorage/OneDrive-SharedLibraries-ThePennsylvaniaStateUniversity/AI Adoption Meta Analysis - Documents/Meta/AI Adoption/PDFs/S052.pdf
S052,BI-FC,BI,FC,0.54,524.0,latest_human_R3_(합의) CORRELATIONS,false,false,false,true,true,true,ok,true,/Users/newhosung/Library/CloudStorage/OneDrive-SharedLibraries-ThePennsylvaniaStateUniversity/AI Adoption Meta Analysis - Documents/Meta/AI Adoption/PDFs/S052.pdf
S052,BI-PE,BI,PE,0.8,524.0,latest_human_R3_(합의) CORRELATIONS,false,false,false,true,true,true,ok,true,/Users/newhosung/Library/CloudStorage/OneDrive-SharedLibraries-ThePennsylvaniaStateUniversity/AI Adoption Meta Analysis - Documents/Meta/AI Adoption/PDFs/S052.pdf
S052,BI-SI,BI,SI,0.61,524.0,latest_human_R3_(합의) CORRELATIONS,false,false,false,true,false,true,ok,false,/Users/newhosung/Library/CloudStorage/OneDrive-SharedLibraries-ThePennsylvaniaStateUniversity/AI Adoption Meta Analysis - Documents/Meta/AI Adoption/PDFs/S052.pdf
S052,EE-FC,EE,FC,0.55,524.0,latest_human_R3_(합의) CORRELATIONS,false,false,false,true,false,true,ok,false,/Users/newhosung/Library/CloudStorage/OneDrive-SharedLibraries-ThePennsylvaniaStateUniversity/AI Adoption Meta Analysis - Documents/Meta/AI Adoption/PDFs/S052.pdf
S052,EE-PE,EE,PE,0.79,524.0,latest_human_R3_(합의) CORRELATIONS,false,false,false,true,false,true,ok,false,/Users/newhosung/Library/CloudStorage/OneDrive-SharedLibraries-ThePennsylvaniaStateUniversity/AI Adoption Meta Analysis - Documents/Meta/AI Adoption/PDFs/S052.pdf
S052,EE-SI,EE,SI,0.54,524.0,latest_human_R3_(합의) CORRELATIONS,false,false,false,true,true,true,ok,true,/Users/newhosung/Library/CloudStorage/OneDrive-SharedLibraries-ThePennsylvaniaStateUniversity/AI Adoption Meta Analysis - Documents/Meta/AI Adoption/PDFs/S052.pdf
S052,FC-PE,FC,PE,0.53,524.0,latest_human_R3_(합의) CORRELATIONS,false,false,false,true,true,true,ok,true,/Users/newhosung/Library/CloudStorage/OneDrive-SharedLibraries-ThePennsylvaniaStateUniversity/AI Adoption Meta Analysis - Documents/Meta/AI Adoption/PDFs/S052.pdf
S052,FC-SI,FC,SI,0.41,524.0,latest_human_R3_(합의) CORRELATIONS,false,false,false,true,false,true,ok,false,/Users/newhosung/Library/CloudStorage/OneDrive-SharedLibraries-ThePennsylvaniaStateUniversity/AI Adoption Meta Analysis - Documents/Meta/AI Adoption/PDFs/S052.pdf
S052,PE-SI,PE,SI,0.65,524.0,latest_human_R3_(합의) CORRELATIONS,false,false,false,true,false,true,ok,false,/Users/newhosung/Library/CloudStorage/OneDrive-SharedLibraries-ThePennsylvaniaStateUniversity/AI Adoption Meta Analysis - Documents/Meta/AI Adoption/PDFs/S052.pdf
S146,BI-EE,BI,EE,0.566,346.0,latest_human_R3_(합의) CORRELATIONS,false,false,false,true,true,true,ok,true,/Users/newhosung/Library/CloudStorage/OneDrive-SharedLibraries-ThePennsylvaniaStateUniversity/AI Adoption Meta Analysis - Documents/Meta/AI Adoption/PDFs/S146.pdf
S146,BI-PE,BI,PE,0.459,346.0,latest_human_R3_(합의) CORRELATIONS,false,false,false,true,true,true,ok,true,/Users/newhosung/Library/CloudStorage/OneDrive-SharedLibraries-ThePennsylvaniaStateUniversity/AI Adoption Meta Analysis - Documents/Meta/AI Adoption/PDFs/S146.pdf
S146,BI-SE,BI,SE,0.33,346.0,latest_human_R3_(합의) CORRELATIONS,false,false,false,true,true,true,ok,true,/Users/newhosung/Library/CloudStorage/OneDrive-SharedLibraries-ThePennsylvaniaStateUniversity/AI Adoption Meta Analysis - Documents/Meta/AI Adoption/PDFs/S146.pdf
S146,BI-SI,BI,SI,0.379,346.0,latest_human_R3_(합의) CORRELATIONS,false,false,false,true,true,true,ok,true,/Users/newhosung/Library/CloudStorage/OneDrive-SharedLibraries-ThePennsylvaniaStateUniversity/AI Adoption Meta Analysis - Documents/Meta/AI Adoption/PDFs/S146.pdf
S146,EE-PE,EE,PE,0.587,346.0,latest_human_R3_(합의) CORRELATIONS,false,false,false,true,true,true,ok,true,/Users/newhosung/Library/CloudStorage/OneDrive-SharedLibraries-ThePennsylvaniaStateUniversity/AI Adoption Meta Analysis - Documents/Meta/AI Adoption/PDFs/S146.pdf
S146,EE-SE,EE,SE,0.268,346.0,latest_human_R3_(합의) CORRELATIONS,false,false,false,true,true,true,ok,true,/Users/newhosung/Library/CloudStorage/OneDrive-SharedLibraries-ThePennsylvaniaStateUniversity/AI Adoption Meta Analysis - Documents/Meta/AI Adoption/PDFs/S146.pdf
S146,EE-SI,EE,SI,0.468,346.0,latest_human_R3_(합의) CORRELATIONS,false,false,false,true,true,true,ok,true,/Users/newhosung/Library/CloudStorage/OneDrive-SharedLibraries-ThePennsylvaniaStateUniversity/AI Adoption Meta Analysis - Documents/Meta/AI Adoption/PDFs/S146.pdf
S146,PE-SE,PE,SE,0.529,346.0,latest_human_R3_(합의) CORRELATIONS,false,false,false,true,true,true,ok,true,/Users/newhosung/Library/CloudStorage/OneDrive-SharedLibraries-ThePennsylvaniaStateUniversity/AI Adoption Meta Analysis - Documents/Meta/AI Adoption/PDFs/S146.pdf
S146,PE-SI,PE,SI,0.487,346.0,latest_human_R3_(합의) CORRELATIONS,false,false,false,true,true,true,ok,true,/Users/newhosung/Library/CloudStorage/OneDrive-SharedLibraries-ThePennsylvaniaStateUniversity/AI Adoption Meta Analysis - Documents/Meta/AI Adoption/PDFs/S146.pdf
S146,SE-SI,SE,SI,0.438,346.0,latest_human_R3_(합의) CORRELATIONS,false,false,false,true,true,true,ok,true,/Users/newhosung/Library/CloudStorage/OneDrive-SharedLibraries-ThePennsylvaniaStateUniversity/AI Adoption Meta Analysis - Documents/Meta/AI Adoption/PDFs/S146.pdf
S111,BI-PE,BI,PE,0.7,224.0,latest_human_R3_(합의) CORRELATIONS,false,false,false,true,true,true,ok,true,/Users/newhosung/Library/CloudStorage/OneDrive-SharedLibraries-ThePennsylvaniaStateUniversity/AI Adoption Meta Analysis - Documents/Meta/AI Adoption/PDFs/S111.pdf
S111,BI-SI,BI,SI,0.8,224.0,latest_human_R3_(합의) CORRELATIONS,false,false,false,true,false,true,ok,false,/Users/newhosung/Library/CloudStorage/OneDrive-SharedLibraries-ThePennsylvaniaStateUniversity/AI Adoption Meta Analysis - Documents/Meta/AI Adoption/PDFs/S111.pdf
S111,PE-SI,PE,SI,0.66,224.0,latest_human_R3_(합의) CORRELATIONS,false,false,false,true,true,true,ok,true,/Users/newhosung/Library/CloudStorage/OneDrive-SharedLibraries-ThePennsylvaniaStateUniversity/AI Adoption Meta Analysis - Documents/Meta/AI Adoption/PDFs/S111.pdf
S045,ATT-BI,ATT,BI,0.71,184.0,latest_human_R3_(합의) CORRELATIONS,false,false,false,true,true,true,ok,true,/Users/newhosung/Library/CloudStorage/OneDrive-SharedLibraries-ThePennsylvaniaStateUniversity/AI Adoption Meta Analysis - Documents/Meta/AI Adoption/PDFs/S045.pdf
S045,ATT-EE,ATT,EE,0.56,184.0,latest_human_R3_(합의) CORRELATIONS,false,false,false,true,true,true,ok,true,/Users/newhosung/Library/CloudStorage/OneDrive-SharedLibraries-ThePennsylvaniaStateUniversity/AI Adoption Meta Analysis - Documents/Meta/AI Adoption/PDFs/S045.pdf
S045,ATT-PE,ATT,PE,0.74,184.0,latest_human_R3_(합의) CORRELATIONS,false,false,false,true,true,true,ok,true,/Users/newhosung/Library/CloudStorage/OneDrive-SharedLibraries-ThePennsylvaniaStateUniversity/AI Adoption Meta Analysis - Documents/Meta/AI Adoption/PDFs/S045.pdf
S045,ATT-UB,ATT,UB,0.68,184.0,latest_human_R3_(합의) CORRELATIONS,false,false,false,true,true,true,ok,true,/Users/newhosung/Library/CloudStorage/OneDrive-SharedLibraries-ThePennsylvaniaStateUniversity/AI Adoption Meta Analysis - Documents/Meta/AI Adoption/PDFs/S045.pdf
S045,BI-EE,BI,EE,0.39,184.0,latest_human_R3_(합의) CORRELATIONS,false,false,false,true,true,true,ok,true,/Users/newhosung/Library/CloudStorage/OneDrive-SharedLibraries-ThePennsylvaniaStateUniversity/AI Adoption Meta Analysis - Documents/Meta/AI Adoption/PDFs/S045.pdf
S045,BI-PE,BI,PE,0.74,184.0,latest_human_R3_(합의) CORRELATIONS,false,false,false,true,true,true,ok,true,/Users/newhosung/Library/CloudStorage/OneDrive-SharedLibraries-ThePennsylvaniaStateUniversity/AI Adoption Meta Analysis - Documents/Meta/AI Adoption/PDFs/S045.pdf
S045,BI-UB,BI,UB,0.61,184.0,latest_human_R3_(합의) CORRELATIONS,false,false,false,true,true,true,ok,true,/Users/newhosung/Library/CloudStorage/OneDrive-SharedLibraries-ThePennsylvaniaStateUniversity/AI Adoption Meta Analysis - Documents/Meta/AI Adoption/PDFs/S045.pdf
S045,EE-PE,EE,PE,0.57,184.0,latest_human_R3_(합의) CORRELATIONS,false,false,false,true,true,true,ok,true,/Users/newhosung/Library/CloudStorage/OneDrive-SharedLibraries-ThePennsylvaniaStateUniversity/AI Adoption Meta Analysis - Documents/Meta/AI Adoption/PDFs/S045.pdf
S045,EE-UB,EE,UB,0.38,184.0,latest_human_R3_(합의) CORRELATIONS,false,false,false,true,true,true,ok,true,/Users/newhosung/Library/CloudStorage/OneDrive-SharedLibraries-ThePennsylvaniaStateUniversity/AI Adoption Meta Analysis - Documents/Meta/AI Adoption/PDFs/S045.pdf
S045,PE-UB,PE,UB,0.68,184.0,latest_human_R3_(합의) CORRELATIONS,false,false,false,true,true,true,ok,true,/Users/newhosung/Library/CloudStorage/OneDrive-SharedLibraries-ThePennsylvaniaStateUniversity/AI Adoption Meta Analysis - Documents/Meta/AI Adoption/PDFs/S045.pdf
S212,ATT-BI,ATT,BI,0.52,465.0,latest_human_R3_(합의) CORRELATIONS,false,false,false,true,false,true,ok,false,/Users/newhosung/Library/CloudStorage/OneDrive-SharedLibraries-ThePennsylvaniaStateUniversity/AI Adoption Meta Analysis - Documents/Meta/AI Adoption/PDFs/S212.pdf
S212,ATT-EE,ATT,EE,0.57,465.0,latest_human_R3_(합의) CORRELATIONS,false,false,false,true,true,true,ok,true,/Users/newhosung/Library/CloudStorage/OneDrive-SharedLibraries-ThePennsylvaniaStateUniversity/AI Adoption Meta Analysis - Documents/Meta/AI Adoption/PDFs/S212.pdf
S212,ATT-PE,ATT,PE,0.19,465.0,latest_human_R3_(합의) CORRELATIONS,false,false,false,true,false,true,ok,false,/Users/newhosung/Library/CloudStorage/OneDrive-SharedLibraries-ThePennsylvaniaStateUniversity/AI Adoption Meta Analysis - Documents/Meta/AI Adoption/PDFs/S212.pdf
S212,BI-PE,BI,PE,0.25,465.0,latest_human_R3_(합의) CORRELATIONS,false,false,false,true,false,true,ok,false,/Users/newhosung/Library/CloudStorage/OneDrive-SharedLibraries-ThePennsylvaniaStateUniversity/AI Adoption Meta Analysis - Documents/Meta/AI Adoption/PDFs/S212.pdf
S212,EE-PE,EE,PE,0.17,465.0,latest_human_R3_(합의) CORRELATIONS,false,false,false,true,false,true,ok,false,/Users/newhosung/Library/CloudStorage/OneDrive-SharedLibraries-ThePennsylvaniaStateUniversity/AI Adoption Meta Analysis - Documents/Meta/AI Adoption/PDFs/S212.pdf
S186,BI-EE,BI,EE,0.32,657.0,latest_human_R3_(합의) CORRELATIONS,false,false,false,true,false,true,ok,false,/Users/newhosung/Library/CloudStorage/OneDrive-SharedLibraries-ThePennsylvaniaStateUniversity/AI Adoption Meta Analysis - Documents/Meta/AI Adoption/PDFs/S186.pdf
S186,BI-FC,BI,FC,0.56,657.0,latest_human_R3_(합의) CORRELATIONS,false,false,false,true,true,true,ok,true,/Users/newhosung/Library/CloudStorage/OneDrive-SharedLibraries-ThePennsylvaniaStateUniversity/AI Adoption Meta Analysis - Documents/Meta/AI Adoption/PDFs/S186.pdf
S186,BI-PE,BI,PE,0.59,657.0,latest_human_R3_(합의) CORRELATIONS,false,false,false,true,true,true,ok,true,/Users/newhosung/Library/CloudStorage/OneDrive-SharedLibraries-ThePennsylvaniaStateUniversity/AI Adoption Meta Analysis - Documents/Meta/AI Adoption/PDFs/S186.pdf
S186,BI-UB,BI,UB,0.23,657.0,latest_human_R3_(합의) CORRELATIONS,false,false,false,true,false,true,ok,false,/Users/newhosung/Library/CloudStorage/OneDrive-SharedLibraries-ThePennsylvaniaStateUniversity/AI Adoption Meta Analysis - Documents/Meta/AI Adoption/PDFs/S186.pdf
S186,EE-FC,EE,FC,0.5,657.0,latest_human_R3_(합의) CORRELATIONS,false,false,false,true,true,true,ok,true,/Users/newhosung/Library/CloudStorage/OneDrive-SharedLibraries-ThePennsylvaniaStateUniversity/AI Adoption Meta Analysis - Documents/Meta/AI Adoption/PDFs/S186.pdf
S186,EE-PE,EE,PE,0.38,657.0,latest_human_R3_(합의) CORRELATIONS,false,false,false,true,true,true,ok,true,/Users/newhosung/Library/CloudStorage/OneDrive-SharedLibraries-ThePennsylvaniaStateUniversity/AI Adoption Meta Analysis - Documents/Meta/AI Adoption/PDFs/S186.pdf
S186,EE-UB,EE,UB,0.16,657.0,latest_human_R3_(합의) CORRELATIONS,false,false,false,true,true,true,ok,true,/Users/newhosung/Library/CloudStorage/OneDrive-SharedLibraries-ThePennsylvaniaStateUniversity/AI Adoption Meta Analysis - Documents/Meta/AI Adoption/PDFs/S186.pdf
S186,FC-PE,FC,PE,0.62,657.0,latest_human_R3_(합의) CORRELATIONS,false,false,false,true,true,true,ok,true,/Users/newhosung/Library/CloudStorage/OneDrive-SharedLibraries-ThePennsylvaniaStateUniversity/AI Adoption Meta Analysis - Documents/Meta/AI Adoption/PDFs/S186.pdf
S186,FC-UB,FC,UB,0.12,657.0,latest_human_R3_(합의) CORRELATIONS,false,false,false,true,true,true,ok,true,/Users/newhosung/Library/CloudStorage/OneDrive-SharedLibraries-ThePennsylvaniaStateUniversity/AI Adoption Meta Analysis - Documents/Meta/AI Adoption/PDFs/S186.pdf
S186,PE-UB,PE,UB,0.16,657.0,latest_human_R3_(합의) CORRELATIONS,false,false,false,true,true,true,ok,true,/Users/newhosung/Library/CloudStorage/OneDrive-SharedLibraries-ThePennsylvaniaStateUniversity/AI Adoption Meta Analysis - Documents/Meta/AI Adoption/PDFs/S186.pdf
S163,ATT-BI,ATT,BI,0.87,300.0,latest_human_R3_(합의) CORRELATIONS,false,false,false,true,true,true,ok,true,/Users/newhosung/Library/CloudStorage/OneDrive-SharedLibraries-ThePennsylvaniaStateUniversity/AI Adoption Meta Analysis - Documents/Meta/AI Adoption/PDFs/S163.pdf
S163,ATT-SI,ATT,SI,0.87,300.0,latest_human_R3_(합의) CORRELATIONS,false,false,false,true,true,true,ok,true,/Users/newhosung/Library/CloudStorage/OneDrive-SharedLibraries-ThePennsylvaniaStateUniversity/AI Adoption Meta Analysis - Documents/Meta/AI Adoption/PDFs/S163.pdf
S163,ATT-TRU,ATT,TRU,0.89,300.0,latest_human_R3_(합의) CORRELATIONS,false,false,false,true,true,true,ok,true,/Users/newhosung/Library/CloudStorage/OneDrive-SharedLibraries-ThePennsylvaniaStateUniversity/AI Adoption Meta Analysis - Documents/Meta/AI Adoption/PDFs/S163.pdf
S163,ATT-UB,ATT,UB,0.82,300.0,latest_human_R3_(합의) CORRELATIONS,false,false,false,true,true,true,ok,true,/Users/newhosung/Library/CloudStorage/OneDrive-SharedLibraries-ThePennsylvaniaStateUniversity/AI Adoption Meta Analysis - Documents/Meta/AI Adoption/PDFs/S163.pdf
S163,BI-PE,BI,PE,0.69,300.0,latest_human_R3_(합의) CORRELATIONS,false,false,false,true,true,true,ok,true,/Users/newhosung/Library/CloudStorage/OneDrive-SharedLibraries-ThePennsylvaniaStateUniversity/AI Adoption Meta Analysis - Documents/Meta/AI Adoption/PDFs/S163.pdf
S163,BI-SI,BI,SI,0.76,300.0,latest_human_R3_(합의) CORRELATIONS,false,false,false,true,true,true,ok,true,/Users/newhosung/Library/CloudStorage/OneDrive-SharedLibraries-ThePennsylvaniaStateUniversity/AI Adoption Meta Analysis - Documents/Meta/AI Adoption/PDFs/S163.pdf
S163,BI-TRU,BI,TRU,0.75,300.0,latest_human_R3_(합의) CORRELATIONS,false,false,false,true,true,true,ok,true,/Users/newhosung/Library/CloudStorage/OneDrive-SharedLibraries-ThePennsylvaniaStateUniversity/AI Adoption Meta Analysis - Documents/Meta/AI Adoption/PDFs/S163.pdf
S163,PE-SI,PE,SI,0.75,300.0,latest_human_R3_(합의) CORRELATIONS,false,false,false,true,true,true,ok,true,/Users/newhosung/Library/CloudStorage/OneDrive-SharedLibraries-ThePennsylvaniaStateUniversity/AI Adoption Meta Analysis - Documents/Meta/AI Adoption/PDFs/S163.pdf
S163,PE-TRU,PE,TRU,0.77,300.0,latest_human_R3_(합의) CORRELATIONS,false,false,false,true,true,true,ok,true,/Users/newhosung/Library/CloudStorage/OneDrive-SharedLibraries-ThePennsylvaniaStateUniversity/AI Adoption Meta Analysis - Documents/Meta/AI Adoption/PDFs/S163.pdf
S163,SI-TRU,SI,TRU,0.78,300.0,latest_human_R3_(합의) CORRELATIONS,false,false,false,true,true,true,ok,true,/Users/newhosung/Library/CloudStorage/OneDrive-SharedLibraries-ThePennsylvaniaStateUniversity/AI Adoption Meta Analysis - Documents/Meta/AI Adoption/PDFs/S163.pdf
S007,ATT-BI,ATT,BI,0.776,363.0,latest_human_R3_(합의) CORRELATIONS,false,false,false,true,true,true,ok,true,/Users/newhosung/Library/CloudStorage/OneDrive-SharedLibraries-ThePennsylvaniaStateUniversity/AI Adoption Meta Analysis - Documents/Meta/AI Adoption/PDFs/S007.pdf
S007,ATT-FC,ATT,FC,0.664,363.0,latest_human_R3_(합의) CORRELATIONS,false,false,false,true,true,true,ok,true,/Users/newhosung/Library/CloudStorage/OneDrive-SharedLibraries-ThePennsylvaniaStateUniversity/AI Adoption Meta Analysis - Documents/Meta/AI Adoption/PDFs/S007.pdf
S007,ATT-PE,ATT,PE,0.664,363.0,latest_human_R3_(합의) CORRELATIONS,false,false,false,true,true,true,ok,true,/Users/newhosung/Library/CloudStorage/OneDrive-SharedLibraries-ThePennsylvaniaStateUniversity/AI Adoption Meta Analysis - Documents/Meta/AI Adoption/PDFs/S007.pdf
S007,ATT-SE,ATT,SE,0.513,363.0,latest_human_R3_(합의) CORRELATIONS,false,false,false,true,true,true,ok,true,/Users/newhosung/Library/CloudStorage/OneDrive-SharedLibraries-ThePennsylvaniaStateUniversity/AI Adoption Meta Analysis - Documents/Meta/AI Adoption/PDFs/S007.pdf
S007,BI-FC,BI,FC,0.586,363.0,latest_human_R3_(합의) CORRELATIONS,false,false,false,true,true,true,ok,true,/Users/newhosung/Library/CloudStorage/OneDrive-SharedLibraries-ThePennsylvaniaStateUniversity/AI Adoption Meta Analysis - Documents/Meta/AI Adoption/PDFs/S007.pdf
S007,BI-PE,BI,PE,0.742,363.0,latest_human_R3_(합의) CORRELATIONS,false,false,false,true,true,true,ok,true,/Users/newhosung/Library/CloudStorage/OneDrive-SharedLibraries-ThePennsylvaniaStateUniversity/AI Adoption Meta Analysis - Documents/Meta/AI Adoption/PDFs/S007.pdf
S007,BI-SE,BI,SE,0.463,363.0,latest_human_R3_(합의) CORRELATIONS,false,false,false,true,true,true,ok,true,/Users/newhosung/Library/CloudStorage/OneDrive-SharedLibraries-ThePennsylvaniaStateUniversity/AI Adoption Meta Analysis - Documents/Meta/AI Adoption/PDFs/S007.pdf
S007,FC-PE,FC,PE,0.681,363.0,latest_human_R3_(합의) CORRELATIONS,false,false,false,true,true,true,ok,true,/Users/newhosung/Library/CloudStorage/OneDrive-SharedLibraries-ThePennsylvaniaStateUniversity/AI Adoption Meta Analysis - Documents/Meta/AI Adoption/PDFs/S007.pdf
S007,FC-SE,FC,SE,0.499,363.0,latest_human_R3_(합의) CORRELATIONS,false,false,false,true,true,true,ok,true,/Users/newhosung/Library/CloudStorage/OneDrive-SharedLibraries-ThePennsylvaniaStateUniversity/AI Adoption Meta Analysis - Documents/Meta/AI Adoption/PDFs/S007.pdf
S007,PE-SE,PE,SE,0.51,363.0,latest_human_R3_(합의) CORRELATIONS,false,false,false,true,true,true,ok,true,/Users/newhosung/Library/CloudStorage/OneDrive-SharedLibraries-ThePennsylvaniaStateUniversity/AI Adoption Meta Analysis - Documents/Meta/AI Adoption/PDFs/S007.pdf
S017,BI-EE,BI,EE,0.583,249.0,latest_human_R3_(합의) CORRELATIONS,false,false,false,true,true,true,ok,true,/Users/newhosung/Library/CloudStorage/OneDrive-SharedLibraries-ThePennsylvaniaStateUniversity/AI Adoption Meta Analysis - Documents/Meta/AI Adoption/PDFs/S017.pdf
S017,BI-PE,BI,PE,0.832,249.0,latest_human_R3_(합의) CORRELATIONS,false,false,false,true,true,true,ok,true,/Users/newhosung/Library/CloudStorage/OneDrive-SharedLibraries-ThePennsylvaniaStateUniversity/AI Adoption Meta Analysis - Documents/Meta/AI Adoption/PDFs/S017.pdf
S017,BI-UB,BI,UB,0.793,249.0,latest_human_R3_(합의) CORRELATIONS,false,false,false,true,true,true,ok,true,/Users/newhosung/Library/CloudStorage/OneDrive-SharedLibraries-ThePennsylvaniaStateUniversity/AI Adoption Meta Analysis - Documents/Meta/AI Adoption/PDFs/S017.pdf
S017,EE-PE,EE,PE,0.536,249.0,latest_human_R3_(합의) CORRELATIONS,false,false,false,true,true,true,ok,true,/Users/newhosung/Library/CloudStorage/OneDrive-SharedLibraries-ThePennsylvaniaStateUniversity/AI Adoption Meta Analysis - Documents/Meta/AI Adoption/PDFs/S017.pdf
S017,EE-UB,EE,UB,0.507,249.0,latest_human_R3_(합의) CORRELATIONS,false,false,false,true,true,true,ok,true,/Users/newhosung/Library/CloudStorage/OneDrive-SharedLibraries-ThePennsylvaniaStateUniversity/AI Adoption Meta Analysis - Documents/Meta/AI Adoption/PDFs/S017.pdf
S017,PE-UB,PE,UB,0.633,249.0,latest_human_R3_(합의) CORRELATIONS,false,false,false,true,true,true,ok,true,/Users/newhosung/Library/CloudStorage/OneDrive-SharedLibraries-ThePennsylvaniaStateUniversity/AI Adoption Meta Analysis - Documents/Meta/AI Adoption/PDFs/S017.pdf
S142,ANX-ATT,ANX,ATT,0.683,368.0,latest_human_R3_(합의) CORRELATIONS,false,false,false,true,true,true,ok,true,/Users/newhosung/Library/CloudStorage/OneDrive-SharedLibraries-ThePennsylvaniaStateUniversity/AI Adoption Meta Analysis - Documents/Meta/AI Adoption/PDFs/S142.pdf
S142,ANX-FC,ANX,FC,0.621,368.0,latest_human_R3_(합의) CORRELATIONS,false,false,false,true,true,true,ok,true,/Users/newhosung/Library/CloudStorage/OneDrive-SharedLibraries-ThePennsylvaniaStateUniversity/AI Adoption Meta Analysis - Documents/Meta/AI Adoption/PDFs/S142.pdf
S142,ANX-UB,ANX,UB,0.575,368.0,latest_human_R3_(합의) CORRELATIONS,false,false,false,true,true,true,ok,true,/Users/newhosung/Library/CloudStorage/OneDrive-SharedLibraries-ThePennsylvaniaStateUniversity/AI Adoption Meta Analysis - Documents/Meta/AI Adoption/PDFs/S142.pdf
S142,ATT-FC,ATT,FC,0.622,368.0,latest_human_R3_(합의) CORRELATIONS,false,false,false,true,true,true,ok,true,/Users/newhosung/Library/CloudStorage/OneDrive-SharedLibraries-ThePennsylvaniaStateUniversity/AI Adoption Meta Analysis - Documents/Meta/AI Adoption/PDFs/S142.pdf
S142,ATT-UB,ATT,UB,0.667,368.0,latest_human_R3_(합의) CORRELATIONS,false,false,false,true,true,true,ok,true,/Users/newhosung/Library/CloudStorage/OneDrive-SharedLibraries-ThePennsylvaniaStateUniversity/AI Adoption Meta Analysis - Documents/Meta/AI Adoption/PDFs/S142.pdf
S142,FC-UB,FC,UB,0.649,368.0,latest_human_R3_(합의) CORRELATIONS,false,false,false,true,true,true,ok,true,/Users/newhosung/Library/CloudStorage/OneDrive-SharedLibraries-ThePennsylvaniaStateUniversity/AI Adoption Meta Analysis - Documents/Meta/AI Adoption/PDFs/S142.pdf
S012,BI-EE,BI,EE,0.602,1190.0,latest_human_R3_(합의) CORRELATIONS,true,false,false,true,true,true,ok,true,/Users/newhosung/Library/CloudStorage/OneDrive-SharedLibraries-ThePennsylvaniaStateUniversity/AI Adoption Meta Analysis - Documents/Meta/AI Adoption/PDFs/S012.pdf
S012,BI-FC,BI,FC,0.586,1190.0,latest_human_R3_(합의) CORRELATIONS,false,false,false,true,true,true,ok,true,/Users/newhosung/Library/CloudStorage/OneDrive-SharedLibraries-ThePennsylvaniaStateUniversity/AI Adoption Meta Analysis - Documents/Meta/AI Adoption/PDFs/S012.pdf
S012,BI-PE,BI,PE,0.619,1190.0,latest_human_R3_(합의) CORRELATIONS,false,false,false,true,true,true,ok,true,/Users/newhosung/Library/CloudStorage/OneDrive-SharedLibraries-ThePennsylvaniaStateUniversity/AI Adoption Meta Analysis - Documents/Meta/AI Adoption/PDFs/S012.pdf
S012,BI-SI,BI,SI,0.241,1190.0,latest_human_R3_(합의) CORRELATIONS,false,false,false,true,true,true,ok,true,/Users/newhosung/Library/CloudStorage/OneDrive-SharedLibraries-ThePennsylvaniaStateUniversity/AI Adoption Meta Analysis - Documents/Meta/AI Adoption/PDFs/S012.pdf
S012,EE-FC,EE,FC,0.624,1190.0,latest_human_R3_(합의) CORRELATIONS,false,false,false,true,true,true,ok,true,/Users/newhosung/Library/CloudStorage/OneDrive-SharedLibraries-ThePennsylvaniaStateUniversity/AI Adoption Meta Analysis - Documents/Meta/AI Adoption/PDFs/S012.pdf
S012,EE-PE,EE,PE,0.62,1190.0,latest_human_R3_(합의) CORRELATIONS,false,false,false,true,true,true,ok,true,/Users/newhosung/Library/CloudStorage/OneDrive-SharedLibraries-ThePennsylvaniaStateUniversity/AI Adoption Meta Analysis - Documents/Meta/AI Adoption/PDFs/S012.pdf
S012,EE-SI,EE,SI,0.112,1190.0,latest_human_R3_(합의) CORRELATIONS,false,false,false,true,true,true,ok,true,/Users/newhosung/Library/CloudStorage/OneDrive-SharedLibraries-ThePennsylvaniaStateUniversity/AI Adoption Meta Analysis - Documents/Meta/AI Adoption/PDFs/S012.pdf
S012,FC-PE,FC,PE,0.549,1190.0,latest_human_R3_(합의) CORRELATIONS,false,false,false,true,true,true,ok,true,/Users/newhosung/Library/CloudStorage/OneDrive-SharedLibraries-ThePennsylvaniaStateUniversity/AI Adoption Meta Analysis - Documents/Meta/AI Adoption/PDFs/S012.pdf
S012,FC-SI,FC,SI,0.134,1190.0,latest_human_R3_(합의) CORRELATIONS,false,false,false,true,true,true,ok,true,/Users/newhosung/Library/CloudStorage/OneDrive-SharedLibraries-ThePennsylvaniaStateUniversity/AI Adoption Meta Analysis - Documents/Meta/AI Adoption/PDFs/S012.pdf
S012,PE-SI,PE,SI,0.147,1190.0,latest_human_R3_(합의) CORRELATIONS,false,false,false,true,true,true,ok,true,/Users/newhosung/Library/CloudStorage/OneDrive-SharedLibraries-ThePennsylvaniaStateUniversity/AI Adoption Meta Analysis - Documents/Meta/AI Adoption/PDFs/S012.pdf
S184,BI-FC,BI,FC,0.48,907.0,latest_human_R3_(합의) CORRELATIONS,false,false,false,true,true,true,ok,true,/Users/newhosung/Library/CloudStorage/OneDrive-SharedLibraries-ThePennsylvaniaStateUniversity/AI Adoption Meta Analysis - Documents/Meta/AI Adoption/PDFs/S184.pdf
S184,BI-SE,BI,SE,0.37,907.0,latest_human_R3_(합의) CORRELATIONS,false,false,false,true,true,true,ok,true,/Users/newhosung/Library/CloudStorage/OneDrive-SharedLibraries-ThePennsylvaniaStateUniversity/AI Adoption Meta Analysis - Documents/Meta/AI Adoption/PDFs/S184.pdf
S184,BI-SI,BI,SI,0.58,907.0,latest_human_R3_(합의) CORRELATIONS,false,false,false,true,true,true,ok,true,/Users/newhosung/Library/CloudStorage/OneDrive-SharedLibraries-ThePennsylvaniaStateUniversity/AI Adoption Meta Analysis - Documents/Meta/AI Adoption/PDFs/S184.pdf
S184,BI-UB,BI,UB,0.36,907.0,latest_human_R3_(합의) CORRELATIONS,false,false,false,true,true,true,ok,true,/Users/newhosung/Library/CloudStorage/OneDrive-SharedLibraries-ThePennsylvaniaStateUniversity/AI Adoption Meta Analysis - Documents/Meta/AI Adoption/PDFs/S184.pdf
S184,FC-SE,FC,SE,0.49,907.0,latest_human_R3_(합의) CORRELATIONS,false,false,false,true,true,true,ok,true,/Users/newhosung/Library/CloudStorage/OneDrive-SharedLibraries-ThePennsylvaniaStateUniversity/AI Adoption Meta Analysis - Documents/Meta/AI Adoption/PDFs/S184.pdf
S184,FC-SI,FC,SI,0.56,907.0,latest_human_R3_(합의) CORRELATIONS,false,false,false,true,true,true,ok,true,/Users/newhosung/Library/CloudStorage/OneDrive-SharedLibraries-ThePennsylvaniaStateUniversity/AI Adoption Meta Analysis - Documents/Meta/AI Adoption/PDFs/S184.pdf
S184,FC-UB,FC,UB,0.33,907.0,latest_human_R3_(합의) CORRELATIONS,false,false,false,true,true,true,ok,true,/Users/newhosung/Library/CloudStorage/OneDrive-SharedLibraries-ThePennsylvaniaStateUniversity/AI Adoption Meta Analysis - Documents/Meta/AI Adoption/PDFs/S184.pdf
S184,SE-SI,SE,SI,0.47,907.0,latest_human_R3_(합의) CORRELATIONS,false,false,false,true,true,true,ok,true,/Users/newhosung/Library/CloudStorage/OneDrive-SharedLibraries-ThePennsylvaniaStateUniversity/AI Adoption Meta Analysis - Documents/Meta/AI Adoption/PDFs/S184.pdf
S184,SE-UB,SE,UB,0.23,907.0,latest_human_R3_(합의) CORRELATIONS,false,false,false,true,true,true,ok,true,/Users/newhosung/Library/CloudStorage/OneDrive-SharedLibraries-ThePennsylvaniaStateUniversity/AI Adoption Meta Analysis - Documents/Meta/AI Adoption/PDFs/S184.pdf
S184,SI-UB,SI,UB,0.28,907.0,latest_human_R3_(합의) CORRELATIONS,false,false,false,true,true,true,ok,true,/Users/newhosung/Library/CloudStorage/OneDrive-SharedLibraries-ThePennsylvaniaStateUniversity/AI Adoption Meta Analysis - Documents/Meta/AI Adoption/PDFs/S184.pdf
S214,ATT-BI,ATT,BI,0.444,1117.0,latest_human_R3_(합의) CORRELATIONS,false,false,false,true,true,true,ok,true,/Users/newhosung/Library/CloudStorage/OneDrive-SharedLibraries-ThePennsylvaniaStateUniversity/AI Adoption Meta Analysis - Documents/Meta/AI Adoption/PDFs/S214.pdf
S214,ATT-EE,ATT,EE,0.484,1117.0,latest_human_R3_(합의) CORRELATIONS,false,false,false,true,true,true,ok,true,/Users/newhosung/Library/CloudStorage/OneDrive-SharedLibraries-ThePennsylvaniaStateUniversity/AI Adoption Meta Analysis - Documents/Meta/AI Adoption/PDFs/S214.pdf
S214,ATT-FC,ATT,FC,0.406,1117.0,latest_human_R3_(합의) CORRELATIONS,false,false,false,true,true,true,ok,true,/Users/newhosung/Library/CloudStorage/OneDrive-SharedLibraries-ThePennsylvaniaStateUniversity/AI Adoption Meta Analysis - Documents/Meta/AI Adoption/PDFs/S214.pdf
S214,ATT-PE,ATT,PE,0.446,1117.0,latest_human_R3_(합의) CORRELATIONS,false,false,false,true,true,true,ok,true,/Users/newhosung/Library/CloudStorage/OneDrive-SharedLibraries-ThePennsylvaniaStateUniversity/AI Adoption Meta Analysis - Documents/Meta/AI Adoption/PDFs/S214.pdf
S214,ATT-SI,ATT,SI,0.371,1117.0,latest_human_R3_(합의) CORRELATIONS,false,false,false,true,true,true,ok,true,/Users/newhosung/Library/CloudStorage/OneDrive-SharedLibraries-ThePennsylvaniaStateUniversity/AI Adoption Meta Analysis - Documents/Meta/AI Adoption/PDFs/S214.pdf
S214,ATT-UB,ATT,UB,0.367,1117.0,latest_human_R3_(합의) CORRELATIONS,false,false,false,true,true,true,ok,true,/Users/newhosung/Library/CloudStorage/OneDrive-SharedLibraries-ThePennsylvaniaStateUniversity/AI Adoption Meta Analysis - Documents/Meta/AI Adoption/PDFs/S214.pdf
S214,BI-EE,BI,EE,0.484,1117.0,latest_human_R3_(합의) CORRELATIONS,false,false,false,true,true,true,ok,true,/Users/newhosung/Library/CloudStorage/OneDrive-SharedLibraries-ThePennsylvaniaStateUniversity/AI Adoption Meta Analysis - Documents/Meta/AI Adoption/PDFs/S214.pdf
S214,BI-FC,BI,FC,0.536,1117.0,latest_human_R3_(합의) CORRELATIONS,false,false,false,true,true,true,ok,true,/Users/newhosung/Library/CloudStorage/OneDrive-SharedLibraries-ThePennsylvaniaStateUniversity/AI Adoption Meta Analysis - Documents/Meta/AI Adoption/PDFs/S214.pdf
S214,BI-PE,BI,PE,0.486,1117.0,latest_human_R3_(합의) CORRELATIONS,false,false,false,true,true,true,ok,true,/Users/newhosung/Library/CloudStorage/OneDrive-SharedLibraries-ThePennsylvaniaStateUniversity/AI Adoption Meta Analysis - Documents/Meta/AI Adoption/PDFs/S214.pdf
S214,BI-SI,BI,SI,0.398,1117.0,latest_human_R3_(합의) CORRELATIONS,false,false,false,true,true,true,ok,true,/Users/newhosung/Library/CloudStorage/OneDrive-SharedLibraries-ThePennsylvaniaStateUniversity/AI Adoption Meta Analysis - Documents/Meta/AI Adoption/PDFs/S214.pdf
S214,BI-UB,BI,UB,0.557,1117.0,latest_human_R3_(합의) CORRELATIONS,false,false,false,true,true,true,ok,true,/Users/newhosung/Library/CloudStorage/OneDrive-SharedLibraries-ThePennsylvaniaStateUniversity/AI Adoption Meta Analysis - Documents/Meta/AI Adoption/PDFs/S214.pdf
S214,EE-FC,EE,FC,0.629,1117.0,latest_human_R3_(합의) CORRELATIONS,false,false,false,true,true,true,ok,true,/Users/newhosung/Library/CloudStorage/OneDrive-SharedLibraries-ThePennsylvaniaStateUniversity/AI Adoption Meta Analysis - Documents/Meta/AI Adoption/PDFs/S214.pdf
S214,EE-PE,EE,PE,0.561,1117.0,latest_human_R3_(합의) CORRELATIONS,false,false,false,true,true,true,ok,true,/Users/newhosung/Library/CloudStorage/OneDrive-SharedLibraries-ThePennsylvaniaStateUniversity/AI Adoption Meta Analysis - Documents/Meta/AI Adoption/PDFs/S214.pdf
S214,EE-SI,EE,SI,0.479,1117.0,latest_human_R3_(합의) CORRELATIONS,false,false,false,true,true,true,ok,true,/Users/newhosung/Library/CloudStorage/OneDrive-SharedLibraries-ThePennsylvaniaStateUniversity/AI Adoption Meta Analysis - Documents/Meta/AI Adoption/PDFs/S214.pdf
S214,EE-UB,EE,UB,0.475,1117.0,latest_human_R3_(합의) CORRELATIONS,false,false,false,true,true,true,ok,true,/Users/newhosung/Library/CloudStorage/OneDrive-SharedLibraries-ThePennsylvaniaStateUniversity/AI Adoption Meta Analysis - Documents/Meta/AI Adoption/PDFs/S214.pdf
S214,FC-PE,FC,PE,0.437,1117.0,latest_human_R3_(합의) CORRELATIONS,false,false,false,true,true,true,ok,true,/Users/newhosung/Library/CloudStorage/OneDrive-SharedLibraries-ThePennsylvaniaStateUniversity/AI Adoption Meta Analysis - Documents/Meta/AI Adoption/PDFs/S214.pdf
S214,FC-SI,FC,SI,0.388,1117.0,latest_human_R3_(합의) CORRELATIONS,false,false,false,true,true,true,ok,true,/Users/newhosung/Library/CloudStorage/OneDrive-SharedLibraries-ThePennsylvaniaStateUniversity/AI Adoption Meta Analysis - Documents/Meta/AI Adoption/PDFs/S214.pdf
S214,FC-UB,FC,UB,0.561,1117.0,latest_human_R3_(합의) CORRELATIONS,false,false,false,true,true,true,ok,true,/Users/newhosung/Library/CloudStorage/OneDrive-SharedLibraries-ThePennsylvaniaStateUniversity/AI Adoption Meta Analysis - Documents/Meta/AI Adoption/PDFs/S214.pdf
S214,PE-SI,PE,SI,0.561,1117.0,latest_human_R3_(합의) CORRELATIONS,false,false,false,true,true,true,ok,true,/Users/newhosung/Library/CloudStorage/OneDrive-SharedLibraries-ThePennsylvaniaStateUniversity/AI Adoption Meta Analysis - Documents/Meta/AI Adoption/PDFs/S214.pdf
S214,PE-UB,PE,UB,0.359,1117.0,latest_human_R3_(합의) CORRELATIONS,false,false,false,true,true,true,ok,true,/Users/newhosung/Library/CloudStorage/OneDrive-SharedLibraries-ThePennsylvaniaStateUniversity/AI Adoption Meta Analysis - Documents/Meta/AI Adoption/PDFs/S214.pdf
S214,SI-UB,SI,UB,0.337,1117.0,latest_human_R3_(합의) CORRELATIONS,false,false,false,true,true,true,ok,true,/Users/newhosung/Library/CloudStorage/OneDrive-SharedLibraries-ThePennsylvaniaStateUniversity/AI Adoption Meta Analysis - Documents/Meta/AI Adoption/PDFs/S214.pdf
S013,BI-EE,BI,EE,0.503,460.0,latest_human_R3_(합의) CORRELATIONS,false,false,false,true,true,true,ok,true,/Users/newhosung/Library/CloudStorage/OneDrive-SharedLibraries-ThePennsylvaniaStateUniversity/AI Adoption Meta Analysis - Documents/Meta/AI Adoption/PDFs/S013.pdf
S013,BI-FC,BI,FC,0.484,460.0,latest_human_R3_(합의) CORRELATIONS,false,false,false,true,true,true,ok,true,/Users/newhosung/Library/CloudStorage/OneDrive-SharedLibraries-ThePennsylvaniaStateUniversity/AI Adoption Meta Analysis - Documents/Meta/AI Adoption/PDFs/S013.pdf
S013,BI-PE,BI,PE,0.671,460.0,latest_human_R3_(합의) CORRELATIONS,false,false,false,true,true,true,ok,true,/Users/newhosung/Library/CloudStorage/OneDrive-SharedLibraries-ThePennsylvaniaStateUniversity/AI Adoption Meta Analysis - Documents/Meta/AI Adoption/PDFs/S013.pdf
S013,BI-SE,BI,SE,0.516,460.0,latest_human_R3_(합의) CORRELATIONS,false,false,false,true,true,true,ok,true,/Users/newhosung/Library/CloudStorage/OneDrive-SharedLibraries-ThePennsylvaniaStateUniversity/AI Adoption Meta Analysis - Documents/Meta/AI Adoption/PDFs/S013.pdf
S013,BI-SI,BI,SI,0.566,460.0,latest_human_R3_(합의) CORRELATIONS,false,false,false,true,true,true,ok,true,/Users/newhosung/Library/CloudStorage/OneDrive-SharedLibraries-ThePennsylvaniaStateUniversity/AI Adoption Meta Analysis - Documents/Meta/AI Adoption/PDFs/S013.pdf
S013,EE-FC,EE,FC,0.479,460.0,latest_human_R3_(합의) CORRELATIONS,false,false,false,true,true,true,ok,true,/Users/newhosung/Library/CloudStorage/OneDrive-SharedLibraries-ThePennsylvaniaStateUniversity/AI Adoption Meta Analysis - Documents/Meta/AI Adoption/PDFs/S013.pdf
S013,EE-PE,EE,PE,0.575,460.0,latest_human_R3_(합의) CORRELATIONS,false,false,false,true,true,true,ok,true,/Users/newhosung/Library/CloudStorage/OneDrive-SharedLibraries-ThePennsylvaniaStateUniversity/AI Adoption Meta Analysis - Documents/Meta/AI Adoption/PDFs/S013.pdf
S013,EE-SE,EE,SE,0.535,460.0,latest_human_R3_(합의) CORRELATIONS,false,false,false,true,true,true,ok,true,/Users/newhosung/Library/CloudStorage/OneDrive-SharedLibraries-ThePennsylvaniaStateUniversity/AI Adoption Meta Analysis - Documents/Meta/AI Adoption/PDFs/S013.pdf
S013,EE-SI,EE,SI,0.392,460.0,latest_human_R3_(합의) CORRELATIONS,false,false,false,true,true,true,ok,true,/Users/newhosung/Library/CloudStorage/OneDrive-SharedLibraries-ThePennsylvaniaStateUniversity/AI Adoption Meta Analysis - Documents/Meta/AI Adoption/PDFs/S013.pdf
S013,FC-PE,FC,PE,0.485,460.0,latest_human_R3_(합의) CORRELATIONS,false,false,false,true,true,true,ok,true,/Users/newhosung/Library/CloudStorage/OneDrive-SharedLibraries-ThePennsylvaniaStateUniversity/AI Adoption Meta Analysis - Documents/Meta/AI Adoption/PDFs/S013.pdf
S013,FC-SE,FC,SE,0.686,460.0,latest_human_R3_(합의) CORRELATIONS,false,false,false,true,true,true,ok,true,/Users/newhosung/Library/CloudStorage/OneDrive-SharedLibraries-ThePennsylvaniaStateUniversity/AI Adoption Meta Analysis - Documents/Meta/AI Adoption/PDFs/S013.pdf
S013,FC-SI,FC,SI,0.42,460.0,latest_human_R3_(합의) CORRELATIONS,false,false,false,true,true,true,ok,true,/Users/newhosung/Library/CloudStorage/OneDrive-SharedLibraries-ThePennsylvaniaStateUniversity/AI Adoption Meta Analysis - Documents/Meta/AI Adoption/PDFs/S013.pdf
S013,PE-SE,PE,SE,0.572,460.0,latest_human_R3_(합의) CORRELATIONS,false,false,false,true,true,true,ok,true,/Users/newhosung/Library/CloudStorage/OneDrive-SharedLibraries-ThePennsylvaniaStateUniversity/AI Adoption Meta Analysis - Documents/Meta/AI Adoption/PDFs/S013.pdf
S013,PE-SI,PE,SI,0.529,460.0,latest_human_R3_(합의) CORRELATIONS,false,false,false,true,true,true,ok,true,/Users/newhosung/Library/CloudStorage/OneDrive-SharedLibraries-ThePennsylvaniaStateUniversity/AI Adoption Meta Analysis - Documents/Meta/AI Adoption/PDFs/S013.pdf
S013,SE-SI,SE,SI,0.469,460.0,latest_human_R3_(합의) CORRELATIONS,false,false,false,true,true,true,ok,true,/Users/newhosung/Library/CloudStorage/OneDrive-SharedLibraries-ThePennsylvaniaStateUniversity/AI Adoption Meta Analysis - Documents/Meta/AI Adoption/PDFs/S013.pdf
S167,ATT-BI,ATT,BI,0.67,458.0,latest_human_R3_(합의) CORRELATIONS,false,false,false,true,true,true,ok,true,/Users/newhosung/Library/CloudStorage/OneDrive-SharedLibraries-ThePennsylvaniaStateUniversity/AI Adoption Meta Analysis - Documents/Meta/AI Adoption/PDFs/S167.pdf
S167,ATT-PE,ATT,PE,0.8,458.0,latest_human_R3_(합의) CORRELATIONS,false,false,false,true,true,true,ok,true,/Users/newhosung/Library/CloudStorage/OneDrive-SharedLibraries-ThePennsylvaniaStateUniversity/AI Adoption Meta Analysis - Documents/Meta/AI Adoption/PDFs/S167.pdf
S167,BI-PE,BI,PE,0.74,458.0,latest_human_R3_(합의) CORRELATIONS,false,false,false,true,true,true,ok,true,/Users/newhosung/Library/CloudStorage/OneDrive-SharedLibraries-ThePennsylvaniaStateUniversity/AI Adoption Meta Analysis - Documents/Meta/AI Adoption/PDFs/S167.pdf
S198,BI-EE,BI,EE,0.058,520.0,latest_human_R3_(합의) CORRELATIONS,false,false,false,true,true,true,ok,true,/Users/newhosung/Library/CloudStorage/OneDrive-SharedLibraries-ThePennsylvaniaStateUniversity/AI Adoption Meta Analysis - Documents/Meta/AI Adoption/PDFs/S198.pdf
S198,BI-FC,BI,FC,-0.171,520.0,latest_human_R3_(합의) CORRELATIONS,false,false,false,true,false,true,ok,false,/Users/newhosung/Library/CloudStorage/OneDrive-SharedLibraries-ThePennsylvaniaStateUniversity/AI Adoption Meta Analysis - Documents/Meta/AI Adoption/PDFs/S198.pdf
S198,BI-PE,BI,PE,0.297,520.0,latest_human_R3_(합의) CORRELATIONS,false,false,false,true,true,true,ok,true,/Users/newhosung/Library/CloudStorage/OneDrive-SharedLibraries-ThePennsylvaniaStateUniversity/AI Adoption Meta Analysis - Documents/Meta/AI Adoption/PDFs/S198.pdf
S198,BI-SI,BI,SI,0.319,520.0,latest_human_R3_(합의) CORRELATIONS,false,false,false,true,true,true,ok,true,/Users/newhosung/Library/CloudStorage/OneDrive-SharedLibraries-ThePennsylvaniaStateUniversity/AI Adoption Meta Analysis - Documents/Meta/AI Adoption/PDFs/S198.pdf
S198,BI-UB,BI,UB,0.801,520.0,latest_human_R3_(합의) CORRELATIONS,false,false,false,true,true,true,ok,true,/Users/newhosung/Library/CloudStorage/OneDrive-SharedLibraries-ThePennsylvaniaStateUniversity/AI Adoption Meta Analysis - Documents/Meta/AI Adoption/PDFs/S198.pdf
S198,EE-FC,EE,FC,0.45,520.0,latest_human_R3_(합의) CORRELATIONS,false,false,false,true,true,true,ok,true,/Users/newhosung/Library/CloudStorage/OneDrive-SharedLibraries-ThePennsylvaniaStateUniversity/AI Adoption Meta Analysis - Documents/Meta/AI Adoption/PDFs/S198.pdf
S198,EE-PE,EE,PE,0.166,520.0,latest_human_R3_(합의) CORRELATIONS,false,false,false,true,true,true,ok,true,/Users/newhosung/Library/CloudStorage/OneDrive-SharedLibraries-ThePennsylvaniaStateUniversity/AI Adoption Meta Analysis - Documents/Meta/AI Adoption/PDFs/S198.pdf
S198,EE-SI,EE,SI,-0.136,520.0,latest_human_R3_(합의) CORRELATIONS,false,false,false,true,false,true,ok,false,/Users/newhosung/Library/CloudStorage/OneDrive-SharedLibraries-ThePennsylvaniaStateUniversity/AI Adoption Meta Analysis - Documents/Meta/AI Adoption/PDFs/S198.pdf
S198,EE-UB,EE,UB,0.017,520.0,latest_human_R3_(합의) CORRELATIONS,false,false,false,true,true,true,ok,true,/Users/newhosung/Library/CloudStorage/OneDrive-SharedLibraries-ThePennsylvaniaStateUniversity/AI Adoption Meta Analysis - Documents/Meta/AI Adoption/PDFs/S198.pdf
S198,FC-PE,FC,PE,-0.027,520.0,latest_human_R3_(합의) CORRELATIONS,false,false,false,true,false,true,ok,false,/Users/newhosung/Library/CloudStorage/OneDrive-SharedLibraries-ThePennsylvaniaStateUniversity/AI Adoption Meta Analysis - Documents/Meta/AI Adoption/PDFs/S198.pdf
S198,FC-SI,FC,SI,-0.046,520.0,latest_human_R3_(합의) CORRELATIONS,false,false,false,true,false,true,ok,false,/Users/newhosung/Library/CloudStorage/OneDrive-SharedLibraries-ThePennsylvaniaStateUniversity/AI Adoption Meta Analysis - Documents/Meta/AI Adoption/PDFs/S198.pdf
S198,FC-UB,FC,UB,-0.16,520.0,latest_human_R3_(합의) CORRELATIONS,false,false,false,true,false,true,ok,false,/Users/newhosung/Library/CloudStorage/OneDrive-SharedLibraries-ThePennsylvaniaStateUniversity/AI Adoption Meta Analysis - Documents/Meta/AI Adoption/PDFs/S198.pdf
S198,PE-SI,PE,SI,-0.293,520.0,latest_human_R3_(합의) CORRELATIONS,false,false,false,true,false,true,ok,false,/Users/newhosung/Library/CloudStorage/OneDrive-SharedLibraries-ThePennsylvaniaStateUniversity/AI Adoption Meta Analysis - Documents/Meta/AI Adoption/PDFs/S198.pdf
S198,PE-UB,PE,UB,0.348,520.0,latest_human_R3_(합의) CORRELATIONS,false,false,false,true,true,true,ok,true,/Users/newhosung/Library/CloudStorage/OneDrive-SharedLibraries-ThePennsylvaniaStateUniversity/AI Adoption Meta Analysis - Documents/Meta/AI Adoption/PDFs/S198.pdf
S198,SI-UB,SI,UB,0.286,520.0,latest_human_R3_(합의) CORRELATIONS,false,false,false,true,true,true,ok,true,/Users/newhosung/Library/CloudStorage/OneDrive-SharedLibraries-ThePennsylvaniaStateUniversity/AI Adoption Meta Analysis - Documents/Meta/AI Adoption/PDFs/S198.pdf
S020,BI-EE,BI,EE,0.523,249.0,latest_human_R3_(합의) CORRELATIONS,false,false,false,true,true,true,ok,true,/Users/newhosung/Library/CloudStorage/OneDrive-SharedLibraries-ThePennsylvaniaStateUniversity/AI Adoption Meta Analysis - Documents/Meta/AI Adoption/PDFs/S020.pdf
S020,BI-FC,BI,FC,0.586,249.0,latest_human_R3_(합의) CORRELATIONS,false,false,false,true,true,true,ok,true,/Users/newhosung/Library/CloudStorage/OneDrive-SharedLibraries-ThePennsylvaniaStateUniversity/AI Adoption Meta Analysis - Documents/Meta/AI Adoption/PDFs/S020.pdf
S020,BI-PE,BI,PE,0.876,249.0,latest_human_R3_(합의) CORRELATIONS,false,false,false,true,true,true,ok,true,/Users/newhosung/Library/CloudStorage/OneDrive-SharedLibraries-ThePennsylvaniaStateUniversity/AI Adoption Meta Analysis - Documents/Meta/AI Adoption/PDFs/S020.pdf
S020,EE-FC,EE,FC,0.677,249.0,latest_human_R3_(합의) CORRELATIONS,false,false,false,true,true,true,ok,true,/Users/newhosung/Library/CloudStorage/OneDrive-SharedLibraries-ThePennsylvaniaStateUniversity/AI Adoption Meta Analysis - Documents/Meta/AI Adoption/PDFs/S020.pdf
S020,EE-PE,EE,PE,0.477,249.0,latest_human_R3_(합의) CORRELATIONS,false,false,false,true,true,true,ok,true,/Users/newhosung/Library/CloudStorage/OneDrive-SharedLibraries-ThePennsylvaniaStateUniversity/AI Adoption Meta Analysis - Documents/Meta/AI Adoption/PDFs/S020.pdf
S020,FC-PE,FC,PE,0.468,249.0,latest_human_R3_(합의) CORRELATIONS,false,false,false,true,true,true,ok,true,/Users/newhosung/Library/CloudStorage/OneDrive-SharedLibraries-ThePennsylvaniaStateUniversity/AI Adoption Meta Analysis - Documents/Meta/AI Adoption/PDFs/S020.pdf
S055,ATT-BI,ATT,BI,0.793,486.0,latest_human_R3_(합의) CORRELATIONS,false,false,false,true,true,true,ok,true,/Users/newhosung/Library/CloudStorage/OneDrive-SharedLibraries-ThePennsylvaniaStateUniversity/AI Adoption Meta Analysis - Documents/Meta/AI Adoption/PDFs/S055.pdf
S055,ATT-EE,ATT,EE,0.74,486.0,latest_human_R3_(합의) CORRELATIONS,false,false,false,true,true,true,ok,true,/Users/newhosung/Library/CloudStorage/OneDrive-SharedLibraries-ThePennsylvaniaStateUniversity/AI Adoption Meta Analysis - Documents/Meta/AI Adoption/PDFs/S055.pdf
S055,ATT-FC,ATT,FC,0.758,486.0,latest_human_R3_(합의) CORRELATIONS,false,false,false,true,true,true,ok,true,/Users/newhosung/Library/CloudStorage/OneDrive-SharedLibraries-ThePennsylvaniaStateUniversity/AI Adoption Meta Analysis - Documents/Meta/AI Adoption/PDFs/S055.pdf
S055,ATT-PE,ATT,PE,0.672,486.0,latest_human_R3_(합의) CORRELATIONS,false,false,false,true,true,true,ok,true,/Users/newhosung/Library/CloudStorage/OneDrive-SharedLibraries-ThePennsylvaniaStateUniversity/AI Adoption Meta Analysis - Documents/Meta/AI Adoption/PDFs/S055.pdf
S055,ATT-SI,ATT,SI,0.701,486.0,latest_human_R3_(합의) CORRELATIONS,false,false,false,true,true,true,ok,true,/Users/newhosung/Library/CloudStorage/OneDrive-SharedLibraries-ThePennsylvaniaStateUniversity/AI Adoption Meta Analysis - Documents/Meta/AI Adoption/PDFs/S055.pdf
S055,ATT-UB,ATT,UB,0.862,486.0,latest_human_R3_(합의) CORRELATIONS,false,false,false,true,true,true,ok,true,/Users/newhosung/Library/CloudStorage/OneDrive-SharedLibraries-ThePennsylvaniaStateUniversity/AI Adoption Meta Analysis - Documents/Meta/AI Adoption/PDFs/S055.pdf
S055,BI-EE,BI,EE,0.689,486.0,latest_human_R3_(합의) CORRELATIONS,false,false,false,true,true,true,ok,true,/Users/newhosung/Library/CloudStorage/OneDrive-SharedLibraries-ThePennsylvaniaStateUniversity/AI Adoption Meta Analysis - Documents/Meta/AI Adoption/PDFs/S055.pdf
S055,BI-FC,BI,FC,0.668,486.0,latest_human_R3_(합의) CORRELATIONS,false,false,false,true,true,true,ok,true,/Users/newhosung/Library/CloudStorage/OneDrive-SharedLibraries-ThePennsylvaniaStateUniversity/AI Adoption Meta Analysis - Documents/Meta/AI Adoption/PDFs/S055.pdf
S055,BI-PE,BI,PE,0.692,486.0,latest_human_R3_(합의) CORRELATIONS,false,false,false,true,true,true,ok,true,/Users/newhosung/Library/CloudStorage/OneDrive-SharedLibraries-ThePennsylvaniaStateUniversity/AI Adoption Meta Analysis - Documents/Meta/AI Adoption/PDFs/S055.pdf
S055,BI-SI,BI,SI,0.649,486.0,latest_human_R3_(합의) CORRELATIONS,false,false,false,true,true,true,ok,true,/Users/newhosung/Library/CloudStorage/OneDrive-SharedLibraries-ThePennsylvaniaStateUniversity/AI Adoption Meta Analysis - Documents/Meta/AI Adoption/PDFs/S055.pdf
S055,BI-UB,BI,UB,0.845,486.0,latest_human_R3_(합의) CORRELATIONS,false,false,false,true,true,true,ok,true,/Users/newhosung/Library/CloudStorage/OneDrive-SharedLibraries-ThePennsylvaniaStateUniversity/AI Adoption Meta Analysis - Documents/Meta/AI Adoption/PDFs/S055.pdf
S055,EE-FC,EE,FC,0.666,486.0,latest_human_R3_(합의) CORRELATIONS,false,false,false,true,true,true,ok,true,/Users/newhosung/Library/CloudStorage/OneDrive-SharedLibraries-ThePennsylvaniaStateUniversity/AI Adoption Meta Analysis - Documents/Meta/AI Adoption/PDFs/S055.pdf
S055,EE-PE,EE,PE,0.8,486.0,latest_human_R3_(합의) CORRELATIONS,false,false,false,true,true,true,ok,true,/Users/newhosung/Library/CloudStorage/OneDrive-SharedLibraries-ThePennsylvaniaStateUniversity/AI Adoption Meta Analysis - Documents/Meta/AI Adoption/PDFs/S055.pdf
S055,EE-SI,EE,SI,0.55,486.0,latest_human_R3_(합의) CORRELATIONS,false,false,false,true,true,true,ok,true,/Users/newhosung/Library/CloudStorage/OneDrive-SharedLibraries-ThePennsylvaniaStateUniversity/AI Adoption Meta Analysis - Documents/Meta/AI Adoption/PDFs/S055.pdf
S055,EE-UB,EE,UB,0.764,486.0,latest_human_R3_(합의) CORRELATIONS,false,false,false,true,true,true,ok,true,/Users/newhosung/Library/CloudStorage/OneDrive-SharedLibraries-ThePennsylvaniaStateUniversity/AI Adoption Meta Analysis - Documents/Meta/AI Adoption/PDFs/S055.pdf
S055,FC-PE,FC,PE,0.644,486.0,latest_human_R3_(합의) CORRELATIONS,false,false,false,true,true,true,ok,true,/Users/newhosung/Library/CloudStorage/OneDrive-SharedLibraries-ThePennsylvaniaStateUniversity/AI Adoption Meta Analysis - Documents/Meta/AI Adoption/PDFs/S055.pdf
S055,FC-SI,FC,SI,0.631,486.0,latest_human_R3_(합의) CORRELATIONS,false,false,false,true,true,true,ok,true,/Users/newhosung/Library/CloudStorage/OneDrive-SharedLibraries-ThePennsylvaniaStateUniversity/AI Adoption Meta Analysis - Documents/Meta/AI Adoption/PDFs/S055.pdf
S055,FC-UB,FC,UB,0.781,486.0,latest_human_R3_(합의) CORRELATIONS,false,false,false,true,true,true,ok,true,/Users/newhosung/Library/CloudStorage/OneDrive-SharedLibraries-ThePennsylvaniaStateUniversity/AI Adoption Meta Analysis - Documents/Meta/AI Adoption/PDFs/S055.pdf
S055,PE-SI,PE,SI,0.53,486.0,latest_human_R3_(합의) CORRELATIONS,false,false,false,true,true,true,ok,true,/Users/newhosung/Library/CloudStorage/OneDrive-SharedLibraries-ThePennsylvaniaStateUniversity/AI Adoption Meta Analysis - Documents/Meta/AI Adoption/PDFs/S055.pdf
S055,PE-UB,PE,UB,0.741,486.0,latest_human_R3_(합의) CORRELATIONS,false,false,false,true,true,true,ok,true,/Users/newhosung/Library/CloudStorage/OneDrive-SharedLibraries-ThePennsylvaniaStateUniversity/AI Adoption Meta Analysis - Documents/Meta/AI Adoption/PDFs/S055.pdf
S055,SI-UB,SI,UB,0.679,486.0,latest_human_R3_(합의) CORRELATIONS,false,false,false,true,true,true,ok,true,/Users/newhosung/Library/CloudStorage/OneDrive-SharedLibraries-ThePennsylvaniaStateUniversity/AI Adoption Meta Analysis - Documents/Meta/AI Adoption/PDFs/S055.pdf
S026,ATT-BI,ATT,BI,0.352,510.0,latest_human_R3_(합의) CORRELATIONS,false,false,false,true,true,true,ok,true,/Users/newhosung/Library/CloudStorage/OneDrive-SharedLibraries-ThePennsylvaniaStateUniversity/AI Adoption Meta Analysis - Documents/Meta/AI Adoption/PDFs/S026.pdf
S026,ATT-EE,ATT,EE,0.194,510.0,latest_human_R3_(합의) CORRELATIONS,false,false,false,true,true,true,ok,true,/Users/newhosung/Library/CloudStorage/OneDrive-SharedLibraries-ThePennsylvaniaStateUniversity/AI Adoption Meta Analysis - Documents/Meta/AI Adoption/PDFs/S026.pdf
S026,ATT-PE,ATT,PE,0.173,510.0,latest_human_R3_(합의) CORRELATIONS,false,false,false,true,true,true,ok,true,/Users/newhosung/Library/CloudStorage/OneDrive-SharedLibraries-ThePennsylvaniaStateUniversity/AI Adoption Meta Analysis - Documents/Meta/AI Adoption/PDFs/S026.pdf
S026,ATT-SI,ATT,SI,0.231,510.0,latest_human_R3_(합의) CORRELATIONS,false,false,false,true,true,true,ok,true,/Users/newhosung/Library/CloudStorage/OneDrive-SharedLibraries-ThePennsylvaniaStateUniversity/AI Adoption Meta Analysis - Documents/Meta/AI Adoption/PDFs/S026.pdf
S026,ATT-UB,ATT,UB,0.329,510.0,latest_human_R3_(합의) CORRELATIONS,false,false,false,true,true,true,ok,true,/Users/newhosung/Library/CloudStorage/OneDrive-SharedLibraries-ThePennsylvaniaStateUniversity/AI Adoption Meta Analysis - Documents/Meta/AI Adoption/PDFs/S026.pdf
S026,BI-EE,BI,EE,0.371,510.0,latest_human_R3_(합의) CORRELATIONS,false,false,false,true,true,true,ok,true,/Users/newhosung/Library/CloudStorage/OneDrive-SharedLibraries-ThePennsylvaniaStateUniversity/AI Adoption Meta Analysis - Documents/Meta/AI Adoption/PDFs/S026.pdf
S026,BI-PE,BI,PE,0.491,510.0,latest_human_R3_(합의) CORRELATIONS,false,false,false,true,true,true,ok,true,/Users/newhosung/Library/CloudStorage/OneDrive-SharedLibraries-ThePennsylvaniaStateUniversity/AI Adoption Meta Analysis - Documents/Meta/AI Adoption/PDFs/S026.pdf
S026,BI-SI,BI,SI,0.307,510.0,latest_human_R3_(합의) CORRELATIONS,false,false,false,true,true,true,ok,true,/Users/newhosung/Library/CloudStorage/OneDrive-SharedLibraries-ThePennsylvaniaStateUniversity/AI Adoption Meta Analysis - Documents/Meta/AI Adoption/PDFs/S026.pdf
S026,BI-UB,BI,UB,0.51,510.0,latest_human_R3_(합의) CORRELATIONS,false,false,false,true,true,true,ok,true,/Users/newhosung/Library/CloudStorage/OneDrive-SharedLibraries-ThePennsylvaniaStateUniversity/AI Adoption Meta Analysis - Documents/Meta/AI Adoption/PDFs/S026.pdf
S026,EE-PE,EE,PE,0.343,510.0,latest_human_R3_(합의) CORRELATIONS,false,false,false,true,true,true,ok,true,/Users/newhosung/Library/CloudStorage/OneDrive-SharedLibraries-ThePennsylvaniaStateUniversity/AI Adoption Meta Analysis - Documents/Meta/AI Adoption/PDFs/S026.pdf
S026,EE-SI,EE,SI,0.201,510.0,latest_human_R3_(합의) CORRELATIONS,false,false,false,true,true,true,ok,true,/Users/newhosung/Library/CloudStorage/OneDrive-SharedLibraries-ThePennsylvaniaStateUniversity/AI Adoption Meta Analysis - Documents/Meta/AI Adoption/PDFs/S026.pdf
S026,EE-UB,EE,UB,0.322,510.0,latest_human_R3_(합의) CORRELATIONS,false,false,false,true,true,true,ok,true,/Users/newhosung/Library/CloudStorage/OneDrive-SharedLibraries-ThePennsylvaniaStateUniversity/AI Adoption Meta Analysis - Documents/Meta/AI Adoption/PDFs/S026.pdf
S026,PE-SI,PE,SI,0.186,510.0,latest_human_R3_(합의) CORRELATIONS,false,false,false,true,true,true,ok,true,/Users/newhosung/Library/CloudStorage/OneDrive-SharedLibraries-ThePennsylvaniaStateUniversity/AI Adoption Meta Analysis - Documents/Meta/AI Adoption/PDFs/S026.pdf
S026,PE-UB,PE,UB,0.416,510.0,latest_human_R3_(합의) CORRELATIONS,false,false,false,true,true,true,ok,true,/Users/newhosung/Library/CloudStorage/OneDrive-SharedLibraries-ThePennsylvaniaStateUniversity/AI Adoption Meta Analysis - Documents/Meta/AI Adoption/PDFs/S026.pdf
S026,SI-UB,SI,UB,0.336,510.0,latest_human_R3_(합의) CORRELATIONS,false,false,false,true,true,true,ok,true,/Users/newhosung/Library/CloudStorage/OneDrive-SharedLibraries-ThePennsylvaniaStateUniversity/AI Adoption Meta Analysis - Documents/Meta/AI Adoption/PDFs/S026.pdf
S100,BI-TRU,BI,TRU,0.564,682.0,latest_human_R3_(합의) CORRELATIONS,false,false,false,true,true,true,ok,true,/Users/newhosung/Library/CloudStorage/OneDrive-SharedLibraries-ThePennsylvaniaStateUniversity/AI Adoption Meta Analysis - Documents/Meta/AI Adoption/PDFs/S100.pdf
S100,TRU-UB,TRU,UB,0.26,682.0,latest_human_R3_(합의) CORRELATIONS,false,false,false,true,true,true,ok,true,/Users/newhosung/Library/CloudStorage/OneDrive-SharedLibraries-ThePennsylvaniaStateUniversity/AI Adoption Meta Analysis - Documents/Meta/AI Adoption/PDFs/S100.pdf
S050,BI-EE,BI,EE,0.624,500.0,latest_human_R3_(합의) CORRELATIONS,false,false,false,true,true,true,ok,true,/Users/newhosung/Library/CloudStorage/OneDrive-SharedLibraries-ThePennsylvaniaStateUniversity/AI Adoption Meta Analysis - Documents/Meta/AI Adoption/PDFs/S050.pdf
S050,BI-FC,BI,FC,0.5959,500.0,latest_human_R3_(합의) CORRELATIONS,false,false,false,true,true,true,ok,true,/Users/newhosung/Library/CloudStorage/OneDrive-SharedLibraries-ThePennsylvaniaStateUniversity/AI Adoption Meta Analysis - Documents/Meta/AI Adoption/PDFs/S050.pdf
S050,BI-PE,BI,PE,0.591,500.0,latest_human_R3_(합의) CORRELATIONS,false,false,false,true,true,true,ok,true,/Users/newhosung/Library/CloudStorage/OneDrive-SharedLibraries-ThePennsylvaniaStateUniversity/AI Adoption Meta Analysis - Documents/Meta/AI Adoption/PDFs/S050.pdf
S050,BI-SI,BI,SI,0.63,500.0,latest_human_R3_(합의) CORRELATIONS,false,false,false,true,true,true,ok,true,/Users/newhosung/Library/CloudStorage/OneDrive-SharedLibraries-ThePennsylvaniaStateUniversity/AI Adoption Meta Analysis - Documents/Meta/AI Adoption/PDFs/S050.pdf
S050,BI-UB,BI,UB,0.826,500.0,latest_human_R3_(합의) CORRELATIONS,false,false,false,true,true,true,ok,true,/Users/newhosung/Library/CloudStorage/OneDrive-SharedLibraries-ThePennsylvaniaStateUniversity/AI Adoption Meta Analysis - Documents/Meta/AI Adoption/PDFs/S050.pdf
S050,EE-FC,EE,FC,0.692,500.0,latest_human_R3_(합의) CORRELATIONS,false,false,false,true,true,true,ok,true,/Users/newhosung/Library/CloudStorage/OneDrive-SharedLibraries-ThePennsylvaniaStateUniversity/AI Adoption Meta Analysis - Documents/Meta/AI Adoption/PDFs/S050.pdf
S050,EE-PE,EE,PE,0.514,500.0,latest_human_R3_(합의) CORRELATIONS,false,false,false,true,true,true,ok,true,/Users/newhosung/Library/CloudStorage/OneDrive-SharedLibraries-ThePennsylvaniaStateUniversity/AI Adoption Meta Analysis - Documents/Meta/AI Adoption/PDFs/S050.pdf
S050,EE-SI,EE,SI,0.687,500.0,latest_human_R3_(합의) CORRELATIONS,false,false,false,true,true,true,ok,true,/Users/newhosung/Library/CloudStorage/OneDrive-SharedLibraries-ThePennsylvaniaStateUniversity/AI Adoption Meta Analysis - Documents/Meta/AI Adoption/PDFs/S050.pdf
S050,EE-UB,EE,UB,0.62,500.0,latest_human_R3_(합의) CORRELATIONS,false,false,false,true,true,true,ok,true,/Users/newhosung/Library/CloudStorage/OneDrive-SharedLibraries-ThePennsylvaniaStateUniversity/AI Adoption Meta Analysis - Documents/Meta/AI Adoption/PDFs/S050.pdf
S050,FC-PE,FC,PE,0.514,500.0,latest_human_R3_(합의) CORRELATIONS,false,false,false,true,true,true,ok,true,/Users/newhosung/Library/CloudStorage/OneDrive-SharedLibraries-ThePennsylvaniaStateUniversity/AI Adoption Meta Analysis - Documents/Meta/AI Adoption/PDFs/S050.pdf
S050,FC-SI,FC,SI,0.591,500.0,latest_human_R3_(합의) CORRELATIONS,false,false,false,true,true,true,ok,true,/Users/newhosung/Library/CloudStorage/OneDrive-SharedLibraries-ThePennsylvaniaStateUniversity/AI Adoption Meta Analysis - Documents/Meta/AI Adoption/PDFs/S050.pdf
S050,FC-UB,FC,UB,0.62,500.0,latest_human_R3_(합의) CORRELATIONS,false,false,false,true,true,true,ok,true,/Users/newhosung/Library/CloudStorage/OneDrive-SharedLibraries-ThePennsylvaniaStateUniversity/AI Adoption Meta Analysis - Documents/Meta/AI Adoption/PDFs/S050.pdf
S050,PE-SI,PE,SI,0.599,500.0,latest_human_R3_(합의) CORRELATIONS,false,false,false,true,true,true,ok,true,/Users/newhosung/Library/CloudStorage/OneDrive-SharedLibraries-ThePennsylvaniaStateUniversity/AI Adoption Meta Analysis - Documents/Meta/AI Adoption/PDFs/S050.pdf
S050,PE-UB,PE,UB,0.549,500.0,latest_human_R3_(합의) CORRELATIONS,false,false,false,true,true,true,ok,true,/Users/newhosung/Library/CloudStorage/OneDrive-SharedLibraries-ThePennsylvaniaStateUniversity/AI Adoption Meta Analysis - Documents/Meta/AI Adoption/PDFs/S050.pdf
S050,SI-UB,SI,UB,0.66,500.0,latest_human_R3_(합의) CORRELATIONS,false,false,false,true,true,true,ok,true,/Users/newhosung/Library/CloudStorage/OneDrive-SharedLibraries-ThePennsylvaniaStateUniversity/AI Adoption Meta Analysis - Documents/Meta/AI Adoption/PDFs/S050.pdf
S125,ATT-EE,ATT,EE,0.575,498.0,latest_human_R3_(합의) CORRELATIONS,true,false,false,true,true,true,ok,true,/Users/newhosung/Library/CloudStorage/OneDrive-SharedLibraries-ThePennsylvaniaStateUniversity/AI Adoption Meta Analysis - Documents/Meta/AI Adoption/PDFs/S125.pdf
S125,ATT-PE,ATT,PE,0.679,498.0,latest_human_R3_(합의) CORRELATIONS,false,false,false,true,true,true,ok,true,/Users/newhosung/Library/CloudStorage/OneDrive-SharedLibraries-ThePennsylvaniaStateUniversity/AI Adoption Meta Analysis - Documents/Meta/AI Adoption/PDFs/S125.pdf
S125,ATT-SE,ATT,SE,0.486,498.0,latest_human_R3_(합의) CORRELATIONS,false,false,false,true,true,true,ok,true,/Users/newhosung/Library/CloudStorage/OneDrive-SharedLibraries-ThePennsylvaniaStateUniversity/AI Adoption Meta Analysis - Documents/Meta/AI Adoption/PDFs/S125.pdf
S125,EE-PE,EE,PE,0.713,498.0,latest_human_R3_(합의) CORRELATIONS,false,false,false,true,true,true,ok,true,/Users/newhosung/Library/CloudStorage/OneDrive-SharedLibraries-ThePennsylvaniaStateUniversity/AI Adoption Meta Analysis - Documents/Meta/AI Adoption/PDFs/S125.pdf
S125,EE-SE,EE,SE,0.621,498.0,latest_human_R3_(합의) CORRELATIONS,false,false,false,true,true,true,ok,true,/Users/newhosung/Library/CloudStorage/OneDrive-SharedLibraries-ThePennsylvaniaStateUniversity/AI Adoption Meta Analysis - Documents/Meta/AI Adoption/PDFs/S125.pdf
S125,PE-SE,PE,SE,0.566,498.0,latest_human_R3_(합의) CORRELATIONS,false,false,false,true,true,true,ok,true,/Users/newhosung/Library/CloudStorage/OneDrive-SharedLibraries-ThePennsylvaniaStateUniversity/AI Adoption Meta Analysis - Documents/Meta/AI Adoption/PDFs/S125.pdf
S161,ATT-BI,ATT,BI,0.495,315.0,latest_human_R3_(합의) CORRELATIONS,true,false,false,true,true,true,ok,true,/Users/newhosung/Library/CloudStorage/OneDrive-SharedLibraries-ThePennsylvaniaStateUniversity/AI Adoption Meta Analysis - Documents/Meta/AI Adoption/PDFs/S161.pdf
S161,ATT-EE,ATT,EE,0.435,315.0,latest_human_R3_(합의) CORRELATIONS,true,false,false,true,true,true,ok,true,/Users/newhosung/Library/CloudStorage/OneDrive-SharedLibraries-ThePennsylvaniaStateUniversity/AI Adoption Meta Analysis - Documents/Meta/AI Adoption/PDFs/S161.pdf
S161,ATT-FC,ATT,FC,0.463,315.0,latest_human_R3_(합의) CORRELATIONS,false,false,false,true,true,true,ok,true,/Users/newhosung/Library/CloudStorage/OneDrive-SharedLibraries-ThePennsylvaniaStateUniversity/AI Adoption Meta Analysis - Documents/Meta/AI Adoption/PDFs/S161.pdf
S161,ATT-PE,ATT,PE,0.379,315.0,latest_human_R3_(합의) CORRELATIONS,true,false,false,true,true,true,ok,true,/Users/newhosung/Library/CloudStorage/OneDrive-SharedLibraries-ThePennsylvaniaStateUniversity/AI Adoption Meta Analysis - Documents/Meta/AI Adoption/PDFs/S161.pdf
S161,BI-EE,BI,EE,0.577,315.0,latest_human_R3_(합의) CORRELATIONS,true,false,false,true,true,true,ok,true,/Users/newhosung/Library/CloudStorage/OneDrive-SharedLibraries-ThePennsylvaniaStateUniversity/AI Adoption Meta Analysis - Documents/Meta/AI Adoption/PDFs/S161.pdf
S161,BI-FC,BI,FC,0.578,315.0,latest_human_R3_(합의) CORRELATIONS,false,false,false,true,true,true,ok,true,/Users/newhosung/Library/CloudStorage/OneDrive-SharedLibraries-ThePennsylvaniaStateUniversity/AI Adoption Meta Analysis - Documents/Meta/AI Adoption/PDFs/S161.pdf
S161,BI-PE,BI,PE,0.427,315.0,latest_human_R3_(합의) CORRELATIONS,true,false,false,true,true,true,ok,true,/Users/newhosung/Library/CloudStorage/OneDrive-SharedLibraries-ThePennsylvaniaStateUniversity/AI Adoption Meta Analysis - Documents/Meta/AI Adoption/PDFs/S161.pdf
S161,EE-FC,EE,FC,0.455,315.0,latest_human_R3_(합의) CORRELATIONS,false,false,false,true,true,true,ok,true,/Users/newhosung/Library/CloudStorage/OneDrive-SharedLibraries-ThePennsylvaniaStateUniversity/AI Adoption Meta Analysis - Documents/Meta/AI Adoption/PDFs/S161.pdf
S161,EE-PE,EE,PE,0.302,315.0,latest_human_R3_(합의) CORRELATIONS,false,false,false,true,true,true,ok,true,/Users/newhosung/Library/CloudStorage/OneDrive-SharedLibraries-ThePennsylvaniaStateUniversity/AI Adoption Meta Analysis - Documents/Meta/AI Adoption/PDFs/S161.pdf
S161,FC-PE,FC,PE,0.407,315.0,latest_human_R3_(합의) CORRELATIONS,true,false,false,true,true,true,ok,true,/Users/newhosung/Library/CloudStorage/OneDrive-SharedLibraries-ThePennsylvaniaStateUniversity/AI Adoption Meta Analysis - Documents/Meta/AI Adoption/PDFs/S161.pdf
S135,ATT-BI,ATT,BI,0.752,302.0,latest_human_R3_(합의) CORRELATIONS,true,false,false,true,true,true,ok,true,/Users/newhosung/Library/CloudStorage/OneDrive-SharedLibraries-ThePennsylvaniaStateUniversity/AI Adoption Meta Analysis - Documents/Meta/AI Adoption/PDFs/S135.pdf
S135,ATT-EE,ATT,EE,0.45,302.0,latest_human_R3_(합의) CORRELATIONS,false,false,false,true,true,true,ok,true,/Users/newhosung/Library/CloudStorage/OneDrive-SharedLibraries-ThePennsylvaniaStateUniversity/AI Adoption Meta Analysis - Documents/Meta/AI Adoption/PDFs/S135.pdf
S135,ATT-PE,ATT,PE,0.778,302.0,latest_human_R3_(합의) CORRELATIONS,false,false,false,true,true,true,ok,true,/Users/newhosung/Library/CloudStorage/OneDrive-SharedLibraries-ThePennsylvaniaStateUniversity/AI Adoption Meta Analysis - Documents/Meta/AI Adoption/PDFs/S135.pdf
S135,ATT-SI,ATT,SI,0.552,302.0,latest_human_R3_(합의) CORRELATIONS,false,false,false,true,true,true,ok,true,/Users/newhosung/Library/CloudStorage/OneDrive-SharedLibraries-ThePennsylvaniaStateUniversity/AI Adoption Meta Analysis - Documents/Meta/AI Adoption/PDFs/S135.pdf
S135,BI-EE,BI,EE,0.49,302.0,latest_human_R3_(합의) CORRELATIONS,false,false,false,true,true,true,ok,true,/Users/newhosung/Library/CloudStorage/OneDrive-SharedLibraries-ThePennsylvaniaStateUniversity/AI Adoption Meta Analysis - Documents/Meta/AI Adoption/PDFs/S135.pdf
S135,BI-PE,BI,PE,0.744,302.0,latest_human_R3_(합의) CORRELATIONS,false,false,false,true,true,true,ok,true,/Users/newhosung/Library/CloudStorage/OneDrive-SharedLibraries-ThePennsylvaniaStateUniversity/AI Adoption Meta Analysis - Documents/Meta/AI Adoption/PDFs/S135.pdf
S135,BI-SI,BI,SI,0.615,302.0,latest_human_R3_(합의) CORRELATIONS,false,false,false,true,true,true,ok,true,/Users/newhosung/Library/CloudStorage/OneDrive-SharedLibraries-ThePennsylvaniaStateUniversity/AI Adoption Meta Analysis - Documents/Meta/AI Adoption/PDFs/S135.pdf
S135,EE-PE,EE,PE,0.507,302.0,latest_human_R3_(합의) CORRELATIONS,false,false,false,true,true,true,ok,true,/Users/newhosung/Library/CloudStorage/OneDrive-SharedLibraries-ThePennsylvaniaStateUniversity/AI Adoption Meta Analysis - Documents/Meta/AI Adoption/PDFs/S135.pdf
S135,EE-SI,EE,SI,0.246,302.0,latest_human_R3_(합의) CORRELATIONS,false,false,false,true,true,true,ok,true,/Users/newhosung/Library/CloudStorage/OneDrive-SharedLibraries-ThePennsylvaniaStateUniversity/AI Adoption Meta Analysis - Documents/Meta/AI Adoption/PDFs/S135.pdf
S135,PE-SI,PE,SI,0.52,302.0,latest_human_R3_(합의) CORRELATIONS,false,false,false,true,true,true,ok,true,/Users/newhosung/Library/CloudStorage/OneDrive-SharedLibraries-ThePennsylvaniaStateUniversity/AI Adoption Meta Analysis - Documents/Meta/AI Adoption/PDFs/S135.pdf
S032,ATT-BI,ATT,BI,0.75,804.0,latest_human_R3_(합의) CORRELATIONS,true,false,false,true,true,true,ok,true,/Users/newhosung/Library/CloudStorage/OneDrive-SharedLibraries-ThePennsylvaniaStateUniversity/AI Adoption Meta Analysis - Documents/Meta/AI Adoption/PDFs/S032.pdf
S032,ATT-EE,ATT,EE,0.616,804.0,latest_human_R3_(합의) CORRELATIONS,false,false,false,true,true,true,ok,true,/Users/newhosung/Library/CloudStorage/OneDrive-SharedLibraries-ThePennsylvaniaStateUniversity/AI Adoption Meta Analysis - Documents/Meta/AI Adoption/PDFs/S032.pdf
S032,ATT-PE,ATT,PE,0.695,804.0,latest_human_R3_(합의) CORRELATIONS,false,false,false,true,true,true,ok,true,/Users/newhosung/Library/CloudStorage/OneDrive-SharedLibraries-ThePennsylvaniaStateUniversity/AI Adoption Meta Analysis - Documents/Meta/AI Adoption/PDFs/S032.pdf
S032,ATT-SI,ATT,SI,0.537,804.0,latest_human_R3_(합의) CORRELATIONS,false,false,false,true,true,true,ok,true,/Users/newhosung/Library/CloudStorage/OneDrive-SharedLibraries-ThePennsylvaniaStateUniversity/AI Adoption Meta Analysis - Documents/Meta/AI Adoption/PDFs/S032.pdf
S032,ATT-UB,ATT,UB,0.51,804.0,latest_human_R3_(합의) CORRELATIONS,false,false,false,true,true,true,ok,true,/Users/newhosung/Library/CloudStorage/OneDrive-SharedLibraries-ThePennsylvaniaStateUniversity/AI Adoption Meta Analysis - Documents/Meta/AI Adoption/PDFs/S032.pdf
S032,BI-EE,BI,EE,0.557,804.0,latest_human_R3_(합의) CORRELATIONS,false,false,false,true,true,true,ok,true,/Users/newhosung/Library/CloudStorage/OneDrive-SharedLibraries-ThePennsylvaniaStateUniversity/AI Adoption Meta Analysis - Documents/Meta/AI Adoption/PDFs/S032.pdf
S032,BI-PE,BI,PE,0.586,804.0,latest_human_R3_(합의) CORRELATIONS,false,false,false,true,true,true,ok,true,/Users/newhosung/Library/CloudStorage/OneDrive-SharedLibraries-ThePennsylvaniaStateUniversity/AI Adoption Meta Analysis - Documents/Meta/AI Adoption/PDFs/S032.pdf
S032,BI-SI,BI,SI,0.531,804.0,latest_human_R3_(합의) CORRELATIONS,false,false,false,true,true,true,ok,true,/Users/newhosung/Library/CloudStorage/OneDrive-SharedLibraries-ThePennsylvaniaStateUniversity/AI Adoption Meta Analysis - Documents/Meta/AI Adoption/PDFs/S032.pdf
S032,BI-UB,BI,UB,0.527,804.0,latest_human_R3_(합의) CORRELATIONS,false,false,false,true,true,true,ok,true,/Users/newhosung/Library/CloudStorage/OneDrive-SharedLibraries-ThePennsylvaniaStateUniversity/AI Adoption Meta Analysis - Documents/Meta/AI Adoption/PDFs/S032.pdf
S032,EE-PE,EE,PE,0.69,804.0,latest_human_R3_(합의) CORRELATIONS,false,false,false,true,true,true,ok,true,/Users/newhosung/Library/CloudStorage/OneDrive-SharedLibraries-ThePennsylvaniaStateUniversity/AI Adoption Meta Analysis - Documents/Meta/AI Adoption/PDFs/S032.pdf
S032,EE-SI,EE,SI,0.519,804.0,latest_human_R3_(합의) CORRELATIONS,false,false,false,true,true,true,ok,true,/Users/newhosung/Library/CloudStorage/OneDrive-SharedLibraries-ThePennsylvaniaStateUniversity/AI Adoption Meta Analysis - Documents/Meta/AI Adoption/PDFs/S032.pdf
S032,EE-UB,EE,UB,0.516,804.0,latest_human_R3_(합의) CORRELATIONS,false,false,false,true,true,true,ok,true,/Users/newhosung/Library/CloudStorage/OneDrive-SharedLibraries-ThePennsylvaniaStateUniversity/AI Adoption Meta Analysis - Documents/Meta/AI Adoption/PDFs/S032.pdf
S032,PE-SI,PE,SI,0.499,804.0,latest_human_R3_(합의) CORRELATIONS,false,false,false,true,true,true,ok,true,/Users/newhosung/Library/CloudStorage/OneDrive-SharedLibraries-ThePennsylvaniaStateUniversity/AI Adoption Meta Analysis - Documents/Meta/AI Adoption/PDFs/S032.pdf
S032,PE-UB,PE,UB,0.437,804.0,latest_human_R3_(합의) CORRELATIONS,false,false,false,true,true,true,ok,true,/Users/newhosung/Library/CloudStorage/OneDrive-SharedLibraries-ThePennsylvaniaStateUniversity/AI Adoption Meta Analysis - Documents/Meta/AI Adoption/PDFs/S032.pdf
S032,SI-UB,SI,UB,0.554,804.0,latest_human_R3_(합의) CORRELATIONS,false,false,false,true,true,true,ok,true,/Users/newhosung/Library/CloudStorage/OneDrive-SharedLibraries-ThePennsylvaniaStateUniversity/AI Adoption Meta Analysis - Documents/Meta/AI Adoption/PDFs/S032.pdf
S133,BI-EE,BI,EE,0.532,611.0,latest_human_R3_(합의) CORRELATIONS,true,false,false,true,true,true,ok,true,/Users/newhosung/Library/CloudStorage/OneDrive-SharedLibraries-ThePennsylvaniaStateUniversity/AI Adoption Meta Analysis - Documents/Meta/AI Adoption/PDFs/S133.pdf
S133,BI-FC,BI,FC,0.519,611.0,latest_human_R3_(합의) CORRELATIONS,false,false,false,true,true,true,ok,true,/Users/newhosung/Library/CloudStorage/OneDrive-SharedLibraries-ThePennsylvaniaStateUniversity/AI Adoption Meta Analysis - Documents/Meta/AI Adoption/PDFs/S133.pdf
S133,BI-PE,BI,PE,0.529,611.0,latest_human_R3_(합의) CORRELATIONS,false,false,false,true,true,true,ok,true,/Users/newhosung/Library/CloudStorage/OneDrive-SharedLibraries-ThePennsylvaniaStateUniversity/AI Adoption Meta Analysis - Documents/Meta/AI Adoption/PDFs/S133.pdf
S133,BI-SI,BI,SI,0.535,611.0,latest_human_R3_(합의) CORRELATIONS,false,false,false,true,true,true,ok,true,/Users/newhosung/Library/CloudStorage/OneDrive-SharedLibraries-ThePennsylvaniaStateUniversity/AI Adoption Meta Analysis - Documents/Meta/AI Adoption/PDFs/S133.pdf
S133,BI-UB,BI,UB,0.353,611.0,latest_human_R3_(합의) CORRELATIONS,false,false,false,true,true,true,ok,true,/Users/newhosung/Library/CloudStorage/OneDrive-SharedLibraries-ThePennsylvaniaStateUniversity/AI Adoption Meta Analysis - Documents/Meta/AI Adoption/PDFs/S133.pdf
S133,EE-FC,EE,FC,0.673,611.0,latest_human_R3_(합의) CORRELATIONS,false,false,false,true,true,true,ok,true,/Users/newhosung/Library/CloudStorage/OneDrive-SharedLibraries-ThePennsylvaniaStateUniversity/AI Adoption Meta Analysis - Documents/Meta/AI Adoption/PDFs/S133.pdf
S133,EE-PE,EE,PE,0.7,611.0,latest_human_R3_(합의) CORRELATIONS,false,false,false,true,true,true,ok,true,/Users/newhosung/Library/CloudStorage/OneDrive-SharedLibraries-ThePennsylvaniaStateUniversity/AI Adoption Meta Analysis - Documents/Meta/AI Adoption/PDFs/S133.pdf
S133,EE-SI,EE,SI,0.483,611.0,latest_human_R3_(합의) CORRELATIONS,false,false,false,true,true,true,ok,true,/Users/newhosung/Library/CloudStorage/OneDrive-SharedLibraries-ThePennsylvaniaStateUniversity/AI Adoption Meta Analysis - Documents/Meta/AI Adoption/PDFs/S133.pdf
S133,EE-UB,EE,UB,0.15,611.0,latest_human_R3_(합의) CORRELATIONS,false,false,false,true,true,true,ok,true,/Users/newhosung/Library/CloudStorage/OneDrive-SharedLibraries-ThePennsylvaniaStateUniversity/AI Adoption Meta Analysis - Documents/Meta/AI Adoption/PDFs/S133.pdf
S133,FC-PE,FC,PE,0.535,611.0,latest_human_R3_(합의) CORRELATIONS,false,false,false,true,true,true,ok,true,/Users/newhosung/Library/CloudStorage/OneDrive-SharedLibraries-ThePennsylvaniaStateUniversity/AI Adoption Meta Analysis - Documents/Meta/AI Adoption/PDFs/S133.pdf
S133,FC-SI,FC,SI,0.435,611.0,latest_human_R3_(합의) CORRELATIONS,false,false,false,true,true,true,ok,true,/Users/newhosung/Library/CloudStorage/OneDrive-SharedLibraries-ThePennsylvaniaStateUniversity/AI Adoption Meta Analysis - Documents/Meta/AI Adoption/PDFs/S133.pdf
S133,FC-UB,FC,UB,0.241,611.0,latest_human_R3_(합의) CORRELATIONS,false,false,false,true,true,true,ok,true,/Users/newhosung/Library/CloudStorage/OneDrive-SharedLibraries-ThePennsylvaniaStateUniversity/AI Adoption Meta Analysis - Documents/Meta/AI Adoption/PDFs/S133.pdf
S133,PE-SI,PE,SI,0.456,611.0,latest_human_R3_(합의) CORRELATIONS,false,false,false,true,true,true,ok,true,/Users/newhosung/Library/CloudStorage/OneDrive-SharedLibraries-ThePennsylvaniaStateUniversity/AI Adoption Meta Analysis - Documents/Meta/AI Adoption/PDFs/S133.pdf
S133,PE-UB,PE,UB,0.139,611.0,latest_human_R3_(합의) CORRELATIONS,false,false,false,true,true,true,ok,true,/Users/newhosung/Library/CloudStorage/OneDrive-SharedLibraries-ThePennsylvaniaStateUniversity/AI Adoption Meta Analysis - Documents/Meta/AI Adoption/PDFs/S133.pdf
S133,SI-UB,SI,UB,0.31,611.0,latest_human_R3_(합의) CORRELATIONS,false,false,false,true,true,true,ok,true,/Users/newhosung/Library/CloudStorage/OneDrive-SharedLibraries-ThePennsylvaniaStateUniversity/AI Adoption Meta Analysis - Documents/Meta/AI Adoption/PDFs/S133.pdf
S149,ATT-BI,ATT,BI,0.79,254.0,latest_human_R3_(합의) CORRELATIONS,false,false,false,true,true,true,ok,true,/Users/newhosung/Library/CloudStorage/OneDrive-SharedLibraries-ThePennsylvaniaStateUniversity/AI Adoption Meta Analysis - Documents/Meta/AI Adoption/R3/PDFs/S149.pdf
S149,ATT-EE,ATT,EE,0.464,254.0,latest_human_R3_(합의) CORRELATIONS,true,false,false,true,true,true,ok,true,/Users/newhosung/Library/CloudStorage/OneDrive-SharedLibraries-ThePennsylvaniaStateUniversity/AI Adoption Meta Analysis - Documents/Meta/AI Adoption/R3/PDFs/S149.pdf
S149,ATT-PE,ATT,PE,0.762,254.0,latest_human_R3_(합의) CORRELATIONS,false,false,false,true,true,true,ok,true,/Users/newhosung/Library/CloudStorage/OneDrive-SharedLibraries-ThePennsylvaniaStateUniversity/AI Adoption Meta Analysis - Documents/Meta/AI Adoption/R3/PDFs/S149.pdf
S149,BI-UB,BI,UB,-0.317,254.0,latest_human_R3_(합의) CORRELATIONS,false,false,false,true,true,true,ok,true,/Users/newhosung/Library/CloudStorage/OneDrive-SharedLibraries-ThePennsylvaniaStateUniversity/AI Adoption Meta Analysis - Documents/Meta/AI Adoption/R3/PDFs/S149.pdf
S149,EE-PE,EE,PE,0.512,254.0,latest_human_R3_(합의) CORRELATIONS,false,false,false,true,true,true,ok,true,/Users/newhosung/Library/CloudStorage/OneDrive-SharedLibraries-ThePennsylvaniaStateUniversity/AI Adoption Meta Analysis - Documents/Meta/AI Adoption/R3/PDFs/S149.pdf
S157,BI-EE,BI,EE,0.34,633.0,latest_human_R3_(합의) CORRELATIONS,false,false,false,true,false,true,ok,true,/Users/newhosung/Library/CloudStorage/OneDrive-SharedLibraries-ThePennsylvaniaStateUniversity/AI Adoption Meta Analysis - Documents/Meta/AI Adoption/PDFs/S157.pdf
S157,BI-FC,BI,FC,0.35,633.0,latest_human_R3_(합의) CORRELATIONS,false,false,false,true,false,true,ok,true,/Users/newhosung/Library/CloudStorage/OneDrive-SharedLibraries-ThePennsylvaniaStateUniversity/AI Adoption Meta Analysis - Documents/Meta/AI Adoption/PDFs/S157.pdf
S157,BI-PE,BI,PE,0.37,633.0,latest_human_R3_(합의) CORRELATIONS,false,false,false,true,false,true,ok,true,/Users/newhosung/Library/CloudStorage/OneDrive-SharedLibraries-ThePennsylvaniaStateUniversity/AI Adoption Meta Analysis - Documents/Meta/AI Adoption/PDFs/S157.pdf
S157,BI-SE,BI,SE,0.27,633.0,latest_human_R3_(합의) CORRELATIONS,false,false,false,true,false,true,ok,true,/Users/newhosung/Library/CloudStorage/OneDrive-SharedLibraries-ThePennsylvaniaStateUniversity/AI Adoption Meta Analysis - Documents/Meta/AI Adoption/PDFs/S157.pdf
S157,BI-SI,BI,SI,0.36,633.0,latest_human_R3_(합의) CORRELATIONS,false,false,false,true,false,true,ok,true,/Users/newhosung/Library/CloudStorage/OneDrive-SharedLibraries-ThePennsylvaniaStateUniversity/AI Adoption Meta Analysis - Documents/Meta/AI Adoption/PDFs/S157.pdf
S157,BI-UB,BI,UB,0.61,633.0,latest_human_R3_(합의) CORRELATIONS,false,false,false,true,false,true,ok,true,/Users/newhosung/Library/CloudStorage/OneDrive-SharedLibraries-ThePennsylvaniaStateUniversity/AI Adoption Meta Analysis - Documents/Meta/AI Adoption/PDFs/S157.pdf
S157,EE-FC,EE,FC,0.19,633.0,latest_human_R3_(합의) CORRELATIONS,false,false,false,true,false,true,ok,true,/Users/newhosung/Library/CloudStorage/OneDrive-SharedLibraries-ThePennsylvaniaStateUniversity/AI Adoption Meta Analysis - Documents/Meta/AI Adoption/PDFs/S157.pdf
S157,EE-PE,EE,PE,0.16,633.0,latest_human_R3_(합의) CORRELATIONS,false,false,false,true,false,true,ok,true,/Users/newhosung/Library/CloudStorage/OneDrive-SharedLibraries-ThePennsylvaniaStateUniversity/AI Adoption Meta Analysis - Documents/Meta/AI Adoption/PDFs/S157.pdf
S157,EE-SE,EE,SE,0.17,633.0,latest_human_R3_(합의) CORRELATIONS,false,false,false,true,false,true,ok,true,/Users/newhosung/Library/CloudStorage/OneDrive-SharedLibraries-ThePennsylvaniaStateUniversity/AI Adoption Meta Analysis - Documents/Meta/AI Adoption/PDFs/S157.pdf
S157,EE-SI,EE,SI,0.16,633.0,latest_human_R3_(합의) CORRELATIONS,false,false,false,true,false,true,ok,true,/Users/newhosung/Library/CloudStorage/OneDrive-SharedLibraries-ThePennsylvaniaStateUniversity/AI Adoption Meta Analysis - Documents/Meta/AI Adoption/PDFs/S157.pdf
S157,EE-UB,EE,UB,0.27,633.0,latest_human_R3_(합의) CORRELATIONS,false,false,false,true,false,true,ok,true,/Users/newhosung/Library/CloudStorage/OneDrive-SharedLibraries-ThePennsylvaniaStateUniversity/AI Adoption Meta Analysis - Documents/Meta/AI Adoption/PDFs/S157.pdf
S157,FC-PE,FC,PE,0.27,633.0,latest_human_R3_(합의) CORRELATIONS,false,false,false,true,false,true,ok,true,/Users/newhosung/Library/CloudStorage/OneDrive-SharedLibraries-ThePennsylvaniaStateUniversity/AI Adoption Meta Analysis - Documents/Meta/AI Adoption/PDFs/S157.pdf
S157,FC-SE,FC,SE,0.2,633.0,latest_human_R3_(합의) CORRELATIONS,false,false,false,true,false,true,ok,true,/Users/newhosung/Library/CloudStorage/OneDrive-SharedLibraries-ThePennsylvaniaStateUniversity/AI Adoption Meta Analysis - Documents/Meta/AI Adoption/PDFs/S157.pdf
S157,FC-SI,FC,SI,0.17,633.0,latest_human_R3_(합의) CORRELATIONS,false,false,false,true,false,true,ok,true,/Users/newhosung/Library/CloudStorage/OneDrive-SharedLibraries-ThePennsylvaniaStateUniversity/AI Adoption Meta Analysis - Documents/Meta/AI Adoption/PDFs/S157.pdf
S157,FC-UB,FC,UB,0.4,633.0,latest_human_R3_(합의) CORRELATIONS,false,false,false,true,false,true,ok,true,/Users/newhosung/Library/CloudStorage/OneDrive-SharedLibraries-ThePennsylvaniaStateUniversity/AI Adoption Meta Analysis - Documents/Meta/AI Adoption/PDFs/S157.pdf
S157,PE-SE,PE,SE,0.16,633.0,latest_human_R3_(합의) CORRELATIONS,false,false,false,true,false,true,ok,true,/Users/newhosung/Library/CloudStorage/OneDrive-SharedLibraries-ThePennsylvaniaStateUniversity/AI Adoption Meta Analysis - Documents/Meta/AI Adoption/PDFs/S157.pdf
S157,PE-SI,PE,SI,0.21,633.0,latest_human_R3_(합의) CORRELATIONS,false,false,false,true,false,true,ok,true,/Users/newhosung/Library/CloudStorage/OneDrive-SharedLibraries-ThePennsylvaniaStateUniversity/AI Adoption Meta Analysis - Documents/Meta/AI Adoption/PDFs/S157.pdf
S157,PE-UB,PE,UB,0.23,633.0,latest_human_R3_(합의) CORRELATIONS,false,false,false,true,false,true,ok,true,/Users/newhosung/Library/CloudStorage/OneDrive-SharedLibraries-ThePennsylvaniaStateUniversity/AI Adoption Meta Analysis - Documents/Meta/AI Adoption/PDFs/S157.pdf
S157,SE-SI,SE,SI,0.12,633.0,latest_human_R3_(합의) CORRELATIONS,false,false,false,true,false,true,ok,true,/Users/newhosung/Library/CloudStorage/OneDrive-SharedLibraries-ThePennsylvaniaStateUniversity/AI Adoption Meta Analysis - Documents/Meta/AI Adoption/PDFs/S157.pdf
S157,SE-UB,SE,UB,0.61,633.0,latest_human_R3_(합의) CORRELATIONS,false,false,false,true,false,true,ok,true,/Users/newhosung/Library/CloudStorage/OneDrive-SharedLibraries-ThePennsylvaniaStateUniversity/AI Adoption Meta Analysis - Documents/Meta/AI Adoption/PDFs/S157.pdf
S157,SI-UB,SI,UB,0.24,633.0,latest_human_R3_(합의) CORRELATIONS,false,false,false,true,false,true,ok,true,/Users/newhosung/Library/CloudStorage/OneDrive-SharedLibraries-ThePennsylvaniaStateUniversity/AI Adoption Meta Analysis - Documents/Meta/AI Adoption/PDFs/S157.pdf
S025,BI-EE,BI,EE,0.506,361.0,latest_human_R3_(합의) CORRELATIONS,true,false,false,true,true,true,ok,true,/Users/newhosung/Library/CloudStorage/OneDrive-SharedLibraries-ThePennsylvaniaStateUniversity/AI Adoption Meta Analysis - Documents/Meta/AI Adoption/PDFs/S025.pdf
S025,BI-FC,BI,FC,0.436,361.0,latest_human_R3_(합의) CORRELATIONS,false,false,false,true,true,true,ok,true,/Users/newhosung/Library/CloudStorage/OneDrive-SharedLibraries-ThePennsylvaniaStateUniversity/AI Adoption Meta Analysis - Documents/Meta/AI Adoption/PDFs/S025.pdf
S025,BI-PE,BI,PE,0.849,361.0,latest_human_R3_(합의) CORRELATIONS,false,false,false,true,true,true,ok,true,/Users/newhosung/Library/CloudStorage/OneDrive-SharedLibraries-ThePennsylvaniaStateUniversity/AI Adoption Meta Analysis - Documents/Meta/AI Adoption/PDFs/S025.pdf
S025,BI-SE,BI,SE,0.036,361.0,latest_human_R3_(합의) CORRELATIONS,false,false,false,true,true,true,ok,true,/Users/newhosung/Library/CloudStorage/OneDrive-SharedLibraries-ThePennsylvaniaStateUniversity/AI Adoption Meta Analysis - Documents/Meta/AI Adoption/PDFs/S025.pdf
S025,BI-SI,BI,SI,-0.187,361.0,latest_human_R3_(합의) CORRELATIONS,false,false,false,true,false,true,ok,false,/Users/newhosung/Library/CloudStorage/OneDrive-SharedLibraries-ThePennsylvaniaStateUniversity/AI Adoption Meta Analysis - Documents/Meta/AI Adoption/PDFs/S025.pdf
S025,BI-UB,BI,UB,0.652,361.0,latest_human_R3_(합의) CORRELATIONS,false,false,false,true,true,true,ok,true,/Users/newhosung/Library/CloudStorage/OneDrive-SharedLibraries-ThePennsylvaniaStateUniversity/AI Adoption Meta Analysis - Documents/Meta/AI Adoption/PDFs/S025.pdf
S025,EE-FC,EE,FC,0.427,361.0,latest_human_R3_(합의) CORRELATIONS,false,false,false,true,true,true,ok,true,/Users/newhosung/Library/CloudStorage/OneDrive-SharedLibraries-ThePennsylvaniaStateUniversity/AI Adoption Meta Analysis - Documents/Meta/AI Adoption/PDFs/S025.pdf
S025,EE-PE,EE,PE,0.355,361.0,latest_human_R3_(합의) CORRELATIONS,false,false,false,true,true,true,ok,true,/Users/newhosung/Library/CloudStorage/OneDrive-SharedLibraries-ThePennsylvaniaStateUniversity/AI Adoption Meta Analysis - Documents/Meta/AI Adoption/PDFs/S025.pdf
S025,EE-SE,EE,SE,0.121,361.0,latest_human_R3_(합의) CORRELATIONS,false,false,false,true,true,true,ok,true,/Users/newhosung/Library/CloudStorage/OneDrive-SharedLibraries-ThePennsylvaniaStateUniversity/AI Adoption Meta Analysis - Documents/Meta/AI Adoption/PDFs/S025.pdf
S025,EE-SI,EE,SI,0.118,361.0,latest_human_R3_(합의) CORRELATIONS,false,false,false,true,true,true,ok,true,/Users/newhosung/Library/CloudStorage/OneDrive-SharedLibraries-ThePennsylvaniaStateUniversity/AI Adoption Meta Analysis - Documents/Meta/AI Adoption/PDFs/S025.pdf
S025,EE-UB,EE,UB,0.58,361.0,latest_human_R3_(합의) CORRELATIONS,false,false,false,true,true,true,ok,true,/Users/newhosung/Library/CloudStorage/OneDrive-SharedLibraries-ThePennsylvaniaStateUniversity/AI Adoption Meta Analysis - Documents/Meta/AI Adoption/PDFs/S025.pdf
S025,FC-PE,FC,PE,0.391,361.0,latest_human_R3_(합의) CORRELATIONS,false,false,false,true,true,true,ok,true,/Users/newhosung/Library/CloudStorage/OneDrive-SharedLibraries-ThePennsylvaniaStateUniversity/AI Adoption Meta Analysis - Documents/Meta/AI Adoption/PDFs/S025.pdf
S025,FC-SE,FC,SE,0.104,361.0,latest_human_R3_(합의) CORRELATIONS,false,false,false,true,true,true,ok,true,/Users/newhosung/Library/CloudStorage/OneDrive-SharedLibraries-ThePennsylvaniaStateUniversity/AI Adoption Meta Analysis - Documents/Meta/AI Adoption/PDFs/S025.pdf
S025,FC-SI,FC,SI,0.215,361.0,latest_human_R3_(합의) CORRELATIONS,false,false,false,true,true,true,ok,true,/Users/newhosung/Library/CloudStorage/OneDrive-SharedLibraries-ThePennsylvaniaStateUniversity/AI Adoption Meta Analysis - Documents/Meta/AI Adoption/PDFs/S025.pdf
S025,FC-UB,FC,UB,0.503,361.0,latest_human_R3_(합의) CORRELATIONS,false,false,false,true,true,true,ok,true,/Users/newhosung/Library/CloudStorage/OneDrive-SharedLibraries-ThePennsylvaniaStateUniversity/AI Adoption Meta Analysis - Documents/Meta/AI Adoption/PDFs/S025.pdf
S025,PE-SE,PE,SE,0.072,361.0,latest_human_R3_(합의) CORRELATIONS,false,false,false,true,true,true,ok,true,/Users/newhosung/Library/CloudStorage/OneDrive-SharedLibraries-ThePennsylvaniaStateUniversity/AI Adoption Meta Analysis - Documents/Meta/AI Adoption/PDFs/S025.pdf
S025,PE-SI,PE,SI,0.065,361.0,latest_human_R3_(합의) CORRELATIONS,false,false,false,true,true,true,ok,true,/Users/newhosung/Library/CloudStorage/OneDrive-SharedLibraries-ThePennsylvaniaStateUniversity/AI Adoption Meta Analysis - Documents/Meta/AI Adoption/PDFs/S025.pdf
S025,PE-UB,PE,UB,0.532,361.0,latest_human_R3_(합의) CORRELATIONS,false,false,false,true,true,true,ok,true,/Users/newhosung/Library/CloudStorage/OneDrive-SharedLibraries-ThePennsylvaniaStateUniversity/AI Adoption Meta Analysis - Documents/Meta/AI Adoption/PDFs/S025.pdf
S025,SE-SI,SE,SI,0.11,361.0,latest_human_R3_(합의) CORRELATIONS,false,false,false,true,true,true,ok,true,/Users/newhosung/Library/CloudStorage/OneDrive-SharedLibraries-ThePennsylvaniaStateUniversity/AI Adoption Meta Analysis - Documents/Meta/AI Adoption/PDFs/S025.pdf
S025,SE-UB,SE,UB,0.073,361.0,latest_human_R3_(합의) CORRELATIONS,false,false,false,true,true,true,ok,true,/Users/newhosung/Library/CloudStorage/OneDrive-SharedLibraries-ThePennsylvaniaStateUniversity/AI Adoption Meta Analysis - Documents/Meta/AI Adoption/PDFs/S025.pdf
S025,SI-UB,SI,UB,0.147,361.0,latest_human_R3_(합의) CORRELATIONS,false,false,false,true,true,true,ok,true,/Users/newhosung/Library/CloudStorage/OneDrive-SharedLibraries-ThePennsylvaniaStateUniversity/AI Adoption Meta Analysis - Documents/Meta/AI Adoption/PDFs/S025.pdf
S114,BI-EE,BI,EE,0.611,255.0,latest_human_R3_(합의) CORRELATIONS,true,false,false,true,true,true,ok,true,/Users/newhosung/Library/CloudStorage/OneDrive-SharedLibraries-ThePennsylvaniaStateUniversity/AI Adoption Meta Analysis - Documents/Meta/AI Adoption/PDFs/S114.pdf
S114,BI-FC,BI,FC,0.536,255.0,latest_human_R3_(합의) CORRELATIONS,false,false,false,true,true,true,ok,true,/Users/newhosung/Library/CloudStorage/OneDrive-SharedLibraries-ThePennsylvaniaStateUniversity/AI Adoption Meta Analysis - Documents/Meta/AI Adoption/PDFs/S114.pdf
S114,BI-PE,BI,PE,0.583,255.0,latest_human_R3_(합의) CORRELATIONS,false,false,false,true,true,true,ok,true,/Users/newhosung/Library/CloudStorage/OneDrive-SharedLibraries-ThePennsylvaniaStateUniversity/AI Adoption Meta Analysis - Documents/Meta/AI Adoption/PDFs/S114.pdf
S114,BI-SI,BI,SI,0.816,255.0,latest_human_R3_(합의) CORRELATIONS,false,false,false,true,true,true,ok,true,/Users/newhosung/Library/CloudStorage/OneDrive-SharedLibraries-ThePennsylvaniaStateUniversity/AI Adoption Meta Analysis - Documents/Meta/AI Adoption/PDFs/S114.pdf
S114,BI-UB,BI,UB,0.777,255.0,latest_human_R3_(합의) CORRELATIONS,false,false,false,true,true,true,ok,true,/Users/newhosung/Library/CloudStorage/OneDrive-SharedLibraries-ThePennsylvaniaStateUniversity/AI Adoption Meta Analysis - Documents/Meta/AI Adoption/PDFs/S114.pdf
S114,EE-FC,EE,FC,0.228,255.0,latest_human_R3_(합의) CORRELATIONS,false,false,false,true,true,true,ok,true,/Users/newhosung/Library/CloudStorage/OneDrive-SharedLibraries-ThePennsylvaniaStateUniversity/AI Adoption Meta Analysis - Documents/Meta/AI Adoption/PDFs/S114.pdf
S114,EE-PE,EE,PE,0.363,255.0,latest_human_R3_(합의) CORRELATIONS,false,false,false,true,true,true,ok,true,/Users/newhosung/Library/CloudStorage/OneDrive-SharedLibraries-ThePennsylvaniaStateUniversity/AI Adoption Meta Analysis - Documents/Meta/AI Adoption/PDFs/S114.pdf
S114,EE-SI,EE,SI,0.486,255.0,latest_human_R3_(합의) CORRELATIONS,false,false,false,true,true,true,ok,true,/Users/newhosung/Library/CloudStorage/OneDrive-SharedLibraries-ThePennsylvaniaStateUniversity/AI Adoption Meta Analysis - Documents/Meta/AI Adoption/PDFs/S114.pdf
S114,EE-UB,EE,UB,0.561,255.0,latest_human_R3_(합의) CORRELATIONS,false,false,false,true,true,true,ok,true,/Users/newhosung/Library/CloudStorage/OneDrive-SharedLibraries-ThePennsylvaniaStateUniversity/AI Adoption Meta Analysis - Documents/Meta/AI Adoption/PDFs/S114.pdf
S114,FC-PE,FC,PE,0.554,255.0,latest_human_R3_(합의) CORRELATIONS,false,false,false,true,true,true,ok,true,/Users/newhosung/Library/CloudStorage/OneDrive-SharedLibraries-ThePennsylvaniaStateUniversity/AI Adoption Meta Analysis - Documents/Meta/AI Adoption/PDFs/S114.pdf
S114,FC-SI,FC,SI,0.59,255.0,latest_human_R3_(합의) CORRELATIONS,false,false,false,true,true,true,ok,true,/Users/newhosung/Library/CloudStorage/OneDrive-SharedLibraries-ThePennsylvaniaStateUniversity/AI Adoption Meta Analysis - Documents/Meta/AI Adoption/PDFs/S114.pdf
S114,FC-UB,FC,UB,0.549,255.0,latest_human_R3_(합의) CORRELATIONS,false,false,false,true,true,true,ok,true,/Users/newhosung/Library/CloudStorage/OneDrive-SharedLibraries-ThePennsylvaniaStateUniversity/AI Adoption Meta Analysis - Documents/Meta/AI Adoption/PDFs/S114.pdf
S114,PE-SI,PE,SI,0.583,255.0,latest_human_R3_(합의) CORRELATIONS,false,false,false,true,true,true,ok,true,/Users/newhosung/Library/CloudStorage/OneDrive-SharedLibraries-ThePennsylvaniaStateUniversity/AI Adoption Meta Analysis - Documents/Meta/AI Adoption/PDFs/S114.pdf
S114,PE-UB,PE,UB,0.583,255.0,latest_human_R3_(합의) CORRELATIONS,false,false,false,true,true,true,ok,true,/Users/newhosung/Library/CloudStorage/OneDrive-SharedLibraries-ThePennsylvaniaStateUniversity/AI Adoption Meta Analysis - Documents/Meta/AI Adoption/PDFs/S114.pdf
S114,SI-UB,SI,UB,0.783,255.0,latest_human_R3_(합의) CORRELATIONS,false,false,false,true,true,true,ok,true,/Users/newhosung/Library/CloudStorage/OneDrive-SharedLibraries-ThePennsylvaniaStateUniversity/AI Adoption Meta Analysis - Documents/Meta/AI Adoption/PDFs/S114.pdf
S098,PE-SE,PE,SE,0.708,482.0,latest_human_R3_(합의) CORRELATIONS,true,false,false,true,false,true,ok,true,/Users/newhosung/Library/CloudStorage/OneDrive-SharedLibraries-ThePennsylvaniaStateUniversity/AI Adoption Meta Analysis - Documents/Meta/AI Adoption/PDFs/S098.pdf
S098,PE-SI,PE,SI,0.681,482.0,latest_human_R3_(합의) CORRELATIONS,true,false,false,true,false,true,ok,true,/Users/newhosung/Library/CloudStorage/OneDrive-SharedLibraries-ThePennsylvaniaStateUniversity/AI Adoption Meta Analysis - Documents/Meta/AI Adoption/PDFs/S098.pdf
S098,SE-SI,SE,SI,0.625,482.0,latest_human_R3_(합의) CORRELATIONS,true,false,false,true,false,true,ok,true,/Users/newhosung/Library/CloudStorage/OneDrive-SharedLibraries-ThePennsylvaniaStateUniversity/AI Adoption Meta Analysis - Documents/Meta/AI Adoption/PDFs/S098.pdf
S008,ATT-BI,ATT,BI,0.067,289.0,latest_human_R3_(합의) CORRELATIONS,true,false,false,true,false,true,ok,true,/Users/newhosung/Library/CloudStorage/OneDrive-SharedLibraries-ThePennsylvaniaStateUniversity/AI Adoption Meta Analysis - Documents/Meta/AI Adoption/PDFs/S008.pdf
S008,ATT-EE,ATT,EE,0.107,289.0,latest_human_R3_(합의) CORRELATIONS,false,false,false,true,false,true,ok,true,/Users/newhosung/Library/CloudStorage/OneDrive-SharedLibraries-ThePennsylvaniaStateUniversity/AI Adoption Meta Analysis - Documents/Meta/AI Adoption/PDFs/S008.pdf
S008,ATT-FC,ATT,FC,0.139,289.0,latest_human_R3_(합의) CORRELATIONS,false,false,false,true,false,true,ok,true,/Users/newhosung/Library/CloudStorage/OneDrive-SharedLibraries-ThePennsylvaniaStateUniversity/AI Adoption Meta Analysis - Documents/Meta/AI Adoption/PDFs/S008.pdf
S008,ATT-PE,ATT,PE,0.198,289.0,latest_human_R3_(합의) CORRELATIONS,false,false,false,true,false,true,ok,true,/Users/newhosung/Library/CloudStorage/OneDrive-SharedLibraries-ThePennsylvaniaStateUniversity/AI Adoption Meta Analysis - Documents/Meta/AI Adoption/PDFs/S008.pdf
S008,ATT-SI,ATT,SI,0.219,289.0,latest_human_R3_(합의) CORRELATIONS,false,false,false,true,false,true,ok,true,/Users/newhosung/Library/CloudStorage/OneDrive-SharedLibraries-ThePennsylvaniaStateUniversity/AI Adoption Meta Analysis - Documents/Meta/AI Adoption/PDFs/S008.pdf
S008,BI-EE,BI,EE,0.09,289.0,latest_human_R3_(합의) CORRELATIONS,false,false,false,true,false,true,ok,true,/Users/newhosung/Library/CloudStorage/OneDrive-SharedLibraries-ThePennsylvaniaStateUniversity/AI Adoption Meta Analysis - Documents/Meta/AI Adoption/PDFs/S008.pdf
S008,BI-FC,BI,FC,0.112,289.0,latest_human_R3_(합의) CORRELATIONS,false,false,false,true,false,true,ok,true,/Users/newhosung/Library/CloudStorage/OneDrive-SharedLibraries-ThePennsylvaniaStateUniversity/AI Adoption Meta Analysis - Documents/Meta/AI Adoption/PDFs/S008.pdf
S008,BI-PE,BI,PE,0.467,289.0,latest_human_R3_(합의) CORRELATIONS,false,false,false,true,false,true,ok,true,/Users/newhosung/Library/CloudStorage/OneDrive-SharedLibraries-ThePennsylvaniaStateUniversity/AI Adoption Meta Analysis - Documents/Meta/AI Adoption/PDFs/S008.pdf
S008,BI-SI,BI,SI,0.512,289.0,latest_human_R3_(합의) CORRELATIONS,false,false,false,true,false,true,ok,true,/Users/newhosung/Library/CloudStorage/OneDrive-SharedLibraries-ThePennsylvaniaStateUniversity/AI Adoption Meta Analysis - Documents/Meta/AI Adoption/PDFs/S008.pdf
S008,EE-FC,EE,FC,0.008,289.0,latest_human_R3_(합의) CORRELATIONS,false,false,false,true,false,true,ok,true,/Users/newhosung/Library/CloudStorage/OneDrive-SharedLibraries-ThePennsylvaniaStateUniversity/AI Adoption Meta Analysis - Documents/Meta/AI Adoption/PDFs/S008.pdf
S008,EE-PE,EE,PE,0.164,289.0,latest_human_R3_(합의) CORRELATIONS,false,false,false,true,false,true,ok,true,/Users/newhosung/Library/CloudStorage/OneDrive-SharedLibraries-ThePennsylvaniaStateUniversity/AI Adoption Meta Analysis - Documents/Meta/AI Adoption/PDFs/S008.pdf
S008,EE-SI,EE,SI,0.55,289.0,latest_human_R3_(합의) CORRELATIONS,false,false,false,true,false,true,ok,true,/Users/newhosung/Library/CloudStorage/OneDrive-SharedLibraries-ThePennsylvaniaStateUniversity/AI Adoption Meta Analysis - Documents/Meta/AI Adoption/PDFs/S008.pdf
S008,FC-PE,FC,PE,0.091,289.0,latest_human_R3_(합의) CORRELATIONS,false,false,false,true,false,true,ok,true,/Users/newhosung/Library/CloudStorage/OneDrive-SharedLibraries-ThePennsylvaniaStateUniversity/AI Adoption Meta Analysis - Documents/Meta/AI Adoption/PDFs/S008.pdf
S008,FC-SI,FC,SI,0.017,289.0,latest_human_R3_(합의) CORRELATIONS,false,false,false,true,false,true,ok,true,/Users/newhosung/Library/CloudStorage/OneDrive-SharedLibraries-ThePennsylvaniaStateUniversity/AI Adoption Meta Analysis - Documents/Meta/AI Adoption/PDFs/S008.pdf
S008,PE-SI,PE,SI,0.446,289.0,latest_human_R3_(합의) CORRELATIONS,false,false,false,true,false,true,ok,true,/Users/newhosung/Library/CloudStorage/OneDrive-SharedLibraries-ThePennsylvaniaStateUniversity/AI Adoption Meta Analysis - Documents/Meta/AI Adoption/PDFs/S008.pdf
S083,ATT-BI,ATT,BI,0.584,425.0,latest_human_R3_(합의) CORRELATIONS,false,false,false,true,true,true,ok,true,/Users/newhosung/Library/CloudStorage/OneDrive-SharedLibraries-ThePennsylvaniaStateUniversity/AI Adoption Meta Analysis - Documents/Meta/AI Adoption/PDFs/S083.pdf
S083,ATT-EE,ATT,EE,0.412,425.0,latest_human_R3_(합의) CORRELATIONS,false,false,false,true,true,true,ok,true,/Users/newhosung/Library/CloudStorage/OneDrive-SharedLibraries-ThePennsylvaniaStateUniversity/AI Adoption Meta Analysis - Documents/Meta/AI Adoption/PDFs/S083.pdf
S083,ATT-PE,ATT,PE,0.717,425.0,latest_human_R3_(합의) CORRELATIONS,false,false,false,true,true,true,ok,true,/Users/newhosung/Library/CloudStorage/OneDrive-SharedLibraries-ThePennsylvaniaStateUniversity/AI Adoption Meta Analysis - Documents/Meta/AI Adoption/PDFs/S083.pdf
S083,BI-EE,BI,EE,0.662,425.0,latest_human_R3_(합의) CORRELATIONS,false,false,false,true,true,true,ok,true,/Users/newhosung/Library/CloudStorage/OneDrive-SharedLibraries-ThePennsylvaniaStateUniversity/AI Adoption Meta Analysis - Documents/Meta/AI Adoption/PDFs/S083.pdf
S083,BI-PE,BI,PE,0.715,425.0,latest_human_R3_(합의) CORRELATIONS,false,false,false,true,true,true,ok,true,/Users/newhosung/Library/CloudStorage/OneDrive-SharedLibraries-ThePennsylvaniaStateUniversity/AI Adoption Meta Analysis - Documents/Meta/AI Adoption/PDFs/S083.pdf
S083,EE-PE,EE,PE,0.602,425.0,latest_human_R3_(합의) CORRELATIONS,false,false,false,true,true,true,ok,true,/Users/newhosung/Library/CloudStorage/OneDrive-SharedLibraries-ThePennsylvaniaStateUniversity/AI Adoption Meta Analysis - Documents/Meta/AI Adoption/PDFs/S083.pdf
S155,BI-EE,BI,EE,0.788,242.0,latest_human_R3_(합의) CORRELATIONS,true,false,false,true,true,true,ok,true,/Users/newhosung/Library/CloudStorage/OneDrive-SharedLibraries-ThePennsylvaniaStateUniversity/AI Adoption Meta Analysis - Documents/Meta/AI Adoption/PDFs/S155.pdf
S155,BI-PE,BI,PE,0.545,242.0,latest_human_R3_(합의) CORRELATIONS,false,false,false,true,true,true,ok,true,/Users/newhosung/Library/CloudStorage/OneDrive-SharedLibraries-ThePennsylvaniaStateUniversity/AI Adoption Meta Analysis - Documents/Meta/AI Adoption/PDFs/S155.pdf
S155,BI-TRU,BI,TRU,0.81,242.0,latest_human_R3_(합의) CORRELATIONS,false,false,false,true,true,true,ok,true,/Users/newhosung/Library/CloudStorage/OneDrive-SharedLibraries-ThePennsylvaniaStateUniversity/AI Adoption Meta Analysis - Documents/Meta/AI Adoption/PDFs/S155.pdf
S155,EE-PE,EE,PE,0.565,242.0,latest_human_R3_(합의) CORRELATIONS,false,false,false,true,true,true,ok,true,/Users/newhosung/Library/CloudStorage/OneDrive-SharedLibraries-ThePennsylvaniaStateUniversity/AI Adoption Meta Analysis - Documents/Meta/AI Adoption/PDFs/S155.pdf
S155,EE-TRU,EE,TRU,0.857,242.0,latest_human_R3_(합의) CORRELATIONS,false,false,false,true,true,true,ok,true,/Users/newhosung/Library/CloudStorage/OneDrive-SharedLibraries-ThePennsylvaniaStateUniversity/AI Adoption Meta Analysis - Documents/Meta/AI Adoption/PDFs/S155.pdf
S155,PE-TRU,PE,TRU,0.541,242.0,latest_human_R3_(합의) CORRELATIONS,false,false,false,true,true,true,ok,true,/Users/newhosung/Library/CloudStorage/OneDrive-SharedLibraries-ThePennsylvaniaStateUniversity/AI Adoption Meta Analysis - Documents/Meta/AI Adoption/PDFs/S155.pdf
S173,BI-EE,BI,EE,0.689,306.0,latest_human_R3_(합의) CORRELATIONS,true,false,false,true,true,true,ok,true,/Users/newhosung/Library/CloudStorage/OneDrive-SharedLibraries-ThePennsylvaniaStateUniversity/AI Adoption Meta Analysis - Documents/Meta/AI Adoption/PDFs/S173.pdf
S173,BI-FC,BI,FC,0.668,306.0,latest_human_R3_(합의) CORRELATIONS,false,false,false,true,true,true,ok,true,/Users/newhosung/Library/CloudStorage/OneDrive-SharedLibraries-ThePennsylvaniaStateUniversity/AI Adoption Meta Analysis - Documents/Meta/AI Adoption/PDFs/S173.pdf
S173,BI-PE,BI,PE,0.692,306.0,latest_human_R3_(합의) CORRELATIONS,false,false,false,true,true,true,ok,true,/Users/newhosung/Library/CloudStorage/OneDrive-SharedLibraries-ThePennsylvaniaStateUniversity/AI Adoption Meta Analysis - Documents/Meta/AI Adoption/PDFs/S173.pdf
S173,BI-SI,BI,SI,0.649,306.0,latest_human_R3_(합의) CORRELATIONS,false,false,false,true,true,true,ok,true,/Users/newhosung/Library/CloudStorage/OneDrive-SharedLibraries-ThePennsylvaniaStateUniversity/AI Adoption Meta Analysis - Documents/Meta/AI Adoption/PDFs/S173.pdf
S173,BI-TRU,BI,TRU,0.713,306.0,latest_human_R3_(합의) CORRELATIONS,false,false,false,true,true,true,ok,true,/Users/newhosung/Library/CloudStorage/OneDrive-SharedLibraries-ThePennsylvaniaStateUniversity/AI Adoption Meta Analysis - Documents/Meta/AI Adoption/PDFs/S173.pdf
S173,BI-UB,BI,UB,0.845,306.0,latest_human_R3_(합의) CORRELATIONS,false,false,false,true,true,true,ok,true,/Users/newhosung/Library/CloudStorage/OneDrive-SharedLibraries-ThePennsylvaniaStateUniversity/AI Adoption Meta Analysis - Documents/Meta/AI Adoption/PDFs/S173.pdf
S173,EE-FC,EE,FC,0.666,306.0,latest_human_R3_(합의) CORRELATIONS,false,false,false,true,true,true,ok,true,/Users/newhosung/Library/CloudStorage/OneDrive-SharedLibraries-ThePennsylvaniaStateUniversity/AI Adoption Meta Analysis - Documents/Meta/AI Adoption/PDFs/S173.pdf
S173,EE-PE,EE,PE,0.8,306.0,latest_human_R3_(합의) CORRELATIONS,false,false,false,true,true,true,ok,true,/Users/newhosung/Library/CloudStorage/OneDrive-SharedLibraries-ThePennsylvaniaStateUniversity/AI Adoption Meta Analysis - Documents/Meta/AI Adoption/PDFs/S173.pdf
S173,EE-SI,EE,SI,0.55,306.0,latest_human_R3_(합의) CORRELATIONS,false,false,false,true,true,true,ok,true,/Users/newhosung/Library/CloudStorage/OneDrive-SharedLibraries-ThePennsylvaniaStateUniversity/AI Adoption Meta Analysis - Documents/Meta/AI Adoption/PDFs/S173.pdf
S173,EE-TRU,EE,TRU,0.631,306.0,latest_human_R3_(합의) CORRELATIONS,false,false,false,true,true,true,ok,true,/Users/newhosung/Library/CloudStorage/OneDrive-SharedLibraries-ThePennsylvaniaStateUniversity/AI Adoption Meta Analysis - Documents/Meta/AI Adoption/PDFs/S173.pdf
S173,EE-UB,EE,UB,0.764,306.0,latest_human_R3_(합의) CORRELATIONS,false,false,false,true,true,true,ok,true,/Users/newhosung/Library/CloudStorage/OneDrive-SharedLibraries-ThePennsylvaniaStateUniversity/AI Adoption Meta Analysis - Documents/Meta/AI Adoption/PDFs/S173.pdf
S173,FC-PE,FC,PE,0.644,306.0,latest_human_R3_(합의) CORRELATIONS,false,false,false,true,true,true,ok,true,/Users/newhosung/Library/CloudStorage/OneDrive-SharedLibraries-ThePennsylvaniaStateUniversity/AI Adoption Meta Analysis - Documents/Meta/AI Adoption/PDFs/S173.pdf
S173,FC-SI,FC,SI,0.631,306.0,latest_human_R3_(합의) CORRELATIONS,false,false,false,true,true,true,ok,true,/Users/newhosung/Library/CloudStorage/OneDrive-SharedLibraries-ThePennsylvaniaStateUniversity/AI Adoption Meta Analysis - Documents/Meta/AI Adoption/PDFs/S173.pdf
S173,FC-TRU,FC,TRU,0.646,306.0,latest_human_R3_(합의) CORRELATIONS,false,false,false,true,true,true,ok,true,/Users/newhosung/Library/CloudStorage/OneDrive-SharedLibraries-ThePennsylvaniaStateUniversity/AI Adoption Meta Analysis - Documents/Meta/AI Adoption/PDFs/S173.pdf
S173,FC-UB,FC,UB,0.782,306.0,latest_human_R3_(합의) CORRELATIONS,false,false,false,true,true,true,ok,true,/Users/newhosung/Library/CloudStorage/OneDrive-SharedLibraries-ThePennsylvaniaStateUniversity/AI Adoption Meta Analysis - Documents/Meta/AI Adoption/PDFs/S173.pdf
S173,PE-SI,PE,SI,0.53,306.0,latest_human_R3_(합의) CORRELATIONS,false,false,false,true,true,true,ok,true,/Users/newhosung/Library/CloudStorage/OneDrive-SharedLibraries-ThePennsylvaniaStateUniversity/AI Adoption Meta Analysis - Documents/Meta/AI Adoption/PDFs/S173.pdf
S173,PE-TRU,PE,TRU,0.685,306.0,latest_human_R3_(합의) CORRELATIONS,false,false,false,true,true,true,ok,true,/Users/newhosung/Library/CloudStorage/OneDrive-SharedLibraries-ThePennsylvaniaStateUniversity/AI Adoption Meta Analysis - Documents/Meta/AI Adoption/PDFs/S173.pdf
S173,PE-UB,PE,UB,0.741,306.0,latest_human_R3_(합의) CORRELATIONS,false,false,false,true,true,true,ok,true,/Users/newhosung/Library/CloudStorage/OneDrive-SharedLibraries-ThePennsylvaniaStateUniversity/AI Adoption Meta Analysis - Documents/Meta/AI Adoption/PDFs/S173.pdf
S173,SI-TRU,SI,TRU,0.469,306.0,latest_human_R3_(합의) CORRELATIONS,false,false,false,true,true,true,ok,true,/Users/newhosung/Library/CloudStorage/OneDrive-SharedLibraries-ThePennsylvaniaStateUniversity/AI Adoption Meta Analysis - Documents/Meta/AI Adoption/PDFs/S173.pdf
S173,SI-UB,SI,UB,0.68,306.0,latest_human_R3_(합의) CORRELATIONS,false,false,false,true,true,true,ok,true,/Users/newhosung/Library/CloudStorage/OneDrive-SharedLibraries-ThePennsylvaniaStateUniversity/AI Adoption Meta Analysis - Documents/Meta/AI Adoption/PDFs/S173.pdf
S173,TRU-UB,TRU,UB,0.737,306.0,latest_human_R3_(합의) CORRELATIONS,false,false,false,true,true,true,ok,true,/Users/newhosung/Library/CloudStorage/OneDrive-SharedLibraries-ThePennsylvaniaStateUniversity/AI Adoption Meta Analysis - Documents/Meta/AI Adoption/PDFs/S173.pdf
S123,BI-EE,BI,EE,0.4,711.0,latest_human_R3_(합의) CORRELATIONS,false,false,false,true,true,true,ok,true,/Users/newhosung/Library/CloudStorage/OneDrive-SharedLibraries-ThePennsylvaniaStateUniversity/AI Adoption Meta Analysis - Documents/Meta/AI Adoption/PDFs/S123.pdf
S123,BI-PE,BI,PE,0.3,711.0,latest_human_R3_(합의) CORRELATIONS,false,false,false,true,true,true,ok,true,/Users/newhosung/Library/CloudStorage/OneDrive-SharedLibraries-ThePennsylvaniaStateUniversity/AI Adoption Meta Analysis - Documents/Meta/AI Adoption/PDFs/S123.pdf
S123,EE-PE,EE,PE,0.52,711.0,latest_human_R3_(합의) CORRELATIONS,false,false,false,true,true,true,ok,true,/Users/newhosung/Library/CloudStorage/OneDrive-SharedLibraries-ThePennsylvaniaStateUniversity/AI Adoption Meta Analysis - Documents/Meta/AI Adoption/PDFs/S123.pdf
S210,BI-EE,BI,EE,0.215,400.0,latest_human_R3_(합의) CORRELATIONS,true,false,false,true,true,true,ok,true,/Users/newhosung/Library/CloudStorage/OneDrive-SharedLibraries-ThePennsylvaniaStateUniversity/AI Adoption Meta Analysis - Documents/Meta/AI Adoption/PDFs/S210.pdf
S210,BI-PE,BI,PE,0.443,400.0,latest_human_R3_(합의) CORRELATIONS,false,false,false,true,true,true,ok,true,/Users/newhosung/Library/CloudStorage/OneDrive-SharedLibraries-ThePennsylvaniaStateUniversity/AI Adoption Meta Analysis - Documents/Meta/AI Adoption/PDFs/S210.pdf
S210,BI-SE,BI,SE,0.038,400.0,latest_human_R3_(합의) CORRELATIONS,false,false,false,true,true,true,ok,true,/Users/newhosung/Library/CloudStorage/OneDrive-SharedLibraries-ThePennsylvaniaStateUniversity/AI Adoption Meta Analysis - Documents/Meta/AI Adoption/PDFs/S210.pdf
S210,EE-PE,EE,PE,0.137,400.0,latest_human_R3_(합의) CORRELATIONS,false,false,false,true,true,true,ok,true,/Users/newhosung/Library/CloudStorage/OneDrive-SharedLibraries-ThePennsylvaniaStateUniversity/AI Adoption Meta Analysis - Documents/Meta/AI Adoption/PDFs/S210.pdf
S210,EE-SE,EE,SE,0.402,400.0,latest_human_R3_(합의) CORRELATIONS,false,false,false,true,true,true,ok,true,/Users/newhosung/Library/CloudStorage/OneDrive-SharedLibraries-ThePennsylvaniaStateUniversity/AI Adoption Meta Analysis - Documents/Meta/AI Adoption/PDFs/S210.pdf
S210,PE-SE,PE,SE,0.212,400.0,latest_human_R3_(합의) CORRELATIONS,false,false,false,true,true,true,ok,true,/Users/newhosung/Library/CloudStorage/OneDrive-SharedLibraries-ThePennsylvaniaStateUniversity/AI Adoption Meta Analysis - Documents/Meta/AI Adoption/PDFs/S210.pdf
S078,ATT-BI,ATT,BI,0.667,668.0,latest_human_R3_(합의) CORRELATIONS,false,false,false,true,true,true,ok,false,/Users/newhosung/Library/CloudStorage/OneDrive-SharedLibraries-ThePennsylvaniaStateUniversity/AI Adoption Meta Analysis - Documents/Meta/AI Adoption/PDFs/S078.pdf
S078,ATT-SE,ATT,SE,0.691,668.0,latest_human_R3_(합의) CORRELATIONS,false,false,false,true,true,true,ok,false,/Users/newhosung/Library/CloudStorage/OneDrive-SharedLibraries-ThePennsylvaniaStateUniversity/AI Adoption Meta Analysis - Documents/Meta/AI Adoption/PDFs/S078.pdf
S078,ATT-SI,ATT,SI,0.608,668.0,latest_human_R3_(합의) CORRELATIONS,false,false,false,true,false,true,ok,false,/Users/newhosung/Library/CloudStorage/OneDrive-SharedLibraries-ThePennsylvaniaStateUniversity/AI Adoption Meta Analysis - Documents/Meta/AI Adoption/PDFs/S078.pdf
S078,BI-SE,BI,SE,0.491,668.0,latest_human_R3_(합의) CORRELATIONS,false,false,false,true,false,true,ok,false,/Users/newhosung/Library/CloudStorage/OneDrive-SharedLibraries-ThePennsylvaniaStateUniversity/AI Adoption Meta Analysis - Documents/Meta/AI Adoption/PDFs/S078.pdf
S078,BI-SI,BI,SI,0.542,668.0,latest_human_R3_(합의) CORRELATIONS,false,false,false,true,false,true,ok,false,/Users/newhosung/Library/CloudStorage/OneDrive-SharedLibraries-ThePennsylvaniaStateUniversity/AI Adoption Meta Analysis - Documents/Meta/AI Adoption/PDFs/S078.pdf
S078,SE-SI,SE,SI,0.486,668.0,latest_human_R3_(합의) CORRELATIONS,false,false,false,true,false,true,ok,false,/Users/newhosung/Library/CloudStorage/OneDrive-SharedLibraries-ThePennsylvaniaStateUniversity/AI Adoption Meta Analysis - Documents/Meta/AI Adoption/PDFs/S078.pdf
S143,BI-EE,BI,EE,0.45,390.0,latest_human_R3_(합의) CORRELATIONS,false,false,false,true,true,true,ok,true,/Users/newhosung/Library/CloudStorage/OneDrive-SharedLibraries-ThePennsylvaniaStateUniversity/AI Adoption Meta Analysis - Documents/Meta/AI Adoption/PDFs/S143.pdf
S143,BI-FC,BI,FC,0.187,390.0,latest_human_R3_(합의) CORRELATIONS,false,false,false,true,true,true,ok,true,/Users/newhosung/Library/CloudStorage/OneDrive-SharedLibraries-ThePennsylvaniaStateUniversity/AI Adoption Meta Analysis - Documents/Meta/AI Adoption/PDFs/S143.pdf
S143,BI-PE,BI,PE,0.139,390.0,latest_human_R3_(합의) CORRELATIONS,false,false,false,true,true,true,ok,true,/Users/newhosung/Library/CloudStorage/OneDrive-SharedLibraries-ThePennsylvaniaStateUniversity/AI Adoption Meta Analysis - Documents/Meta/AI Adoption/PDFs/S143.pdf
S143,BI-SI,BI,SI,0.4,390.0,latest_human_R3_(합의) CORRELATIONS,false,false,false,true,true,true,ok,true,/Users/newhosung/Library/CloudStorage/OneDrive-SharedLibraries-ThePennsylvaniaStateUniversity/AI Adoption Meta Analysis - Documents/Meta/AI Adoption/PDFs/S143.pdf
S143,EE-FC,EE,FC,0.45,390.0,latest_human_R3_(합의) CORRELATIONS,false,false,false,true,true,true,ok,true,/Users/newhosung/Library/CloudStorage/OneDrive-SharedLibraries-ThePennsylvaniaStateUniversity/AI Adoption Meta Analysis - Documents/Meta/AI Adoption/PDFs/S143.pdf
S143,EE-PE,EE,PE,0.167,390.0,latest_human_R3_(합의) CORRELATIONS,false,false,false,true,false,true,ok,true,/Users/newhosung/Library/CloudStorage/OneDrive-SharedLibraries-ThePennsylvaniaStateUniversity/AI Adoption Meta Analysis - Documents/Meta/AI Adoption/PDFs/S143.pdf
S143,EE-SI,EE,SI,0.129,390.0,latest_human_R3_(합의) CORRELATIONS,false,false,false,true,false,true,ok,true,/Users/newhosung/Library/CloudStorage/OneDrive-SharedLibraries-ThePennsylvaniaStateUniversity/AI Adoption Meta Analysis - Documents/Meta/AI Adoption/PDFs/S143.pdf
S143,FC-PE,FC,PE,0.02,390.0,latest_human_R3_(합의) CORRELATIONS,false,false,false,true,false,true,ok,true,/Users/newhosung/Library/CloudStorage/OneDrive-SharedLibraries-ThePennsylvaniaStateUniversity/AI Adoption Meta Analysis - Documents/Meta/AI Adoption/PDFs/S143.pdf
S143,FC-SI,FC,SI,0.047,390.0,latest_human_R3_(합의) CORRELATIONS,false,false,false,true,true,true,ok,true,/Users/newhosung/Library/CloudStorage/OneDrive-SharedLibraries-ThePennsylvaniaStateUniversity/AI Adoption Meta Analysis - Documents/Meta/AI Adoption/PDFs/S143.pdf
S143,PE-SI,PE,SI,0.295,390.0,latest_human_R3_(합의) CORRELATIONS,false,false,false,true,false,true,ok,true,/Users/newhosung/Library/CloudStorage/OneDrive-SharedLibraries-ThePennsylvaniaStateUniversity/AI Adoption Meta Analysis - Documents/Meta/AI Adoption/PDFs/S143.pdf
S171,ATT-BI,ATT,BI,0.485,351.0,latest_human_R3_(합의) CORRELATIONS,true,false,false,true,true,true,ok,true,/Users/newhosung/Library/CloudStorage/OneDrive-SharedLibraries-ThePennsylvaniaStateUniversity/AI Adoption Meta Analysis - Documents/Meta/AI Adoption/PDFs/S171.pdf
S171,ATT-EE,ATT,EE,0.528,351.0,latest_human_R3_(합의) CORRELATIONS,false,false,false,true,true,true,ok,true,/Users/newhosung/Library/CloudStorage/OneDrive-SharedLibraries-ThePennsylvaniaStateUniversity/AI Adoption Meta Analysis - Documents/Meta/AI Adoption/PDFs/S171.pdf
S171,ATT-FC,ATT,FC,0.47,351.0,latest_human_R3_(합의) CORRELATIONS,false,false,false,true,true,true,ok,true,/Users/newhosung/Library/CloudStorage/OneDrive-SharedLibraries-ThePennsylvaniaStateUniversity/AI Adoption Meta Analysis - Documents/Meta/AI Adoption/PDFs/S171.pdf
S171,ATT-PE,ATT,PE,0.681,351.0,latest_human_R3_(합의) CORRELATIONS,false,false,false,true,true,true,ok,true,/Users/newhosung/Library/CloudStorage/OneDrive-SharedLibraries-ThePennsylvaniaStateUniversity/AI Adoption Meta Analysis - Documents/Meta/AI Adoption/PDFs/S171.pdf
S171,ATT-UB,ATT,UB,0.737,351.0,latest_human_R3_(합의) CORRELATIONS,false,false,false,true,true,true,ok,true,/Users/newhosung/Library/CloudStorage/OneDrive-SharedLibraries-ThePennsylvaniaStateUniversity/AI Adoption Meta Analysis - Documents/Meta/AI Adoption/PDFs/S171.pdf
S171,BI-EE,BI,EE,0.258,351.0,latest_human_R3_(합의) CORRELATIONS,false,false,false,true,true,true,ok,true,/Users/newhosung/Library/CloudStorage/OneDrive-SharedLibraries-ThePennsylvaniaStateUniversity/AI Adoption Meta Analysis - Documents/Meta/AI Adoption/PDFs/S171.pdf
S171,BI-FC,BI,FC,0.147,351.0,latest_human_R3_(합의) CORRELATIONS,false,false,false,true,true,true,ok,true,/Users/newhosung/Library/CloudStorage/OneDrive-SharedLibraries-ThePennsylvaniaStateUniversity/AI Adoption Meta Analysis - Documents/Meta/AI Adoption/PDFs/S171.pdf
S171,BI-PE,BI,PE,0.301,351.0,latest_human_R3_(합의) CORRELATIONS,false,false,false,true,true,true,ok,true,/Users/newhosung/Library/CloudStorage/OneDrive-SharedLibraries-ThePennsylvaniaStateUniversity/AI Adoption Meta Analysis - Documents/Meta/AI Adoption/PDFs/S171.pdf
S171,BI-UB,BI,UB,0.341,351.0,latest_human_R3_(합의) CORRELATIONS,false,false,false,true,true,true,ok,true,/Users/newhosung/Library/CloudStorage/OneDrive-SharedLibraries-ThePennsylvaniaStateUniversity/AI Adoption Meta Analysis - Documents/Meta/AI Adoption/PDFs/S171.pdf
S171,EE-FC,EE,FC,0.401,351.0,latest_human_R3_(합의) CORRELATIONS,false,false,false,true,true,true,ok,true,/Users/newhosung/Library/CloudStorage/OneDrive-SharedLibraries-ThePennsylvaniaStateUniversity/AI Adoption Meta Analysis - Documents/Meta/AI Adoption/PDFs/S171.pdf
S171,EE-PE,EE,PE,0.547,351.0,latest_human_R3_(합의) CORRELATIONS,false,false,false,true,true,true,ok,true,/Users/newhosung/Library/CloudStorage/OneDrive-SharedLibraries-ThePennsylvaniaStateUniversity/AI Adoption Meta Analysis - Documents/Meta/AI Adoption/PDFs/S171.pdf
S171,EE-UB,EE,UB,0.504,351.0,latest_human_R3_(합의) CORRELATIONS,false,false,false,true,true,true,ok,true,/Users/newhosung/Library/CloudStorage/OneDrive-SharedLibraries-ThePennsylvaniaStateUniversity/AI Adoption Meta Analysis - Documents/Meta/AI Adoption/PDFs/S171.pdf
S171,FC-PE,FC,PE,0.455,351.0,latest_human_R3_(합의) CORRELATIONS,false,false,false,true,true,true,ok,true,/Users/newhosung/Library/CloudStorage/OneDrive-SharedLibraries-ThePennsylvaniaStateUniversity/AI Adoption Meta Analysis - Documents/Meta/AI Adoption/PDFs/S171.pdf
S171,FC-UB,FC,UB,0.417,351.0,latest_human_R3_(합의) CORRELATIONS,false,false,false,true,true,true,ok,true,/Users/newhosung/Library/CloudStorage/OneDrive-SharedLibraries-ThePennsylvaniaStateUniversity/AI Adoption Meta Analysis - Documents/Meta/AI Adoption/PDFs/S171.pdf
S171,PE-UB,PE,UB,0.616,351.0,latest_human_R3_(합의) CORRELATIONS,false,false,false,true,true,true,ok,true,/Users/newhosung/Library/CloudStorage/OneDrive-SharedLibraries-ThePennsylvaniaStateUniversity/AI Adoption Meta Analysis - Documents/Meta/AI Adoption/PDFs/S171.pdf
S137,BI-EE,BI,EE,0.505,760.0,latest_human_R3_(합의) CORRELATIONS,true,false,false,true,true,true,ok,true,/Users/newhosung/Library/CloudStorage/OneDrive-SharedLibraries-ThePennsylvaniaStateUniversity/AI Adoption Meta Analysis - Documents/Meta/AI Adoption/PDFs/S137.pdf
S137,BI-FC,BI,FC,0.477,760.0,latest_human_R3_(합의) CORRELATIONS,false,false,false,true,true,true,ok,true,/Users/newhosung/Library/CloudStorage/OneDrive-SharedLibraries-ThePennsylvaniaStateUniversity/AI Adoption Meta Analysis - Documents/Meta/AI Adoption/PDFs/S137.pdf
S137,BI-PE,BI,PE,0.437,760.0,latest_human_R3_(합의) CORRELATIONS,false,false,false,true,true,true,ok,true,/Users/newhosung/Library/CloudStorage/OneDrive-SharedLibraries-ThePennsylvaniaStateUniversity/AI Adoption Meta Analysis - Documents/Meta/AI Adoption/PDFs/S137.pdf
S137,BI-SI,BI,SI,0.366,760.0,latest_human_R3_(합의) CORRELATIONS,false,false,false,true,true,true,ok,true,/Users/newhosung/Library/CloudStorage/OneDrive-SharedLibraries-ThePennsylvaniaStateUniversity/AI Adoption Meta Analysis - Documents/Meta/AI Adoption/PDFs/S137.pdf
S137,BI-UB,BI,UB,0.456,760.0,latest_human_R3_(합의) CORRELATIONS,false,false,false,true,true,true,ok,true,/Users/newhosung/Library/CloudStorage/OneDrive-SharedLibraries-ThePennsylvaniaStateUniversity/AI Adoption Meta Analysis - Documents/Meta/AI Adoption/PDFs/S137.pdf
S137,EE-FC,EE,FC,0.49,760.0,latest_human_R3_(합의) CORRELATIONS,false,false,false,true,true,true,ok,true,/Users/newhosung/Library/CloudStorage/OneDrive-SharedLibraries-ThePennsylvaniaStateUniversity/AI Adoption Meta Analysis - Documents/Meta/AI Adoption/PDFs/S137.pdf
S137,EE-PE,EE,PE,0.43,760.0,latest_human_R3_(합의) CORRELATIONS,false,false,false,true,true,true,ok,true,/Users/newhosung/Library/CloudStorage/OneDrive-SharedLibraries-ThePennsylvaniaStateUniversity/AI Adoption Meta Analysis - Documents/Meta/AI Adoption/PDFs/S137.pdf
S137,EE-SI,EE,SI,0.243,760.0,latest_human_R3_(합의) CORRELATIONS,false,false,false,true,true,true,ok,true,/Users/newhosung/Library/CloudStorage/OneDrive-SharedLibraries-ThePennsylvaniaStateUniversity/AI Adoption Meta Analysis - Documents/Meta/AI Adoption/PDFs/S137.pdf
S137,EE-UB,EE,UB,0.294,760.0,latest_human_R3_(합의) CORRELATIONS,false,false,false,true,true,true,ok,true,/Users/newhosung/Library/CloudStorage/OneDrive-SharedLibraries-ThePennsylvaniaStateUniversity/AI Adoption Meta Analysis - Documents/Meta/AI Adoption/PDFs/S137.pdf
S137,FC-PE,FC,PE,0.325,760.0,latest_human_R3_(합의) CORRELATIONS,false,false,false,true,true,true,ok,true,/Users/newhosung/Library/CloudStorage/OneDrive-SharedLibraries-ThePennsylvaniaStateUniversity/AI Adoption Meta Analysis - Documents/Meta/AI Adoption/PDFs/S137.pdf
S137,FC-SI,FC,SI,0.238,760.0,latest_human_R3_(합의) CORRELATIONS,false,false,false,true,true,true,ok,true,/Users/newhosung/Library/CloudStorage/OneDrive-SharedLibraries-ThePennsylvaniaStateUniversity/AI Adoption Meta Analysis - Documents/Meta/AI Adoption/PDFs/S137.pdf
S137,FC-UB,FC,UB,0.351,760.0,latest_human_R3_(합의) CORRELATIONS,false,false,false,true,true,true,ok,true,/Users/newhosung/Library/CloudStorage/OneDrive-SharedLibraries-ThePennsylvaniaStateUniversity/AI Adoption Meta Analysis - Documents/Meta/AI Adoption/PDFs/S137.pdf
S137,PE-SI,PE,SI,0.323,760.0,latest_human_R3_(합의) CORRELATIONS,false,false,false,true,true,true,ok,true,/Users/newhosung/Library/CloudStorage/OneDrive-SharedLibraries-ThePennsylvaniaStateUniversity/AI Adoption Meta Analysis - Documents/Meta/AI Adoption/PDFs/S137.pdf
S137,PE-UB,PE,UB,0.176,760.0,latest_human_R3_(합의) CORRELATIONS,false,false,false,true,true,true,ok,true,/Users/newhosung/Library/CloudStorage/OneDrive-SharedLibraries-ThePennsylvaniaStateUniversity/AI Adoption Meta Analysis - Documents/Meta/AI Adoption/PDFs/S137.pdf
S137,SI-UB,SI,UB,0.052,760.0,latest_human_R3_(합의) CORRELATIONS,false,false,false,true,true,true,ok,true,/Users/newhosung/Library/CloudStorage/OneDrive-SharedLibraries-ThePennsylvaniaStateUniversity/AI Adoption Meta Analysis - Documents/Meta/AI Adoption/PDFs/S137.pdf
S096,ANX-ATT,ANX,ATT,0.658,264.0,latest_human_R3_(합의) CORRELATIONS,false,false,false,true,true,true,ok,true,/Users/newhosung/Library/CloudStorage/OneDrive-SharedLibraries-ThePennsylvaniaStateUniversity/AI Adoption Meta Analysis - Documents/Meta/AI Adoption/PDFs/S096.pdf
S221,BI-EE,BI,EE,0.658,400.0,latest_human_R3_(합의) CORRELATIONS,true,false,false,true,true,true,ok,true,/Users/newhosung/Library/CloudStorage/OneDrive-SharedLibraries-ThePennsylvaniaStateUniversity/AI Adoption Meta Analysis - Documents/Meta/AI Adoption/PDFs/S221.pdf
S221,BI-FC,BI,FC,0.635,400.0,latest_human_R3_(합의) CORRELATIONS,false,false,false,true,true,true,ok,true,/Users/newhosung/Library/CloudStorage/OneDrive-SharedLibraries-ThePennsylvaniaStateUniversity/AI Adoption Meta Analysis - Documents/Meta/AI Adoption/PDFs/S221.pdf
S221,BI-PE,BI,PE,0.759,400.0,latest_human_R3_(합의) CORRELATIONS,false,false,false,true,true,true,ok,true,/Users/newhosung/Library/CloudStorage/OneDrive-SharedLibraries-ThePennsylvaniaStateUniversity/AI Adoption Meta Analysis - Documents/Meta/AI Adoption/PDFs/S221.pdf
S221,BI-SI,BI,SI,0.713,400.0,latest_human_R3_(합의) CORRELATIONS,false,false,false,true,true,true,ok,true,/Users/newhosung/Library/CloudStorage/OneDrive-SharedLibraries-ThePennsylvaniaStateUniversity/AI Adoption Meta Analysis - Documents/Meta/AI Adoption/PDFs/S221.pdf
S221,BI-UB,BI,UB,0.817,400.0,latest_human_R3_(합의) CORRELATIONS,false,false,false,true,true,true,ok,true,/Users/newhosung/Library/CloudStorage/OneDrive-SharedLibraries-ThePennsylvaniaStateUniversity/AI Adoption Meta Analysis - Documents/Meta/AI Adoption/PDFs/S221.pdf
S221,EE-FC,EE,FC,0.925,400.0,latest_human_R3_(합의) CORRELATIONS,false,false,false,true,true,true,ok,true,/Users/newhosung/Library/CloudStorage/OneDrive-SharedLibraries-ThePennsylvaniaStateUniversity/AI Adoption Meta Analysis - Documents/Meta/AI Adoption/PDFs/S221.pdf
S221,EE-PE,EE,PE,0.808,400.0,latest_human_R3_(합의) CORRELATIONS,false,false,false,true,true,true,ok,true,/Users/newhosung/Library/CloudStorage/OneDrive-SharedLibraries-ThePennsylvaniaStateUniversity/AI Adoption Meta Analysis - Documents/Meta/AI Adoption/PDFs/S221.pdf
S221,EE-SI,EE,SI,0.62,400.0,latest_human_R3_(합의) CORRELATIONS,false,false,false,true,true,true,ok,true,/Users/newhosung/Library/CloudStorage/OneDrive-SharedLibraries-ThePennsylvaniaStateUniversity/AI Adoption Meta Analysis - Documents/Meta/AI Adoption/PDFs/S221.pdf
S221,EE-UB,EE,UB,0.583,400.0,latest_human_R3_(합의) CORRELATIONS,false,false,false,true,true,true,ok,true,/Users/newhosung/Library/CloudStorage/OneDrive-SharedLibraries-ThePennsylvaniaStateUniversity/AI Adoption Meta Analysis - Documents/Meta/AI Adoption/PDFs/S221.pdf
S221,FC-PE,FC,PE,0.758,400.0,latest_human_R3_(합의) CORRELATIONS,false,false,false,true,true,true,ok,true,/Users/newhosung/Library/CloudStorage/OneDrive-SharedLibraries-ThePennsylvaniaStateUniversity/AI Adoption Meta Analysis - Documents/Meta/AI Adoption/PDFs/S221.pdf
S221,FC-SI,FC,SI,0.617,400.0,latest_human_R3_(합의) CORRELATIONS,false,false,false,true,true,true,ok,true,/Users/newhosung/Library/CloudStorage/OneDrive-SharedLibraries-ThePennsylvaniaStateUniversity/AI Adoption Meta Analysis - Documents/Meta/AI Adoption/PDFs/S221.pdf
S221,FC-UB,FC,UB,0.592,400.0,latest_human_R3_(합의) CORRELATIONS,false,false,false,true,true,true,ok,true,/Users/newhosung/Library/CloudStorage/OneDrive-SharedLibraries-ThePennsylvaniaStateUniversity/AI Adoption Meta Analysis - Documents/Meta/AI Adoption/PDFs/S221.pdf
S221,PE-SI,PE,SI,0.767,400.0,latest_human_R3_(합의) CORRELATIONS,false,false,false,true,true,true,ok,true,/Users/newhosung/Library/CloudStorage/OneDrive-SharedLibraries-ThePennsylvaniaStateUniversity/AI Adoption Meta Analysis - Documents/Meta/AI Adoption/PDFs/S221.pdf
S221,PE-UB,PE,UB,0.681,400.0,latest_human_R3_(합의) CORRELATIONS,false,false,false,true,true,true,ok,true,/Users/newhosung/Library/CloudStorage/OneDrive-SharedLibraries-ThePennsylvaniaStateUniversity/AI Adoption Meta Analysis - Documents/Meta/AI Adoption/PDFs/S221.pdf
S221,SI-UB,SI,UB,0.644,400.0,latest_human_R3_(합의) CORRELATIONS,false,false,false,true,true,true,ok,true,/Users/newhosung/Library/CloudStorage/OneDrive-SharedLibraries-ThePennsylvaniaStateUniversity/AI Adoption Meta Analysis - Documents/Meta/AI Adoption/PDFs/S221.pdf
S183,EE-FC,EE,FC,0.395,430.0,latest_human_R3_(합의) CORRELATIONS,true,false,false,true,true,true,ok,true,/Users/newhosung/Library/CloudStorage/OneDrive-SharedLibraries-ThePennsylvaniaStateUniversity/AI Adoption Meta Analysis - Documents/Meta/AI Adoption/PDFs/S183.pdf
S183,EE-PE,EE,PE,0.137,430.0,latest_human_R3_(합의) CORRELATIONS,true,false,false,true,true,true,ok,true,/Users/newhosung/Library/CloudStorage/OneDrive-SharedLibraries-ThePennsylvaniaStateUniversity/AI Adoption Meta Analysis - Documents/Meta/AI Adoption/PDFs/S183.pdf
S183,EE-SI,EE,SI,0.347,430.0,latest_human_R3_(합의) CORRELATIONS,true,false,false,true,true,true,ok,true,/Users/newhosung/Library/CloudStorage/OneDrive-SharedLibraries-ThePennsylvaniaStateUniversity/AI Adoption Meta Analysis - Documents/Meta/AI Adoption/PDFs/S183.pdf
S183,FC-PE,FC,PE,0.186,430.0,latest_human_R3_(합의) CORRELATIONS,true,false,false,true,true,true,ok,true,/Users/newhosung/Library/CloudStorage/OneDrive-SharedLibraries-ThePennsylvaniaStateUniversity/AI Adoption Meta Analysis - Documents/Meta/AI Adoption/PDFs/S183.pdf
S183,FC-SI,FC,SI,0.279,430.0,latest_human_R3_(합의) CORRELATIONS,true,false,false,true,true,true,ok,true,/Users/newhosung/Library/CloudStorage/OneDrive-SharedLibraries-ThePennsylvaniaStateUniversity/AI Adoption Meta Analysis - Documents/Meta/AI Adoption/PDFs/S183.pdf
S183,PE-SI,PE,SI,0.057,430.0,latest_human_R3_(합의) CORRELATIONS,true,false,false,true,true,true,ok,true,/Users/newhosung/Library/CloudStorage/OneDrive-SharedLibraries-ThePennsylvaniaStateUniversity/AI Adoption Meta Analysis - Documents/Meta/AI Adoption/PDFs/S183.pdf
S004,BI-EE,BI,EE,0.582,485.0,latest_human_R3_(합의) CORRELATIONS,true,false,false,true,true,true,ok,true,/Users/newhosung/Library/CloudStorage/OneDrive-SharedLibraries-ThePennsylvaniaStateUniversity/AI Adoption Meta Analysis - Documents/Meta/AI Adoption/PDFs/S004.pdf
S004,BI-FC,BI,FC,0.644,485.0,latest_human_R3_(합의) CORRELATIONS,false,false,false,true,true,true,ok,true,/Users/newhosung/Library/CloudStorage/OneDrive-SharedLibraries-ThePennsylvaniaStateUniversity/AI Adoption Meta Analysis - Documents/Meta/AI Adoption/PDFs/S004.pdf
S004,BI-PE,BI,PE,0.667,485.0,latest_human_R3_(합의) CORRELATIONS,false,false,false,true,true,true,ok,true,/Users/newhosung/Library/CloudStorage/OneDrive-SharedLibraries-ThePennsylvaniaStateUniversity/AI Adoption Meta Analysis - Documents/Meta/AI Adoption/PDFs/S004.pdf
S004,BI-SI,BI,SI,0.668,485.0,latest_human_R3_(합의) CORRELATIONS,false,false,false,true,true,true,ok,true,/Users/newhosung/Library/CloudStorage/OneDrive-SharedLibraries-ThePennsylvaniaStateUniversity/AI Adoption Meta Analysis - Documents/Meta/AI Adoption/PDFs/S004.pdf
S004,BI-TRU,BI,TRU,0.63,485.0,latest_human_R3_(합의) CORRELATIONS,false,false,false,true,true,true,ok,true,/Users/newhosung/Library/CloudStorage/OneDrive-SharedLibraries-ThePennsylvaniaStateUniversity/AI Adoption Meta Analysis - Documents/Meta/AI Adoption/PDFs/S004.pdf
S004,BI-UB,BI,UB,0.751,485.0,latest_human_R3_(합의) CORRELATIONS,false,false,false,true,true,true,ok,true,/Users/newhosung/Library/CloudStorage/OneDrive-SharedLibraries-ThePennsylvaniaStateUniversity/AI Adoption Meta Analysis - Documents/Meta/AI Adoption/PDFs/S004.pdf
S004,EE-FC,EE,FC,0.664,485.0,latest_human_R3_(합의) CORRELATIONS,false,false,false,true,true,true,ok,true,/Users/newhosung/Library/CloudStorage/OneDrive-SharedLibraries-ThePennsylvaniaStateUniversity/AI Adoption Meta Analysis - Documents/Meta/AI Adoption/PDFs/S004.pdf
S004,EE-PE,EE,PE,0.697,485.0,latest_human_R3_(합의) CORRELATIONS,false,false,false,true,true,true,ok,true,/Users/newhosung/Library/CloudStorage/OneDrive-SharedLibraries-ThePennsylvaniaStateUniversity/AI Adoption Meta Analysis - Documents/Meta/AI Adoption/PDFs/S004.pdf
S004,EE-SI,EE,SI,0.61,485.0,latest_human_R3_(합의) CORRELATIONS,false,false,false,true,true,true,ok,true,/Users/newhosung/Library/CloudStorage/OneDrive-SharedLibraries-ThePennsylvaniaStateUniversity/AI Adoption Meta Analysis - Documents/Meta/AI Adoption/PDFs/S004.pdf
S004,EE-TRU,EE,TRU,0.52,485.0,latest_human_R3_(합의) CORRELATIONS,false,false,false,true,true,true,ok,true,/Users/newhosung/Library/CloudStorage/OneDrive-SharedLibraries-ThePennsylvaniaStateUniversity/AI Adoption Meta Analysis - Documents/Meta/AI Adoption/PDFs/S004.pdf
S004,EE-UB,EE,UB,0.607,485.0,latest_human_R3_(합의) CORRELATIONS,false,false,false,true,true,true,ok,true,/Users/newhosung/Library/CloudStorage/OneDrive-SharedLibraries-ThePennsylvaniaStateUniversity/AI Adoption Meta Analysis - Documents/Meta/AI Adoption/PDFs/S004.pdf
S004,FC-PE,FC,PE,0.676,485.0,latest_human_R3_(합의) CORRELATIONS,false,false,false,true,true,true,ok,true,/Users/newhosung/Library/CloudStorage/OneDrive-SharedLibraries-ThePennsylvaniaStateUniversity/AI Adoption Meta Analysis - Documents/Meta/AI Adoption/PDFs/S004.pdf
S004,FC-SI,FC,SI,0.59,485.0,latest_human_R3_(합의) CORRELATIONS,false,false,false,true,true,true,ok,true,/Users/newhosung/Library/CloudStorage/OneDrive-SharedLibraries-ThePennsylvaniaStateUniversity/AI Adoption Meta Analysis - Documents/Meta/AI Adoption/PDFs/S004.pdf
S004,FC-TRU,FC,TRU,0.533,485.0,latest_human_R3_(합의) CORRELATIONS,false,false,false,true,true,true,ok,true,/Users/newhosung/Library/CloudStorage/OneDrive-SharedLibraries-ThePennsylvaniaStateUniversity/AI Adoption Meta Analysis - Documents/Meta/AI Adoption/PDFs/S004.pdf
S004,FC-UB,FC,UB,0.601,485.0,latest_human_R3_(합의) CORRELATIONS,false,false,false,true,true,true,ok,true,/Users/newhosung/Library/CloudStorage/OneDrive-SharedLibraries-ThePennsylvaniaStateUniversity/AI Adoption Meta Analysis - Documents/Meta/AI Adoption/PDFs/S004.pdf
S004,PE-SI,PE,SI,0.637,485.0,latest_human_R3_(합의) CORRELATIONS,false,false,false,true,true,true,ok,true,/Users/newhosung/Library/CloudStorage/OneDrive-SharedLibraries-ThePennsylvaniaStateUniversity/AI Adoption Meta Analysis - Documents/Meta/AI Adoption/PDFs/S004.pdf
S004,PE-TRU,PE,TRU,0.541,485.0,latest_human_R3_(합의) CORRELATIONS,false,false,false,true,true,true,ok,true,/Users/newhosung/Library/CloudStorage/OneDrive-SharedLibraries-ThePennsylvaniaStateUniversity/AI Adoption Meta Analysis - Documents/Meta/AI Adoption/PDFs/S004.pdf
S004,PE-UB,PE,UB,0.607,485.0,latest_human_R3_(합의) CORRELATIONS,false,false,false,true,true,true,ok,true,/Users/newhosung/Library/CloudStorage/OneDrive-SharedLibraries-ThePennsylvaniaStateUniversity/AI Adoption Meta Analysis - Documents/Meta/AI Adoption/PDFs/S004.pdf
S004,SI-TRU,SI,TRU,0.563,485.0,latest_human_R3_(합의) CORRELATIONS,false,false,false,true,true,true,ok,true,/Users/newhosung/Library/CloudStorage/OneDrive-SharedLibraries-ThePennsylvaniaStateUniversity/AI Adoption Meta Analysis - Documents/Meta/AI Adoption/PDFs/S004.pdf
S004,SI-UB,SI,UB,0.644,485.0,latest_human_R3_(합의) CORRELATIONS,false,false,false,true,true,true,ok,true,/Users/newhosung/Library/CloudStorage/OneDrive-SharedLibraries-ThePennsylvaniaStateUniversity/AI Adoption Meta Analysis - Documents/Meta/AI Adoption/PDFs/S004.pdf
S004,TRU-UB,TRU,UB,0.599,485.0,latest_human_R3_(합의) CORRELATIONS,false,false,false,true,true,true,ok,true,/Users/newhosung/Library/CloudStorage/OneDrive-SharedLibraries-ThePennsylvaniaStateUniversity/AI Adoption Meta Analysis - Documents/Meta/AI Adoption/PDFs/S004.pdf
S121-1,BI-EE,BI,EE,0.67,,latest_human_R3_(합의) CORRELATIONS,true,false,false,false,false,false,missing_pdf,false,
S121-1,BI-FC,BI,FC,0.59,,latest_human_R3_(합의) CORRELATIONS,false,false,false,false,false,false,missing_pdf,false,
S121-1,BI-PE,BI,PE,0.84,,latest_human_R3_(합의) CORRELATIONS,false,false,false,false,false,false,missing_pdf,false,
S121-1,BI-SI,BI,SI,0.66,,latest_human_R3_(합의) CORRELATIONS,false,false,false,false,false,false,missing_pdf,false,
S121-1,BI-TRU,BI,TRU,0.34,,latest_human_R3_(합의) CORRELATIONS,false,false,false,false,false,false,missing_pdf,false,
S121-1,BI-UB,BI,UB,0.58,,latest_human_R3_(합의) CORRELATIONS,false,false,false,false,false,false,missing_pdf,false,
S121-1,EE-FC,EE,FC,0.72,,latest_human_R3_(합의) CORRELATIONS,false,false,false,false,false,false,missing_pdf,false,
S121-1,EE-PE,EE,PE,0.62,,latest_human_R3_(합의) CORRELATIONS,false,false,false,false,false,false,missing_pdf,false,
S121-1,EE-SI,EE,SI,0.53,,latest_human_R3_(합의) CORRELATIONS,false,false,false,false,false,false,missing_pdf,false,
S121-1,EE-TRU,EE,TRU,0.22,,latest_human_R3_(합의) CORRELATIONS,false,false,false,false,false,false,missing_pdf,false,
S121-1,EE-UB,EE,UB,0.39,,latest_human_R3_(합의) CORRELATIONS,false,false,false,false,false,false,missing_pdf,false,
S121-1,FC-PE,FC,PE,0.53,,latest_human_R3_(합의) CORRELATIONS,false,false,false,false,false,false,missing_pdf,false,
S121-1,FC-SI,FC,SI,0.49,,latest_human_R3_(합의) CORRELATIONS,false,false,false,false,false,false,missing_pdf,false,
S121-1,FC-TRU,FC,TRU,0.16,,latest_human_R3_(합의) CORRELATIONS,false,false,false,false,false,false,missing_pdf,false,
S121-1,FC-UB,FC,UB,0.29,,latest_human_R3_(합의) CORRELATIONS,false,false,false,false,false,false,missing_pdf,false,
S121-1,PE-SI,PE,SI,0.64,,latest_human_R3_(합의) CORRELATIONS,false,false,false,false,false,false,missing_pdf,false,
S121-1,PE-TRU,PE,TRU,0.36,,latest_human_R3_(합의) CORRELATIONS,false,false,false,false,false,false,missing_pdf,false,
S121-1,PE-UB,PE,UB,0.47,,latest_human_R3_(합의) CORRELATIONS,false,false,false,false,false,false,missing_pdf,false,
S121-1,SI-TRU,SI,TRU,0.23,,latest_human_R3_(합의) CORRELATIONS,false,false,false,false,false,false,missing_pdf,false,
S121-1,SI-UB,SI,UB,0.32,,latest_human_R3_(합의) CORRELATIONS,false,false,false,false,false,false,missing_pdf,false,
S121-1,TRU-UB,TRU,UB,0.36,,latest_human_R3_(합의) CORRELATIONS,false,false,false,false,false,false,missing_pdf,false,
S121-2,BI-EE,BI,EE,0.69,,latest_human_R3_(합의) CORRELATIONS,true,false,false,false,false,false,missing_pdf,false,
S121-2,BI-FC,BI,FC,0.58,,latest_human_R3_(합의) CORRELATIONS,false,false,false,false,false,false,missing_pdf,false,
S121-2,BI-PE,BI,PE,0.81,,latest_human_R3_(합의) CORRELATIONS,false,false,false,false,false,false,missing_pdf,false,
S121-2,BI-SI,BI,SI,0.58,,latest_human_R3_(합의) CORRELATIONS,false,false,false,false,false,false,missing_pdf,false,
S121-2,BI-TRU,BI,TRU,0.27,,latest_human_R3_(합의) CORRELATIONS,false,false,false,false,false,false,missing_pdf,false,
S121-2,BI-UB,BI,UB,0.48,,latest_human_R3_(합의) CORRELATIONS,false,false,false,false,false,false,missing_pdf,false,
S121-2,EE-FC,EE,FC,0.7,,latest_human_R3_(합의) CORRELATIONS,false,false,false,false,false,false,missing_pdf,false,
S121-2,EE-PE,EE,PE,0.57,,latest_human_R3_(합의) CORRELATIONS,false,false,false,false,false,false,missing_pdf,false,
S121-2,EE-SI,EE,SI,0.45,,latest_human_R3_(합의) CORRELATIONS,false,false,false,false,false,false,missing_pdf,false,
S121-2,EE-TRU,EE,TRU,0.19,,latest_human_R3_(합의) CORRELATIONS,false,false,false,false,false,false,missing_pdf,false,
S121-2,EE-UB,EE,UB,0.44,,latest_human_R3_(합의) CORRELATIONS,false,false,false,false,false,false,missing_pdf,false,
S121-2,FC-PE,FC,PE,0.47,,latest_human_R3_(합의) CORRELATIONS,false,false,false,false,false,false,missing_pdf,false,
S121-2,FC-SI,FC,SI,0.44,,latest_human_R3_(합의) CORRELATIONS,false,false,false,false,false,false,missing_pdf,false,
S121-2,FC-TRU,FC,TRU,0.13,,latest_human_R3_(합의) CORRELATIONS,false,false,false,false,false,false,missing_pdf,false,
S121-2,FC-UB,FC,UB,0.34,,latest_human_R3_(합의) CORRELATIONS,false,false,false,false,false,false,missing_pdf,false,
S121-2,PE-SI,PE,SI,0.59,,latest_human_R3_(합의) CORRELATIONS,false,false,false,false,false,false,missing_pdf,false,
S121-2,PE-TRU,PE,TRU,0.31,,latest_human_R3_(합의) CORRELATIONS,false,false,false,false,false,false,missing_pdf,false,
S121-2,PE-UB,PE,UB,0.35,,latest_human_R3_(합의) CORRELATIONS,false,false,false,false,false,false,missing_pdf,false,
S121-2,SI-TRU,SI,TRU,0.16,,latest_human_R3_(합의) CORRELATIONS,false,false,false,false,false,false,missing_pdf,false,
S121-2,SI-UB,SI,UB,0.21,,latest_human_R3_(합의) CORRELATIONS,false,false,false,false,false,false,missing_pdf,false,
S121-2,TRU-UB,TRU,UB,0.31,,latest_human_R3_(합의) CORRELATIONS,false,false,false,false,false,false,missing_pdf,false,
S027,BI-EE,BI,EE,0.474,415.0,latest_human_R3_(합의) CORRELATIONS,true,false,false,true,true,true,ok,true,/Users/newhosung/Library/CloudStorage/OneDrive-SharedLibraries-ThePennsylvaniaStateUniversity/AI Adoption Meta Analysis - Documents/Meta/AI Adoption/PDFs/S027.pdf
S027,BI-FC,BI,FC,0.414,415.0,latest_human_R3_(합의) CORRELATIONS,false,false,false,true,true,true,ok,true,/Users/newhosung/Library/CloudStorage/OneDrive-SharedLibraries-ThePennsylvaniaStateUniversity/AI Adoption Meta Analysis - Documents/Meta/AI Adoption/PDFs/S027.pdf
S027,BI-PE,BI,PE,0.391,415.0,latest_human_R3_(합의) CORRELATIONS,false,false,false,true,true,true,ok,true,/Users/newhosung/Library/CloudStorage/OneDrive-SharedLibraries-ThePennsylvaniaStateUniversity/AI Adoption Meta Analysis - Documents/Meta/AI Adoption/PDFs/S027.pdf
S027,BI-SI,BI,SI,0.38,415.0,latest_human_R3_(합의) CORRELATIONS,false,false,false,true,true,true,ok,true,/Users/newhosung/Library/CloudStorage/OneDrive-SharedLibraries-ThePennsylvaniaStateUniversity/AI Adoption Meta Analysis - Documents/Meta/AI Adoption/PDFs/S027.pdf
S027,EE-FC,EE,FC,0.28,415.0,latest_human_R3_(합의) CORRELATIONS,false,false,false,true,true,true,ok,true,/Users/newhosung/Library/CloudStorage/OneDrive-SharedLibraries-ThePennsylvaniaStateUniversity/AI Adoption Meta Analysis - Documents/Meta/AI Adoption/PDFs/S027.pdf
S027,EE-PE,EE,PE,0.367,415.0,latest_human_R3_(합의) CORRELATIONS,false,false,false,true,true,true,ok,true,/Users/newhosung/Library/CloudStorage/OneDrive-SharedLibraries-ThePennsylvaniaStateUniversity/AI Adoption Meta Analysis - Documents/Meta/AI Adoption/PDFs/S027.pdf
S027,EE-SI,EE,SI,0.266,415.0,latest_human_R3_(합의) CORRELATIONS,false,false,false,true,true,true,ok,true,/Users/newhosung/Library/CloudStorage/OneDrive-SharedLibraries-ThePennsylvaniaStateUniversity/AI Adoption Meta Analysis - Documents/Meta/AI Adoption/PDFs/S027.pdf
S027,FC-PE,FC,PE,0.264,415.0,latest_human_R3_(합의) CORRELATIONS,false,false,false,true,true,true,ok,true,/Users/newhosung/Library/CloudStorage/OneDrive-SharedLibraries-ThePennsylvaniaStateUniversity/AI Adoption Meta Analysis - Documents/Meta/AI Adoption/PDFs/S027.pdf
S027,FC-SI,FC,SI,0.199,415.0,latest_human_R3_(합의) CORRELATIONS,false,false,false,true,true,true,ok,true,/Users/newhosung/Library/CloudStorage/OneDrive-SharedLibraries-ThePennsylvaniaStateUniversity/AI Adoption Meta Analysis - Documents/Meta/AI Adoption/PDFs/S027.pdf
S027,PE-SI,PE,SI,0.072,415.0,latest_human_R3_(합의) CORRELATIONS,false,false,false,true,true,true,ok,true,/Users/newhosung/Library/CloudStorage/OneDrive-SharedLibraries-ThePennsylvaniaStateUniversity/AI Adoption Meta Analysis - Documents/Meta/AI Adoption/PDFs/S027.pdf
S077,ATT-BI,ATT,BI,0.76,308.0,latest_human_R3_(합의) CORRELATIONS,true,false,false,true,true,true,ok,true,/Users/newhosung/Library/CloudStorage/OneDrive-SharedLibraries-ThePennsylvaniaStateUniversity/AI Adoption Meta Analysis - Documents/Meta/AI Adoption/PDFs/S077.pdf
S077,ATT-EE,ATT,EE,0.62,308.0,latest_human_R3_(합의) CORRELATIONS,false,false,false,true,false,true,ok,false,/Users/newhosung/Library/CloudStorage/OneDrive-SharedLibraries-ThePennsylvaniaStateUniversity/AI Adoption Meta Analysis - Documents/Meta/AI Adoption/PDFs/S077.pdf
S077,ATT-PE,ATT,PE,0.75,308.0,latest_human_R3_(합의) CORRELATIONS,false,false,false,true,false,true,ok,false,/Users/newhosung/Library/CloudStorage/OneDrive-SharedLibraries-ThePennsylvaniaStateUniversity/AI Adoption Meta Analysis - Documents/Meta/AI Adoption/PDFs/S077.pdf
S077,ATT-SI,ATT,SI,0.6,308.0,latest_human_R3_(합의) CORRELATIONS,false,false,false,true,false,true,ok,false,/Users/newhosung/Library/CloudStorage/OneDrive-SharedLibraries-ThePennsylvaniaStateUniversity/AI Adoption Meta Analysis - Documents/Meta/AI Adoption/PDFs/S077.pdf
S077,BI-EE,BI,EE,0.62,308.0,latest_human_R3_(합의) CORRELATIONS,false,false,false,true,false,true,ok,false,/Users/newhosung/Library/CloudStorage/OneDrive-SharedLibraries-ThePennsylvaniaStateUniversity/AI Adoption Meta Analysis - Documents/Meta/AI Adoption/PDFs/S077.pdf
S077,BI-PE,BI,PE,0.63,308.0,latest_human_R3_(합의) CORRELATIONS,false,false,false,true,false,true,ok,false,/Users/newhosung/Library/CloudStorage/OneDrive-SharedLibraries-ThePennsylvaniaStateUniversity/AI Adoption Meta Analysis - Documents/Meta/AI Adoption/PDFs/S077.pdf
S077,BI-SI,BI,SI,0.63,308.0,latest_human_R3_(합의) CORRELATIONS,false,false,false,true,false,true,ok,false,/Users/newhosung/Library/CloudStorage/OneDrive-SharedLibraries-ThePennsylvaniaStateUniversity/AI Adoption Meta Analysis - Documents/Meta/AI Adoption/PDFs/S077.pdf
S077,EE-PE,EE,PE,0.67,308.0,latest_human_R3_(합의) CORRELATIONS,false,false,false,true,true,true,ok,true,/Users/newhosung/Library/CloudStorage/OneDrive-SharedLibraries-ThePennsylvaniaStateUniversity/AI Adoption Meta Analysis - Documents/Meta/AI Adoption/PDFs/S077.pdf
S077,EE-SI,EE,SI,0.53,308.0,latest_human_R3_(합의) CORRELATIONS,false,false,false,true,true,true,ok,true,/Users/newhosung/Library/CloudStorage/OneDrive-SharedLibraries-ThePennsylvaniaStateUniversity/AI Adoption Meta Analysis - Documents/Meta/AI Adoption/PDFs/S077.pdf
S077,PE-SI,PE,SI,0.5,308.0,latest_human_R3_(합의) CORRELATIONS,false,false,false,true,true,true,ok,true,/Users/newhosung/Library/CloudStorage/OneDrive-SharedLibraries-ThePennsylvaniaStateUniversity/AI Adoption Meta Analysis - Documents/Meta/AI Adoption/PDFs/S077.pdf
S031,BI-SE,BI,SE,0.59,353.0,latest_human_R3_(합의) CORRELATIONS,false,false,false,true,true,true,ok,true,/Users/newhosung/Library/CloudStorage/OneDrive-SharedLibraries-ThePennsylvaniaStateUniversity/AI Adoption Meta Analysis - Documents/Meta/AI Adoption/PDFs/S031.pdf
S031,BI-TRU,BI,TRU,0.47,353.0,latest_human_R3_(합의) CORRELATIONS,false,false,false,true,true,true,ok,true,/Users/newhosung/Library/CloudStorage/OneDrive-SharedLibraries-ThePennsylvaniaStateUniversity/AI Adoption Meta Analysis - Documents/Meta/AI Adoption/PDFs/S031.pdf
S031,PE-SE,PE,SE,0.8,353.0,latest_human_R3_(합의) CORRELATIONS,false,false,false,true,true,true,ok,true,/Users/newhosung/Library/CloudStorage/OneDrive-SharedLibraries-ThePennsylvaniaStateUniversity/AI Adoption Meta Analysis - Documents/Meta/AI Adoption/PDFs/S031.pdf
S031,PE-TRU,PE,TRU,0.46,353.0,latest_human_R3_(합의) CORRELATIONS,false,false,false,true,true,true,ok,true,/Users/newhosung/Library/CloudStorage/OneDrive-SharedLibraries-ThePennsylvaniaStateUniversity/AI Adoption Meta Analysis - Documents/Meta/AI Adoption/PDFs/S031.pdf
S031,PE-UB,PE,UB,0.57,353.0,latest_human_R3_(합의) CORRELATIONS,false,false,false,true,true,true,ok,true,/Users/newhosung/Library/CloudStorage/OneDrive-SharedLibraries-ThePennsylvaniaStateUniversity/AI Adoption Meta Analysis - Documents/Meta/AI Adoption/PDFs/S031.pdf
S031,SE-TRU,SE,TRU,0.66,353.0,latest_human_R3_(합의) CORRELATIONS,false,false,false,true,true,true,ok,true,/Users/newhosung/Library/CloudStorage/OneDrive-SharedLibraries-ThePennsylvaniaStateUniversity/AI Adoption Meta Analysis - Documents/Meta/AI Adoption/PDFs/S031.pdf
S031,SE-UB,SE,UB,0.59,353.0,latest_human_R3_(합의) CORRELATIONS,false,false,false,true,true,true,ok,true,/Users/newhosung/Library/CloudStorage/OneDrive-SharedLibraries-ThePennsylvaniaStateUniversity/AI Adoption Meta Analysis - Documents/Meta/AI Adoption/PDFs/S031.pdf
S031,TRU-UB,TRU,UB,0.47,353.0,latest_human_R3_(합의) CORRELATIONS,false,false,false,true,true,true,ok,true,/Users/newhosung/Library/CloudStorage/OneDrive-SharedLibraries-ThePennsylvaniaStateUniversity/AI Adoption Meta Analysis - Documents/Meta/AI Adoption/PDFs/S031.pdf
S022,BI-EE,BI,EE,0.637,729.0,latest_human_R3_(합의) CORRELATIONS,true,false,false,true,false,true,ok,true,/Users/newhosung/Library/CloudStorage/OneDrive-SharedLibraries-ThePennsylvaniaStateUniversity/AI Adoption Meta Analysis - Documents/Meta/AI Adoption/PDFs/S022.pdf
S022,BI-PE,BI,PE,0.71,729.0,latest_human_R3_(합의) CORRELATIONS,false,false,false,true,false,true,ok,true,/Users/newhosung/Library/CloudStorage/OneDrive-SharedLibraries-ThePennsylvaniaStateUniversity/AI Adoption Meta Analysis - Documents/Meta/AI Adoption/PDFs/S022.pdf
S022,EE-PE,EE,PE,0.582,729.0,latest_human_R3_(합의) CORRELATIONS,false,false,false,true,false,true,ok,true,/Users/newhosung/Library/CloudStorage/OneDrive-SharedLibraries-ThePennsylvaniaStateUniversity/AI Adoption Meta Analysis - Documents/Meta/AI Adoption/PDFs/S022.pdf
S165,BI-EE,BI,EE,0.644,362.0,latest_human_R3_(합의) CORRELATIONS,true,false,false,true,true,true,ok,true,/Users/newhosung/Library/CloudStorage/OneDrive-SharedLibraries-ThePennsylvaniaStateUniversity/AI Adoption Meta Analysis - Documents/Meta/AI Adoption/PDFs/S165.pdf
S165,BI-FC,BI,FC,0.74,362.0,latest_human_R3_(합의) CORRELATIONS,false,false,false,true,true,true,ok,true,/Users/newhosung/Library/CloudStorage/OneDrive-SharedLibraries-ThePennsylvaniaStateUniversity/AI Adoption Meta Analysis - Documents/Meta/AI Adoption/PDFs/S165.pdf
S165,BI-PE,BI,PE,0.697,362.0,latest_human_R3_(합의) CORRELATIONS,false,false,false,true,true,true,ok,true,/Users/newhosung/Library/CloudStorage/OneDrive-SharedLibraries-ThePennsylvaniaStateUniversity/AI Adoption Meta Analysis - Documents/Meta/AI Adoption/PDFs/S165.pdf
S165,BI-SI,BI,SI,0.67,362.0,latest_human_R3_(합의) CORRELATIONS,false,false,false,true,true,true,ok,true,/Users/newhosung/Library/CloudStorage/OneDrive-SharedLibraries-ThePennsylvaniaStateUniversity/AI Adoption Meta Analysis - Documents/Meta/AI Adoption/PDFs/S165.pdf
S165,BI-UB,BI,UB,0.756,362.0,latest_human_R3_(합의) CORRELATIONS,false,false,false,true,true,true,ok,true,/Users/newhosung/Library/CloudStorage/OneDrive-SharedLibraries-ThePennsylvaniaStateUniversity/AI Adoption Meta Analysis - Documents/Meta/AI Adoption/PDFs/S165.pdf
S165,EE-FC,EE,FC,0.782,362.0,latest_human_R3_(합의) CORRELATIONS,false,false,false,true,true,true,ok,true,/Users/newhosung/Library/CloudStorage/OneDrive-SharedLibraries-ThePennsylvaniaStateUniversity/AI Adoption Meta Analysis - Documents/Meta/AI Adoption/PDFs/S165.pdf
S165,EE-PE,EE,PE,0.786,362.0,latest_human_R3_(합의) CORRELATIONS,false,false,false,true,true,true,ok,true,/Users/newhosung/Library/CloudStorage/OneDrive-SharedLibraries-ThePennsylvaniaStateUniversity/AI Adoption Meta Analysis - Documents/Meta/AI Adoption/PDFs/S165.pdf
S165,EE-SI,EE,SI,0.696,362.0,latest_human_R3_(합의) CORRELATIONS,false,false,false,true,true,true,ok,true,/Users/newhosung/Library/CloudStorage/OneDrive-SharedLibraries-ThePennsylvaniaStateUniversity/AI Adoption Meta Analysis - Documents/Meta/AI Adoption/PDFs/S165.pdf
S165,EE-UB,EE,UB,0.643,362.0,latest_human_R3_(합의) CORRELATIONS,false,false,false,true,true,true,ok,true,/Users/newhosung/Library/CloudStorage/OneDrive-SharedLibraries-ThePennsylvaniaStateUniversity/AI Adoption Meta Analysis - Documents/Meta/AI Adoption/PDFs/S165.pdf
S165,FC-PE,FC,PE,0.767,362.0,latest_human_R3_(합의) CORRELATIONS,false,false,false,true,true,true,ok,true,/Users/newhosung/Library/CloudStorage/OneDrive-SharedLibraries-ThePennsylvaniaStateUniversity/AI Adoption Meta Analysis - Documents/Meta/AI Adoption/PDFs/S165.pdf
S165,FC-SI,FC,SI,0.761,362.0,latest_human_R3_(합의) CORRELATIONS,false,false,false,true,true,true,ok,true,/Users/newhosung/Library/CloudStorage/OneDrive-SharedLibraries-ThePennsylvaniaStateUniversity/AI Adoption Meta Analysis - Documents/Meta/AI Adoption/PDFs/S165.pdf
S165,FC-UB,FC,UB,0.726,362.0,latest_human_R3_(합의) CORRELATIONS,false,false,false,true,true,true,ok,true,/Users/newhosung/Library/CloudStorage/OneDrive-SharedLibraries-ThePennsylvaniaStateUniversity/AI Adoption Meta Analysis - Documents/Meta/AI Adoption/PDFs/S165.pdf
S165,PE-SI,PE,SI,0.738,362.0,latest_human_R3_(합의) CORRELATIONS,false,false,false,true,true,true,ok,true,/Users/newhosung/Library/CloudStorage/OneDrive-SharedLibraries-ThePennsylvaniaStateUniversity/AI Adoption Meta Analysis - Documents/Meta/AI Adoption/PDFs/S165.pdf
S165,PE-UB,PE,UB,0.624,362.0,latest_human_R3_(합의) CORRELATIONS,false,false,false,true,true,true,ok,true,/Users/newhosung/Library/CloudStorage/OneDrive-SharedLibraries-ThePennsylvaniaStateUniversity/AI Adoption Meta Analysis - Documents/Meta/AI Adoption/PDFs/S165.pdf
S165,SI-UB,SI,UB,0.694,362.0,latest_human_R3_(합의) CORRELATIONS,false,false,false,true,true,true,ok,true,/Users/newhosung/Library/CloudStorage/OneDrive-SharedLibraries-ThePennsylvaniaStateUniversity/AI Adoption Meta Analysis - Documents/Meta/AI Adoption/PDFs/S165.pdf
S002,BI-EE,BI,EE,0.696,300.0,latest_human_R3_(합의) CORRELATIONS,true,false,false,true,true,true,ok,true,/Users/newhosung/Library/CloudStorage/OneDrive-SharedLibraries-ThePennsylvaniaStateUniversity/AI Adoption Meta Analysis - Documents/Meta/AI Adoption/PDFs/S002.pdf
S002,BI-FC,BI,FC,0.799,300.0,latest_human_R3_(합의) CORRELATIONS,false,false,false,true,true,true,ok,true,/Users/newhosung/Library/CloudStorage/OneDrive-SharedLibraries-ThePennsylvaniaStateUniversity/AI Adoption Meta Analysis - Documents/Meta/AI Adoption/PDFs/S002.pdf
S002,BI-PE,BI,PE,0.694,300.0,latest_human_R3_(합의) CORRELATIONS,false,false,false,true,true,true,ok,true,/Users/newhosung/Library/CloudStorage/OneDrive-SharedLibraries-ThePennsylvaniaStateUniversity/AI Adoption Meta Analysis - Documents/Meta/AI Adoption/PDFs/S002.pdf
S002,BI-SI,BI,SI,0.724,300.0,latest_human_R3_(합의) CORRELATIONS,false,false,false,true,true,true,ok,true,/Users/newhosung/Library/CloudStorage/OneDrive-SharedLibraries-ThePennsylvaniaStateUniversity/AI Adoption Meta Analysis - Documents/Meta/AI Adoption/PDFs/S002.pdf
S002,BI-UB,BI,UB,0.692,300.0,latest_human_R3_(합의) CORRELATIONS,false,false,false,true,true,true,ok,true,/Users/newhosung/Library/CloudStorage/OneDrive-SharedLibraries-ThePennsylvaniaStateUniversity/AI Adoption Meta Analysis - Documents/Meta/AI Adoption/PDFs/S002.pdf
S002,EE-FC,EE,FC,0.602,300.0,latest_human_R3_(합의) CORRELATIONS,false,false,false,true,true,true,ok,true,/Users/newhosung/Library/CloudStorage/OneDrive-SharedLibraries-ThePennsylvaniaStateUniversity/AI Adoption Meta Analysis - Documents/Meta/AI Adoption/PDFs/S002.pdf
S002,EE-PE,EE,PE,0.592,300.0,latest_human_R3_(합의) CORRELATIONS,false,false,false,true,true,true,ok,true,/Users/newhosung/Library/CloudStorage/OneDrive-SharedLibraries-ThePennsylvaniaStateUniversity/AI Adoption Meta Analysis - Documents/Meta/AI Adoption/PDFs/S002.pdf
S002,EE-SI,EE,SI,0.569,300.0,latest_human_R3_(합의) CORRELATIONS,false,false,false,true,true,true,ok,true,/Users/newhosung/Library/CloudStorage/OneDrive-SharedLibraries-ThePennsylvaniaStateUniversity/AI Adoption Meta Analysis - Documents/Meta/AI Adoption/PDFs/S002.pdf
S002,EE-UB,EE,UB,0.523,300.0,latest_human_R3_(합의) CORRELATIONS,false,false,false,true,true,true,ok,true,/Users/newhosung/Library/CloudStorage/OneDrive-SharedLibraries-ThePennsylvaniaStateUniversity/AI Adoption Meta Analysis - Documents/Meta/AI Adoption/PDFs/S002.pdf
S002,FC-PE,FC,PE,0.575,300.0,latest_human_R3_(합의) CORRELATIONS,false,false,false,true,true,true,ok,true,/Users/newhosung/Library/CloudStorage/OneDrive-SharedLibraries-ThePennsylvaniaStateUniversity/AI Adoption Meta Analysis - Documents/Meta/AI Adoption/PDFs/S002.pdf
S002,FC-SI,FC,SI,0.632,300.0,latest_human_R3_(합의) CORRELATIONS,false,false,false,true,true,true,ok,true,/Users/newhosung/Library/CloudStorage/OneDrive-SharedLibraries-ThePennsylvaniaStateUniversity/AI Adoption Meta Analysis - Documents/Meta/AI Adoption/PDFs/S002.pdf
S002,FC-UB,FC,UB,0.545,300.0,latest_human_R3_(합의) CORRELATIONS,false,false,false,true,true,true,ok,true,/Users/newhosung/Library/CloudStorage/OneDrive-SharedLibraries-ThePennsylvaniaStateUniversity/AI Adoption Meta Analysis - Documents/Meta/AI Adoption/PDFs/S002.pdf
S002,PE-SI,PE,SI,0.534,300.0,latest_human_R3_(합의) CORRELATIONS,false,false,false,true,true,true,ok,true,/Users/newhosung/Library/CloudStorage/OneDrive-SharedLibraries-ThePennsylvaniaStateUniversity/AI Adoption Meta Analysis - Documents/Meta/AI Adoption/PDFs/S002.pdf
S002,PE-UB,PE,UB,0.574,300.0,latest_human_R3_(합의) CORRELATIONS,false,false,false,true,true,true,ok,true,/Users/newhosung/Library/CloudStorage/OneDrive-SharedLibraries-ThePennsylvaniaStateUniversity/AI Adoption Meta Analysis - Documents/Meta/AI Adoption/PDFs/S002.pdf
S002,SI-UB,SI,UB,0.489,300.0,latest_human_R3_(합의) CORRELATIONS,false,false,false,true,true,true,ok,true,/Users/newhosung/Library/CloudStorage/OneDrive-SharedLibraries-ThePennsylvaniaStateUniversity/AI Adoption Meta Analysis - Documents/Meta/AI Adoption/PDFs/S002.pdf
S065,ATT-BI,ATT,BI,0.8,517.0,latest_human_R3_(합의) CORRELATIONS,false,false,false,true,true,true,ok,true,/Users/newhosung/Library/CloudStorage/OneDrive-SharedLibraries-ThePennsylvaniaStateUniversity/AI Adoption Meta Analysis - Documents/Meta/AI Adoption/PDFs/S065.pdf
S065,ATT-EE,ATT,EE,0.697,517.0,latest_human_R3_(합의) CORRELATIONS,false,false,false,true,true,true,ok,true,/Users/newhosung/Library/CloudStorage/OneDrive-SharedLibraries-ThePennsylvaniaStateUniversity/AI Adoption Meta Analysis - Documents/Meta/AI Adoption/PDFs/S065.pdf
S065,ATT-PE,ATT,PE,0.774,517.0,latest_human_R3_(합의) CORRELATIONS,false,false,false,true,true,true,ok,true,/Users/newhosung/Library/CloudStorage/OneDrive-SharedLibraries-ThePennsylvaniaStateUniversity/AI Adoption Meta Analysis - Documents/Meta/AI Adoption/PDFs/S065.pdf
S065,ATT-UB,ATT,UB,0.673,517.0,latest_human_R3_(합의) CORRELATIONS,false,false,false,true,true,true,ok,true,/Users/newhosung/Library/CloudStorage/OneDrive-SharedLibraries-ThePennsylvaniaStateUniversity/AI Adoption Meta Analysis - Documents/Meta/AI Adoption/PDFs/S065.pdf
S065,BI-EE,BI,EE,0.654,517.0,latest_human_R3_(합의) CORRELATIONS,false,false,false,true,true,true,ok,true,/Users/newhosung/Library/CloudStorage/OneDrive-SharedLibraries-ThePennsylvaniaStateUniversity/AI Adoption Meta Analysis - Documents/Meta/AI Adoption/PDFs/S065.pdf
S065,BI-PE,BI,PE,0.73,517.0,latest_human_R3_(합의) CORRELATIONS,false,false,false,true,true,true,ok,true,/Users/newhosung/Library/CloudStorage/OneDrive-SharedLibraries-ThePennsylvaniaStateUniversity/AI Adoption Meta Analysis - Documents/Meta/AI Adoption/PDFs/S065.pdf
S065,BI-UB,BI,UB,0.761,517.0,latest_human_R3_(합의) CORRELATIONS,false,false,false,true,true,true,ok,true,/Users/newhosung/Library/CloudStorage/OneDrive-SharedLibraries-ThePennsylvaniaStateUniversity/AI Adoption Meta Analysis - Documents/Meta/AI Adoption/PDFs/S065.pdf
S065,EE-PE,EE,PE,0.84,517.0,latest_human_R3_(합의) CORRELATIONS,false,false,false,true,true,true,ok,true,/Users/newhosung/Library/CloudStorage/OneDrive-SharedLibraries-ThePennsylvaniaStateUniversity/AI Adoption Meta Analysis - Documents/Meta/AI Adoption/PDFs/S065.pdf
S065,EE-UB,EE,UB,0.592,517.0,latest_human_R3_(합의) CORRELATIONS,false,false,false,true,true,true,ok,true,/Users/newhosung/Library/CloudStorage/OneDrive-SharedLibraries-ThePennsylvaniaStateUniversity/AI Adoption Meta Analysis - Documents/Meta/AI Adoption/PDFs/S065.pdf
S065,PE-UB,PE,UB,0.616,517.0,latest_human_R3_(합의) CORRELATIONS,false,false,false,true,true,true,ok,true,/Users/newhosung/Library/CloudStorage/OneDrive-SharedLibraries-ThePennsylvaniaStateUniversity/AI Adoption Meta Analysis - Documents/Meta/AI Adoption/PDFs/S065.pdf
S207,ATT-BI,ATT,BI,0.527,880.0,latest_human_R3_(합의) CORRELATIONS,true,false,false,true,true,true,ok,true,/Users/newhosung/Library/CloudStorage/OneDrive-SharedLibraries-ThePennsylvaniaStateUniversity/AI Adoption Meta Analysis - Documents/Meta/AI Adoption/PDFs/S207.pdf
S207,ATT-EE,ATT,EE,0.428,880.0,latest_human_R3_(합의) CORRELATIONS,false,false,false,true,true,true,ok,true,/Users/newhosung/Library/CloudStorage/OneDrive-SharedLibraries-ThePennsylvaniaStateUniversity/AI Adoption Meta Analysis - Documents/Meta/AI Adoption/PDFs/S207.pdf
S207,ATT-PE,ATT,PE,0.502,880.0,latest_human_R3_(합의) CORRELATIONS,false,false,false,true,true,true,ok,true,/Users/newhosung/Library/CloudStorage/OneDrive-SharedLibraries-ThePennsylvaniaStateUniversity/AI Adoption Meta Analysis - Documents/Meta/AI Adoption/PDFs/S207.pdf
S207,BI-EE,BI,EE,0.514,880.0,latest_human_R3_(합의) CORRELATIONS,false,false,false,true,true,true,ok,true,/Users/newhosung/Library/CloudStorage/OneDrive-SharedLibraries-ThePennsylvaniaStateUniversity/AI Adoption Meta Analysis - Documents/Meta/AI Adoption/PDFs/S207.pdf
S207,BI-PE,BI,PE,0.52,880.0,latest_human_R3_(합의) CORRELATIONS,false,false,false,true,true,true,ok,true,/Users/newhosung/Library/CloudStorage/OneDrive-SharedLibraries-ThePennsylvaniaStateUniversity/AI Adoption Meta Analysis - Documents/Meta/AI Adoption/PDFs/S207.pdf
S207,EE-PE,EE,PE,0.545,880.0,latest_human_R3_(합의) CORRELATIONS,true,false,false,true,true,true,ok,true,/Users/newhosung/Library/CloudStorage/OneDrive-SharedLibraries-ThePennsylvaniaStateUniversity/AI Adoption Meta Analysis - Documents/Meta/AI Adoption/PDFs/S207.pdf
S209,ATT-BI,ATT,BI,0.723,523.0,latest_human_R3_(합의) CORRELATIONS,true,false,false,true,true,true,ok,true,/Users/newhosung/Library/CloudStorage/OneDrive-SharedLibraries-ThePennsylvaniaStateUniversity/AI Adoption Meta Analysis - Documents/Meta/AI Adoption/PDFs/S209.pdf
S209,ATT-EE,ATT,EE,0.797,523.0,latest_human_R3_(합의) CORRELATIONS,false,false,false,true,true,true,ok,true,/Users/newhosung/Library/CloudStorage/OneDrive-SharedLibraries-ThePennsylvaniaStateUniversity/AI Adoption Meta Analysis - Documents/Meta/AI Adoption/PDFs/S209.pdf
S209,ATT-PE,ATT,PE,0.772,523.0,latest_human_R3_(합의) CORRELATIONS,false,false,false,true,true,true,ok,true,/Users/newhosung/Library/CloudStorage/OneDrive-SharedLibraries-ThePennsylvaniaStateUniversity/AI Adoption Meta Analysis - Documents/Meta/AI Adoption/PDFs/S209.pdf
S209,BI-EE,BI,EE,0.727,523.0,latest_human_R3_(합의) CORRELATIONS,false,false,false,true,true,true,ok,true,/Users/newhosung/Library/CloudStorage/OneDrive-SharedLibraries-ThePennsylvaniaStateUniversity/AI Adoption Meta Analysis - Documents/Meta/AI Adoption/PDFs/S209.pdf
S209,BI-PE,BI,PE,0.718,523.0,latest_human_R3_(합의) CORRELATIONS,false,false,false,true,true,true,ok,true,/Users/newhosung/Library/CloudStorage/OneDrive-SharedLibraries-ThePennsylvaniaStateUniversity/AI Adoption Meta Analysis - Documents/Meta/AI Adoption/PDFs/S209.pdf
S209,EE-PE,EE,PE,0.72,523.0,latest_human_R3_(합의) CORRELATIONS,false,false,false,true,true,true,ok,true,/Users/newhosung/Library/CloudStorage/OneDrive-SharedLibraries-ThePennsylvaniaStateUniversity/AI Adoption Meta Analysis - Documents/Meta/AI Adoption/PDFs/S209.pdf
S197,BI-EE,BI,EE,0.69,237.0,latest_human_R3_(합의) CORRELATIONS,true,false,false,true,true,true,ok,true,/Users/newhosung/Library/CloudStorage/OneDrive-SharedLibraries-ThePennsylvaniaStateUniversity/AI Adoption Meta Analysis - Documents/Meta/AI Adoption/PDFs/S197.pdf
S197,BI-PE,BI,PE,0.47,237.0,latest_human_R3_(합의) CORRELATIONS,false,false,false,true,true,true,ok,true,/Users/newhosung/Library/CloudStorage/OneDrive-SharedLibraries-ThePennsylvaniaStateUniversity/AI Adoption Meta Analysis - Documents/Meta/AI Adoption/PDFs/S197.pdf
S197,BI-TRU,BI,TRU,0.34,237.0,latest_human_R3_(합의) CORRELATIONS,false,false,false,true,true,true,ok,true,/Users/newhosung/Library/CloudStorage/OneDrive-SharedLibraries-ThePennsylvaniaStateUniversity/AI Adoption Meta Analysis - Documents/Meta/AI Adoption/PDFs/S197.pdf
S197,EE-PE,EE,PE,0.44,237.0,latest_human_R3_(합의) CORRELATIONS,false,false,false,true,true,true,ok,true,/Users/newhosung/Library/CloudStorage/OneDrive-SharedLibraries-ThePennsylvaniaStateUniversity/AI Adoption Meta Analysis - Documents/Meta/AI Adoption/PDFs/S197.pdf
S197,EE-TRU,EE,TRU,0.24,237.0,latest_human_R3_(합의) CORRELATIONS,false,false,false,true,true,true,ok,true,/Users/newhosung/Library/CloudStorage/OneDrive-SharedLibraries-ThePennsylvaniaStateUniversity/AI Adoption Meta Analysis - Documents/Meta/AI Adoption/PDFs/S197.pdf
S197,PE-TRU,PE,TRU,0.48,237.0,latest_human_R3_(합의) CORRELATIONS,false,false,false,true,true,true,ok,true,/Users/newhosung/Library/CloudStorage/OneDrive-SharedLibraries-ThePennsylvaniaStateUniversity/AI Adoption Meta Analysis - Documents/Meta/AI Adoption/PDFs/S197.pdf
S222,BI-EE,BI,EE,0.45,50.0,latest_human_R3_CORRELATIONS,true,false,false,false,false,true,ok,true,/Users/newhosung/Library/CloudStorage/OneDrive-SharedLibraries-ThePennsylvaniaStateUniversity/AI Adoption Meta Analysis - Documents/Meta/AI Adoption/PDFs/S222.pdf
S222,BI-PE,BI,PE,0.58,50.0,latest_human_R3_CORRELATIONS,true,false,false,false,false,true,ok,false,/Users/newhosung/Library/CloudStorage/OneDrive-SharedLibraries-ThePennsylvaniaStateUniversity/AI Adoption Meta Analysis - Documents/Meta/AI Adoption/PDFs/S222.pdf
S218,ATT-BI,ATT,BI,0.78,242.0,latest_human_R3_CORRELATIONS,true,false,false,false,false,true,ok,false,/Users/newhosung/Library/CloudStorage/OneDrive-SharedLibraries-ThePennsylvaniaStateUniversity/AI Adoption Meta Analysis - Documents/Meta/AI Adoption/PDFs/S218.pdf
S218,ATT-EE,ATT,EE,0.68,242.0,latest_human_R3_CORRELATIONS,true,false,false,false,false,true,ok,false,/Users/newhosung/Library/CloudStorage/OneDrive-SharedLibraries-ThePennsylvaniaStateUniversity/AI Adoption Meta Analysis - Documents/Meta/AI Adoption/PDFs/S218.pdf
S218,ATT-PE,ATT,PE,0.7,242.0,latest_human_R3_CORRELATIONS,true,false,false,false,false,true,ok,false,/Users/newhosung/Library/CloudStorage/OneDrive-SharedLibraries-ThePennsylvaniaStateUniversity/AI Adoption Meta Analysis - Documents/Meta/AI Adoption/PDFs/S218.pdf
S218,BI-EE,BI,EE,0.59,242.0,latest_human_R3_CORRELATIONS,true,false,false,false,false,true,ok,true,/Users/newhosung/Library/CloudStorage/OneDrive-SharedLibraries-ThePennsylvaniaStateUniversity/AI Adoption Meta Analysis - Documents/Meta/AI Adoption/PDFs/S218.pdf
S218,BI-PE,BI,PE,0.63,242.0,latest_human_R3_CORRELATIONS,true,false,false,false,false,true,ok,false,/Users/newhosung/Library/CloudStorage/OneDrive-SharedLibraries-ThePennsylvaniaStateUniversity/AI Adoption Meta Analysis - Documents/Meta/AI Adoption/PDFs/S218.pdf
S218,EE-PE,EE,PE,0.66,242.0,latest_human_R3_CORRELATIONS,true,false,false,false,false,true,ok,true,/Users/newhosung/Library/CloudStorage/OneDrive-SharedLibraries-ThePennsylvaniaStateUniversity/AI Adoption Meta Analysis - Documents/Meta/AI Adoption/PDFs/S218.pdf
S185,ANX-ATT,ANX,ATT,0.46,298.0,latest_human_R3_CORRELATIONS,true,false,false,false,false,true,ok,true,/Users/newhosung/Library/CloudStorage/OneDrive-SharedLibraries-ThePennsylvaniaStateUniversity/AI Adoption Meta Analysis - Documents/Meta/AI Adoption/PDFs/S185.pdf
S185,ANX-EE,ANX,EE,0.473,298.0,latest_human_R3_CORRELATIONS,false,false,false,false,false,true,ok,true,/Users/newhosung/Library/CloudStorage/OneDrive-SharedLibraries-ThePennsylvaniaStateUniversity/AI Adoption Meta Analysis - Documents/Meta/AI Adoption/PDFs/S185.pdf
S185,ANX-PE,ANX,PE,0.435,298.0,latest_human_R3_CORRELATIONS,false,false,false,false,false,true,ok,true,/Users/newhosung/Library/CloudStorage/OneDrive-SharedLibraries-ThePennsylvaniaStateUniversity/AI Adoption Meta Analysis - Documents/Meta/AI Adoption/PDFs/S185.pdf
S185,ANX-SI,ANX,SI,0.216,298.0,latest_human_R3_CORRELATIONS,false,false,false,false,false,true,ok,true,/Users/newhosung/Library/CloudStorage/OneDrive-SharedLibraries-ThePennsylvaniaStateUniversity/AI Adoption Meta Analysis - Documents/Meta/AI Adoption/PDFs/S185.pdf
S185,ATT-BI,ATT,BI,0.453,298.0,latest_human_R3_CORRELATIONS,false,false,false,false,false,true,ok,true,/Users/newhosung/Library/CloudStorage/OneDrive-SharedLibraries-ThePennsylvaniaStateUniversity/AI Adoption Meta Analysis - Documents/Meta/AI Adoption/PDFs/S185.pdf
S185,ATT-EE,ATT,EE,0.473,298.0,latest_human_R3_CORRELATIONS,false,false,false,false,false,true,ok,true,/Users/newhosung/Library/CloudStorage/OneDrive-SharedLibraries-ThePennsylvaniaStateUniversity/AI Adoption Meta Analysis - Documents/Meta/AI Adoption/PDFs/S185.pdf
S185,ATT-PE,ATT,PE,0.504,298.0,latest_human_R3_CORRELATIONS,false,false,false,false,false,true,ok,true,/Users/newhosung/Library/CloudStorage/OneDrive-SharedLibraries-ThePennsylvaniaStateUniversity/AI Adoption Meta Analysis - Documents/Meta/AI Adoption/PDFs/S185.pdf
S185,ATT-SI,ATT,SI,0.207,298.0,latest_human_R3_CORRELATIONS,false,false,false,false,false,true,ok,true,/Users/newhosung/Library/CloudStorage/OneDrive-SharedLibraries-ThePennsylvaniaStateUniversity/AI Adoption Meta Analysis - Documents/Meta/AI Adoption/PDFs/S185.pdf
S185,BI-EE,BI,EE,0.524,298.0,latest_human_R3_CORRELATIONS,false,false,false,false,false,true,ok,true,/Users/newhosung/Library/CloudStorage/OneDrive-SharedLibraries-ThePennsylvaniaStateUniversity/AI Adoption Meta Analysis - Documents/Meta/AI Adoption/PDFs/S185.pdf
S185,BI-PE,BI,PE,0.459,298.0,latest_human_R3_CORRELATIONS,false,false,false,false,false,true,ok,true,/Users/newhosung/Library/CloudStorage/OneDrive-SharedLibraries-ThePennsylvaniaStateUniversity/AI Adoption Meta Analysis - Documents/Meta/AI Adoption/PDFs/S185.pdf
S185,BI-SI,BI,SI,0.433,298.0,latest_human_R3_CORRELATIONS,false,false,false,false,false,true,ok,true,/Users/newhosung/Library/CloudStorage/OneDrive-SharedLibraries-ThePennsylvaniaStateUniversity/AI Adoption Meta Analysis - Documents/Meta/AI Adoption/PDFs/S185.pdf
S185,EE-PE,EE,PE,0.482,298.0,latest_human_R3_CORRELATIONS,false,false,false,false,false,true,ok,true,/Users/newhosung/Library/CloudStorage/OneDrive-SharedLibraries-ThePennsylvaniaStateUniversity/AI Adoption Meta Analysis - Documents/Meta/AI Adoption/PDFs/S185.pdf
S185,EE-SI,EE,SI,0.279,298.0,latest_human_R3_CORRELATIONS,false,false,false,false,false,true,ok,true,/Users/newhosung/Library/CloudStorage/OneDrive-SharedLibraries-ThePennsylvaniaStateUniversity/AI Adoption Meta Analysis - Documents/Meta/AI Adoption/PDFs/S185.pdf
S185,PE-SI,PE,SI,0.28,298.0,latest_human_R3_CORRELATIONS,false,false,false,false,false,true,ok,true,/Users/newhosung/Library/CloudStorage/OneDrive-SharedLibraries-ThePennsylvaniaStateUniversity/AI Adoption Meta Analysis - Documents/Meta/AI Adoption/PDFs/S185.pdf
S194,BI-EE,BI,EE,0.44,469.0,latest_human_R3_CORRELATIONS,true,false,false,false,false,true,ok,true,/Users/newhosung/Library/CloudStorage/OneDrive-SharedLibraries-ThePennsylvaniaStateUniversity/AI Adoption Meta Analysis - Documents/Meta/AI Adoption/PDFs/S194.pdf
S194,BI-FC,BI,FC,0.49,469.0,latest_human_R3_CORRELATIONS,true,false,false,false,false,true,ok,true,/Users/newhosung/Library/CloudStorage/OneDrive-SharedLibraries-ThePennsylvaniaStateUniversity/AI Adoption Meta Analysis - Documents/Meta/AI Adoption/PDFs/S194.pdf
S194,BI-PE,BI,PE,-0.08,469.0,latest_human_R3_CORRELATIONS,true,false,false,false,false,true,ok,true,/Users/newhosung/Library/CloudStorage/OneDrive-SharedLibraries-ThePennsylvaniaStateUniversity/AI Adoption Meta Analysis - Documents/Meta/AI Adoption/PDFs/S194.pdf
S194,BI-SI,BI,SI,0.62,469.0,latest_human_R3_CORRELATIONS,true,false,false,false,false,true,ok,true,/Users/newhosung/Library/CloudStorage/OneDrive-SharedLibraries-ThePennsylvaniaStateUniversity/AI Adoption Meta Analysis - Documents/Meta/AI Adoption/PDFs/S194.pdf
S194,BI-UB,BI,UB,0.64,469.0,latest_human_R3_CORRELATIONS,true,false,false,false,false,true,ok,true,/Users/newhosung/Library/CloudStorage/OneDrive-SharedLibraries-ThePennsylvaniaStateUniversity/AI Adoption Meta Analysis - Documents/Meta/AI Adoption/PDFs/S194.pdf
S194,EE-FC,EE,FC,0.55,469.0,latest_human_R3_CORRELATIONS,true,false,false,false,false,true,ok,true,/Users/newhosung/Library/CloudStorage/OneDrive-SharedLibraries-ThePennsylvaniaStateUniversity/AI Adoption Meta Analysis - Documents/Meta/AI Adoption/PDFs/S194.pdf
S194,EE-PE,EE,PE,-0.1,469.0,latest_human_R3_CORRELATIONS,true,false,false,false,false,true,ok,true,/Users/newhosung/Library/CloudStorage/OneDrive-SharedLibraries-ThePennsylvaniaStateUniversity/AI Adoption Meta Analysis - Documents/Meta/AI Adoption/PDFs/S194.pdf
S194,EE-SI,EE,SI,0.52,469.0,latest_human_R3_CORRELATIONS,true,false,false,false,false,true,ok,true,/Users/newhosung/Library/CloudStorage/OneDrive-SharedLibraries-ThePennsylvaniaStateUniversity/AI Adoption Meta Analysis - Documents/Meta/AI Adoption/PDFs/S194.pdf
S194,EE-UB,EE,UB,0.49,469.0,latest_human_R3_CORRELATIONS,true,false,false,false,false,true,ok,true,/Users/newhosung/Library/CloudStorage/OneDrive-SharedLibraries-ThePennsylvaniaStateUniversity/AI Adoption Meta Analysis - Documents/Meta/AI Adoption/PDFs/S194.pdf
S194,FC-PE,FC,PE,-0.12,469.0,latest_human_R3_CORRELATIONS,true,false,false,false,false,true,ok,true,/Users/newhosung/Library/CloudStorage/OneDrive-SharedLibraries-ThePennsylvaniaStateUniversity/AI Adoption Meta Analysis - Documents/Meta/AI Adoption/PDFs/S194.pdf
S194,FC-SI,FC,SI,0.59,469.0,latest_human_R3_CORRELATIONS,true,false,false,false,false,true,ok,true,/Users/newhosung/Library/CloudStorage/OneDrive-SharedLibraries-ThePennsylvaniaStateUniversity/AI Adoption Meta Analysis - Documents/Meta/AI Adoption/PDFs/S194.pdf
S194,FC-UB,FC,UB,0.52,469.0,latest_human_R3_CORRELATIONS,true,false,false,false,false,true,ok,true,/Users/newhosung/Library/CloudStorage/OneDrive-SharedLibraries-ThePennsylvaniaStateUniversity/AI Adoption Meta Analysis - Documents/Meta/AI Adoption/PDFs/S194.pdf
S194,PE-SI,PE,SI,-0.12,469.0,latest_human_R3_CORRELATIONS,true,false,false,false,false,true,ok,true,/Users/newhosung/Library/CloudStorage/OneDrive-SharedLibraries-ThePennsylvaniaStateUniversity/AI Adoption Meta Analysis - Documents/Meta/AI Adoption/PDFs/S194.pdf
S194,PE-UB,PE,UB,-0.05,469.0,latest_human_R3_CORRELATIONS,true,false,false,false,false,true,ok,true,/Users/newhosung/Library/CloudStorage/OneDrive-SharedLibraries-ThePennsylvaniaStateUniversity/AI Adoption Meta Analysis - Documents/Meta/AI Adoption/PDFs/S194.pdf
S194,SI-UB,SI,UB,0.56,469.0,latest_human_R3_CORRELATIONS,true,false,false,false,false,true,ok,true,/Users/newhosung/Library/CloudStorage/OneDrive-SharedLibraries-ThePennsylvaniaStateUniversity/AI Adoption Meta Analysis - Documents/Meta/AI Adoption/PDFs/S194.pdf
S208,BI-EE,BI,EE,0.43,526.0,latest_human_R3_CORRELATIONS,true,false,false,false,false,true,ok,true,/Users/newhosung/Library/CloudStorage/OneDrive-SharedLibraries-ThePennsylvaniaStateUniversity/AI Adoption Meta Analysis - Documents/Meta/AI Adoption/PDFs/S208.pdf
S208,BI-PE,BI,PE,0.24,526.0,latest_human_R3_CORRELATIONS,true,false,false,false,false,true,ok,false,/Users/newhosung/Library/CloudStorage/OneDrive-SharedLibraries-ThePennsylvaniaStateUniversity/AI Adoption Meta Analysis - Documents/Meta/AI Adoption/PDFs/S208.pdf
S208,BI-SI,BI,SI,0.46,526.0,latest_human_R3_CORRELATIONS,true,false,false,false,false,true,ok,true,/Users/newhosung/Library/CloudStorage/OneDrive-SharedLibraries-ThePennsylvaniaStateUniversity/AI Adoption Meta Analysis - Documents/Meta/AI Adoption/PDFs/S208.pdf
S208,BI-TRU,BI,TRU,0.52,526.0,latest_human_R3_CORRELATIONS,true,false,false,false,false,true,ok,true,/Users/newhosung/Library/CloudStorage/OneDrive-SharedLibraries-ThePennsylvaniaStateUniversity/AI Adoption Meta Analysis - Documents/Meta/AI Adoption/PDFs/S208.pdf
S208,EE-PE,EE,PE,0.4,526.0,latest_human_R3_CORRELATIONS,true,false,false,false,false,true,ok,true,/Users/newhosung/Library/CloudStorage/OneDrive-SharedLibraries-ThePennsylvaniaStateUniversity/AI Adoption Meta Analysis - Documents/Meta/AI Adoption/PDFs/S208.pdf
S208,EE-SI,EE,SI,0.36,526.0,latest_human_R3_CORRELATIONS,true,false,false,false,false,true,ok,true,/Users/newhosung/Library/CloudStorage/OneDrive-SharedLibraries-ThePennsylvaniaStateUniversity/AI Adoption Meta Analysis - Documents/Meta/AI Adoption/PDFs/S208.pdf
S208,EE-TRU,EE,TRU,0.39,526.0,latest_human_R3_CORRELATIONS,true,false,false,false,false,true,ok,true,/Users/newhosung/Library/CloudStorage/OneDrive-SharedLibraries-ThePennsylvaniaStateUniversity/AI Adoption Meta Analysis - Documents/Meta/AI Adoption/PDFs/S208.pdf
S208,PE-SI,PE,SI,0.29,526.0,latest_human_R3_CORRELATIONS,true,false,false,false,false,true,ok,false,/Users/newhosung/Library/CloudStorage/OneDrive-SharedLibraries-ThePennsylvaniaStateUniversity/AI Adoption Meta Analysis - Documents/Meta/AI Adoption/PDFs/S208.pdf
S208,PE-TRU,PE,TRU,0.29,526.0,latest_human_R3_CORRELATIONS,true,false,false,false,false,true,ok,false,/Users/newhosung/Library/CloudStorage/OneDrive-SharedLibraries-ThePennsylvaniaStateUniversity/AI Adoption Meta Analysis - Documents/Meta/AI Adoption/PDFs/S208.pdf
S208,SI-TRU,SI,TRU,0.24,526.0,latest_human_R3_CORRELATIONS,true,false,false,false,false,true,ok,false,/Users/newhosung/Library/CloudStorage/OneDrive-SharedLibraries-ThePennsylvaniaStateUniversity/AI Adoption Meta Analysis - Documents/Meta/AI Adoption/PDFs/S208.pdf
S028,ATT-BI,ATT,BI,0.87,508.0,latest_human_R3_CORRELATIONS,true,false,false,false,false,true,ok,false,/Users/newhosung/Library/CloudStorage/OneDrive-SharedLibraries-ThePennsylvaniaStateUniversity/AI Adoption Meta Analysis - Documents/Meta/AI Adoption/PDFs/S028.pdf
S028,ATT-EE,ATT,EE,0.63,508.0,latest_human_R3_CORRELATIONS,false,false,false,false,false,true,ok,true,/Users/newhosung/Library/CloudStorage/OneDrive-SharedLibraries-ThePennsylvaniaStateUniversity/AI Adoption Meta Analysis - Documents/Meta/AI Adoption/PDFs/S028.pdf
S028,ATT-PE,ATT,PE,0.8,508.0,latest_human_R3_CORRELATIONS,true,false,false,false,false,true,ok,false,/Users/newhosung/Library/CloudStorage/OneDrive-SharedLibraries-ThePennsylvaniaStateUniversity/AI Adoption Meta Analysis - Documents/Meta/AI Adoption/PDFs/S028.pdf
S028,ATT-SE,ATT,SE,0.72,508.0,latest_human_R3_CORRELATIONS,true,false,false,false,false,true,ok,false,/Users/newhosung/Library/CloudStorage/OneDrive-SharedLibraries-ThePennsylvaniaStateUniversity/AI Adoption Meta Analysis - Documents/Meta/AI Adoption/PDFs/S028.pdf
S028,BI-EE,BI,EE,0.62,508.0,latest_human_R3_CORRELATIONS,true,false,false,false,false,true,ok,false,/Users/newhosung/Library/CloudStorage/OneDrive-SharedLibraries-ThePennsylvaniaStateUniversity/AI Adoption Meta Analysis - Documents/Meta/AI Adoption/PDFs/S028.pdf
S028,BI-PE,BI,PE,0.82,508.0,latest_human_R3_CORRELATIONS,true,false,false,false,false,true,ok,true,/Users/newhosung/Library/CloudStorage/OneDrive-SharedLibraries-ThePennsylvaniaStateUniversity/AI Adoption Meta Analysis - Documents/Meta/AI Adoption/PDFs/S028.pdf
S028,BI-SE,BI,SE,0.68,508.0,latest_human_R3_CORRELATIONS,true,false,false,false,false,true,ok,false,/Users/newhosung/Library/CloudStorage/OneDrive-SharedLibraries-ThePennsylvaniaStateUniversity/AI Adoption Meta Analysis - Documents/Meta/AI Adoption/PDFs/S028.pdf
S028,EE-PE,EE,PE,0.66,508.0,latest_human_R3_CORRELATIONS,true,false,false,false,false,true,ok,false,/Users/newhosung/Library/CloudStorage/OneDrive-SharedLibraries-ThePennsylvaniaStateUniversity/AI Adoption Meta Analysis - Documents/Meta/AI Adoption/PDFs/S028.pdf
S028,EE-SE,EE,SE,0.79,508.0,latest_human_R3_CORRELATIONS,true,false,false,false,false,true,ok,false,/Users/newhosung/Library/CloudStorage/OneDrive-SharedLibraries-ThePennsylvaniaStateUniversity/AI Adoption Meta Analysis - Documents/Meta/AI Adoption/PDFs/S028.pdf
S028,PE-SE,PE,SE,0.74,508.0,latest_human_R3_CORRELATIONS,true,false,false,false,false,true,ok,true,/Users/newhosung/Library/CloudStorage/OneDrive-SharedLibraries-ThePennsylvaniaStateUniversity/AI Adoption Meta Analysis - Documents/Meta/AI Adoption/PDFs/S028.pdf
S059,ATT-BI,ATT,BI,0.9,645.0,latest_human_R3_CORRELATIONS,true,false,false,false,false,true,ok,true,/Users/newhosung/Library/CloudStorage/OneDrive-SharedLibraries-ThePennsylvaniaStateUniversity/AI Adoption Meta Analysis - Documents/Meta/AI Adoption/PDFs/S059.pdf
S059,ATT-EE,ATT,EE,0.26,645.0,latest_human_R3_CORRELATIONS,true,false,false,false,false,true,ok,false,/Users/newhosung/Library/CloudStorage/OneDrive-SharedLibraries-ThePennsylvaniaStateUniversity/AI Adoption Meta Analysis - Documents/Meta/AI Adoption/PDFs/S059.pdf
S059,ATT-PE,ATT,PE,0.29,645.0,latest_human_R3_CORRELATIONS,true,false,false,false,false,true,ok,false,/Users/newhosung/Library/CloudStorage/OneDrive-SharedLibraries-ThePennsylvaniaStateUniversity/AI Adoption Meta Analysis - Documents/Meta/AI Adoption/PDFs/S059.pdf
S059,BI-FC,BI,FC,0.13,645.0,latest_human_R3_CORRELATIONS,true,false,false,false,false,true,ok,true,/Users/newhosung/Library/CloudStorage/OneDrive-SharedLibraries-ThePennsylvaniaStateUniversity/AI Adoption Meta Analysis - Documents/Meta/AI Adoption/PDFs/S059.pdf
S059,EE-FC,EE,FC,0.93,645.0,latest_human_R3_CORRELATIONS,true,false,false,false,false,true,ok,true,/Users/newhosung/Library/CloudStorage/OneDrive-SharedLibraries-ThePennsylvaniaStateUniversity/AI Adoption Meta Analysis - Documents/Meta/AI Adoption/PDFs/S059.pdf
S059,EE-PE,EE,PE,0.17,645.0,latest_human_R3_CORRELATIONS,true,false,false,false,false,true,ok,false,/Users/newhosung/Library/CloudStorage/OneDrive-SharedLibraries-ThePennsylvaniaStateUniversity/AI Adoption Meta Analysis - Documents/Meta/AI Adoption/PDFs/S059.pdf
S145,ATT-BI,ATT,BI,0.17,374.0,latest_human_R3_CORRELATIONS,true,false,false,false,false,true,ok,true,/Users/newhosung/Library/CloudStorage/OneDrive-SharedLibraries-ThePennsylvaniaStateUniversity/AI Adoption Meta Analysis - Documents/Meta/AI Adoption/PDFs/S145.pdf
S145,ATT-EE,ATT,EE,0.4,374.0,latest_human_R3_CORRELATIONS,true,false,false,false,false,true,ok,false,/Users/newhosung/Library/CloudStorage/OneDrive-SharedLibraries-ThePennsylvaniaStateUniversity/AI Adoption Meta Analysis - Documents/Meta/AI Adoption/PDFs/S145.pdf
S145,ATT-UB,ATT,UB,0.15,374.0,latest_human_R3_CORRELATIONS,true,false,false,false,false,true,ok,true,/Users/newhosung/Library/CloudStorage/OneDrive-SharedLibraries-ThePennsylvaniaStateUniversity/AI Adoption Meta Analysis - Documents/Meta/AI Adoption/PDFs/S145.pdf
S145,BI-EE,BI,EE,0.2,374.0,latest_human_R3_CORRELATIONS,true,false,false,false,false,true,ok,true,/Users/newhosung/Library/CloudStorage/OneDrive-SharedLibraries-ThePennsylvaniaStateUniversity/AI Adoption Meta Analysis - Documents/Meta/AI Adoption/PDFs/S145.pdf
S145,BI-UB,BI,UB,0.33,374.0,latest_human_R3_CORRELATIONS,true,false,false,false,false,true,ok,true,/Users/newhosung/Library/CloudStorage/OneDrive-SharedLibraries-ThePennsylvaniaStateUniversity/AI Adoption Meta Analysis - Documents/Meta/AI Adoption/PDFs/S145.pdf
S145,EE-UB,EE,UB,0.2,374.0,latest_human_R3_CORRELATIONS,true,false,false,false,false,true,ok,true,/Users/newhosung/Library/CloudStorage/OneDrive-SharedLibraries-ThePennsylvaniaStateUniversity/AI Adoption Meta Analysis - Documents/Meta/AI Adoption/PDFs/S145.pdf
S110,BI-EE,BI,EE,0.17,353.0,latest_human_R3_CORRELATIONS,true,false,false,false,false,true,ok,true,/Users/newhosung/Library/CloudStorage/OneDrive-SharedLibraries-ThePennsylvaniaStateUniversity/AI Adoption Meta Analysis - Documents/Meta/AI Adoption/PDFs/S110.pdf
S110,BI-PE,BI,PE,0.19,353.0,latest_human_R3_CORRELATIONS,true,false,false,false,false,true,ok,true,/Users/newhosung/Library/CloudStorage/OneDrive-SharedLibraries-ThePennsylvaniaStateUniversity/AI Adoption Meta Analysis - Documents/Meta/AI Adoption/PDFs/S110.pdf
S110,BI-SI,BI,SI,0.05,353.0,latest_human_R3_CORRELATIONS,true,false,false,false,false,true,ok,true,/Users/newhosung/Library/CloudStorage/OneDrive-SharedLibraries-ThePennsylvaniaStateUniversity/AI Adoption Meta Analysis - Documents/Meta/AI Adoption/PDFs/S110.pdf
S016,ANX-ATT,ANX,ATT,0.338,382.0,latest_human_R3_CORRELATIONS,false,false,false,true,true,true,ok,true,/Users/newhosung/Library/CloudStorage/OneDrive-SharedLibraries-ThePennsylvaniaStateUniversity/AI Adoption Meta Analysis - Documents/Meta/AI Adoption/PDFs/S016.pdf
S016,ANX-BI,ANX,BI,0.325,382.0,latest_human_R3_CORRELATIONS,false,false,false,true,true,true,ok,true,/Users/newhosung/Library/CloudStorage/OneDrive-SharedLibraries-ThePennsylvaniaStateUniversity/AI Adoption Meta Analysis - Documents/Meta/AI Adoption/PDFs/S016.pdf
S016,ANX-EE,ANX,EE,0.358,382.0,latest_human_R3_CORRELATIONS,false,false,false,true,true,true,ok,true,/Users/newhosung/Library/CloudStorage/OneDrive-SharedLibraries-ThePennsylvaniaStateUniversity/AI Adoption Meta Analysis - Documents/Meta/AI Adoption/PDFs/S016.pdf
S016,ANX-FC,ANX,FC,0.372,382.0,latest_human_R3_CORRELATIONS,false,false,false,true,true,true,ok,true,/Users/newhosung/Library/CloudStorage/OneDrive-SharedLibraries-ThePennsylvaniaStateUniversity/AI Adoption Meta Analysis - Documents/Meta/AI Adoption/PDFs/S016.pdf
S016,ANX-PE,ANX,PE,0.399,382.0,latest_human_R3_CORRELATIONS,false,false,false,true,true,true,ok,true,/Users/newhosung/Library/CloudStorage/OneDrive-SharedLibraries-ThePennsylvaniaStateUniversity/AI Adoption Meta Analysis - Documents/Meta/AI Adoption/PDFs/S016.pdf
S016,ANX-SE,ANX,SE,-0.003,382.0,latest_human_R3_CORRELATIONS,false,false,false,true,true,true,ok,true,/Users/newhosung/Library/CloudStorage/OneDrive-SharedLibraries-ThePennsylvaniaStateUniversity/AI Adoption Meta Analysis - Documents/Meta/AI Adoption/PDFs/S016.pdf
S016,ATT-BI,ATT,BI,0.405,382.0,latest_human_R3_CORRELATIONS,false,false,false,true,true,true,ok,true,/Users/newhosung/Library/CloudStorage/OneDrive-SharedLibraries-ThePennsylvaniaStateUniversity/AI Adoption Meta Analysis - Documents/Meta/AI Adoption/PDFs/S016.pdf
S016,ATT-EE,ATT,EE,0.301,382.0,latest_human_R3_CORRELATIONS,false,false,false,true,true,true,ok,true,/Users/newhosung/Library/CloudStorage/OneDrive-SharedLibraries-ThePennsylvaniaStateUniversity/AI Adoption Meta Analysis - Documents/Meta/AI Adoption/PDFs/S016.pdf
S016,ATT-FC,ATT,FC,0.348,382.0,latest_human_R3_CORRELATIONS,false,false,false,true,true,true,ok,true,/Users/newhosung/Library/CloudStorage/OneDrive-SharedLibraries-ThePennsylvaniaStateUniversity/AI Adoption Meta Analysis - Documents/Meta/AI Adoption/PDFs/S016.pdf
S016,ATT-PE,ATT,PE,0.355,382.0,latest_human_R3_CORRELATIONS,false,false,false,true,true,true,ok,true,/Users/newhosung/Library/CloudStorage/OneDrive-SharedLibraries-ThePennsylvaniaStateUniversity/AI Adoption Meta Analysis - Documents/Meta/AI Adoption/PDFs/S016.pdf
S016,ATT-SE,ATT,SE,0.075,382.0,latest_human_R3_CORRELATIONS,false,false,false,true,true,true,ok,true,/Users/newhosung/Library/CloudStorage/OneDrive-SharedLibraries-ThePennsylvaniaStateUniversity/AI Adoption Meta Analysis - Documents/Meta/AI Adoption/PDFs/S016.pdf
S016,BI-EE,BI,EE,0.311,382.0,latest_human_R3_CORRELATIONS,false,false,false,true,true,true,ok,true,/Users/newhosung/Library/CloudStorage/OneDrive-SharedLibraries-ThePennsylvaniaStateUniversity/AI Adoption Meta Analysis - Documents/Meta/AI Adoption/PDFs/S016.pdf
S016,BI-FC,BI,FC,0.388,382.0,latest_human_R3_CORRELATIONS,false,false,false,true,true,true,ok,true,/Users/newhosung/Library/CloudStorage/OneDrive-SharedLibraries-ThePennsylvaniaStateUniversity/AI Adoption Meta Analysis - Documents/Meta/AI Adoption/PDFs/S016.pdf
S016,BI-PE,BI,PE,0.357,382.0,latest_human_R3_CORRELATIONS,false,false,false,true,true,true,ok,true,/Users/newhosung/Library/CloudStorage/OneDrive-SharedLibraries-ThePennsylvaniaStateUniversity/AI Adoption Meta Analysis - Documents/Meta/AI Adoption/PDFs/S016.pdf
S016,BI-SE,BI,SE,0.042,382.0,latest_human_R3_CORRELATIONS,false,false,false,true,true,true,ok,true,/Users/newhosung/Library/CloudStorage/OneDrive-SharedLibraries-ThePennsylvaniaStateUniversity/AI Adoption Meta Analysis - Documents/Meta/AI Adoption/PDFs/S016.pdf
S016,EE-FC,EE,FC,0.338,382.0,latest_human_R3_CORRELATIONS,false,false,false,true,true,true,ok,true,/Users/newhosung/Library/CloudStorage/OneDrive-SharedLibraries-ThePennsylvaniaStateUniversity/AI Adoption Meta Analysis - Documents/Meta/AI Adoption/PDFs/S016.pdf
S016,EE-PE,EE,PE,0.375,382.0,latest_human_R3_CORRELATIONS,false,false,false,true,true,true,ok,true,/Users/newhosung/Library/CloudStorage/OneDrive-SharedLibraries-ThePennsylvaniaStateUniversity/AI Adoption Meta Analysis - Documents/Meta/AI Adoption/PDFs/S016.pdf
S016,EE-SE,EE,SE,0.037,382.0,latest_human_R3_CORRELATIONS,false,false,false,true,true,true,ok,true,/Users/newhosung/Library/CloudStorage/OneDrive-SharedLibraries-ThePennsylvaniaStateUniversity/AI Adoption Meta Analysis - Documents/Meta/AI Adoption/PDFs/S016.pdf
S016,FC-PE,FC,PE,0.405,382.0,latest_human_R3_CORRELATIONS,false,false,false,true,true,true,ok,true,/Users/newhosung/Library/CloudStorage/OneDrive-SharedLibraries-ThePennsylvaniaStateUniversity/AI Adoption Meta Analysis - Documents/Meta/AI Adoption/PDFs/S016.pdf
S016,FC-SE,FC,SE,-0.084,382.0,latest_human_R3_CORRELATIONS,false,false,false,true,true,true,ok,true,/Users/newhosung/Library/CloudStorage/OneDrive-SharedLibraries-ThePennsylvaniaStateUniversity/AI Adoption Meta Analysis - Documents/Meta/AI Adoption/PDFs/S016.pdf
S016,PE-SE,PE,SE,0.02,382.0,latest_human_R3_CORRELATIONS,false,false,false,true,true,true,ok,true,/Users/newhosung/Library/CloudStorage/OneDrive-SharedLibraries-ThePennsylvaniaStateUniversity/AI Adoption Meta Analysis - Documents/Meta/AI Adoption/PDFs/S016.pdf
S097,ATT-BI,ATT,BI,0.94,210.0,latest_human_R3_CORRELATIONS,false,false,false,true,true,true,ok,true,/Users/newhosung/Library/CloudStorage/OneDrive-SharedLibraries-ThePennsylvaniaStateUniversity/AI Adoption Meta Analysis - Documents/Meta/AI Adoption/PDFs/S097.pdf
S097,ATT-EE,ATT,EE,0.88,210.0,latest_human_R3_CORRELATIONS,false,false,false,true,true,true,ok,true,/Users/newhosung/Library/CloudStorage/OneDrive-SharedLibraries-ThePennsylvaniaStateUniversity/AI Adoption Meta Analysis - Documents/Meta/AI Adoption/PDFs/S097.pdf
S097,ATT-PE,ATT,PE,0.87,210.0,latest_human_R3_CORRELATIONS,false,false,false,true,true,true,ok,true,/Users/newhosung/Library/CloudStorage/OneDrive-SharedLibraries-ThePennsylvaniaStateUniversity/AI Adoption Meta Analysis - Documents/Meta/AI Adoption/PDFs/S097.pdf
S097,ATT-UB,ATT,UB,0.9,210.0,latest_human_R3_CORRELATIONS,false,false,false,true,true,true,ok,true,/Users/newhosung/Library/CloudStorage/OneDrive-SharedLibraries-ThePennsylvaniaStateUniversity/AI Adoption Meta Analysis - Documents/Meta/AI Adoption/PDFs/S097.pdf
S097,BI-EE,BI,EE,0.9,210.0,latest_human_R3_CORRELATIONS,false,false,false,true,true,true,ok,true,/Users/newhosung/Library/CloudStorage/OneDrive-SharedLibraries-ThePennsylvaniaStateUniversity/AI Adoption Meta Analysis - Documents/Meta/AI Adoption/PDFs/S097.pdf
S097,BI-PE,BI,PE,0.9,210.0,latest_human_R3_CORRELATIONS,false,false,false,true,true,true,ok,true,/Users/newhosung/Library/CloudStorage/OneDrive-SharedLibraries-ThePennsylvaniaStateUniversity/AI Adoption Meta Analysis - Documents/Meta/AI Adoption/PDFs/S097.pdf
S097,BI-UB,BI,UB,0.93,210.0,latest_human_R3_CORRELATIONS,false,false,false,true,true,true,ok,true,/Users/newhosung/Library/CloudStorage/OneDrive-SharedLibraries-ThePennsylvaniaStateUniversity/AI Adoption Meta Analysis - Documents/Meta/AI Adoption/PDFs/S097.pdf
S097,EE-PE,EE,PE,0.86,210.0,latest_human_R3_CORRELATIONS,false,false,false,true,true,true,ok,true,/Users/newhosung/Library/CloudStorage/OneDrive-SharedLibraries-ThePennsylvaniaStateUniversity/AI Adoption Meta Analysis - Documents/Meta/AI Adoption/PDFs/S097.pdf
S097,EE-UB,EE,UB,0.87,210.0,latest_human_R3_CORRELATIONS,false,false,false,true,true,true,ok,true,/Users/newhosung/Library/CloudStorage/OneDrive-SharedLibraries-ThePennsylvaniaStateUniversity/AI Adoption Meta Analysis - Documents/Meta/AI Adoption/PDFs/S097.pdf
S097,PE-UB,PE,UB,0.88,210.0,latest_human_R3_CORRELATIONS,false,false,false,true,true,true,ok,true,/Users/newhosung/Library/CloudStorage/OneDrive-SharedLibraries-ThePennsylvaniaStateUniversity/AI Adoption Meta Analysis - Documents/Meta/AI Adoption/PDFs/S097.pdf
S090,EE-PE,EE,PE,0.46,681.0,latest_human_R3_CORRELATIONS,false,false,false,true,true,true,ok,true,/Users/newhosung/Library/CloudStorage/OneDrive-SharedLibraries-ThePennsylvaniaStateUniversity/AI Adoption Meta Analysis - Documents/Meta/AI Adoption/PDFs/S090.pdf
S090,EE-UB,EE,UB,0.47,681.0,latest_human_R3_CORRELATIONS,false,false,false,true,true,true,ok,true,/Users/newhosung/Library/CloudStorage/OneDrive-SharedLibraries-ThePennsylvaniaStateUniversity/AI Adoption Meta Analysis - Documents/Meta/AI Adoption/PDFs/S090.pdf
S090,PE-UB,PE,UB,0.74,681.0,latest_human_R3_CORRELATIONS,false,false,false,true,true,true,ok,true,/Users/newhosung/Library/CloudStorage/OneDrive-SharedLibraries-ThePennsylvaniaStateUniversity/AI Adoption Meta Analysis - Documents/Meta/AI Adoption/PDFs/S090.pdf
S176,ATT-BI,ATT,BI,0.68,1214.0,latest_human_R3_CORRELATIONS,false,false,false,true,true,true,ok,true,/Users/newhosung/Library/CloudStorage/OneDrive-SharedLibraries-ThePennsylvaniaStateUniversity/AI Adoption Meta Analysis - Documents/Meta/AI Adoption/PDFs/S176.pdf
S176,ATT-EE,ATT,EE,0.18,1214.0,latest_human_R3_CORRELATIONS,false,false,false,true,true,true,ok,true,/Users/newhosung/Library/CloudStorage/OneDrive-SharedLibraries-ThePennsylvaniaStateUniversity/AI Adoption Meta Analysis - Documents/Meta/AI Adoption/PDFs/S176.pdf
S176,ATT-FC,ATT,FC,0.41,1214.0,latest_human_R3_CORRELATIONS,false,false,false,true,true,true,ok,true,/Users/newhosung/Library/CloudStorage/OneDrive-SharedLibraries-ThePennsylvaniaStateUniversity/AI Adoption Meta Analysis - Documents/Meta/AI Adoption/PDFs/S176.pdf
S176,ATT-PE,ATT,PE,0.12,1214.0,latest_human_R3_CORRELATIONS,false,false,false,true,true,true,ok,true,/Users/newhosung/Library/CloudStorage/OneDrive-SharedLibraries-ThePennsylvaniaStateUniversity/AI Adoption Meta Analysis - Documents/Meta/AI Adoption/PDFs/S176.pdf
S176,ATT-SI,ATT,SI,0.05,1214.0,latest_human_R3_CORRELATIONS,false,false,false,true,true,true,ok,true,/Users/newhosung/Library/CloudStorage/OneDrive-SharedLibraries-ThePennsylvaniaStateUniversity/AI Adoption Meta Analysis - Documents/Meta/AI Adoption/PDFs/S176.pdf
S176,ATT-TRU,ATT,TRU,0.23,1214.0,latest_human_R3_CORRELATIONS,false,false,false,true,true,true,ok,true,/Users/newhosung/Library/CloudStorage/OneDrive-SharedLibraries-ThePennsylvaniaStateUniversity/AI Adoption Meta Analysis - Documents/Meta/AI Adoption/PDFs/S176.pdf
S176,ATT-UB,ATT,UB,0.47,1214.0,latest_human_R3_CORRELATIONS,false,false,false,true,true,true,ok,true,/Users/newhosung/Library/CloudStorage/OneDrive-SharedLibraries-ThePennsylvaniaStateUniversity/AI Adoption Meta Analysis - Documents/Meta/AI Adoption/PDFs/S176.pdf
S176,BI-EE,BI,EE,0.23,1214.0,latest_human_R3_CORRELATIONS,false,false,false,true,true,true,ok,true,/Users/newhosung/Library/CloudStorage/OneDrive-SharedLibraries-ThePennsylvaniaStateUniversity/AI Adoption Meta Analysis - Documents/Meta/AI Adoption/PDFs/S176.pdf
S176,BI-FC,BI,FC,0.53,1214.0,latest_human_R3_CORRELATIONS,false,false,false,true,true,true,ok,true,/Users/newhosung/Library/CloudStorage/OneDrive-SharedLibraries-ThePennsylvaniaStateUniversity/AI Adoption Meta Analysis - Documents/Meta/AI Adoption/PDFs/S176.pdf
S176,BI-PE,BI,PE,0.05,1214.0,latest_human_R3_CORRELATIONS,false,false,false,true,true,true,ok,true,/Users/newhosung/Library/CloudStorage/OneDrive-SharedLibraries-ThePennsylvaniaStateUniversity/AI Adoption Meta Analysis - Documents/Meta/AI Adoption/PDFs/S176.pdf
S176,BI-SI,BI,SI,0.09,1214.0,latest_human_R3_CORRELATIONS,false,false,false,true,true,true,ok,true,/Users/newhosung/Library/CloudStorage/OneDrive-SharedLibraries-ThePennsylvaniaStateUniversity/AI Adoption Meta Analysis - Documents/Meta/AI Adoption/PDFs/S176.pdf
S176,BI-TRU,BI,TRU,0.57,1214.0,latest_human_R3_CORRELATIONS,false,false,false,true,true,true,ok,true,/Users/newhosung/Library/CloudStorage/OneDrive-SharedLibraries-ThePennsylvaniaStateUniversity/AI Adoption Meta Analysis - Documents/Meta/AI Adoption/PDFs/S176.pdf
S176,BI-UB,BI,UB,0.63,1214.0,latest_human_R3_CORRELATIONS,false,false,false,true,true,true,ok,true,/Users/newhosung/Library/CloudStorage/OneDrive-SharedLibraries-ThePennsylvaniaStateUniversity/AI Adoption Meta Analysis - Documents/Meta/AI Adoption/PDFs/S176.pdf
S176,EE-FC,EE,FC,0.24,1214.0,latest_human_R3_CORRELATIONS,false,false,false,true,true,true,ok,true,/Users/newhosung/Library/CloudStorage/OneDrive-SharedLibraries-ThePennsylvaniaStateUniversity/AI Adoption Meta Analysis - Documents/Meta/AI Adoption/PDFs/S176.pdf
S176,EE-PE,EE,PE,0.15,1214.0,latest_human_R3_CORRELATIONS,false,false,false,true,true,true,ok,true,/Users/newhosung/Library/CloudStorage/OneDrive-SharedLibraries-ThePennsylvaniaStateUniversity/AI Adoption Meta Analysis - Documents/Meta/AI Adoption/PDFs/S176.pdf
S176,EE-SI,EE,SI,0.02,1214.0,latest_human_R3_CORRELATIONS,false,false,false,true,true,true,ok,true,/Users/newhosung/Library/CloudStorage/OneDrive-SharedLibraries-ThePennsylvaniaStateUniversity/AI Adoption Meta Analysis - Documents/Meta/AI Adoption/PDFs/S176.pdf
S176,EE-TRU,EE,TRU,0.31,1214.0,latest_human_R3_CORRELATIONS,false,false,false,true,true,true,ok,true,/Users/newhosung/Library/CloudStorage/OneDrive-SharedLibraries-ThePennsylvaniaStateUniversity/AI Adoption Meta Analysis - Documents/Meta/AI Adoption/PDFs/S176.pdf
S176,EE-UB,EE,UB,0.25,1214.0,latest_human_R3_CORRELATIONS,false,false,false,true,true,true,ok,true,/Users/newhosung/Library/CloudStorage/OneDrive-SharedLibraries-ThePennsylvaniaStateUniversity/AI Adoption Meta Analysis - Documents/Meta/AI Adoption/PDFs/S176.pdf
S176,FC-PE,FC,PE,0.39,1214.0,latest_human_R3_CORRELATIONS,false,false,false,true,true,true,ok,true,/Users/newhosung/Library/CloudStorage/OneDrive-SharedLibraries-ThePennsylvaniaStateUniversity/AI Adoption Meta Analysis - Documents/Meta/AI Adoption/PDFs/S176.pdf
S176,FC-SI,FC,SI,0.32,1214.0,latest_human_R3_CORRELATIONS,false,false,false,true,true,true,ok,true,/Users/newhosung/Library/CloudStorage/OneDrive-SharedLibraries-ThePennsylvaniaStateUniversity/AI Adoption Meta Analysis - Documents/Meta/AI Adoption/PDFs/S176.pdf
S176,FC-TRU,FC,TRU,0.55,1214.0,latest_human_R3_CORRELATIONS,false,false,false,true,true,true,ok,true,/Users/newhosung/Library/CloudStorage/OneDrive-SharedLibraries-ThePennsylvaniaStateUniversity/AI Adoption Meta Analysis - Documents/Meta/AI Adoption/PDFs/S176.pdf
S176,FC-UB,FC,UB,0.71,1214.0,latest_human_R3_CORRELATIONS,false,false,false,true,true,true,ok,true,/Users/newhosung/Library/CloudStorage/OneDrive-SharedLibraries-ThePennsylvaniaStateUniversity/AI Adoption Meta Analysis - Documents/Meta/AI Adoption/PDFs/S176.pdf
S176,PE-SI,PE,SI,0.75,1214.0,latest_human_R3_CORRELATIONS,false,false,false,true,true,true,ok,true,/Users/newhosung/Library/CloudStorage/OneDrive-SharedLibraries-ThePennsylvaniaStateUniversity/AI Adoption Meta Analysis - Documents/Meta/AI Adoption/PDFs/S176.pdf
S176,PE-TRU,PE,TRU,0.25,1214.0,latest_human_R3_CORRELATIONS,false,false,false,true,true,true,ok,true,/Users/newhosung/Library/CloudStorage/OneDrive-SharedLibraries-ThePennsylvaniaStateUniversity/AI Adoption Meta Analysis - Documents/Meta/AI Adoption/PDFs/S176.pdf
S176,PE-UB,PE,UB,0.47,1214.0,latest_human_R3_CORRELATIONS,false,false,false,true,true,true,ok,true,/Users/newhosung/Library/CloudStorage/OneDrive-SharedLibraries-ThePennsylvaniaStateUniversity/AI Adoption Meta Analysis - Documents/Meta/AI Adoption/PDFs/S176.pdf
S176,SI-TRU,SI,TRU,0.32,1214.0,latest_human_R3_CORRELATIONS,false,false,false,true,true,true,ok,true,/Users/newhosung/Library/CloudStorage/OneDrive-SharedLibraries-ThePennsylvaniaStateUniversity/AI Adoption Meta Analysis - Documents/Meta/AI Adoption/PDFs/S176.pdf
S176,SI-UB,SI,UB,0.37,1214.0,latest_human_R3_CORRELATIONS,false,false,false,true,true,true,ok,true,/Users/newhosung/Library/CloudStorage/OneDrive-SharedLibraries-ThePennsylvaniaStateUniversity/AI Adoption Meta Analysis - Documents/Meta/AI Adoption/PDFs/S176.pdf
S176,TRU-UB,TRU,UB,0.67,1214.0,latest_human_R3_CORRELATIONS,false,false,false,true,true,true,ok,true,/Users/newhosung/Library/CloudStorage/OneDrive-SharedLibraries-ThePennsylvaniaStateUniversity/AI Adoption Meta Analysis - Documents/Meta/AI Adoption/PDFs/S176.pdf
S047,BI-EE,BI,EE,0.448,359.0,latest_human_R3_CORRELATIONS,false,false,false,true,true,true,ok,true,/Users/newhosung/Library/CloudStorage/OneDrive-SharedLibraries-ThePennsylvaniaStateUniversity/AI Adoption Meta Analysis - Documents/Meta/AI Adoption/PDFs/S047.pdf
S047,BI-FC,BI,FC,0.308,359.0,latest_human_R3_CORRELATIONS,false,false,false,true,true,true,ok,true,/Users/newhosung/Library/CloudStorage/OneDrive-SharedLibraries-ThePennsylvaniaStateUniversity/AI Adoption Meta Analysis - Documents/Meta/AI Adoption/PDFs/S047.pdf
S047,BI-PE,BI,PE,0.524,359.0,latest_human_R3_CORRELATIONS,false,false,false,true,true,true,ok,true,/Users/newhosung/Library/CloudStorage/OneDrive-SharedLibraries-ThePennsylvaniaStateUniversity/AI Adoption Meta Analysis - Documents/Meta/AI Adoption/PDFs/S047.pdf
S047,BI-SI,BI,SI,0.534,359.0,latest_human_R3_CORRELATIONS,false,false,false,true,true,true,ok,true,/Users/newhosung/Library/CloudStorage/OneDrive-SharedLibraries-ThePennsylvaniaStateUniversity/AI Adoption Meta Analysis - Documents/Meta/AI Adoption/PDFs/S047.pdf
S047,EE-FC,EE,FC,0.304,359.0,latest_human_R3_CORRELATIONS,false,false,false,true,true,true,ok,true,/Users/newhosung/Library/CloudStorage/OneDrive-SharedLibraries-ThePennsylvaniaStateUniversity/AI Adoption Meta Analysis - Documents/Meta/AI Adoption/PDFs/S047.pdf
S047,EE-PE,EE,PE,0.573,359.0,latest_human_R3_CORRELATIONS,false,false,false,true,true,true,ok,true,/Users/newhosung/Library/CloudStorage/OneDrive-SharedLibraries-ThePennsylvaniaStateUniversity/AI Adoption Meta Analysis - Documents/Meta/AI Adoption/PDFs/S047.pdf
S047,EE-SI,EE,SI,0.506,359.0,latest_human_R3_CORRELATIONS,false,false,false,true,true,true,ok,true,/Users/newhosung/Library/CloudStorage/OneDrive-SharedLibraries-ThePennsylvaniaStateUniversity/AI Adoption Meta Analysis - Documents/Meta/AI Adoption/PDFs/S047.pdf
S047,FC-PE,FC,PE,0.325,359.0,latest_human_R3_CORRELATIONS,false,false,false,true,true,true,ok,true,/Users/newhosung/Library/CloudStorage/OneDrive-SharedLibraries-ThePennsylvaniaStateUniversity/AI Adoption Meta Analysis - Documents/Meta/AI Adoption/PDFs/S047.pdf
S047,FC-SI,FC,SI,0.488,359.0,latest_human_R3_CORRELATIONS,false,false,false,true,true,true,ok,true,/Users/newhosung/Library/CloudStorage/OneDrive-SharedLibraries-ThePennsylvaniaStateUniversity/AI Adoption Meta Analysis - Documents/Meta/AI Adoption/PDFs/S047.pdf
S047,PE-SI,PE,SI,0.639,359.0,latest_human_R3_CORRELATIONS,false,false,false,true,true,true,ok,true,/Users/newhosung/Library/CloudStorage/OneDrive-SharedLibraries-ThePennsylvaniaStateUniversity/AI Adoption Meta Analysis - Documents/Meta/AI Adoption/PDFs/S047.pdf
S072,ATT-BI,ATT,BI,0.47,500.0,latest_human_R3_CORRELATIONS,false,false,false,true,true,true,ok,true,/Users/newhosung/Library/CloudStorage/OneDrive-SharedLibraries-ThePennsylvaniaStateUniversity/AI Adoption Meta Analysis - Documents/Meta/AI Adoption/PDFs/S072.pdf
S072,ATT-EE,ATT,EE,0.318,500.0,latest_human_R3_CORRELATIONS,false,false,false,true,true,true,ok,true,/Users/newhosung/Library/CloudStorage/OneDrive-SharedLibraries-ThePennsylvaniaStateUniversity/AI Adoption Meta Analysis - Documents/Meta/AI Adoption/PDFs/S072.pdf
S072,ATT-FC,ATT,FC,0.38,500.0,latest_human_R3_CORRELATIONS,false,false,false,true,true,true,ok,false,/Users/newhosung/Library/CloudStorage/OneDrive-SharedLibraries-ThePennsylvaniaStateUniversity/AI Adoption Meta Analysis - Documents/Meta/AI Adoption/PDFs/S072.pdf
S072,ATT-PE,ATT,PE,0.31,500.0,latest_human_R3_CORRELATIONS,false,false,false,true,false,true,ok,false,/Users/newhosung/Library/CloudStorage/OneDrive-SharedLibraries-ThePennsylvaniaStateUniversity/AI Adoption Meta Analysis - Documents/Meta/AI Adoption/PDFs/S072.pdf
S072,ATT-SI,ATT,SI,0.46,500.0,latest_human_R3_CORRELATIONS,false,false,false,true,true,true,ok,true,/Users/newhosung/Library/CloudStorage/OneDrive-SharedLibraries-ThePennsylvaniaStateUniversity/AI Adoption Meta Analysis - Documents/Meta/AI Adoption/PDFs/S072.pdf
S072,BI-EE,BI,EE,0.664,500.0,latest_human_R3_CORRELATIONS,false,false,false,true,true,true,ok,true,/Users/newhosung/Library/CloudStorage/OneDrive-SharedLibraries-ThePennsylvaniaStateUniversity/AI Adoption Meta Analysis - Documents/Meta/AI Adoption/PDFs/S072.pdf
S072,BI-FC,BI,FC,0.666,500.0,latest_human_R3_CORRELATIONS,false,false,false,true,true,true,ok,true,/Users/newhosung/Library/CloudStorage/OneDrive-SharedLibraries-ThePennsylvaniaStateUniversity/AI Adoption Meta Analysis - Documents/Meta/AI Adoption/PDFs/S072.pdf
S072,BI-PE,BI,PE,0.636,500.0,latest_human_R3_CORRELATIONS,false,false,false,true,true,true,ok,true,/Users/newhosung/Library/CloudStorage/OneDrive-SharedLibraries-ThePennsylvaniaStateUniversity/AI Adoption Meta Analysis - Documents/Meta/AI Adoption/PDFs/S072.pdf
S072,BI-SI,BI,SI,0.696,500.0,latest_human_R3_CORRELATIONS,false,false,false,true,true,true,ok,true,/Users/newhosung/Library/CloudStorage/OneDrive-SharedLibraries-ThePennsylvaniaStateUniversity/AI Adoption Meta Analysis - Documents/Meta/AI Adoption/PDFs/S072.pdf
S072,BI-UB,BI,UB,0.646,500.0,latest_human_R3_CORRELATIONS,false,false,false,true,true,true,ok,true,/Users/newhosung/Library/CloudStorage/OneDrive-SharedLibraries-ThePennsylvaniaStateUniversity/AI Adoption Meta Analysis - Documents/Meta/AI Adoption/PDFs/S072.pdf
S072,EE-FC,EE,FC,0.68,500.0,latest_human_R3_CORRELATIONS,false,false,false,true,true,true,ok,true,/Users/newhosung/Library/CloudStorage/OneDrive-SharedLibraries-ThePennsylvaniaStateUniversity/AI Adoption Meta Analysis - Documents/Meta/AI Adoption/PDFs/S072.pdf
S072,EE-PE,EE,PE,0.706,500.0,latest_human_R3_CORRELATIONS,false,false,false,true,true,true,ok,true,/Users/newhosung/Library/CloudStorage/OneDrive-SharedLibraries-ThePennsylvaniaStateUniversity/AI Adoption Meta Analysis - Documents/Meta/AI Adoption/PDFs/S072.pdf
S072,EE-SI,EE,SI,0.717,500.0,latest_human_R3_CORRELATIONS,false,false,false,true,true,true,ok,true,/Users/newhosung/Library/CloudStorage/OneDrive-SharedLibraries-ThePennsylvaniaStateUniversity/AI Adoption Meta Analysis - Documents/Meta/AI Adoption/PDFs/S072.pdf
S072,EE-UB,EE,UB,0.646,500.0,latest_human_R3_CORRELATIONS,false,false,false,true,true,true,ok,true,/Users/newhosung/Library/CloudStorage/OneDrive-SharedLibraries-ThePennsylvaniaStateUniversity/AI Adoption Meta Analysis - Documents/Meta/AI Adoption/PDFs/S072.pdf
S072,FC-PE,FC,PE,0.705,500.0,latest_human_R3_CORRELATIONS,false,false,false,true,true,true,ok,true,/Users/newhosung/Library/CloudStorage/OneDrive-SharedLibraries-ThePennsylvaniaStateUniversity/AI Adoption Meta Analysis - Documents/Meta/AI Adoption/PDFs/S072.pdf
S072,FC-SI,FC,SI,0.734,500.0,latest_human_R3_CORRELATIONS,false,false,false,true,true,true,ok,true,/Users/newhosung/Library/CloudStorage/OneDrive-SharedLibraries-ThePennsylvaniaStateUniversity/AI Adoption Meta Analysis - Documents/Meta/AI Adoption/PDFs/S072.pdf
S072,FC-UB,FC,UB,0.591,500.0,latest_human_R3_CORRELATIONS,false,false,false,true,true,true,ok,true,/Users/newhosung/Library/CloudStorage/OneDrive-SharedLibraries-ThePennsylvaniaStateUniversity/AI Adoption Meta Analysis - Documents/Meta/AI Adoption/PDFs/S072.pdf
S072,PE-SI,PE,SI,0.67,500.0,latest_human_R3_CORRELATIONS,false,false,false,true,true,true,ok,true,/Users/newhosung/Library/CloudStorage/OneDrive-SharedLibraries-ThePennsylvaniaStateUniversity/AI Adoption Meta Analysis - Documents/Meta/AI Adoption/PDFs/S072.pdf
S072,PE-UB,PE,UB,0.464,500.0,latest_human_R3_CORRELATIONS,false,false,false,true,true,true,ok,true,/Users/newhosung/Library/CloudStorage/OneDrive-SharedLibraries-ThePennsylvaniaStateUniversity/AI Adoption Meta Analysis - Documents/Meta/AI Adoption/PDFs/S072.pdf
S072,SI-UB,SI,UB,0.498,500.0,latest_human_R3_CORRELATIONS,false,false,false,true,true,true,ok,true,/Users/newhosung/Library/CloudStorage/OneDrive-SharedLibraries-ThePennsylvaniaStateUniversity/AI Adoption Meta Analysis - Documents/Meta/AI Adoption/PDFs/S072.pdf
S219,ANX-ATT,ANX,ATT,-0.08,432.0,latest_human_R3_CORRELATIONS,false,false,false,true,false,true,ok,false,/Users/newhosung/Library/CloudStorage/OneDrive-SharedLibraries-ThePennsylvaniaStateUniversity/AI Adoption Meta Analysis - Documents/Meta/AI Adoption/PDFs/S219.pdf
S219,ANX-BI,ANX,BI,-0.12,432.0,latest_human_R3_CORRELATIONS,false,false,false,true,false,true,ok,false,/Users/newhosung/Library/CloudStorage/OneDrive-SharedLibraries-ThePennsylvaniaStateUniversity/AI Adoption Meta Analysis - Documents/Meta/AI Adoption/PDFs/S219.pdf
S219,ANX-EE,ANX,EE,-0.1,432.0,latest_human_R3_CORRELATIONS,false,false,false,true,false,true,ok,false,/Users/newhosung/Library/CloudStorage/OneDrive-SharedLibraries-ThePennsylvaniaStateUniversity/AI Adoption Meta Analysis - Documents/Meta/AI Adoption/PDFs/S219.pdf
S219,ANX-PE,ANX,PE,-0.07,432.0,latest_human_R3_CORRELATIONS,false,false,false,true,false,true,ok,false,/Users/newhosung/Library/CloudStorage/OneDrive-SharedLibraries-ThePennsylvaniaStateUniversity/AI Adoption Meta Analysis - Documents/Meta/AI Adoption/PDFs/S219.pdf
S219,ATT-BI,ATT,BI,0.65,432.0,latest_human_R3_CORRELATIONS,false,false,false,true,true,true,ok,true,/Users/newhosung/Library/CloudStorage/OneDrive-SharedLibraries-ThePennsylvaniaStateUniversity/AI Adoption Meta Analysis - Documents/Meta/AI Adoption/PDFs/S219.pdf
S219,ATT-EE,ATT,EE,0.6,432.0,latest_human_R3_CORRELATIONS,false,false,false,true,true,true,ok,true,/Users/newhosung/Library/CloudStorage/OneDrive-SharedLibraries-ThePennsylvaniaStateUniversity/AI Adoption Meta Analysis - Documents/Meta/AI Adoption/PDFs/S219.pdf
S219,ATT-PE,ATT,PE,0.63,432.0,latest_human_R3_CORRELATIONS,false,false,false,true,true,true,ok,true,/Users/newhosung/Library/CloudStorage/OneDrive-SharedLibraries-ThePennsylvaniaStateUniversity/AI Adoption Meta Analysis - Documents/Meta/AI Adoption/PDFs/S219.pdf
S219,BI-EE,BI,EE,0.56,432.0,latest_human_R3_CORRELATIONS,false,false,false,true,true,true,ok,true,/Users/newhosung/Library/CloudStorage/OneDrive-SharedLibraries-ThePennsylvaniaStateUniversity/AI Adoption Meta Analysis - Documents/Meta/AI Adoption/PDFs/S219.pdf
S219,BI-PE,BI,PE,0.5,432.0,latest_human_R3_CORRELATIONS,false,false,false,true,true,true,ok,true,/Users/newhosung/Library/CloudStorage/OneDrive-SharedLibraries-ThePennsylvaniaStateUniversity/AI Adoption Meta Analysis - Documents/Meta/AI Adoption/PDFs/S219.pdf
S219,EE-PE,EE,PE,0.61,432.0,latest_human_R3_CORRELATIONS,false,false,false,true,true,true,ok,true,/Users/newhosung/Library/CloudStorage/OneDrive-SharedLibraries-ThePennsylvaniaStateUniversity/AI Adoption Meta Analysis - Documents/Meta/AI Adoption/PDFs/S219.pdf
S052,BI-EE,BI,EE,0.7,524.0,latest_human_R3_CORRELATIONS,false,false,false,true,true,true,ok,true,/Users/newhosung/Library/CloudStorage/OneDrive-SharedLibraries-ThePennsylvaniaStateUniversity/AI Adoption Meta Analysis - Documents/Meta/AI Adoption/PDFs/S052.pdf
S052,BI-FC,BI,FC,0.54,524.0,latest_human_R3_CORRELATIONS,false,false,false,true,true,true,ok,true,/Users/newhosung/Library/CloudStorage/OneDrive-SharedLibraries-ThePennsylvaniaStateUniversity/AI Adoption Meta Analysis - Documents/Meta/AI Adoption/PDFs/S052.pdf
S052,BI-PE,BI,PE,0.8,524.0,latest_human_R3_CORRELATIONS,false,false,false,true,true,true,ok,true,/Users/newhosung/Library/CloudStorage/OneDrive-SharedLibraries-ThePennsylvaniaStateUniversity/AI Adoption Meta Analysis - Documents/Meta/AI Adoption/PDFs/S052.pdf
S052,BI-SI,BI,SI,0.61,524.0,latest_human_R3_CORRELATIONS,false,false,false,true,false,true,ok,false,/Users/newhosung/Library/CloudStorage/OneDrive-SharedLibraries-ThePennsylvaniaStateUniversity/AI Adoption Meta Analysis - Documents/Meta/AI Adoption/PDFs/S052.pdf
S052,EE-FC,EE,FC,0.55,524.0,latest_human_R3_CORRELATIONS,false,false,false,true,false,true,ok,false,/Users/newhosung/Library/CloudStorage/OneDrive-SharedLibraries-ThePennsylvaniaStateUniversity/AI Adoption Meta Analysis - Documents/Meta/AI Adoption/PDFs/S052.pdf
S052,EE-PE,EE,PE,0.79,524.0,latest_human_R3_CORRELATIONS,false,false,false,true,false,true,ok,false,/Users/newhosung/Library/CloudStorage/OneDrive-SharedLibraries-ThePennsylvaniaStateUniversity/AI Adoption Meta Analysis - Documents/Meta/AI Adoption/PDFs/S052.pdf
S052,EE-SI,EE,SI,0.54,524.0,latest_human_R3_CORRELATIONS,false,false,false,true,true,true,ok,true,/Users/newhosung/Library/CloudStorage/OneDrive-SharedLibraries-ThePennsylvaniaStateUniversity/AI Adoption Meta Analysis - Documents/Meta/AI Adoption/PDFs/S052.pdf
S052,FC-PE,FC,PE,0.53,524.0,latest_human_R3_CORRELATIONS,false,false,false,true,true,true,ok,true,/Users/newhosung/Library/CloudStorage/OneDrive-SharedLibraries-ThePennsylvaniaStateUniversity/AI Adoption Meta Analysis - Documents/Meta/AI Adoption/PDFs/S052.pdf
S052,FC-SI,FC,SI,0.41,524.0,latest_human_R3_CORRELATIONS,false,false,false,true,false,true,ok,false,/Users/newhosung/Library/CloudStorage/OneDrive-SharedLibraries-ThePennsylvaniaStateUniversity/AI Adoption Meta Analysis - Documents/Meta/AI Adoption/PDFs/S052.pdf
S052,PE-SI,PE,SI,0.65,524.0,latest_human_R3_CORRELATIONS,false,false,false,true,false,true,ok,false,/Users/newhosung/Library/CloudStorage/OneDrive-SharedLibraries-ThePennsylvaniaStateUniversity/AI Adoption Meta Analysis - Documents/Meta/AI Adoption/PDFs/S052.pdf
S146,BI-EE,BI,EE,0.566,346.0,latest_human_R3_CORRELATIONS,false,false,false,true,true,true,ok,true,/Users/newhosung/Library/CloudStorage/OneDrive-SharedLibraries-ThePennsylvaniaStateUniversity/AI Adoption Meta Analysis - Documents/Meta/AI Adoption/PDFs/S146.pdf
S146,BI-PE,BI,PE,0.459,346.0,latest_human_R3_CORRELATIONS,false,false,false,true,true,true,ok,true,/Users/newhosung/Library/CloudStorage/OneDrive-SharedLibraries-ThePennsylvaniaStateUniversity/AI Adoption Meta Analysis - Documents/Meta/AI Adoption/PDFs/S146.pdf
S146,BI-SE,BI,SE,0.33,346.0,latest_human_R3_CORRELATIONS,false,false,false,true,true,true,ok,true,/Users/newhosung/Library/CloudStorage/OneDrive-SharedLibraries-ThePennsylvaniaStateUniversity/AI Adoption Meta Analysis - Documents/Meta/AI Adoption/PDFs/S146.pdf
S146,BI-SI,BI,SI,0.379,346.0,latest_human_R3_CORRELATIONS,false,false,false,true,true,true,ok,true,/Users/newhosung/Library/CloudStorage/OneDrive-SharedLibraries-ThePennsylvaniaStateUniversity/AI Adoption Meta Analysis - Documents/Meta/AI Adoption/PDFs/S146.pdf
S146,EE-PE,EE,PE,0.587,346.0,latest_human_R3_CORRELATIONS,false,false,false,true,true,true,ok,true,/Users/newhosung/Library/CloudStorage/OneDrive-SharedLibraries-ThePennsylvaniaStateUniversity/AI Adoption Meta Analysis - Documents/Meta/AI Adoption/PDFs/S146.pdf
S146,EE-SE,EE,SE,0.268,346.0,latest_human_R3_CORRELATIONS,false,false,false,true,true,true,ok,true,/Users/newhosung/Library/CloudStorage/OneDrive-SharedLibraries-ThePennsylvaniaStateUniversity/AI Adoption Meta Analysis - Documents/Meta/AI Adoption/PDFs/S146.pdf
S146,EE-SI,EE,SI,0.468,346.0,latest_human_R3_CORRELATIONS,false,false,false,true,true,true,ok,true,/Users/newhosung/Library/CloudStorage/OneDrive-SharedLibraries-ThePennsylvaniaStateUniversity/AI Adoption Meta Analysis - Documents/Meta/AI Adoption/PDFs/S146.pdf
S146,PE-SE,PE,SE,0.529,346.0,latest_human_R3_CORRELATIONS,false,false,false,true,true,true,ok,true,/Users/newhosung/Library/CloudStorage/OneDrive-SharedLibraries-ThePennsylvaniaStateUniversity/AI Adoption Meta Analysis - Documents/Meta/AI Adoption/PDFs/S146.pdf
S146,PE-SI,PE,SI,0.487,346.0,latest_human_R3_CORRELATIONS,false,false,false,true,true,true,ok,true,/Users/newhosung/Library/CloudStorage/OneDrive-SharedLibraries-ThePennsylvaniaStateUniversity/AI Adoption Meta Analysis - Documents/Meta/AI Adoption/PDFs/S146.pdf
S146,SE-SI,SE,SI,0.438,346.0,latest_human_R3_CORRELATIONS,false,false,false,true,true,true,ok,true,/Users/newhosung/Library/CloudStorage/OneDrive-SharedLibraries-ThePennsylvaniaStateUniversity/AI Adoption Meta Analysis - Documents/Meta/AI Adoption/PDFs/S146.pdf
S111,BI-PE,BI,PE,0.7,224.0,latest_human_R3_CORRELATIONS,false,false,false,true,true,true,ok,true,/Users/newhosung/Library/CloudStorage/OneDrive-SharedLibraries-ThePennsylvaniaStateUniversity/AI Adoption Meta Analysis - Documents/Meta/AI Adoption/PDFs/S111.pdf
S111,BI-SI,BI,SI,0.8,224.0,latest_human_R3_CORRELATIONS,false,false,false,true,false,true,ok,false,/Users/newhosung/Library/CloudStorage/OneDrive-SharedLibraries-ThePennsylvaniaStateUniversity/AI Adoption Meta Analysis - Documents/Meta/AI Adoption/PDFs/S111.pdf
S111,PE-SI,PE,SI,0.66,224.0,latest_human_R3_CORRELATIONS,false,false,false,true,true,true,ok,true,/Users/newhosung/Library/CloudStorage/OneDrive-SharedLibraries-ThePennsylvaniaStateUniversity/AI Adoption Meta Analysis - Documents/Meta/AI Adoption/PDFs/S111.pdf
S045,ATT-BI,ATT,BI,0.71,184.0,latest_human_R3_CORRELATIONS,false,false,false,true,true,true,ok,true,/Users/newhosung/Library/CloudStorage/OneDrive-SharedLibraries-ThePennsylvaniaStateUniversity/AI Adoption Meta Analysis - Documents/Meta/AI Adoption/PDFs/S045.pdf
S045,ATT-EE,ATT,EE,0.56,184.0,latest_human_R3_CORRELATIONS,false,false,false,true,true,true,ok,true,/Users/newhosung/Library/CloudStorage/OneDrive-SharedLibraries-ThePennsylvaniaStateUniversity/AI Adoption Meta Analysis - Documents/Meta/AI Adoption/PDFs/S045.pdf
S045,ATT-PE,ATT,PE,0.74,184.0,latest_human_R3_CORRELATIONS,false,false,false,true,true,true,ok,true,/Users/newhosung/Library/CloudStorage/OneDrive-SharedLibraries-ThePennsylvaniaStateUniversity/AI Adoption Meta Analysis - Documents/Meta/AI Adoption/PDFs/S045.pdf
S045,ATT-UB,ATT,UB,0.68,184.0,latest_human_R3_CORRELATIONS,false,false,false,true,true,true,ok,true,/Users/newhosung/Library/CloudStorage/OneDrive-SharedLibraries-ThePennsylvaniaStateUniversity/AI Adoption Meta Analysis - Documents/Meta/AI Adoption/PDFs/S045.pdf
S045,BI-EE,BI,EE,0.39,184.0,latest_human_R3_CORRELATIONS,false,false,false,true,true,true,ok,true,/Users/newhosung/Library/CloudStorage/OneDrive-SharedLibraries-ThePennsylvaniaStateUniversity/AI Adoption Meta Analysis - Documents/Meta/AI Adoption/PDFs/S045.pdf
S045,BI-PE,BI,PE,0.74,184.0,latest_human_R3_CORRELATIONS,false,false,false,true,true,true,ok,true,/Users/newhosung/Library/CloudStorage/OneDrive-SharedLibraries-ThePennsylvaniaStateUniversity/AI Adoption Meta Analysis - Documents/Meta/AI Adoption/PDFs/S045.pdf
S045,BI-UB,BI,UB,0.61,184.0,latest_human_R3_CORRELATIONS,false,false,false,true,true,true,ok,true,/Users/newhosung/Library/CloudStorage/OneDrive-SharedLibraries-ThePennsylvaniaStateUniversity/AI Adoption Meta Analysis - Documents/Meta/AI Adoption/PDFs/S045.pdf
S045,EE-PE,EE,PE,0.57,184.0,latest_human_R3_CORRELATIONS,false,false,false,true,true,true,ok,true,/Users/newhosung/Library/CloudStorage/OneDrive-SharedLibraries-ThePennsylvaniaStateUniversity/AI Adoption Meta Analysis - Documents/Meta/AI Adoption/PDFs/S045.pdf
S045,EE-UB,EE,UB,0.38,184.0,latest_human_R3_CORRELATIONS,false,false,false,true,true,true,ok,true,/Users/newhosung/Library/CloudStorage/OneDrive-SharedLibraries-ThePennsylvaniaStateUniversity/AI Adoption Meta Analysis - Documents/Meta/AI Adoption/PDFs/S045.pdf
S045,PE-UB,PE,UB,0.68,184.0,latest_human_R3_CORRELATIONS,false,false,false,true,true,true,ok,true,/Users/newhosung/Library/CloudStorage/OneDrive-SharedLibraries-ThePennsylvaniaStateUniversity/AI Adoption Meta Analysis - Documents/Meta/AI Adoption/PDFs/S045.pdf
S212,ATT-BI,ATT,BI,0.52,465.0,latest_human_R3_CORRELATIONS,false,false,false,true,false,true,ok,false,/Users/newhosung/Library/CloudStorage/OneDrive-SharedLibraries-ThePennsylvaniaStateUniversity/AI Adoption Meta Analysis - Documents/Meta/AI Adoption/PDFs/S212.pdf
S212,ATT-EE,ATT,EE,0.57,465.0,latest_human_R3_CORRELATIONS,false,false,false,true,true,true,ok,true,/Users/newhosung/Library/CloudStorage/OneDrive-SharedLibraries-ThePennsylvaniaStateUniversity/AI Adoption Meta Analysis - Documents/Meta/AI Adoption/PDFs/S212.pdf
S212,ATT-PE,ATT,PE,0.19,465.0,latest_human_R3_CORRELATIONS,false,false,false,true,false,true,ok,false,/Users/newhosung/Library/CloudStorage/OneDrive-SharedLibraries-ThePennsylvaniaStateUniversity/AI Adoption Meta Analysis - Documents/Meta/AI Adoption/PDFs/S212.pdf
S212,BI-PE,BI,PE,0.25,465.0,latest_human_R3_CORRELATIONS,false,false,false,true,false,true,ok,false,/Users/newhosung/Library/CloudStorage/OneDrive-SharedLibraries-ThePennsylvaniaStateUniversity/AI Adoption Meta Analysis - Documents/Meta/AI Adoption/PDFs/S212.pdf
S212,EE-PE,EE,PE,0.17,465.0,latest_human_R3_CORRELATIONS,false,false,false,true,false,true,ok,false,/Users/newhosung/Library/CloudStorage/OneDrive-SharedLibraries-ThePennsylvaniaStateUniversity/AI Adoption Meta Analysis - Documents/Meta/AI Adoption/PDFs/S212.pdf
S186,BI-EE,BI,EE,0.32,657.0,latest_human_R3_CORRELATIONS,false,false,false,true,false,true,ok,false,/Users/newhosung/Library/CloudStorage/OneDrive-SharedLibraries-ThePennsylvaniaStateUniversity/AI Adoption Meta Analysis - Documents/Meta/AI Adoption/PDFs/S186.pdf
S186,BI-FC,BI,FC,0.56,657.0,latest_human_R3_CORRELATIONS,false,false,false,true,true,true,ok,true,/Users/newhosung/Library/CloudStorage/OneDrive-SharedLibraries-ThePennsylvaniaStateUniversity/AI Adoption Meta Analysis - Documents/Meta/AI Adoption/PDFs/S186.pdf
S186,BI-PE,BI,PE,0.59,657.0,latest_human_R3_CORRELATIONS,false,false,false,true,true,true,ok,true,/Users/newhosung/Library/CloudStorage/OneDrive-SharedLibraries-ThePennsylvaniaStateUniversity/AI Adoption Meta Analysis - Documents/Meta/AI Adoption/PDFs/S186.pdf
S186,BI-UB,BI,UB,0.23,657.0,latest_human_R3_CORRELATIONS,false,false,false,true,false,true,ok,false,/Users/newhosung/Library/CloudStorage/OneDrive-SharedLibraries-ThePennsylvaniaStateUniversity/AI Adoption Meta Analysis - Documents/Meta/AI Adoption/PDFs/S186.pdf
S186,EE-FC,EE,FC,0.5,657.0,latest_human_R3_CORRELATIONS,false,false,false,true,true,true,ok,true,/Users/newhosung/Library/CloudStorage/OneDrive-SharedLibraries-ThePennsylvaniaStateUniversity/AI Adoption Meta Analysis - Documents/Meta/AI Adoption/PDFs/S186.pdf
S186,EE-PE,EE,PE,0.38,657.0,latest_human_R3_CORRELATIONS,false,false,false,true,true,true,ok,true,/Users/newhosung/Library/CloudStorage/OneDrive-SharedLibraries-ThePennsylvaniaStateUniversity/AI Adoption Meta Analysis - Documents/Meta/AI Adoption/PDFs/S186.pdf
S186,EE-UB,EE,UB,0.16,657.0,latest_human_R3_CORRELATIONS,false,false,false,true,true,true,ok,true,/Users/newhosung/Library/CloudStorage/OneDrive-SharedLibraries-ThePennsylvaniaStateUniversity/AI Adoption Meta Analysis - Documents/Meta/AI Adoption/PDFs/S186.pdf
S186,FC-PE,FC,PE,0.62,657.0,latest_human_R3_CORRELATIONS,false,false,false,true,true,true,ok,true,/Users/newhosung/Library/CloudStorage/OneDrive-SharedLibraries-ThePennsylvaniaStateUniversity/AI Adoption Meta Analysis - Documents/Meta/AI Adoption/PDFs/S186.pdf
S186,FC-UB,FC,UB,0.12,657.0,latest_human_R3_CORRELATIONS,false,false,false,true,true,true,ok,true,/Users/newhosung/Library/CloudStorage/OneDrive-SharedLibraries-ThePennsylvaniaStateUniversity/AI Adoption Meta Analysis - Documents/Meta/AI Adoption/PDFs/S186.pdf
S186,PE-UB,PE,UB,0.16,657.0,latest_human_R3_CORRELATIONS,false,false,false,true,true,true,ok,true,/Users/newhosung/Library/CloudStorage/OneDrive-SharedLibraries-ThePennsylvaniaStateUniversity/AI Adoption Meta Analysis - Documents/Meta/AI Adoption/PDFs/S186.pdf
S163,ATT-BI,ATT,BI,0.87,300.0,latest_human_R3_CORRELATIONS,false,false,false,true,true,true,ok,true,/Users/newhosung/Library/CloudStorage/OneDrive-SharedLibraries-ThePennsylvaniaStateUniversity/AI Adoption Meta Analysis - Documents/Meta/AI Adoption/PDFs/S163.pdf
S163,ATT-SI,ATT,SI,0.87,300.0,latest_human_R3_CORRELATIONS,false,false,false,true,true,true,ok,true,/Users/newhosung/Library/CloudStorage/OneDrive-SharedLibraries-ThePennsylvaniaStateUniversity/AI Adoption Meta Analysis - Documents/Meta/AI Adoption/PDFs/S163.pdf
S163,ATT-TRU,ATT,TRU,0.89,300.0,latest_human_R3_CORRELATIONS,false,false,false,true,true,true,ok,true,/Users/newhosung/Library/CloudStorage/OneDrive-SharedLibraries-ThePennsylvaniaStateUniversity/AI Adoption Meta Analysis - Documents/Meta/AI Adoption/PDFs/S163.pdf
S163,ATT-UB,ATT,UB,0.82,300.0,latest_human_R3_CORRELATIONS,false,false,false,true,true,true,ok,true,/Users/newhosung/Library/CloudStorage/OneDrive-SharedLibraries-ThePennsylvaniaStateUniversity/AI Adoption Meta Analysis - Documents/Meta/AI Adoption/PDFs/S163.pdf
S163,BI-PE,BI,PE,0.69,300.0,latest_human_R3_CORRELATIONS,false,false,false,true,true,true,ok,true,/Users/newhosung/Library/CloudStorage/OneDrive-SharedLibraries-ThePennsylvaniaStateUniversity/AI Adoption Meta Analysis - Documents/Meta/AI Adoption/PDFs/S163.pdf
S163,BI-SI,BI,SI,0.76,300.0,latest_human_R3_CORRELATIONS,false,false,false,true,true,true,ok,true,/Users/newhosung/Library/CloudStorage/OneDrive-SharedLibraries-ThePennsylvaniaStateUniversity/AI Adoption Meta Analysis - Documents/Meta/AI Adoption/PDFs/S163.pdf
S163,BI-TRU,BI,TRU,0.75,300.0,latest_human_R3_CORRELATIONS,false,false,false,true,true,true,ok,true,/Users/newhosung/Library/CloudStorage/OneDrive-SharedLibraries-ThePennsylvaniaStateUniversity/AI Adoption Meta Analysis - Documents/Meta/AI Adoption/PDFs/S163.pdf
S163,PE-SI,PE,SI,0.75,300.0,latest_human_R3_CORRELATIONS,false,false,false,true,true,true,ok,true,/Users/newhosung/Library/CloudStorage/OneDrive-SharedLibraries-ThePennsylvaniaStateUniversity/AI Adoption Meta Analysis - Documents/Meta/AI Adoption/PDFs/S163.pdf
S163,PE-TRU,PE,TRU,0.77,300.0,latest_human_R3_CORRELATIONS,false,false,false,true,true,true,ok,true,/Users/newhosung/Library/CloudStorage/OneDrive-SharedLibraries-ThePennsylvaniaStateUniversity/AI Adoption Meta Analysis - Documents/Meta/AI Adoption/PDFs/S163.pdf
S163,SI-TRU,SI,TRU,0.78,300.0,latest_human_R3_CORRELATIONS,false,false,false,true,true,true,ok,true,/Users/newhosung/Library/CloudStorage/OneDrive-SharedLibraries-ThePennsylvaniaStateUniversity/AI Adoption Meta Analysis - Documents/Meta/AI Adoption/PDFs/S163.pdf
S007,ATT-BI,ATT,BI,0.776,363.0,latest_human_R3_CORRELATIONS,false,false,false,true,true,true,ok,true,/Users/newhosung/Library/CloudStorage/OneDrive-SharedLibraries-ThePennsylvaniaStateUniversity/AI Adoption Meta Analysis - Documents/Meta/AI Adoption/PDFs/S007.pdf
S007,ATT-FC,ATT,FC,0.664,363.0,latest_human_R3_CORRELATIONS,false,false,false,true,true,true,ok,true,/Users/newhosung/Library/CloudStorage/OneDrive-SharedLibraries-ThePennsylvaniaStateUniversity/AI Adoption Meta Analysis - Documents/Meta/AI Adoption/PDFs/S007.pdf
S007,ATT-PE,ATT,PE,0.664,363.0,latest_human_R3_CORRELATIONS,false,false,false,true,true,true,ok,true,/Users/newhosung/Library/CloudStorage/OneDrive-SharedLibraries-ThePennsylvaniaStateUniversity/AI Adoption Meta Analysis - Documents/Meta/AI Adoption/PDFs/S007.pdf
S007,ATT-SE,ATT,SE,0.513,363.0,latest_human_R3_CORRELATIONS,false,false,false,true,true,true,ok,true,/Users/newhosung/Library/CloudStorage/OneDrive-SharedLibraries-ThePennsylvaniaStateUniversity/AI Adoption Meta Analysis - Documents/Meta/AI Adoption/PDFs/S007.pdf
S007,BI-FC,BI,FC,0.586,363.0,latest_human_R3_CORRELATIONS,false,false,false,true,true,true,ok,true,/Users/newhosung/Library/CloudStorage/OneDrive-SharedLibraries-ThePennsylvaniaStateUniversity/AI Adoption Meta Analysis - Documents/Meta/AI Adoption/PDFs/S007.pdf
S007,BI-PE,BI,PE,0.742,363.0,latest_human_R3_CORRELATIONS,false,false,false,true,true,true,ok,true,/Users/newhosung/Library/CloudStorage/OneDrive-SharedLibraries-ThePennsylvaniaStateUniversity/AI Adoption Meta Analysis - Documents/Meta/AI Adoption/PDFs/S007.pdf
S007,BI-SE,BI,SE,0.463,363.0,latest_human_R3_CORRELATIONS,false,false,false,true,true,true,ok,true,/Users/newhosung/Library/CloudStorage/OneDrive-SharedLibraries-ThePennsylvaniaStateUniversity/AI Adoption Meta Analysis - Documents/Meta/AI Adoption/PDFs/S007.pdf
S007,FC-PE,FC,PE,0.681,363.0,latest_human_R3_CORRELATIONS,false,false,false,true,true,true,ok,true,/Users/newhosung/Library/CloudStorage/OneDrive-SharedLibraries-ThePennsylvaniaStateUniversity/AI Adoption Meta Analysis - Documents/Meta/AI Adoption/PDFs/S007.pdf
S007,FC-SE,FC,SE,0.499,363.0,latest_human_R3_CORRELATIONS,false,false,false,true,true,true,ok,true,/Users/newhosung/Library/CloudStorage/OneDrive-SharedLibraries-ThePennsylvaniaStateUniversity/AI Adoption Meta Analysis - Documents/Meta/AI Adoption/PDFs/S007.pdf
S007,PE-SE,PE,SE,0.51,363.0,latest_human_R3_CORRELATIONS,false,false,false,true,true,true,ok,true,/Users/newhosung/Library/CloudStorage/OneDrive-SharedLibraries-ThePennsylvaniaStateUniversity/AI Adoption Meta Analysis - Documents/Meta/AI Adoption/PDFs/S007.pdf
S017,BI-EE,BI,EE,0.583,249.0,latest_human_R3_CORRELATIONS,false,false,false,true,true,true,ok,true,/Users/newhosung/Library/CloudStorage/OneDrive-SharedLibraries-ThePennsylvaniaStateUniversity/AI Adoption Meta Analysis - Documents/Meta/AI Adoption/PDFs/S017.pdf
S017,BI-PE,BI,PE,0.832,249.0,latest_human_R3_CORRELATIONS,false,false,false,true,true,true,ok,true,/Users/newhosung/Library/CloudStorage/OneDrive-SharedLibraries-ThePennsylvaniaStateUniversity/AI Adoption Meta Analysis - Documents/Meta/AI Adoption/PDFs/S017.pdf
S017,BI-UB,BI,UB,0.793,249.0,latest_human_R3_CORRELATIONS,false,false,false,true,true,true,ok,true,/Users/newhosung/Library/CloudStorage/OneDrive-SharedLibraries-ThePennsylvaniaStateUniversity/AI Adoption Meta Analysis - Documents/Meta/AI Adoption/PDFs/S017.pdf
S017,EE-PE,EE,PE,0.536,249.0,latest_human_R3_CORRELATIONS,false,false,false,true,true,true,ok,true,/Users/newhosung/Library/CloudStorage/OneDrive-SharedLibraries-ThePennsylvaniaStateUniversity/AI Adoption Meta Analysis - Documents/Meta/AI Adoption/PDFs/S017.pdf
S017,EE-UB,EE,UB,0.507,249.0,latest_human_R3_CORRELATIONS,false,false,false,true,true,true,ok,true,/Users/newhosung/Library/CloudStorage/OneDrive-SharedLibraries-ThePennsylvaniaStateUniversity/AI Adoption Meta Analysis - Documents/Meta/AI Adoption/PDFs/S017.pdf
S017,PE-UB,PE,UB,0.633,249.0,latest_human_R3_CORRELATIONS,false,false,false,true,true,true,ok,true,/Users/newhosung/Library/CloudStorage/OneDrive-SharedLibraries-ThePennsylvaniaStateUniversity/AI Adoption Meta Analysis - Documents/Meta/AI Adoption/PDFs/S017.pdf
S142,ANX-ATT,ANX,ATT,0.683,368.0,latest_human_R3_CORRELATIONS,false,false,false,true,true,true,ok,true,/Users/newhosung/Library/CloudStorage/OneDrive-SharedLibraries-ThePennsylvaniaStateUniversity/AI Adoption Meta Analysis - Documents/Meta/AI Adoption/PDFs/S142.pdf
S142,ANX-FC,ANX,FC,0.621,368.0,latest_human_R3_CORRELATIONS,false,false,false,true,true,true,ok,true,/Users/newhosung/Library/CloudStorage/OneDrive-SharedLibraries-ThePennsylvaniaStateUniversity/AI Adoption Meta Analysis - Documents/Meta/AI Adoption/PDFs/S142.pdf
S142,ANX-UB,ANX,UB,0.575,368.0,latest_human_R3_CORRELATIONS,false,false,false,true,true,true,ok,true,/Users/newhosung/Library/CloudStorage/OneDrive-SharedLibraries-ThePennsylvaniaStateUniversity/AI Adoption Meta Analysis - Documents/Meta/AI Adoption/PDFs/S142.pdf
S142,ATT-FC,ATT,FC,0.622,368.0,latest_human_R3_CORRELATIONS,false,false,false,true,true,true,ok,true,/Users/newhosung/Library/CloudStorage/OneDrive-SharedLibraries-ThePennsylvaniaStateUniversity/AI Adoption Meta Analysis - Documents/Meta/AI Adoption/PDFs/S142.pdf
S142,ATT-UB,ATT,UB,0.667,368.0,latest_human_R3_CORRELATIONS,false,false,false,true,true,true,ok,true,/Users/newhosung/Library/CloudStorage/OneDrive-SharedLibraries-ThePennsylvaniaStateUniversity/AI Adoption Meta Analysis - Documents/Meta/AI Adoption/PDFs/S142.pdf
S142,FC-UB,FC,UB,0.649,368.0,latest_human_R3_CORRELATIONS,false,false,false,true,true,true,ok,true,/Users/newhosung/Library/CloudStorage/OneDrive-SharedLibraries-ThePennsylvaniaStateUniversity/AI Adoption Meta Analysis - Documents/Meta/AI Adoption/PDFs/S142.pdf
S012,BI-EE,BI,EE,0.602,1190.0,latest_human_R3_CORRELATIONS,true,false,false,true,true,true,ok,true,/Users/newhosung/Library/CloudStorage/OneDrive-SharedLibraries-ThePennsylvaniaStateUniversity/AI Adoption Meta Analysis - Documents/Meta/AI Adoption/PDFs/S012.pdf
S012,BI-FC,BI,FC,0.586,1190.0,latest_human_R3_CORRELATIONS,false,false,false,true,true,true,ok,true,/Users/newhosung/Library/CloudStorage/OneDrive-SharedLibraries-ThePennsylvaniaStateUniversity/AI Adoption Meta Analysis - Documents/Meta/AI Adoption/PDFs/S012.pdf
S012,BI-PE,BI,PE,0.619,1190.0,latest_human_R3_CORRELATIONS,false,false,false,true,true,true,ok,true,/Users/newhosung/Library/CloudStorage/OneDrive-SharedLibraries-ThePennsylvaniaStateUniversity/AI Adoption Meta Analysis - Documents/Meta/AI Adoption/PDFs/S012.pdf
S012,BI-SI,BI,SI,0.241,1190.0,latest_human_R3_CORRELATIONS,false,false,false,true,true,true,ok,true,/Users/newhosung/Library/CloudStorage/OneDrive-SharedLibraries-ThePennsylvaniaStateUniversity/AI Adoption Meta Analysis - Documents/Meta/AI Adoption/PDFs/S012.pdf
S012,EE-FC,EE,FC,0.624,1190.0,latest_human_R3_CORRELATIONS,false,false,false,true,true,true,ok,true,/Users/newhosung/Library/CloudStorage/OneDrive-SharedLibraries-ThePennsylvaniaStateUniversity/AI Adoption Meta Analysis - Documents/Meta/AI Adoption/PDFs/S012.pdf
S012,EE-PE,EE,PE,0.62,1190.0,latest_human_R3_CORRELATIONS,false,false,false,true,true,true,ok,true,/Users/newhosung/Library/CloudStorage/OneDrive-SharedLibraries-ThePennsylvaniaStateUniversity/AI Adoption Meta Analysis - Documents/Meta/AI Adoption/PDFs/S012.pdf
S012,EE-SI,EE,SI,0.112,1190.0,latest_human_R3_CORRELATIONS,false,false,false,true,true,true,ok,true,/Users/newhosung/Library/CloudStorage/OneDrive-SharedLibraries-ThePennsylvaniaStateUniversity/AI Adoption Meta Analysis - Documents/Meta/AI Adoption/PDFs/S012.pdf
S012,FC-PE,FC,PE,0.549,1190.0,latest_human_R3_CORRELATIONS,false,false,false,true,true,true,ok,true,/Users/newhosung/Library/CloudStorage/OneDrive-SharedLibraries-ThePennsylvaniaStateUniversity/AI Adoption Meta Analysis - Documents/Meta/AI Adoption/PDFs/S012.pdf
S012,FC-SI,FC,SI,0.134,1190.0,latest_human_R3_CORRELATIONS,false,false,false,true,true,true,ok,true,/Users/newhosung/Library/CloudStorage/OneDrive-SharedLibraries-ThePennsylvaniaStateUniversity/AI Adoption Meta Analysis - Documents/Meta/AI Adoption/PDFs/S012.pdf
S012,PE-SI,PE,SI,0.147,1190.0,latest_human_R3_CORRELATIONS,false,false,false,true,true,true,ok,true,/Users/newhosung/Library/CloudStorage/OneDrive-SharedLibraries-ThePennsylvaniaStateUniversity/AI Adoption Meta Analysis - Documents/Meta/AI Adoption/PDFs/S012.pdf
S184,BI-FC,BI,FC,0.48,907.0,latest_human_R3_CORRELATIONS,false,false,false,true,true,true,ok,true,/Users/newhosung/Library/CloudStorage/OneDrive-SharedLibraries-ThePennsylvaniaStateUniversity/AI Adoption Meta Analysis - Documents/Meta/AI Adoption/PDFs/S184.pdf
S184,BI-SE,BI,SE,0.37,907.0,latest_human_R3_CORRELATIONS,false,false,false,true,true,true,ok,true,/Users/newhosung/Library/CloudStorage/OneDrive-SharedLibraries-ThePennsylvaniaStateUniversity/AI Adoption Meta Analysis - Documents/Meta/AI Adoption/PDFs/S184.pdf
S184,BI-SI,BI,SI,0.58,907.0,latest_human_R3_CORRELATIONS,false,false,false,true,true,true,ok,true,/Users/newhosung/Library/CloudStorage/OneDrive-SharedLibraries-ThePennsylvaniaStateUniversity/AI Adoption Meta Analysis - Documents/Meta/AI Adoption/PDFs/S184.pdf
S184,BI-UB,BI,UB,0.36,907.0,latest_human_R3_CORRELATIONS,false,false,false,true,true,true,ok,true,/Users/newhosung/Library/CloudStorage/OneDrive-SharedLibraries-ThePennsylvaniaStateUniversity/AI Adoption Meta Analysis - Documents/Meta/AI Adoption/PDFs/S184.pdf
S184,FC-SE,FC,SE,0.49,907.0,latest_human_R3_CORRELATIONS,false,false,false,true,true,true,ok,true,/Users/newhosung/Library/CloudStorage/OneDrive-SharedLibraries-ThePennsylvaniaStateUniversity/AI Adoption Meta Analysis - Documents/Meta/AI Adoption/PDFs/S184.pdf
S184,FC-SI,FC,SI,0.56,907.0,latest_human_R3_CORRELATIONS,false,false,false,true,true,true,ok,true,/Users/newhosung/Library/CloudStorage/OneDrive-SharedLibraries-ThePennsylvaniaStateUniversity/AI Adoption Meta Analysis - Documents/Meta/AI Adoption/PDFs/S184.pdf
S184,FC-UB,FC,UB,0.33,907.0,latest_human_R3_CORRELATIONS,false,false,false,true,true,true,ok,true,/Users/newhosung/Library/CloudStorage/OneDrive-SharedLibraries-ThePennsylvaniaStateUniversity/AI Adoption Meta Analysis - Documents/Meta/AI Adoption/PDFs/S184.pdf
S184,SE-SI,SE,SI,0.47,907.0,latest_human_R3_CORRELATIONS,false,false,false,true,true,true,ok,true,/Users/newhosung/Library/CloudStorage/OneDrive-SharedLibraries-ThePennsylvaniaStateUniversity/AI Adoption Meta Analysis - Documents/Meta/AI Adoption/PDFs/S184.pdf
S184,SE-UB,SE,UB,0.23,907.0,latest_human_R3_CORRELATIONS,false,false,false,true,true,true,ok,true,/Users/newhosung/Library/CloudStorage/OneDrive-SharedLibraries-ThePennsylvaniaStateUniversity/AI Adoption Meta Analysis - Documents/Meta/AI Adoption/PDFs/S184.pdf
S184,SI-UB,SI,UB,0.28,907.0,latest_human_R3_CORRELATIONS,false,false,false,true,true,true,ok,true,/Users/newhosung/Library/CloudStorage/OneDrive-SharedLibraries-ThePennsylvaniaStateUniversity/AI Adoption Meta Analysis - Documents/Meta/AI Adoption/PDFs/S184.pdf
S214,ATT-BI,ATT,BI,0.444,1117.0,latest_human_R3_CORRELATIONS,false,false,false,true,true,true,ok,true,/Users/newhosung/Library/CloudStorage/OneDrive-SharedLibraries-ThePennsylvaniaStateUniversity/AI Adoption Meta Analysis - Documents/Meta/AI Adoption/PDFs/S214.pdf
S214,ATT-EE,ATT,EE,0.484,1117.0,latest_human_R3_CORRELATIONS,false,false,false,true,true,true,ok,true,/Users/newhosung/Library/CloudStorage/OneDrive-SharedLibraries-ThePennsylvaniaStateUniversity/AI Adoption Meta Analysis - Documents/Meta/AI Adoption/PDFs/S214.pdf
S214,ATT-FC,ATT,FC,0.406,1117.0,latest_human_R3_CORRELATIONS,false,false,false,true,true,true,ok,true,/Users/newhosung/Library/CloudStorage/OneDrive-SharedLibraries-ThePennsylvaniaStateUniversity/AI Adoption Meta Analysis - Documents/Meta/AI Adoption/PDFs/S214.pdf
S214,ATT-PE,ATT,PE,0.446,1117.0,latest_human_R3_CORRELATIONS,false,false,false,true,true,true,ok,true,/Users/newhosung/Library/CloudStorage/OneDrive-SharedLibraries-ThePennsylvaniaStateUniversity/AI Adoption Meta Analysis - Documents/Meta/AI Adoption/PDFs/S214.pdf
S214,ATT-SI,ATT,SI,0.371,1117.0,latest_human_R3_CORRELATIONS,false,false,false,true,true,true,ok,true,/Users/newhosung/Library/CloudStorage/OneDrive-SharedLibraries-ThePennsylvaniaStateUniversity/AI Adoption Meta Analysis - Documents/Meta/AI Adoption/PDFs/S214.pdf
S214,ATT-UB,ATT,UB,0.367,1117.0,latest_human_R3_CORRELATIONS,false,false,false,true,true,true,ok,true,/Users/newhosung/Library/CloudStorage/OneDrive-SharedLibraries-ThePennsylvaniaStateUniversity/AI Adoption Meta Analysis - Documents/Meta/AI Adoption/PDFs/S214.pdf
S214,BI-EE,BI,EE,0.484,1117.0,latest_human_R3_CORRELATIONS,false,false,false,true,true,true,ok,true,/Users/newhosung/Library/CloudStorage/OneDrive-SharedLibraries-ThePennsylvaniaStateUniversity/AI Adoption Meta Analysis - Documents/Meta/AI Adoption/PDFs/S214.pdf
S214,BI-FC,BI,FC,0.536,1117.0,latest_human_R3_CORRELATIONS,false,false,false,true,true,true,ok,true,/Users/newhosung/Library/CloudStorage/OneDrive-SharedLibraries-ThePennsylvaniaStateUniversity/AI Adoption Meta Analysis - Documents/Meta/AI Adoption/PDFs/S214.pdf
S214,BI-PE,BI,PE,0.486,1117.0,latest_human_R3_CORRELATIONS,false,false,false,true,true,true,ok,true,/Users/newhosung/Library/CloudStorage/OneDrive-SharedLibraries-ThePennsylvaniaStateUniversity/AI Adoption Meta Analysis - Documents/Meta/AI Adoption/PDFs/S214.pdf
S214,BI-SI,BI,SI,0.398,1117.0,latest_human_R3_CORRELATIONS,false,false,false,true,true,true,ok,true,/Users/newhosung/Library/CloudStorage/OneDrive-SharedLibraries-ThePennsylvaniaStateUniversity/AI Adoption Meta Analysis - Documents/Meta/AI Adoption/PDFs/S214.pdf
S214,BI-UB,BI,UB,0.557,1117.0,latest_human_R3_CORRELATIONS,false,false,false,true,true,true,ok,true,/Users/newhosung/Library/CloudStorage/OneDrive-SharedLibraries-ThePennsylvaniaStateUniversity/AI Adoption Meta Analysis - Documents/Meta/AI Adoption/PDFs/S214.pdf
S214,EE-FC,EE,FC,0.629,1117.0,latest_human_R3_CORRELATIONS,false,false,false,true,true,true,ok,true,/Users/newhosung/Library/CloudStorage/OneDrive-SharedLibraries-ThePennsylvaniaStateUniversity/AI Adoption Meta Analysis - Documents/Meta/AI Adoption/PDFs/S214.pdf
S214,EE-PE,EE,PE,0.561,1117.0,latest_human_R3_CORRELATIONS,false,false,false,true,true,true,ok,true,/Users/newhosung/Library/CloudStorage/OneDrive-SharedLibraries-ThePennsylvaniaStateUniversity/AI Adoption Meta Analysis - Documents/Meta/AI Adoption/PDFs/S214.pdf
S214,EE-SI,EE,SI,0.479,1117.0,latest_human_R3_CORRELATIONS,false,false,false,true,true,true,ok,true,/Users/newhosung/Library/CloudStorage/OneDrive-SharedLibraries-ThePennsylvaniaStateUniversity/AI Adoption Meta Analysis - Documents/Meta/AI Adoption/PDFs/S214.pdf
S214,EE-UB,EE,UB,0.475,1117.0,latest_human_R3_CORRELATIONS,false,false,false,true,true,true,ok,true,/Users/newhosung/Library/CloudStorage/OneDrive-SharedLibraries-ThePennsylvaniaStateUniversity/AI Adoption Meta Analysis - Documents/Meta/AI Adoption/PDFs/S214.pdf
S214,FC-PE,FC,PE,0.437,1117.0,latest_human_R3_CORRELATIONS,false,false,false,true,true,true,ok,true,/Users/newhosung/Library/CloudStorage/OneDrive-SharedLibraries-ThePennsylvaniaStateUniversity/AI Adoption Meta Analysis - Documents/Meta/AI Adoption/PDFs/S214.pdf
S214,FC-SI,FC,SI,0.388,1117.0,latest_human_R3_CORRELATIONS,false,false,false,true,true,true,ok,true,/Users/newhosung/Library/CloudStorage/OneDrive-SharedLibraries-ThePennsylvaniaStateUniversity/AI Adoption Meta Analysis - Documents/Meta/AI Adoption/PDFs/S214.pdf
S214,FC-UB,FC,UB,0.561,1117.0,latest_human_R3_CORRELATIONS,false,false,false,true,true,true,ok,true,/Users/newhosung/Library/CloudStorage/OneDrive-SharedLibraries-ThePennsylvaniaStateUniversity/AI Adoption Meta Analysis - Documents/Meta/AI Adoption/PDFs/S214.pdf
S214,PE-SI,PE,SI,0.561,1117.0,latest_human_R3_CORRELATIONS,false,false,false,true,true,true,ok,true,/Users/newhosung/Library/CloudStorage/OneDrive-SharedLibraries-ThePennsylvaniaStateUniversity/AI Adoption Meta Analysis - Documents/Meta/AI Adoption/PDFs/S214.pdf
S214,PE-UB,PE,UB,0.359,1117.0,latest_human_R3_CORRELATIONS,false,false,false,true,true,true,ok,true,/Users/newhosung/Library/CloudStorage/OneDrive-SharedLibraries-ThePennsylvaniaStateUniversity/AI Adoption Meta Analysis - Documents/Meta/AI Adoption/PDFs/S214.pdf
S214,SI-UB,SI,UB,0.337,1117.0,latest_human_R3_CORRELATIONS,false,false,false,true,true,true,ok,true,/Users/newhosung/Library/CloudStorage/OneDrive-SharedLibraries-ThePennsylvaniaStateUniversity/AI Adoption Meta Analysis - Documents/Meta/AI Adoption/PDFs/S214.pdf
S013,BI-EE,BI,EE,0.503,460.0,latest_human_R3_CORRELATIONS,false,false,false,true,true,true,ok,true,/Users/newhosung/Library/CloudStorage/OneDrive-SharedLibraries-ThePennsylvaniaStateUniversity/AI Adoption Meta Analysis - Documents/Meta/AI Adoption/PDFs/S013.pdf
S013,BI-FC,BI,FC,0.484,460.0,latest_human_R3_CORRELATIONS,false,false,false,true,true,true,ok,true,/Users/newhosung/Library/CloudStorage/OneDrive-SharedLibraries-ThePennsylvaniaStateUniversity/AI Adoption Meta Analysis - Documents/Meta/AI Adoption/PDFs/S013.pdf
S013,BI-PE,BI,PE,0.671,460.0,latest_human_R3_CORRELATIONS,false,false,false,true,true,true,ok,true,/Users/newhosung/Library/CloudStorage/OneDrive-SharedLibraries-ThePennsylvaniaStateUniversity/AI Adoption Meta Analysis - Documents/Meta/AI Adoption/PDFs/S013.pdf
S013,BI-SE,BI,SE,0.516,460.0,latest_human_R3_CORRELATIONS,false,false,false,true,true,true,ok,true,/Users/newhosung/Library/CloudStorage/OneDrive-SharedLibraries-ThePennsylvaniaStateUniversity/AI Adoption Meta Analysis - Documents/Meta/AI Adoption/PDFs/S013.pdf
S013,BI-SI,BI,SI,0.566,460.0,latest_human_R3_CORRELATIONS,false,false,false,true,true,true,ok,true,/Users/newhosung/Library/CloudStorage/OneDrive-SharedLibraries-ThePennsylvaniaStateUniversity/AI Adoption Meta Analysis - Documents/Meta/AI Adoption/PDFs/S013.pdf
S013,EE-FC,EE,FC,0.479,460.0,latest_human_R3_CORRELATIONS,false,false,false,true,true,true,ok,true,/Users/newhosung/Library/CloudStorage/OneDrive-SharedLibraries-ThePennsylvaniaStateUniversity/AI Adoption Meta Analysis - Documents/Meta/AI Adoption/PDFs/S013.pdf
S013,EE-PE,EE,PE,0.575,460.0,latest_human_R3_CORRELATIONS,false,false,false,true,true,true,ok,true,/Users/newhosung/Library/CloudStorage/OneDrive-SharedLibraries-ThePennsylvaniaStateUniversity/AI Adoption Meta Analysis - Documents/Meta/AI Adoption/PDFs/S013.pdf
S013,EE-SE,EE,SE,0.535,460.0,latest_human_R3_CORRELATIONS,false,false,false,true,true,true,ok,true,/Users/newhosung/Library/CloudStorage/OneDrive-SharedLibraries-ThePennsylvaniaStateUniversity/AI Adoption Meta Analysis - Documents/Meta/AI Adoption/PDFs/S013.pdf
S013,EE-SI,EE,SI,0.392,460.0,latest_human_R3_CORRELATIONS,false,false,false,true,true,true,ok,true,/Users/newhosung/Library/CloudStorage/OneDrive-SharedLibraries-ThePennsylvaniaStateUniversity/AI Adoption Meta Analysis - Documents/Meta/AI Adoption/PDFs/S013.pdf
S013,FC-PE,FC,PE,0.485,460.0,latest_human_R3_CORRELATIONS,false,false,false,true,true,true,ok,true,/Users/newhosung/Library/CloudStorage/OneDrive-SharedLibraries-ThePennsylvaniaStateUniversity/AI Adoption Meta Analysis - Documents/Meta/AI Adoption/PDFs/S013.pdf
S013,FC-SE,FC,SE,0.686,460.0,latest_human_R3_CORRELATIONS,false,false,false,true,true,true,ok,true,/Users/newhosung/Library/CloudStorage/OneDrive-SharedLibraries-ThePennsylvaniaStateUniversity/AI Adoption Meta Analysis - Documents/Meta/AI Adoption/PDFs/S013.pdf
S013,FC-SI,FC,SI,0.42,460.0,latest_human_R3_CORRELATIONS,false,false,false,true,true,true,ok,true,/Users/newhosung/Library/CloudStorage/OneDrive-SharedLibraries-ThePennsylvaniaStateUniversity/AI Adoption Meta Analysis - Documents/Meta/AI Adoption/PDFs/S013.pdf
S013,PE-SE,PE,SE,0.572,460.0,latest_human_R3_CORRELATIONS,false,false,false,true,true,true,ok,true,/Users/newhosung/Library/CloudStorage/OneDrive-SharedLibraries-ThePennsylvaniaStateUniversity/AI Adoption Meta Analysis - Documents/Meta/AI Adoption/PDFs/S013.pdf
S013,PE-SI,PE,SI,0.529,460.0,latest_human_R3_CORRELATIONS,false,false,false,true,true,true,ok,true,/Users/newhosung/Library/CloudStorage/OneDrive-SharedLibraries-ThePennsylvaniaStateUniversity/AI Adoption Meta Analysis - Documents/Meta/AI Adoption/PDFs/S013.pdf
S013,SE-SI,SE,SI,0.469,460.0,latest_human_R3_CORRELATIONS,false,false,false,true,true,true,ok,true,/Users/newhosung/Library/CloudStorage/OneDrive-SharedLibraries-ThePennsylvaniaStateUniversity/AI Adoption Meta Analysis - Documents/Meta/AI Adoption/PDFs/S013.pdf
S167,ATT-BI,ATT,BI,0.67,458.0,latest_human_R3_CORRELATIONS,false,false,false,true,true,true,ok,true,/Users/newhosung/Library/CloudStorage/OneDrive-SharedLibraries-ThePennsylvaniaStateUniversity/AI Adoption Meta Analysis - Documents/Meta/AI Adoption/PDFs/S167.pdf
S167,ATT-PE,ATT,PE,0.8,458.0,latest_human_R3_CORRELATIONS,false,false,false,true,true,true,ok,true,/Users/newhosung/Library/CloudStorage/OneDrive-SharedLibraries-ThePennsylvaniaStateUniversity/AI Adoption Meta Analysis - Documents/Meta/AI Adoption/PDFs/S167.pdf
S167,BI-PE,BI,PE,0.74,458.0,latest_human_R3_CORRELATIONS,false,false,false,true,true,true,ok,true,/Users/newhosung/Library/CloudStorage/OneDrive-SharedLibraries-ThePennsylvaniaStateUniversity/AI Adoption Meta Analysis - Documents/Meta/AI Adoption/PDFs/S167.pdf
S198,BI-EE,BI,EE,0.058,520.0,latest_human_R3_CORRELATIONS,false,false,false,true,true,true,ok,true,/Users/newhosung/Library/CloudStorage/OneDrive-SharedLibraries-ThePennsylvaniaStateUniversity/AI Adoption Meta Analysis - Documents/Meta/AI Adoption/PDFs/S198.pdf
S198,BI-FC,BI,FC,-0.171,520.0,latest_human_R3_CORRELATIONS,false,false,false,true,false,true,ok,false,/Users/newhosung/Library/CloudStorage/OneDrive-SharedLibraries-ThePennsylvaniaStateUniversity/AI Adoption Meta Analysis - Documents/Meta/AI Adoption/PDFs/S198.pdf
S198,BI-PE,BI,PE,0.297,520.0,latest_human_R3_CORRELATIONS,false,false,false,true,true,true,ok,true,/Users/newhosung/Library/CloudStorage/OneDrive-SharedLibraries-ThePennsylvaniaStateUniversity/AI Adoption Meta Analysis - Documents/Meta/AI Adoption/PDFs/S198.pdf
S198,BI-SI,BI,SI,0.319,520.0,latest_human_R3_CORRELATIONS,false,false,false,true,true,true,ok,true,/Users/newhosung/Library/CloudStorage/OneDrive-SharedLibraries-ThePennsylvaniaStateUniversity/AI Adoption Meta Analysis - Documents/Meta/AI Adoption/PDFs/S198.pdf
S198,BI-UB,BI,UB,0.801,520.0,latest_human_R3_CORRELATIONS,false,false,false,true,true,true,ok,true,/Users/newhosung/Library/CloudStorage/OneDrive-SharedLibraries-ThePennsylvaniaStateUniversity/AI Adoption Meta Analysis - Documents/Meta/AI Adoption/PDFs/S198.pdf
S198,EE-FC,EE,FC,0.45,520.0,latest_human_R3_CORRELATIONS,false,false,false,true,true,true,ok,true,/Users/newhosung/Library/CloudStorage/OneDrive-SharedLibraries-ThePennsylvaniaStateUniversity/AI Adoption Meta Analysis - Documents/Meta/AI Adoption/PDFs/S198.pdf
S198,EE-PE,EE,PE,0.166,520.0,latest_human_R3_CORRELATIONS,false,false,false,true,true,true,ok,true,/Users/newhosung/Library/CloudStorage/OneDrive-SharedLibraries-ThePennsylvaniaStateUniversity/AI Adoption Meta Analysis - Documents/Meta/AI Adoption/PDFs/S198.pdf
S198,EE-SI,EE,SI,-0.136,520.0,latest_human_R3_CORRELATIONS,false,false,false,true,false,true,ok,false,/Users/newhosung/Library/CloudStorage/OneDrive-SharedLibraries-ThePennsylvaniaStateUniversity/AI Adoption Meta Analysis - Documents/Meta/AI Adoption/PDFs/S198.pdf
S198,EE-UB,EE,UB,0.017,520.0,latest_human_R3_CORRELATIONS,false,false,false,true,true,true,ok,true,/Users/newhosung/Library/CloudStorage/OneDrive-SharedLibraries-ThePennsylvaniaStateUniversity/AI Adoption Meta Analysis - Documents/Meta/AI Adoption/PDFs/S198.pdf
S198,FC-PE,FC,PE,-0.027,520.0,latest_human_R3_CORRELATIONS,false,false,false,true,false,true,ok,false,/Users/newhosung/Library/CloudStorage/OneDrive-SharedLibraries-ThePennsylvaniaStateUniversity/AI Adoption Meta Analysis - Documents/Meta/AI Adoption/PDFs/S198.pdf
S198,FC-SI,FC,SI,-0.046,520.0,latest_human_R3_CORRELATIONS,false,false,false,true,false,true,ok,false,/Users/newhosung/Library/CloudStorage/OneDrive-SharedLibraries-ThePennsylvaniaStateUniversity/AI Adoption Meta Analysis - Documents/Meta/AI Adoption/PDFs/S198.pdf
S198,FC-UB,FC,UB,-0.16,520.0,latest_human_R3_CORRELATIONS,false,false,false,true,false,true,ok,false,/Users/newhosung/Library/CloudStorage/OneDrive-SharedLibraries-ThePennsylvaniaStateUniversity/AI Adoption Meta Analysis - Documents/Meta/AI Adoption/PDFs/S198.pdf
S198,PE-SI,PE,SI,-0.293,520.0,latest_human_R3_CORRELATIONS,false,false,false,true,false,true,ok,false,/Users/newhosung/Library/CloudStorage/OneDrive-SharedLibraries-ThePennsylvaniaStateUniversity/AI Adoption Meta Analysis - Documents/Meta/AI Adoption/PDFs/S198.pdf
S198,PE-UB,PE,UB,0.348,520.0,latest_human_R3_CORRELATIONS,false,false,false,true,true,true,ok,true,/Users/newhosung/Library/CloudStorage/OneDrive-SharedLibraries-ThePennsylvaniaStateUniversity/AI Adoption Meta Analysis - Documents/Meta/AI Adoption/PDFs/S198.pdf
S198,SI-UB,SI,UB,0.286,520.0,latest_human_R3_CORRELATIONS,false,false,false,true,true,true,ok,true,/Users/newhosung/Library/CloudStorage/OneDrive-SharedLibraries-ThePennsylvaniaStateUniversity/AI Adoption Meta Analysis - Documents/Meta/AI Adoption/PDFs/S198.pdf
S020,BI-EE,BI,EE,0.523,249.0,latest_human_R3_CORRELATIONS,false,false,false,true,true,true,ok,true,/Users/newhosung/Library/CloudStorage/OneDrive-SharedLibraries-ThePennsylvaniaStateUniversity/AI Adoption Meta Analysis - Documents/Meta/AI Adoption/PDFs/S020.pdf
S020,BI-FC,BI,FC,0.586,249.0,latest_human_R3_CORRELATIONS,false,false,false,true,true,true,ok,true,/Users/newhosung/Library/CloudStorage/OneDrive-SharedLibraries-ThePennsylvaniaStateUniversity/AI Adoption Meta Analysis - Documents/Meta/AI Adoption/PDFs/S020.pdf
S020,BI-PE,BI,PE,0.876,249.0,latest_human_R3_CORRELATIONS,false,false,false,true,true,true,ok,true,/Users/newhosung/Library/CloudStorage/OneDrive-SharedLibraries-ThePennsylvaniaStateUniversity/AI Adoption Meta Analysis - Documents/Meta/AI Adoption/PDFs/S020.pdf
S020,EE-FC,EE,FC,0.677,249.0,latest_human_R3_CORRELATIONS,false,false,false,true,true,true,ok,true,/Users/newhosung/Library/CloudStorage/OneDrive-SharedLibraries-ThePennsylvaniaStateUniversity/AI Adoption Meta Analysis - Documents/Meta/AI Adoption/PDFs/S020.pdf
S020,EE-PE,EE,PE,0.477,249.0,latest_human_R3_CORRELATIONS,false,false,false,true,true,true,ok,true,/Users/newhosung/Library/CloudStorage/OneDrive-SharedLibraries-ThePennsylvaniaStateUniversity/AI Adoption Meta Analysis - Documents/Meta/AI Adoption/PDFs/S020.pdf
S020,FC-PE,FC,PE,0.468,249.0,latest_human_R3_CORRELATIONS,false,false,false,true,true,true,ok,true,/Users/newhosung/Library/CloudStorage/OneDrive-SharedLibraries-ThePennsylvaniaStateUniversity/AI Adoption Meta Analysis - Documents/Meta/AI Adoption/PDFs/S020.pdf
S055,ATT-BI,ATT,BI,0.793,486.0,latest_human_R3_CORRELATIONS,false,false,false,true,true,true,ok,true,/Users/newhosung/Library/CloudStorage/OneDrive-SharedLibraries-ThePennsylvaniaStateUniversity/AI Adoption Meta Analysis - Documents/Meta/AI Adoption/PDFs/S055.pdf
S055,ATT-EE,ATT,EE,0.74,486.0,latest_human_R3_CORRELATIONS,false,false,false,true,true,true,ok,true,/Users/newhosung/Library/CloudStorage/OneDrive-SharedLibraries-ThePennsylvaniaStateUniversity/AI Adoption Meta Analysis - Documents/Meta/AI Adoption/PDFs/S055.pdf
S055,ATT-FC,ATT,FC,0.758,486.0,latest_human_R3_CORRELATIONS,false,false,false,true,true,true,ok,true,/Users/newhosung/Library/CloudStorage/OneDrive-SharedLibraries-ThePennsylvaniaStateUniversity/AI Adoption Meta Analysis - Documents/Meta/AI Adoption/PDFs/S055.pdf
S055,ATT-PE,ATT,PE,0.672,486.0,latest_human_R3_CORRELATIONS,false,false,false,true,true,true,ok,true,/Users/newhosung/Library/CloudStorage/OneDrive-SharedLibraries-ThePennsylvaniaStateUniversity/AI Adoption Meta Analysis - Documents/Meta/AI Adoption/PDFs/S055.pdf
S055,ATT-SI,ATT,SI,0.701,486.0,latest_human_R3_CORRELATIONS,false,false,false,true,true,true,ok,true,/Users/newhosung/Library/CloudStorage/OneDrive-SharedLibraries-ThePennsylvaniaStateUniversity/AI Adoption Meta Analysis - Documents/Meta/AI Adoption/PDFs/S055.pdf
S055,ATT-UB,ATT,UB,0.862,486.0,latest_human_R3_CORRELATIONS,false,false,false,true,true,true,ok,true,/Users/newhosung/Library/CloudStorage/OneDrive-SharedLibraries-ThePennsylvaniaStateUniversity/AI Adoption Meta Analysis - Documents/Meta/AI Adoption/PDFs/S055.pdf
S055,BI-EE,BI,EE,0.689,486.0,latest_human_R3_CORRELATIONS,false,false,false,true,true,true,ok,true,/Users/newhosung/Library/CloudStorage/OneDrive-SharedLibraries-ThePennsylvaniaStateUniversity/AI Adoption Meta Analysis - Documents/Meta/AI Adoption/PDFs/S055.pdf
S055,BI-FC,BI,FC,0.668,486.0,latest_human_R3_CORRELATIONS,false,false,false,true,true,true,ok,true,/Users/newhosung/Library/CloudStorage/OneDrive-SharedLibraries-ThePennsylvaniaStateUniversity/AI Adoption Meta Analysis - Documents/Meta/AI Adoption/PDFs/S055.pdf
S055,BI-PE,BI,PE,0.692,486.0,latest_human_R3_CORRELATIONS,false,false,false,true,true,true,ok,true,/Users/newhosung/Library/CloudStorage/OneDrive-SharedLibraries-ThePennsylvaniaStateUniversity/AI Adoption Meta Analysis - Documents/Meta/AI Adoption/PDFs/S055.pdf
S055,BI-SI,BI,SI,0.649,486.0,latest_human_R3_CORRELATIONS,false,false,false,true,true,true,ok,true,/Users/newhosung/Library/CloudStorage/OneDrive-SharedLibraries-ThePennsylvaniaStateUniversity/AI Adoption Meta Analysis - Documents/Meta/AI Adoption/PDFs/S055.pdf
S055,BI-UB,BI,UB,0.845,486.0,latest_human_R3_CORRELATIONS,false,false,false,true,true,true,ok,true,/Users/newhosung/Library/CloudStorage/OneDrive-SharedLibraries-ThePennsylvaniaStateUniversity/AI Adoption Meta Analysis - Documents/Meta/AI Adoption/PDFs/S055.pdf
S055,EE-FC,EE,FC,0.666,486.0,latest_human_R3_CORRELATIONS,false,false,false,true,true,true,ok,true,/Users/newhosung/Library/CloudStorage/OneDrive-SharedLibraries-ThePennsylvaniaStateUniversity/AI Adoption Meta Analysis - Documents/Meta/AI Adoption/PDFs/S055.pdf
S055,EE-PE,EE,PE,0.8,486.0,latest_human_R3_CORRELATIONS,false,false,false,true,true,true,ok,true,/Users/newhosung/Library/CloudStorage/OneDrive-SharedLibraries-ThePennsylvaniaStateUniversity/AI Adoption Meta Analysis - Documents/Meta/AI Adoption/PDFs/S055.pdf
S055,EE-SI,EE,SI,0.55,486.0,latest_human_R3_CORRELATIONS,false,false,false,true,true,true,ok,true,/Users/newhosung/Library/CloudStorage/OneDrive-SharedLibraries-ThePennsylvaniaStateUniversity/AI Adoption Meta Analysis - Documents/Meta/AI Adoption/PDFs/S055.pdf
S055,EE-UB,EE,UB,0.764,486.0,latest_human_R3_CORRELATIONS,false,false,false,true,true,true,ok,true,/Users/newhosung/Library/CloudStorage/OneDrive-SharedLibraries-ThePennsylvaniaStateUniversity/AI Adoption Meta Analysis - Documents/Meta/AI Adoption/PDFs/S055.pdf
S055,FC-PE,FC,PE,0.644,486.0,latest_human_R3_CORRELATIONS,false,false,false,true,true,true,ok,true,/Users/newhosung/Library/CloudStorage/OneDrive-SharedLibraries-ThePennsylvaniaStateUniversity/AI Adoption Meta Analysis - Documents/Meta/AI Adoption/PDFs/S055.pdf
S055,FC-SI,FC,SI,0.631,486.0,latest_human_R3_CORRELATIONS,false,false,false,true,true,true,ok,true,/Users/newhosung/Library/CloudStorage/OneDrive-SharedLibraries-ThePennsylvaniaStateUniversity/AI Adoption Meta Analysis - Documents/Meta/AI Adoption/PDFs/S055.pdf
S055,FC-UB,FC,UB,0.781,486.0,latest_human_R3_CORRELATIONS,false,false,false,true,true,true,ok,true,/Users/newhosung/Library/CloudStorage/OneDrive-SharedLibraries-ThePennsylvaniaStateUniversity/AI Adoption Meta Analysis - Documents/Meta/AI Adoption/PDFs/S055.pdf
S055,PE-SI,PE,SI,0.53,486.0,latest_human_R3_CORRELATIONS,false,false,false,true,true,true,ok,true,/Users/newhosung/Library/CloudStorage/OneDrive-SharedLibraries-ThePennsylvaniaStateUniversity/AI Adoption Meta Analysis - Documents/Meta/AI Adoption/PDFs/S055.pdf
S055,PE-UB,PE,UB,0.741,486.0,latest_human_R3_CORRELATIONS,false,false,false,true,true,true,ok,true,/Users/newhosung/Library/CloudStorage/OneDrive-SharedLibraries-ThePennsylvaniaStateUniversity/AI Adoption Meta Analysis - Documents/Meta/AI Adoption/PDFs/S055.pdf
S055,SI-UB,SI,UB,0.679,486.0,latest_human_R3_CORRELATIONS,false,false,false,true,true,true,ok,true,/Users/newhosung/Library/CloudStorage/OneDrive-SharedLibraries-ThePennsylvaniaStateUniversity/AI Adoption Meta Analysis - Documents/Meta/AI Adoption/PDFs/S055.pdf
S026,ATT-BI,ATT,BI,0.352,510.0,latest_human_R3_CORRELATIONS,false,false,false,true,true,true,ok,true,/Users/newhosung/Library/CloudStorage/OneDrive-SharedLibraries-ThePennsylvaniaStateUniversity/AI Adoption Meta Analysis - Documents/Meta/AI Adoption/PDFs/S026.pdf
S026,ATT-EE,ATT,EE,0.194,510.0,latest_human_R3_CORRELATIONS,false,false,false,true,true,true,ok,true,/Users/newhosung/Library/CloudStorage/OneDrive-SharedLibraries-ThePennsylvaniaStateUniversity/AI Adoption Meta Analysis - Documents/Meta/AI Adoption/PDFs/S026.pdf
S026,ATT-PE,ATT,PE,0.173,510.0,latest_human_R3_CORRELATIONS,false,false,false,true,true,true,ok,true,/Users/newhosung/Library/CloudStorage/OneDrive-SharedLibraries-ThePennsylvaniaStateUniversity/AI Adoption Meta Analysis - Documents/Meta/AI Adoption/PDFs/S026.pdf
S026,ATT-SI,ATT,SI,0.231,510.0,latest_human_R3_CORRELATIONS,false,false,false,true,true,true,ok,true,/Users/newhosung/Library/CloudStorage/OneDrive-SharedLibraries-ThePennsylvaniaStateUniversity/AI Adoption Meta Analysis - Documents/Meta/AI Adoption/PDFs/S026.pdf
S026,ATT-UB,ATT,UB,0.329,510.0,latest_human_R3_CORRELATIONS,false,false,false,true,true,true,ok,true,/Users/newhosung/Library/CloudStorage/OneDrive-SharedLibraries-ThePennsylvaniaStateUniversity/AI Adoption Meta Analysis - Documents/Meta/AI Adoption/PDFs/S026.pdf
S026,BI-EE,BI,EE,0.371,510.0,latest_human_R3_CORRELATIONS,false,false,false,true,true,true,ok,true,/Users/newhosung/Library/CloudStorage/OneDrive-SharedLibraries-ThePennsylvaniaStateUniversity/AI Adoption Meta Analysis - Documents/Meta/AI Adoption/PDFs/S026.pdf
S026,BI-PE,BI,PE,0.491,510.0,latest_human_R3_CORRELATIONS,false,false,false,true,true,true,ok,true,/Users/newhosung/Library/CloudStorage/OneDrive-SharedLibraries-ThePennsylvaniaStateUniversity/AI Adoption Meta Analysis - Documents/Meta/AI Adoption/PDFs/S026.pdf
S026,BI-SI,BI,SI,0.307,510.0,latest_human_R3_CORRELATIONS,false,false,false,true,true,true,ok,true,/Users/newhosung/Library/CloudStorage/OneDrive-SharedLibraries-ThePennsylvaniaStateUniversity/AI Adoption Meta Analysis - Documents/Meta/AI Adoption/PDFs/S026.pdf
S026,BI-UB,BI,UB,0.51,510.0,latest_human_R3_CORRELATIONS,false,false,false,true,true,true,ok,true,/Users/newhosung/Library/CloudStorage/OneDrive-SharedLibraries-ThePennsylvaniaStateUniversity/AI Adoption Meta Analysis - Documents/Meta/AI Adoption/PDFs/S026.pdf
S026,EE-PE,EE,PE,0.343,510.0,latest_human_R3_CORRELATIONS,false,false,false,true,true,true,ok,true,/Users/newhosung/Library/CloudStorage/OneDrive-SharedLibraries-ThePennsylvaniaStateUniversity/AI Adoption Meta Analysis - Documents/Meta/AI Adoption/PDFs/S026.pdf
S026,EE-SI,EE,SI,0.201,510.0,latest_human_R3_CORRELATIONS,false,false,false,true,true,true,ok,true,/Users/newhosung/Library/CloudStorage/OneDrive-SharedLibraries-ThePennsylvaniaStateUniversity/AI Adoption Meta Analysis - Documents/Meta/AI Adoption/PDFs/S026.pdf
S026,EE-UB,EE,UB,0.322,510.0,latest_human_R3_CORRELATIONS,false,false,false,true,true,true,ok,true,/Users/newhosung/Library/CloudStorage/OneDrive-SharedLibraries-ThePennsylvaniaStateUniversity/AI Adoption Meta Analysis - Documents/Meta/AI Adoption/PDFs/S026.pdf
S026,PE-SI,PE,SI,0.186,510.0,latest_human_R3_CORRELATIONS,false,false,false,true,true,true,ok,true,/Users/newhosung/Library/CloudStorage/OneDrive-SharedLibraries-ThePennsylvaniaStateUniversity/AI Adoption Meta Analysis - Documents/Meta/AI Adoption/PDFs/S026.pdf
S026,PE-UB,PE,UB,0.416,510.0,latest_human_R3_CORRELATIONS,false,false,false,true,true,true,ok,true,/Users/newhosung/Library/CloudStorage/OneDrive-SharedLibraries-ThePennsylvaniaStateUniversity/AI Adoption Meta Analysis - Documents/Meta/AI Adoption/PDFs/S026.pdf
S026,SI-UB,SI,UB,0.336,510.0,latest_human_R3_CORRELATIONS,false,false,false,true,true,true,ok,true,/Users/newhosung/Library/CloudStorage/OneDrive-SharedLibraries-ThePennsylvaniaStateUniversity/AI Adoption Meta Analysis - Documents/Meta/AI Adoption/PDFs/S026.pdf
S100,BI-TRU,BI,TRU,0.564,682.0,latest_human_R3_CORRELATIONS,false,false,false,true,true,true,ok,true,/Users/newhosung/Library/CloudStorage/OneDrive-SharedLibraries-ThePennsylvaniaStateUniversity/AI Adoption Meta Analysis - Documents/Meta/AI Adoption/PDFs/S100.pdf
S100,TRU-UB,TRU,UB,0.26,682.0,latest_human_R3_CORRELATIONS,false,false,false,true,true,true,ok,true,/Users/newhosung/Library/CloudStorage/OneDrive-SharedLibraries-ThePennsylvaniaStateUniversity/AI Adoption Meta Analysis - Documents/Meta/AI Adoption/PDFs/S100.pdf
S050,BI-EE,BI,EE,0.624,500.0,latest_human_R3_CORRELATIONS,false,false,false,true,true,true,ok,true,/Users/newhosung/Library/CloudStorage/OneDrive-SharedLibraries-ThePennsylvaniaStateUniversity/AI Adoption Meta Analysis - Documents/Meta/AI Adoption/PDFs/S050.pdf
S050,BI-FC,BI,FC,0.5959,500.0,latest_human_R3_CORRELATIONS,false,false,false,true,true,true,ok,true,/Users/newhosung/Library/CloudStorage/OneDrive-SharedLibraries-ThePennsylvaniaStateUniversity/AI Adoption Meta Analysis - Documents/Meta/AI Adoption/PDFs/S050.pdf
S050,BI-PE,BI,PE,0.591,500.0,latest_human_R3_CORRELATIONS,false,false,false,true,true,true,ok,true,/Users/newhosung/Library/CloudStorage/OneDrive-SharedLibraries-ThePennsylvaniaStateUniversity/AI Adoption Meta Analysis - Documents/Meta/AI Adoption/PDFs/S050.pdf
S050,BI-SI,BI,SI,0.63,500.0,latest_human_R3_CORRELATIONS,false,false,false,true,true,true,ok,true,/Users/newhosung/Library/CloudStorage/OneDrive-SharedLibraries-ThePennsylvaniaStateUniversity/AI Adoption Meta Analysis - Documents/Meta/AI Adoption/PDFs/S050.pdf
S050,BI-UB,BI,UB,0.826,500.0,latest_human_R3_CORRELATIONS,false,false,false,true,true,true,ok,true,/Users/newhosung/Library/CloudStorage/OneDrive-SharedLibraries-ThePennsylvaniaStateUniversity/AI Adoption Meta Analysis - Documents/Meta/AI Adoption/PDFs/S050.pdf
S050,EE-FC,EE,FC,0.692,500.0,latest_human_R3_CORRELATIONS,false,false,false,true,true,true,ok,true,/Users/newhosung/Library/CloudStorage/OneDrive-SharedLibraries-ThePennsylvaniaStateUniversity/AI Adoption Meta Analysis - Documents/Meta/AI Adoption/PDFs/S050.pdf
S050,EE-PE,EE,PE,0.514,500.0,latest_human_R3_CORRELATIONS,false,false,false,true,true,true,ok,true,/Users/newhosung/Library/CloudStorage/OneDrive-SharedLibraries-ThePennsylvaniaStateUniversity/AI Adoption Meta Analysis - Documents/Meta/AI Adoption/PDFs/S050.pdf
S050,EE-SI,EE,SI,0.687,500.0,latest_human_R3_CORRELATIONS,false,false,false,true,true,true,ok,true,/Users/newhosung/Library/CloudStorage/OneDrive-SharedLibraries-ThePennsylvaniaStateUniversity/AI Adoption Meta Analysis - Documents/Meta/AI Adoption/PDFs/S050.pdf
S050,EE-UB,EE,UB,0.62,500.0,latest_human_R3_CORRELATIONS,false,false,false,true,true,true,ok,true,/Users/newhosung/Library/CloudStorage/OneDrive-SharedLibraries-ThePennsylvaniaStateUniversity/AI Adoption Meta Analysis - Documents/Meta/AI Adoption/PDFs/S050.pdf
S050,FC-PE,FC,PE,0.514,500.0,latest_human_R3_CORRELATIONS,false,false,false,true,true,true,ok,true,/Users/newhosung/Library/CloudStorage/OneDrive-SharedLibraries-ThePennsylvaniaStateUniversity/AI Adoption Meta Analysis - Documents/Meta/AI Adoption/PDFs/S050.pdf
S050,FC-SI,FC,SI,0.591,500.0,latest_human_R3_CORRELATIONS,false,false,false,true,true,true,ok,true,/Users/newhosung/Library/CloudStorage/OneDrive-SharedLibraries-ThePennsylvaniaStateUniversity/AI Adoption Meta Analysis - Documents/Meta/AI Adoption/PDFs/S050.pdf
S050,FC-UB,FC,UB,0.62,500.0,latest_human_R3_CORRELATIONS,false,false,false,true,true,true,ok,true,/Users/newhosung/Library/CloudStorage/OneDrive-SharedLibraries-ThePennsylvaniaStateUniversity/AI Adoption Meta Analysis - Documents/Meta/AI Adoption/PDFs/S050.pdf
S050,PE-SI,PE,SI,0.599,500.0,latest_human_R3_CORRELATIONS,false,false,false,true,true,true,ok,true,/Users/newhosung/Library/CloudStorage/OneDrive-SharedLibraries-ThePennsylvaniaStateUniversity/AI Adoption Meta Analysis - Documents/Meta/AI Adoption/PDFs/S050.pdf
S050,PE-UB,PE,UB,0.549,500.0,latest_human_R3_CORRELATIONS,false,false,false,true,true,true,ok,true,/Users/newhosung/Library/CloudStorage/OneDrive-SharedLibraries-ThePennsylvaniaStateUniversity/AI Adoption Meta Analysis - Documents/Meta/AI Adoption/PDFs/S050.pdf
S050,SI-UB,SI,UB,0.66,500.0,latest_human_R3_CORRELATIONS,false,false,false,true,true,true,ok,true,/Users/newhosung/Library/CloudStorage/OneDrive-SharedLibraries-ThePennsylvaniaStateUniversity/AI Adoption Meta Analysis - Documents/Meta/AI Adoption/PDFs/S050.pdf
S125,ATT-EE,ATT,EE,0.575,498.0,latest_human_R3_CORRELATIONS,true,false,false,true,true,true,ok,true,/Users/newhosung/Library/CloudStorage/OneDrive-SharedLibraries-ThePennsylvaniaStateUniversity/AI Adoption Meta Analysis - Documents/Meta/AI Adoption/PDFs/S125.pdf
S125,ATT-PE,ATT,PE,0.679,498.0,latest_human_R3_CORRELATIONS,false,false,false,true,true,true,ok,true,/Users/newhosung/Library/CloudStorage/OneDrive-SharedLibraries-ThePennsylvaniaStateUniversity/AI Adoption Meta Analysis - Documents/Meta/AI Adoption/PDFs/S125.pdf
S125,ATT-SE,ATT,SE,0.486,498.0,latest_human_R3_CORRELATIONS,false,false,false,true,true,true,ok,true,/Users/newhosung/Library/CloudStorage/OneDrive-SharedLibraries-ThePennsylvaniaStateUniversity/AI Adoption Meta Analysis - Documents/Meta/AI Adoption/PDFs/S125.pdf
S125,EE-PE,EE,PE,0.713,498.0,latest_human_R3_CORRELATIONS,false,false,false,true,true,true,ok,true,/Users/newhosung/Library/CloudStorage/OneDrive-SharedLibraries-ThePennsylvaniaStateUniversity/AI Adoption Meta Analysis - Documents/Meta/AI Adoption/PDFs/S125.pdf
S125,EE-SE,EE,SE,0.621,498.0,latest_human_R3_CORRELATIONS,false,false,false,true,true,true,ok,true,/Users/newhosung/Library/CloudStorage/OneDrive-SharedLibraries-ThePennsylvaniaStateUniversity/AI Adoption Meta Analysis - Documents/Meta/AI Adoption/PDFs/S125.pdf
S125,PE-SE,PE,SE,0.566,498.0,latest_human_R3_CORRELATIONS,false,false,false,true,true,true,ok,true,/Users/newhosung/Library/CloudStorage/OneDrive-SharedLibraries-ThePennsylvaniaStateUniversity/AI Adoption Meta Analysis - Documents/Meta/AI Adoption/PDFs/S125.pdf
S161,ATT-BI,ATT,BI,0.495,315.0,latest_human_R3_CORRELATIONS,true,false,false,true,true,true,ok,true,/Users/newhosung/Library/CloudStorage/OneDrive-SharedLibraries-ThePennsylvaniaStateUniversity/AI Adoption Meta Analysis - Documents/Meta/AI Adoption/PDFs/S161.pdf
S161,ATT-EE,ATT,EE,0.435,315.0,latest_human_R3_CORRELATIONS,true,false,false,true,true,true,ok,true,/Users/newhosung/Library/CloudStorage/OneDrive-SharedLibraries-ThePennsylvaniaStateUniversity/AI Adoption Meta Analysis - Documents/Meta/AI Adoption/PDFs/S161.pdf
S161,ATT-PE,ATT,PE,0.379,315.0,latest_human_R3_CORRELATIONS,true,false,false,true,true,true,ok,true,/Users/newhosung/Library/CloudStorage/OneDrive-SharedLibraries-ThePennsylvaniaStateUniversity/AI Adoption Meta Analysis - Documents/Meta/AI Adoption/PDFs/S161.pdf
S161,BI-EE,BI,EE,0.577,315.0,latest_human_R3_CORRELATIONS,true,false,false,true,true,true,ok,true,/Users/newhosung/Library/CloudStorage/OneDrive-SharedLibraries-ThePennsylvaniaStateUniversity/AI Adoption Meta Analysis - Documents/Meta/AI Adoption/PDFs/S161.pdf
S161,BI-PE,BI,PE,0.427,315.0,latest_human_R3_CORRELATIONS,true,false,false,true,true,true,ok,true,/Users/newhosung/Library/CloudStorage/OneDrive-SharedLibraries-ThePennsylvaniaStateUniversity/AI Adoption Meta Analysis - Documents/Meta/AI Adoption/PDFs/S161.pdf
S161,FC-PE,FC,PE,0.302,315.0,latest_human_R3_CORRELATIONS,true,false,false,true,true,true,ok,true,/Users/newhosung/Library/CloudStorage/OneDrive-SharedLibraries-ThePennsylvaniaStateUniversity/AI Adoption Meta Analysis - Documents/Meta/AI Adoption/PDFs/S161.pdf
S135,ATT-BI,ATT,BI,0.752,302.0,latest_human_R3_CORRELATIONS,true,false,false,true,true,true,ok,true,/Users/newhosung/Library/CloudStorage/OneDrive-SharedLibraries-ThePennsylvaniaStateUniversity/AI Adoption Meta Analysis - Documents/Meta/AI Adoption/PDFs/S135.pdf
S135,ATT-EE,ATT,EE,0.45,302.0,latest_human_R3_CORRELATIONS,false,false,false,true,true,true,ok,true,/Users/newhosung/Library/CloudStorage/OneDrive-SharedLibraries-ThePennsylvaniaStateUniversity/AI Adoption Meta Analysis - Documents/Meta/AI Adoption/PDFs/S135.pdf
S135,ATT-PE,ATT,PE,0.778,302.0,latest_human_R3_CORRELATIONS,false,false,false,true,true,true,ok,true,/Users/newhosung/Library/CloudStorage/OneDrive-SharedLibraries-ThePennsylvaniaStateUniversity/AI Adoption Meta Analysis - Documents/Meta/AI Adoption/PDFs/S135.pdf
S135,ATT-SI,ATT,SI,0.552,302.0,latest_human_R3_CORRELATIONS,false,false,false,true,true,true,ok,true,/Users/newhosung/Library/CloudStorage/OneDrive-SharedLibraries-ThePennsylvaniaStateUniversity/AI Adoption Meta Analysis - Documents/Meta/AI Adoption/PDFs/S135.pdf
S135,BI-EE,BI,EE,0.49,302.0,latest_human_R3_CORRELATIONS,false,false,false,true,true,true,ok,true,/Users/newhosung/Library/CloudStorage/OneDrive-SharedLibraries-ThePennsylvaniaStateUniversity/AI Adoption Meta Analysis - Documents/Meta/AI Adoption/PDFs/S135.pdf
S135,BI-PE,BI,PE,0.744,302.0,latest_human_R3_CORRELATIONS,false,false,false,true,true,true,ok,true,/Users/newhosung/Library/CloudStorage/OneDrive-SharedLibraries-ThePennsylvaniaStateUniversity/AI Adoption Meta Analysis - Documents/Meta/AI Adoption/PDFs/S135.pdf
S135,BI-SI,BI,SI,0.615,302.0,latest_human_R3_CORRELATIONS,false,false,false,true,true,true,ok,true,/Users/newhosung/Library/CloudStorage/OneDrive-SharedLibraries-ThePennsylvaniaStateUniversity/AI Adoption Meta Analysis - Documents/Meta/AI Adoption/PDFs/S135.pdf
S135,EE-PE,EE,PE,0.507,302.0,latest_human_R3_CORRELATIONS,false,false,false,true,true,true,ok,true,/Users/newhosung/Library/CloudStorage/OneDrive-SharedLibraries-ThePennsylvaniaStateUniversity/AI Adoption Meta Analysis - Documents/Meta/AI Adoption/PDFs/S135.pdf
S135,EE-SI,EE,SI,0.246,302.0,latest_human_R3_CORRELATIONS,false,false,false,true,true,true,ok,true,/Users/newhosung/Library/CloudStorage/OneDrive-SharedLibraries-ThePennsylvaniaStateUniversity/AI Adoption Meta Analysis - Documents/Meta/AI Adoption/PDFs/S135.pdf
S135,PE-SI,PE,SI,0.52,302.0,latest_human_R3_CORRELATIONS,false,false,false,true,true,true,ok,true,/Users/newhosung/Library/CloudStorage/OneDrive-SharedLibraries-ThePennsylvaniaStateUniversity/AI Adoption Meta Analysis - Documents/Meta/AI Adoption/PDFs/S135.pdf
S032,ATT-BI,ATT,BI,0.75,804.0,latest_human_R3_CORRELATIONS,true,false,false,true,true,true,ok,true,/Users/newhosung/Library/CloudStorage/OneDrive-SharedLibraries-ThePennsylvaniaStateUniversity/AI Adoption Meta Analysis - Documents/Meta/AI Adoption/PDFs/S032.pdf
S032,ATT-EE,ATT,EE,0.616,804.0,latest_human_R3_CORRELATIONS,false,false,false,true,true,true,ok,true,/Users/newhosung/Library/CloudStorage/OneDrive-SharedLibraries-ThePennsylvaniaStateUniversity/AI Adoption Meta Analysis - Documents/Meta/AI Adoption/PDFs/S032.pdf
S032,ATT-PE,ATT,PE,0.695,804.0,latest_human_R3_CORRELATIONS,false,false,false,true,true,true,ok,true,/Users/newhosung/Library/CloudStorage/OneDrive-SharedLibraries-ThePennsylvaniaStateUniversity/AI Adoption Meta Analysis - Documents/Meta/AI Adoption/PDFs/S032.pdf
S032,ATT-SI,ATT,SI,0.537,804.0,latest_human_R3_CORRELATIONS,false,false,false,true,true,true,ok,true,/Users/newhosung/Library/CloudStorage/OneDrive-SharedLibraries-ThePennsylvaniaStateUniversity/AI Adoption Meta Analysis - Documents/Meta/AI Adoption/PDFs/S032.pdf
S032,ATT-UB,ATT,UB,0.51,804.0,latest_human_R3_CORRELATIONS,false,false,false,true,true,true,ok,true,/Users/newhosung/Library/CloudStorage/OneDrive-SharedLibraries-ThePennsylvaniaStateUniversity/AI Adoption Meta Analysis - Documents/Meta/AI Adoption/PDFs/S032.pdf
S032,BI-EE,BI,EE,0.557,804.0,latest_human_R3_CORRELATIONS,false,false,false,true,true,true,ok,true,/Users/newhosung/Library/CloudStorage/OneDrive-SharedLibraries-ThePennsylvaniaStateUniversity/AI Adoption Meta Analysis - Documents/Meta/AI Adoption/PDFs/S032.pdf
S032,BI-PE,BI,PE,0.586,804.0,latest_human_R3_CORRELATIONS,false,false,false,true,true,true,ok,true,/Users/newhosung/Library/CloudStorage/OneDrive-SharedLibraries-ThePennsylvaniaStateUniversity/AI Adoption Meta Analysis - Documents/Meta/AI Adoption/PDFs/S032.pdf
S032,BI-SI,BI,SI,0.531,804.0,latest_human_R3_CORRELATIONS,false,false,false,true,true,true,ok,true,/Users/newhosung/Library/CloudStorage/OneDrive-SharedLibraries-ThePennsylvaniaStateUniversity/AI Adoption Meta Analysis - Documents/Meta/AI Adoption/PDFs/S032.pdf
S032,BI-UB,BI,UB,0.527,804.0,latest_human_R3_CORRELATIONS,false,false,false,true,true,true,ok,true,/Users/newhosung/Library/CloudStorage/OneDrive-SharedLibraries-ThePennsylvaniaStateUniversity/AI Adoption Meta Analysis - Documents/Meta/AI Adoption/PDFs/S032.pdf
S032,EE-PE,EE,PE,0.69,804.0,latest_human_R3_CORRELATIONS,false,false,false,true,true,true,ok,true,/Users/newhosung/Library/CloudStorage/OneDrive-SharedLibraries-ThePennsylvaniaStateUniversity/AI Adoption Meta Analysis - Documents/Meta/AI Adoption/PDFs/S032.pdf
S032,EE-SI,EE,SI,0.519,804.0,latest_human_R3_CORRELATIONS,false,false,false,true,true,true,ok,true,/Users/newhosung/Library/CloudStorage/OneDrive-SharedLibraries-ThePennsylvaniaStateUniversity/AI Adoption Meta Analysis - Documents/Meta/AI Adoption/PDFs/S032.pdf
S032,EE-UB,EE,UB,0.516,804.0,latest_human_R3_CORRELATIONS,false,false,false,true,true,true,ok,true,/Users/newhosung/Library/CloudStorage/OneDrive-SharedLibraries-ThePennsylvaniaStateUniversity/AI Adoption Meta Analysis - Documents/Meta/AI Adoption/PDFs/S032.pdf
S032,PE-SI,PE,SI,0.499,804.0,latest_human_R3_CORRELATIONS,false,false,false,true,true,true,ok,true,/Users/newhosung/Library/CloudStorage/OneDrive-SharedLibraries-ThePennsylvaniaStateUniversity/AI Adoption Meta Analysis - Documents/Meta/AI Adoption/PDFs/S032.pdf
S032,PE-UB,PE,UB,0.437,804.0,latest_human_R3_CORRELATIONS,false,false,false,true,true,true,ok,true,/Users/newhosung/Library/CloudStorage/OneDrive-SharedLibraries-ThePennsylvaniaStateUniversity/AI Adoption Meta Analysis - Documents/Meta/AI Adoption/PDFs/S032.pdf
S032,SI-UB,SI,UB,0.554,804.0,latest_human_R3_CORRELATIONS,false,false,false,true,true,true,ok,true,/Users/newhosung/Library/CloudStorage/OneDrive-SharedLibraries-ThePennsylvaniaStateUniversity/AI Adoption Meta Analysis - Documents/Meta/AI Adoption/PDFs/S032.pdf
S133,BI-EE,BI,EE,0.532,611.0,latest_human_R3_CORRELATIONS,true,false,false,true,true,true,ok,true,/Users/newhosung/Library/CloudStorage/OneDrive-SharedLibraries-ThePennsylvaniaStateUniversity/AI Adoption Meta Analysis - Documents/Meta/AI Adoption/PDFs/S133.pdf
S133,BI-FC,BI,FC,0.519,611.0,latest_human_R3_CORRELATIONS,false,false,false,true,true,true,ok,true,/Users/newhosung/Library/CloudStorage/OneDrive-SharedLibraries-ThePennsylvaniaStateUniversity/AI Adoption Meta Analysis - Documents/Meta/AI Adoption/PDFs/S133.pdf
S133,BI-PE,BI,PE,0.529,611.0,latest_human_R3_CORRELATIONS,false,false,false,true,true,true,ok,true,/Users/newhosung/Library/CloudStorage/OneDrive-SharedLibraries-ThePennsylvaniaStateUniversity/AI Adoption Meta Analysis - Documents/Meta/AI Adoption/PDFs/S133.pdf
S133,BI-SI,BI,SI,0.535,611.0,latest_human_R3_CORRELATIONS,false,false,false,true,true,true,ok,true,/Users/newhosung/Library/CloudStorage/OneDrive-SharedLibraries-ThePennsylvaniaStateUniversity/AI Adoption Meta Analysis - Documents/Meta/AI Adoption/PDFs/S133.pdf
S133,BI-UB,BI,UB,0.353,611.0,latest_human_R3_CORRELATIONS,false,false,false,true,true,true,ok,true,/Users/newhosung/Library/CloudStorage/OneDrive-SharedLibraries-ThePennsylvaniaStateUniversity/AI Adoption Meta Analysis - Documents/Meta/AI Adoption/PDFs/S133.pdf
S133,EE-FC,EE,FC,0.673,611.0,latest_human_R3_CORRELATIONS,false,false,false,true,true,true,ok,true,/Users/newhosung/Library/CloudStorage/OneDrive-SharedLibraries-ThePennsylvaniaStateUniversity/AI Adoption Meta Analysis - Documents/Meta/AI Adoption/PDFs/S133.pdf
S133,EE-PE,EE,PE,0.7,611.0,latest_human_R3_CORRELATIONS,false,false,false,true,true,true,ok,true,/Users/newhosung/Library/CloudStorage/OneDrive-SharedLibraries-ThePennsylvaniaStateUniversity/AI Adoption Meta Analysis - Documents/Meta/AI Adoption/PDFs/S133.pdf
S133,EE-SI,EE,SI,0.483,611.0,latest_human_R3_CORRELATIONS,false,false,false,true,true,true,ok,true,/Users/newhosung/Library/CloudStorage/OneDrive-SharedLibraries-ThePennsylvaniaStateUniversity/AI Adoption Meta Analysis - Documents/Meta/AI Adoption/PDFs/S133.pdf
S133,EE-UB,EE,UB,0.15,611.0,latest_human_R3_CORRELATIONS,false,false,false,true,true,true,ok,true,/Users/newhosung/Library/CloudStorage/OneDrive-SharedLibraries-ThePennsylvaniaStateUniversity/AI Adoption Meta Analysis - Documents/Meta/AI Adoption/PDFs/S133.pdf
S133,FC-PE,FC,PE,0.535,611.0,latest_human_R3_CORRELATIONS,false,false,false,true,true,true,ok,true,/Users/newhosung/Library/CloudStorage/OneDrive-SharedLibraries-ThePennsylvaniaStateUniversity/AI Adoption Meta Analysis - Documents/Meta/AI Adoption/PDFs/S133.pdf
S133,FC-SI,FC,SI,0.435,611.0,latest_human_R3_CORRELATIONS,false,false,false,true,true,true,ok,true,/Users/newhosung/Library/CloudStorage/OneDrive-SharedLibraries-ThePennsylvaniaStateUniversity/AI Adoption Meta Analysis - Documents/Meta/AI Adoption/PDFs/S133.pdf
S133,FC-UB,FC,UB,0.241,611.0,latest_human_R3_CORRELATIONS,false,false,false,true,true,true,ok,true,/Users/newhosung/Library/CloudStorage/OneDrive-SharedLibraries-ThePennsylvaniaStateUniversity/AI Adoption Meta Analysis - Documents/Meta/AI Adoption/PDFs/S133.pdf
S133,PE-SI,PE,SI,0.456,611.0,latest_human_R3_CORRELATIONS,false,false,false,true,true,true,ok,true,/Users/newhosung/Library/CloudStorage/OneDrive-SharedLibraries-ThePennsylvaniaStateUniversity/AI Adoption Meta Analysis - Documents/Meta/AI Adoption/PDFs/S133.pdf
S133,PE-UB,PE,UB,0.139,611.0,latest_human_R3_CORRELATIONS,false,false,false,true,true,true,ok,true,/Users/newhosung/Library/CloudStorage/OneDrive-SharedLibraries-ThePennsylvaniaStateUniversity/AI Adoption Meta Analysis - Documents/Meta/AI Adoption/PDFs/S133.pdf
S133,SI-UB,SI,UB,0.31,611.0,latest_human_R3_CORRELATIONS,false,false,false,true,true,true,ok,true,/Users/newhosung/Library/CloudStorage/OneDrive-SharedLibraries-ThePennsylvaniaStateUniversity/AI Adoption Meta Analysis - Documents/Meta/AI Adoption/PDFs/S133.pdf
S149,ATT-BI,ATT,BI,0.79,254.0,latest_human_R3_CORRELATIONS,false,false,false,true,true,true,ok,true,/Users/newhosung/Library/CloudStorage/OneDrive-SharedLibraries-ThePennsylvaniaStateUniversity/AI Adoption Meta Analysis - Documents/Meta/AI Adoption/R3/PDFs/S149.pdf
S149,ATT-EE,ATT,EE,0.464,254.0,latest_human_R3_CORRELATIONS,true,false,false,true,true,true,ok,true,/Users/newhosung/Library/CloudStorage/OneDrive-SharedLibraries-ThePennsylvaniaStateUniversity/AI Adoption Meta Analysis - Documents/Meta/AI Adoption/R3/PDFs/S149.pdf
S149,ATT-PE,ATT,PE,0.762,254.0,latest_human_R3_CORRELATIONS,false,false,false,true,true,true,ok,true,/Users/newhosung/Library/CloudStorage/OneDrive-SharedLibraries-ThePennsylvaniaStateUniversity/AI Adoption Meta Analysis - Documents/Meta/AI Adoption/R3/PDFs/S149.pdf
S149,BI-UB,BI,UB,-0.317,254.0,latest_human_R3_CORRELATIONS,false,false,false,true,true,true,ok,true,/Users/newhosung/Library/CloudStorage/OneDrive-SharedLibraries-ThePennsylvaniaStateUniversity/AI Adoption Meta Analysis - Documents/Meta/AI Adoption/R3/PDFs/S149.pdf
S149,EE-PE,EE,PE,0.512,254.0,latest_human_R3_CORRELATIONS,false,false,false,true,true,true,ok,true,/Users/newhosung/Library/CloudStorage/OneDrive-SharedLibraries-ThePennsylvaniaStateUniversity/AI Adoption Meta Analysis - Documents/Meta/AI Adoption/R3/PDFs/S149.pdf
S157,BI-EE,BI,EE,0.34,633.0,latest_human_R3_CORRELATIONS,false,false,false,true,false,true,ok,true,/Users/newhosung/Library/CloudStorage/OneDrive-SharedLibraries-ThePennsylvaniaStateUniversity/AI Adoption Meta Analysis - Documents/Meta/AI Adoption/PDFs/S157.pdf
S157,BI-FC,BI,FC,0.35,633.0,latest_human_R3_CORRELATIONS,false,false,false,true,false,true,ok,true,/Users/newhosung/Library/CloudStorage/OneDrive-SharedLibraries-ThePennsylvaniaStateUniversity/AI Adoption Meta Analysis - Documents/Meta/AI Adoption/PDFs/S157.pdf
S157,BI-PE,BI,PE,0.37,633.0,latest_human_R3_CORRELATIONS,false,false,false,true,false,true,ok,true,/Users/newhosung/Library/CloudStorage/OneDrive-SharedLibraries-ThePennsylvaniaStateUniversity/AI Adoption Meta Analysis - Documents/Meta/AI Adoption/PDFs/S157.pdf
S157,BI-SI,BI,SI,0.36,633.0,latest_human_R3_CORRELATIONS,false,false,false,true,false,true,ok,true,/Users/newhosung/Library/CloudStorage/OneDrive-SharedLibraries-ThePennsylvaniaStateUniversity/AI Adoption Meta Analysis - Documents/Meta/AI Adoption/PDFs/S157.pdf
S157,BI-UB,BI,UB,0.61,633.0,latest_human_R3_CORRELATIONS,false,false,false,true,false,true,ok,true,/Users/newhosung/Library/CloudStorage/OneDrive-SharedLibraries-ThePennsylvaniaStateUniversity/AI Adoption Meta Analysis - Documents/Meta/AI Adoption/PDFs/S157.pdf
S157,EE-FC,EE,FC,0.19,633.0,latest_human_R3_CORRELATIONS,false,false,false,true,false,true,ok,true,/Users/newhosung/Library/CloudStorage/OneDrive-SharedLibraries-ThePennsylvaniaStateUniversity/AI Adoption Meta Analysis - Documents/Meta/AI Adoption/PDFs/S157.pdf
S157,EE-PE,EE,PE,0.16,633.0,latest_human_R3_CORRELATIONS,false,false,false,true,false,true,ok,true,/Users/newhosung/Library/CloudStorage/OneDrive-SharedLibraries-ThePennsylvaniaStateUniversity/AI Adoption Meta Analysis - Documents/Meta/AI Adoption/PDFs/S157.pdf
S157,EE-SI,EE,SI,0.16,633.0,latest_human_R3_CORRELATIONS,false,false,false,true,false,true,ok,true,/Users/newhosung/Library/CloudStorage/OneDrive-SharedLibraries-ThePennsylvaniaStateUniversity/AI Adoption Meta Analysis - Documents/Meta/AI Adoption/PDFs/S157.pdf
S157,EE-UB,EE,UB,0.27,633.0,latest_human_R3_CORRELATIONS,false,false,false,true,false,true,ok,true,/Users/newhosung/Library/CloudStorage/OneDrive-SharedLibraries-ThePennsylvaniaStateUniversity/AI Adoption Meta Analysis - Documents/Meta/AI Adoption/PDFs/S157.pdf
S157,FC-PE,FC,PE,0.27,633.0,latest_human_R3_CORRELATIONS,false,false,false,true,false,true,ok,true,/Users/newhosung/Library/CloudStorage/OneDrive-SharedLibraries-ThePennsylvaniaStateUniversity/AI Adoption Meta Analysis - Documents/Meta/AI Adoption/PDFs/S157.pdf
S157,FC-SI,FC,SI,0.17,633.0,latest_human_R3_CORRELATIONS,false,false,false,true,false,true,ok,true,/Users/newhosung/Library/CloudStorage/OneDrive-SharedLibraries-ThePennsylvaniaStateUniversity/AI Adoption Meta Analysis - Documents/Meta/AI Adoption/PDFs/S157.pdf
S157,FC-UB,FC,UB,0.4,633.0,latest_human_R3_CORRELATIONS,false,false,false,true,false,true,ok,true,/Users/newhosung/Library/CloudStorage/OneDrive-SharedLibraries-ThePennsylvaniaStateUniversity/AI Adoption Meta Analysis - Documents/Meta/AI Adoption/PDFs/S157.pdf
S157,PE-SI,PE,SI,0.21,633.0,latest_human_R3_CORRELATIONS,false,false,false,true,false,true,ok,true,/Users/newhosung/Library/CloudStorage/OneDrive-SharedLibraries-ThePennsylvaniaStateUniversity/AI Adoption Meta Analysis - Documents/Meta/AI Adoption/PDFs/S157.pdf
S157,PE-UB,PE,UB,0.37,633.0,latest_human_R3_CORRELATIONS,false,false,false,true,false,true,ok,true,/Users/newhosung/Library/CloudStorage/OneDrive-SharedLibraries-ThePennsylvaniaStateUniversity/AI Adoption Meta Analysis - Documents/Meta/AI Adoption/PDFs/S157.pdf
S157,SI-UB,SI,UB,0.24,633.0,latest_human_R3_CORRELATIONS,false,false,false,true,false,true,ok,true,/Users/newhosung/Library/CloudStorage/OneDrive-SharedLibraries-ThePennsylvaniaStateUniversity/AI Adoption Meta Analysis - Documents/Meta/AI Adoption/PDFs/S157.pdf
S025,BI-EE,BI,EE,0.506,361.0,latest_human_R3_CORRELATIONS,true,false,false,true,true,true,ok,true,/Users/newhosung/Library/CloudStorage/OneDrive-SharedLibraries-ThePennsylvaniaStateUniversity/AI Adoption Meta Analysis - Documents/Meta/AI Adoption/PDFs/S025.pdf
S025,BI-FC,BI,FC,0.436,361.0,latest_human_R3_CORRELATIONS,false,false,false,true,true,true,ok,true,/Users/newhosung/Library/CloudStorage/OneDrive-SharedLibraries-ThePennsylvaniaStateUniversity/AI Adoption Meta Analysis - Documents/Meta/AI Adoption/PDFs/S025.pdf
S025,BI-PE,BI,PE,0.849,361.0,latest_human_R3_CORRELATIONS,false,false,false,true,true,true,ok,true,/Users/newhosung/Library/CloudStorage/OneDrive-SharedLibraries-ThePennsylvaniaStateUniversity/AI Adoption Meta Analysis - Documents/Meta/AI Adoption/PDFs/S025.pdf
S025,BI-SE,BI,SE,0.036,361.0,latest_human_R3_CORRELATIONS,false,false,false,true,true,true,ok,true,/Users/newhosung/Library/CloudStorage/OneDrive-SharedLibraries-ThePennsylvaniaStateUniversity/AI Adoption Meta Analysis - Documents/Meta/AI Adoption/PDFs/S025.pdf
S025,BI-SI,BI,SI,-0.187,361.0,latest_human_R3_CORRELATIONS,false,false,false,true,false,true,ok,false,/Users/newhosung/Library/CloudStorage/OneDrive-SharedLibraries-ThePennsylvaniaStateUniversity/AI Adoption Meta Analysis - Documents/Meta/AI Adoption/PDFs/S025.pdf
S025,BI-UB,BI,UB,0.652,361.0,latest_human_R3_CORRELATIONS,false,false,false,true,true,true,ok,true,/Users/newhosung/Library/CloudStorage/OneDrive-SharedLibraries-ThePennsylvaniaStateUniversity/AI Adoption Meta Analysis - Documents/Meta/AI Adoption/PDFs/S025.pdf
S025,EE-FC,EE,FC,0.427,361.0,latest_human_R3_CORRELATIONS,false,false,false,true,true,true,ok,true,/Users/newhosung/Library/CloudStorage/OneDrive-SharedLibraries-ThePennsylvaniaStateUniversity/AI Adoption Meta Analysis - Documents/Meta/AI Adoption/PDFs/S025.pdf
S025,EE-PE,EE,PE,0.355,361.0,latest_human_R3_CORRELATIONS,false,false,false,true,true,true,ok,true,/Users/newhosung/Library/CloudStorage/OneDrive-SharedLibraries-ThePennsylvaniaStateUniversity/AI Adoption Meta Analysis - Documents/Meta/AI Adoption/PDFs/S025.pdf
S025,EE-SE,EE,SE,0.121,361.0,latest_human_R3_CORRELATIONS,false,false,false,true,true,true,ok,true,/Users/newhosung/Library/CloudStorage/OneDrive-SharedLibraries-ThePennsylvaniaStateUniversity/AI Adoption Meta Analysis - Documents/Meta/AI Adoption/PDFs/S025.pdf
S025,EE-SI,EE,SI,0.118,361.0,latest_human_R3_CORRELATIONS,false,false,false,true,true,true,ok,true,/Users/newhosung/Library/CloudStorage/OneDrive-SharedLibraries-ThePennsylvaniaStateUniversity/AI Adoption Meta Analysis - Documents/Meta/AI Adoption/PDFs/S025.pdf
S025,EE-UB,EE,UB,0.58,361.0,latest_human_R3_CORRELATIONS,false,false,false,true,true,true,ok,true,/Users/newhosung/Library/CloudStorage/OneDrive-SharedLibraries-ThePennsylvaniaStateUniversity/AI Adoption Meta Analysis - Documents/Meta/AI Adoption/PDFs/S025.pdf
S025,FC-PE,FC,PE,0.391,361.0,latest_human_R3_CORRELATIONS,false,false,false,true,true,true,ok,true,/Users/newhosung/Library/CloudStorage/OneDrive-SharedLibraries-ThePennsylvaniaStateUniversity/AI Adoption Meta Analysis - Documents/Meta/AI Adoption/PDFs/S025.pdf
S025,FC-SE,FC,SE,0.104,361.0,latest_human_R3_CORRELATIONS,false,false,false,true,true,true,ok,true,/Users/newhosung/Library/CloudStorage/OneDrive-SharedLibraries-ThePennsylvaniaStateUniversity/AI Adoption Meta Analysis - Documents/Meta/AI Adoption/PDFs/S025.pdf
S025,FC-SI,FC,SI,0.215,361.0,latest_human_R3_CORRELATIONS,false,false,false,true,true,true,ok,true,/Users/newhosung/Library/CloudStorage/OneDrive-SharedLibraries-ThePennsylvaniaStateUniversity/AI Adoption Meta Analysis - Documents/Meta/AI Adoption/PDFs/S025.pdf
S025,FC-UB,FC,UB,0.503,361.0,latest_human_R3_CORRELATIONS,false,false,false,true,true,true,ok,true,/Users/newhosung/Library/CloudStorage/OneDrive-SharedLibraries-ThePennsylvaniaStateUniversity/AI Adoption Meta Analysis - Documents/Meta/AI Adoption/PDFs/S025.pdf
S025,PE-SE,PE,SE,0.072,361.0,latest_human_R3_CORRELATIONS,false,false,false,true,true,true,ok,true,/Users/newhosung/Library/CloudStorage/OneDrive-SharedLibraries-ThePennsylvaniaStateUniversity/AI Adoption Meta Analysis - Documents/Meta/AI Adoption/PDFs/S025.pdf
S025,PE-SI,PE,SI,0.065,361.0,latest_human_R3_CORRELATIONS,false,false,false,true,true,true,ok,true,/Users/newhosung/Library/CloudStorage/OneDrive-SharedLibraries-ThePennsylvaniaStateUniversity/AI Adoption Meta Analysis - Documents/Meta/AI Adoption/PDFs/S025.pdf
S025,PE-UB,PE,UB,0.532,361.0,latest_human_R3_CORRELATIONS,false,false,false,true,true,true,ok,true,/Users/newhosung/Library/CloudStorage/OneDrive-SharedLibraries-ThePennsylvaniaStateUniversity/AI Adoption Meta Analysis - Documents/Meta/AI Adoption/PDFs/S025.pdf
S025,SE-SI,SE,SI,0.11,361.0,latest_human_R3_CORRELATIONS,false,false,false,true,true,true,ok,true,/Users/newhosung/Library/CloudStorage/OneDrive-SharedLibraries-ThePennsylvaniaStateUniversity/AI Adoption Meta Analysis - Documents/Meta/AI Adoption/PDFs/S025.pdf
S025,SE-UB,SE,UB,0.073,361.0,latest_human_R3_CORRELATIONS,false,false,false,true,true,true,ok,true,/Users/newhosung/Library/CloudStorage/OneDrive-SharedLibraries-ThePennsylvaniaStateUniversity/AI Adoption Meta Analysis - Documents/Meta/AI Adoption/PDFs/S025.pdf
S025,SI-UB,SI,UB,0.147,361.0,latest_human_R3_CORRELATIONS,false,false,false,true,true,true,ok,true,/Users/newhosung/Library/CloudStorage/OneDrive-SharedLibraries-ThePennsylvaniaStateUniversity/AI Adoption Meta Analysis - Documents/Meta/AI Adoption/PDFs/S025.pdf
S114,BI-EE,BI,EE,0.611,255.0,latest_human_R3_CORRELATIONS,true,false,false,true,true,true,ok,true,/Users/newhosung/Library/CloudStorage/OneDrive-SharedLibraries-ThePennsylvaniaStateUniversity/AI Adoption Meta Analysis - Documents/Meta/AI Adoption/PDFs/S114.pdf
S114,BI-FC,BI,FC,0.536,255.0,latest_human_R3_CORRELATIONS,false,false,false,true,true,true,ok,true,/Users/newhosung/Library/CloudStorage/OneDrive-SharedLibraries-ThePennsylvaniaStateUniversity/AI Adoption Meta Analysis - Documents/Meta/AI Adoption/PDFs/S114.pdf
S114,BI-PE,BI,PE,0.583,255.0,latest_human_R3_CORRELATIONS,false,false,false,true,true,true,ok,true,/Users/newhosung/Library/CloudStorage/OneDrive-SharedLibraries-ThePennsylvaniaStateUniversity/AI Adoption Meta Analysis - Documents/Meta/AI Adoption/PDFs/S114.pdf
S114,BI-SI,BI,SI,0.816,255.0,latest_human_R3_CORRELATIONS,false,false,false,true,true,true,ok,true,/Users/newhosung/Library/CloudStorage/OneDrive-SharedLibraries-ThePennsylvaniaStateUniversity/AI Adoption Meta Analysis - Documents/Meta/AI Adoption/PDFs/S114.pdf
S114,BI-UB,BI,UB,0.777,255.0,latest_human_R3_CORRELATIONS,false,false,false,true,true,true,ok,true,/Users/newhosung/Library/CloudStorage/OneDrive-SharedLibraries-ThePennsylvaniaStateUniversity/AI Adoption Meta Analysis - Documents/Meta/AI Adoption/PDFs/S114.pdf
S114,EE-FC,EE,FC,0.228,255.0,latest_human_R3_CORRELATIONS,false,false,false,true,true,true,ok,true,/Users/newhosung/Library/CloudStorage/OneDrive-SharedLibraries-ThePennsylvaniaStateUniversity/AI Adoption Meta Analysis - Documents/Meta/AI Adoption/PDFs/S114.pdf
S114,EE-PE,EE,PE,0.363,255.0,latest_human_R3_CORRELATIONS,false,false,false,true,true,true,ok,true,/Users/newhosung/Library/CloudStorage/OneDrive-SharedLibraries-ThePennsylvaniaStateUniversity/AI Adoption Meta Analysis - Documents/Meta/AI Adoption/PDFs/S114.pdf
S114,EE-SI,EE,SI,0.486,255.0,latest_human_R3_CORRELATIONS,false,false,false,true,true,true,ok,true,/Users/newhosung/Library/CloudStorage/OneDrive-SharedLibraries-ThePennsylvaniaStateUniversity/AI Adoption Meta Analysis - Documents/Meta/AI Adoption/PDFs/S114.pdf
S114,EE-UB,EE,UB,0.561,255.0,latest_human_R3_CORRELATIONS,false,false,false,true,true,true,ok,true,/Users/newhosung/Library/CloudStorage/OneDrive-SharedLibraries-ThePennsylvaniaStateUniversity/AI Adoption Meta Analysis - Documents/Meta/AI Adoption/PDFs/S114.pdf
S114,FC-PE,FC,PE,0.554,255.0,latest_human_R3_CORRELATIONS,false,false,false,true,true,true,ok,true,/Users/newhosung/Library/CloudStorage/OneDrive-SharedLibraries-ThePennsylvaniaStateUniversity/AI Adoption Meta Analysis - Documents/Meta/AI Adoption/PDFs/S114.pdf
S114,FC-SI,FC,SI,0.59,255.0,latest_human_R3_CORRELATIONS,false,false,false,true,true,true,ok,true,/Users/newhosung/Library/CloudStorage/OneDrive-SharedLibraries-ThePennsylvaniaStateUniversity/AI Adoption Meta Analysis - Documents/Meta/AI Adoption/PDFs/S114.pdf
S114,FC-UB,FC,UB,0.549,255.0,latest_human_R3_CORRELATIONS,false,false,false,true,true,true,ok,true,/Users/newhosung/Library/CloudStorage/OneDrive-SharedLibraries-ThePennsylvaniaStateUniversity/AI Adoption Meta Analysis - Documents/Meta/AI Adoption/PDFs/S114.pdf
S114,PE-SI,PE,SI,0.583,255.0,latest_human_R3_CORRELATIONS,false,false,false,true,true,true,ok,true,/Users/newhosung/Library/CloudStorage/OneDrive-SharedLibraries-ThePennsylvaniaStateUniversity/AI Adoption Meta Analysis - Documents/Meta/AI Adoption/PDFs/S114.pdf
S114,PE-UB,PE,UB,0.583,255.0,latest_human_R3_CORRELATIONS,false,false,false,true,true,true,ok,true,/Users/newhosung/Library/CloudStorage/OneDrive-SharedLibraries-ThePennsylvaniaStateUniversity/AI Adoption Meta Analysis - Documents/Meta/AI Adoption/PDFs/S114.pdf
S114,SI-UB,SI,UB,0.783,255.0,latest_human_R3_CORRELATIONS,false,false,false,true,true,true,ok,true,/Users/newhosung/Library/CloudStorage/OneDrive-SharedLibraries-ThePennsylvaniaStateUniversity/AI Adoption Meta Analysis - Documents/Meta/AI Adoption/PDFs/S114.pdf
S098,PE-SE,PE,SE,0.708,482.0,latest_human_R3_CORRELATIONS,true,false,false,true,false,true,ok,true,/Users/newhosung/Library/CloudStorage/OneDrive-SharedLibraries-ThePennsylvaniaStateUniversity/AI Adoption Meta Analysis - Documents/Meta/AI Adoption/PDFs/S098.pdf
S098,PE-SI,PE,SI,0.681,482.0,latest_human_R3_CORRELATIONS,true,false,false,true,false,true,ok,true,/Users/newhosung/Library/CloudStorage/OneDrive-SharedLibraries-ThePennsylvaniaStateUniversity/AI Adoption Meta Analysis - Documents/Meta/AI Adoption/PDFs/S098.pdf
S098,SE-SI,SE,SI,0.625,482.0,latest_human_R3_CORRELATIONS,true,false,false,true,false,true,ok,true,/Users/newhosung/Library/CloudStorage/OneDrive-SharedLibraries-ThePennsylvaniaStateUniversity/AI Adoption Meta Analysis - Documents/Meta/AI Adoption/PDFs/S098.pdf
S008,ATT-BI,ATT,BI,0.067,289.0,latest_human_R3_CORRELATIONS,true,false,false,true,false,true,ok,true,/Users/newhosung/Library/CloudStorage/OneDrive-SharedLibraries-ThePennsylvaniaStateUniversity/AI Adoption Meta Analysis - Documents/Meta/AI Adoption/PDFs/S008.pdf
S008,ATT-EE,ATT,EE,0.107,289.0,latest_human_R3_CORRELATIONS,false,false,false,true,false,true,ok,true,/Users/newhosung/Library/CloudStorage/OneDrive-SharedLibraries-ThePennsylvaniaStateUniversity/AI Adoption Meta Analysis - Documents/Meta/AI Adoption/PDFs/S008.pdf
S008,ATT-FC,ATT,FC,0.139,289.0,latest_human_R3_CORRELATIONS,false,false,false,true,false,true,ok,true,/Users/newhosung/Library/CloudStorage/OneDrive-SharedLibraries-ThePennsylvaniaStateUniversity/AI Adoption Meta Analysis - Documents/Meta/AI Adoption/PDFs/S008.pdf
S008,ATT-PE,ATT,PE,0.198,289.0,latest_human_R3_CORRELATIONS,false,false,false,true,false,true,ok,true,/Users/newhosung/Library/CloudStorage/OneDrive-SharedLibraries-ThePennsylvaniaStateUniversity/AI Adoption Meta Analysis - Documents/Meta/AI Adoption/PDFs/S008.pdf
S008,ATT-SI,ATT,SI,0.219,289.0,latest_human_R3_CORRELATIONS,false,false,false,true,false,true,ok,true,/Users/newhosung/Library/CloudStorage/OneDrive-SharedLibraries-ThePennsylvaniaStateUniversity/AI Adoption Meta Analysis - Documents/Meta/AI Adoption/PDFs/S008.pdf
S008,BI-EE,BI,EE,0.09,289.0,latest_human_R3_CORRELATIONS,false,false,false,true,false,true,ok,true,/Users/newhosung/Library/CloudStorage/OneDrive-SharedLibraries-ThePennsylvaniaStateUniversity/AI Adoption Meta Analysis - Documents/Meta/AI Adoption/PDFs/S008.pdf
S008,BI-FC,BI,FC,0.112,289.0,latest_human_R3_CORRELATIONS,false,false,false,true,false,true,ok,true,/Users/newhosung/Library/CloudStorage/OneDrive-SharedLibraries-ThePennsylvaniaStateUniversity/AI Adoption Meta Analysis - Documents/Meta/AI Adoption/PDFs/S008.pdf
S008,BI-PE,BI,PE,0.467,289.0,latest_human_R3_CORRELATIONS,false,false,false,true,false,true,ok,true,/Users/newhosung/Library/CloudStorage/OneDrive-SharedLibraries-ThePennsylvaniaStateUniversity/AI Adoption Meta Analysis - Documents/Meta/AI Adoption/PDFs/S008.pdf
S008,BI-SI,BI,SI,0.512,289.0,latest_human_R3_CORRELATIONS,false,false,false,true,false,true,ok,true,/Users/newhosung/Library/CloudStorage/OneDrive-SharedLibraries-ThePennsylvaniaStateUniversity/AI Adoption Meta Analysis - Documents/Meta/AI Adoption/PDFs/S008.pdf
S008,EE-FC,EE,FC,0.008,289.0,latest_human_R3_CORRELATIONS,false,false,false,true,false,true,ok,true,/Users/newhosung/Library/CloudStorage/OneDrive-SharedLibraries-ThePennsylvaniaStateUniversity/AI Adoption Meta Analysis - Documents/Meta/AI Adoption/PDFs/S008.pdf
S008,EE-PE,EE,PE,0.164,289.0,latest_human_R3_CORRELATIONS,false,false,false,true,false,true,ok,true,/Users/newhosung/Library/CloudStorage/OneDrive-SharedLibraries-ThePennsylvaniaStateUniversity/AI Adoption Meta Analysis - Documents/Meta/AI Adoption/PDFs/S008.pdf
S008,EE-SI,EE,SI,0.55,289.0,latest_human_R3_CORRELATIONS,false,false,false,true,false,true,ok,true,/Users/newhosung/Library/CloudStorage/OneDrive-SharedLibraries-ThePennsylvaniaStateUniversity/AI Adoption Meta Analysis - Documents/Meta/AI Adoption/PDFs/S008.pdf
S008,FC-PE,FC,PE,0.091,289.0,latest_human_R3_CORRELATIONS,false,false,false,true,false,true,ok,true,/Users/newhosung/Library/CloudStorage/OneDrive-SharedLibraries-ThePennsylvaniaStateUniversity/AI Adoption Meta Analysis - Documents/Meta/AI Adoption/PDFs/S008.pdf
S008,FC-SI,FC,SI,0.017,289.0,latest_human_R3_CORRELATIONS,false,false,false,true,false,true,ok,true,/Users/newhosung/Library/CloudStorage/OneDrive-SharedLibraries-ThePennsylvaniaStateUniversity/AI Adoption Meta Analysis - Documents/Meta/AI Adoption/PDFs/S008.pdf
S008,PE-SI,PE,SI,0.446,289.0,latest_human_R3_CORRELATIONS,false,false,false,true,false,true,ok,true,/Users/newhosung/Library/CloudStorage/OneDrive-SharedLibraries-ThePennsylvaniaStateUniversity/AI Adoption Meta Analysis - Documents/Meta/AI Adoption/PDFs/S008.pdf
S083,ATT-BI,ATT,BI,0.584,425.0,latest_human_R3_CORRELATIONS,false,false,false,true,true,true,ok,true,/Users/newhosung/Library/CloudStorage/OneDrive-SharedLibraries-ThePennsylvaniaStateUniversity/AI Adoption Meta Analysis - Documents/Meta/AI Adoption/PDFs/S083.pdf
S083,ATT-EE,ATT,EE,0.412,425.0,latest_human_R3_CORRELATIONS,false,false,false,true,true,true,ok,true,/Users/newhosung/Library/CloudStorage/OneDrive-SharedLibraries-ThePennsylvaniaStateUniversity/AI Adoption Meta Analysis - Documents/Meta/AI Adoption/PDFs/S083.pdf
S083,ATT-PE,ATT,PE,0.717,425.0,latest_human_R3_CORRELATIONS,false,false,false,true,true,true,ok,true,/Users/newhosung/Library/CloudStorage/OneDrive-SharedLibraries-ThePennsylvaniaStateUniversity/AI Adoption Meta Analysis - Documents/Meta/AI Adoption/PDFs/S083.pdf
S083,BI-EE,BI,EE,0.662,425.0,latest_human_R3_CORRELATIONS,false,false,false,true,true,true,ok,true,/Users/newhosung/Library/CloudStorage/OneDrive-SharedLibraries-ThePennsylvaniaStateUniversity/AI Adoption Meta Analysis - Documents/Meta/AI Adoption/PDFs/S083.pdf
S083,BI-PE,BI,PE,0.715,425.0,latest_human_R3_CORRELATIONS,false,false,false,true,true,true,ok,true,/Users/newhosung/Library/CloudStorage/OneDrive-SharedLibraries-ThePennsylvaniaStateUniversity/AI Adoption Meta Analysis - Documents/Meta/AI Adoption/PDFs/S083.pdf
S083,EE-PE,EE,PE,0.602,425.0,latest_human_R3_CORRELATIONS,false,false,false,true,true,true,ok,true,/Users/newhosung/Library/CloudStorage/OneDrive-SharedLibraries-ThePennsylvaniaStateUniversity/AI Adoption Meta Analysis - Documents/Meta/AI Adoption/PDFs/S083.pdf
S155,BI-EE,BI,EE,0.788,242.0,latest_human_R3_CORRELATIONS,true,false,false,true,true,true,ok,true,/Users/newhosung/Library/CloudStorage/OneDrive-SharedLibraries-ThePennsylvaniaStateUniversity/AI Adoption Meta Analysis - Documents/Meta/AI Adoption/PDFs/S155.pdf
S155,BI-PE,BI,PE,0.545,242.0,latest_human_R3_CORRELATIONS,false,false,false,true,true,true,ok,true,/Users/newhosung/Library/CloudStorage/OneDrive-SharedLibraries-ThePennsylvaniaStateUniversity/AI Adoption Meta Analysis - Documents/Meta/AI Adoption/PDFs/S155.pdf
S155,BI-TRU,BI,TRU,0.81,242.0,latest_human_R3_CORRELATIONS,false,false,false,true,true,true,ok,true,/Users/newhosung/Library/CloudStorage/OneDrive-SharedLibraries-ThePennsylvaniaStateUniversity/AI Adoption Meta Analysis - Documents/Meta/AI Adoption/PDFs/S155.pdf
S155,EE-PE,EE,PE,0.565,242.0,latest_human_R3_CORRELATIONS,false,false,false,true,true,true,ok,true,/Users/newhosung/Library/CloudStorage/OneDrive-SharedLibraries-ThePennsylvaniaStateUniversity/AI Adoption Meta Analysis - Documents/Meta/AI Adoption/PDFs/S155.pdf
S155,EE-TRU,EE,TRU,0.857,242.0,latest_human_R3_CORRELATIONS,false,false,false,true,true,true,ok,true,/Users/newhosung/Library/CloudStorage/OneDrive-SharedLibraries-ThePennsylvaniaStateUniversity/AI Adoption Meta Analysis - Documents/Meta/AI Adoption/PDFs/S155.pdf
S155,PE-TRU,PE,TRU,0.541,242.0,latest_human_R3_CORRELATIONS,false,false,false,true,true,true,ok,true,/Users/newhosung/Library/CloudStorage/OneDrive-SharedLibraries-ThePennsylvaniaStateUniversity/AI Adoption Meta Analysis - Documents/Meta/AI Adoption/PDFs/S155.pdf
S173,BI-EE,BI,EE,0.689,306.0,latest_human_R3_CORRELATIONS,true,false,false,true,true,true,ok,true,/Users/newhosung/Library/CloudStorage/OneDrive-SharedLibraries-ThePennsylvaniaStateUniversity/AI Adoption Meta Analysis - Documents/Meta/AI Adoption/PDFs/S173.pdf
S173,BI-FC,BI,FC,0.668,306.0,latest_human_R3_CORRELATIONS,false,false,false,true,true,true,ok,true,/Users/newhosung/Library/CloudStorage/OneDrive-SharedLibraries-ThePennsylvaniaStateUniversity/AI Adoption Meta Analysis - Documents/Meta/AI Adoption/PDFs/S173.pdf
S173,BI-PE,BI,PE,0.692,306.0,latest_human_R3_CORRELATIONS,false,false,false,true,true,true,ok,true,/Users/newhosung/Library/CloudStorage/OneDrive-SharedLibraries-ThePennsylvaniaStateUniversity/AI Adoption Meta Analysis - Documents/Meta/AI Adoption/PDFs/S173.pdf
S173,BI-SI,BI,SI,0.649,306.0,latest_human_R3_CORRELATIONS,false,false,false,true,true,true,ok,true,/Users/newhosung/Library/CloudStorage/OneDrive-SharedLibraries-ThePennsylvaniaStateUniversity/AI Adoption Meta Analysis - Documents/Meta/AI Adoption/PDFs/S173.pdf
S173,BI-TRU,BI,TRU,0.713,306.0,latest_human_R3_CORRELATIONS,false,false,false,true,true,true,ok,true,/Users/newhosung/Library/CloudStorage/OneDrive-SharedLibraries-ThePennsylvaniaStateUniversity/AI Adoption Meta Analysis - Documents/Meta/AI Adoption/PDFs/S173.pdf
S173,BI-UB,BI,UB,0.845,306.0,latest_human_R3_CORRELATIONS,false,false,false,true,true,true,ok,true,/Users/newhosung/Library/CloudStorage/OneDrive-SharedLibraries-ThePennsylvaniaStateUniversity/AI Adoption Meta Analysis - Documents/Meta/AI Adoption/PDFs/S173.pdf
S173,FC-PE,FC,PE,0.644,306.0,latest_human_R3_CORRELATIONS,false,false,false,true,true,true,ok,true,/Users/newhosung/Library/CloudStorage/OneDrive-SharedLibraries-ThePennsylvaniaStateUniversity/AI Adoption Meta Analysis - Documents/Meta/AI Adoption/PDFs/S173.pdf
S173,FC-SI,FC,SI,0.631,306.0,latest_human_R3_CORRELATIONS,false,false,false,true,true,true,ok,true,/Users/newhosung/Library/CloudStorage/OneDrive-SharedLibraries-ThePennsylvaniaStateUniversity/AI Adoption Meta Analysis - Documents/Meta/AI Adoption/PDFs/S173.pdf
S173,FC-TRU,FC,TRU,0.646,306.0,latest_human_R3_CORRELATIONS,false,false,false,true,true,true,ok,true,/Users/newhosung/Library/CloudStorage/OneDrive-SharedLibraries-ThePennsylvaniaStateUniversity/AI Adoption Meta Analysis - Documents/Meta/AI Adoption/PDFs/S173.pdf
S173,FC-UB,FC,UB,0.782,306.0,latest_human_R3_CORRELATIONS,false,false,false,true,true,true,ok,true,/Users/newhosung/Library/CloudStorage/OneDrive-SharedLibraries-ThePennsylvaniaStateUniversity/AI Adoption Meta Analysis - Documents/Meta/AI Adoption/PDFs/S173.pdf
S173,PE-SI,PE,SI,0.53,306.0,latest_human_R3_CORRELATIONS,false,false,false,true,true,true,ok,true,/Users/newhosung/Library/CloudStorage/OneDrive-SharedLibraries-ThePennsylvaniaStateUniversity/AI Adoption Meta Analysis - Documents/Meta/AI Adoption/PDFs/S173.pdf
S173,PE-TRU,PE,TRU,0.685,306.0,latest_human_R3_CORRELATIONS,false,false,false,true,true,true,ok,true,/Users/newhosung/Library/CloudStorage/OneDrive-SharedLibraries-ThePennsylvaniaStateUniversity/AI Adoption Meta Analysis - Documents/Meta/AI Adoption/PDFs/S173.pdf
S173,PE-UB,PE,UB,0.741,306.0,latest_human_R3_CORRELATIONS,false,false,false,true,true,true,ok,true,/Users/newhosung/Library/CloudStorage/OneDrive-SharedLibraries-ThePennsylvaniaStateUniversity/AI Adoption Meta Analysis - Documents/Meta/AI Adoption/PDFs/S173.pdf
S173,SI-TRU,SI,TRU,0.469,306.0,latest_human_R3_CORRELATIONS,false,false,false,true,true,true,ok,true,/Users/newhosung/Library/CloudStorage/OneDrive-SharedLibraries-ThePennsylvaniaStateUniversity/AI Adoption Meta Analysis - Documents/Meta/AI Adoption/PDFs/S173.pdf
S173,SI-UB,SI,UB,0.68,306.0,latest_human_R3_CORRELATIONS,false,false,false,true,true,true,ok,true,/Users/newhosung/Library/CloudStorage/OneDrive-SharedLibraries-ThePennsylvaniaStateUniversity/AI Adoption Meta Analysis - Documents/Meta/AI Adoption/PDFs/S173.pdf
S173,TRU-UB,TRU,UB,0.737,306.0,latest_human_R3_CORRELATIONS,false,false,false,true,true,true,ok,true,/Users/newhosung/Library/CloudStorage/OneDrive-SharedLibraries-ThePennsylvaniaStateUniversity/AI Adoption Meta Analysis - Documents/Meta/AI Adoption/PDFs/S173.pdf
S123,BI-EE,BI,EE,0.4,711.0,latest_human_R3_CORRELATIONS,false,false,false,true,true,true,ok,true,/Users/newhosung/Library/CloudStorage/OneDrive-SharedLibraries-ThePennsylvaniaStateUniversity/AI Adoption Meta Analysis - Documents/Meta/AI Adoption/PDFs/S123.pdf
S123,BI-PE,BI,PE,0.3,711.0,latest_human_R3_CORRELATIONS,false,false,false,true,true,true,ok,true,/Users/newhosung/Library/CloudStorage/OneDrive-SharedLibraries-ThePennsylvaniaStateUniversity/AI Adoption Meta Analysis - Documents/Meta/AI Adoption/PDFs/S123.pdf
S123,EE-PE,EE,PE,0.52,711.0,latest_human_R3_CORRELATIONS,false,false,false,true,true,true,ok,true,/Users/newhosung/Library/CloudStorage/OneDrive-SharedLibraries-ThePennsylvaniaStateUniversity/AI Adoption Meta Analysis - Documents/Meta/AI Adoption/PDFs/S123.pdf
S210,BI-EE,BI,EE,0.215,400.0,latest_human_R3_CORRELATIONS,true,false,false,true,true,true,ok,true,/Users/newhosung/Library/CloudStorage/OneDrive-SharedLibraries-ThePennsylvaniaStateUniversity/AI Adoption Meta Analysis - Documents/Meta/AI Adoption/PDFs/S210.pdf
S210,BI-PE,BI,PE,0.177,400.0,latest_human_R3_CORRELATIONS,false,false,false,true,true,true,ok,true,/Users/newhosung/Library/CloudStorage/OneDrive-SharedLibraries-ThePennsylvaniaStateUniversity/AI Adoption Meta Analysis - Documents/Meta/AI Adoption/PDFs/S210.pdf
S210,BI-SE,BI,SE,0.038,400.0,latest_human_R3_CORRELATIONS,false,false,false,true,true,true,ok,true,/Users/newhosung/Library/CloudStorage/OneDrive-SharedLibraries-ThePennsylvaniaStateUniversity/AI Adoption Meta Analysis - Documents/Meta/AI Adoption/PDFs/S210.pdf
S210,EE-PE,EE,PE,0.137,400.0,latest_human_R3_CORRELATIONS,false,false,false,true,true,true,ok,true,/Users/newhosung/Library/CloudStorage/OneDrive-SharedLibraries-ThePennsylvaniaStateUniversity/AI Adoption Meta Analysis - Documents/Meta/AI Adoption/PDFs/S210.pdf
S210,EE-SE,EE,SE,0.402,400.0,latest_human_R3_CORRELATIONS,false,false,false,true,true,true,ok,true,/Users/newhosung/Library/CloudStorage/OneDrive-SharedLibraries-ThePennsylvaniaStateUniversity/AI Adoption Meta Analysis - Documents/Meta/AI Adoption/PDFs/S210.pdf
S210,PE-SE,PE,SE,0.198,400.0,latest_human_R3_CORRELATIONS,false,false,false,true,true,true,ok,true,/Users/newhosung/Library/CloudStorage/OneDrive-SharedLibraries-ThePennsylvaniaStateUniversity/AI Adoption Meta Analysis - Documents/Meta/AI Adoption/PDFs/S210.pdf
S078,ATT-BI,ATT,BI,0.667,668.0,latest_human_R3_CORRELATIONS,false,false,false,true,true,true,ok,false,/Users/newhosung/Library/CloudStorage/OneDrive-SharedLibraries-ThePennsylvaniaStateUniversity/AI Adoption Meta Analysis - Documents/Meta/AI Adoption/PDFs/S078.pdf
S078,ATT-SI,ATT,SI,0.608,668.0,latest_human_R3_CORRELATIONS,false,false,false,true,false,true,ok,false,/Users/newhosung/Library/CloudStorage/OneDrive-SharedLibraries-ThePennsylvaniaStateUniversity/AI Adoption Meta Analysis - Documents/Meta/AI Adoption/PDFs/S078.pdf
S078,BI-SI,BI,SI,0.542,668.0,latest_human_R3_CORRELATIONS,false,false,false,true,false,true,ok,false,/Users/newhosung/Library/CloudStorage/OneDrive-SharedLibraries-ThePennsylvaniaStateUniversity/AI Adoption Meta Analysis - Documents/Meta/AI Adoption/PDFs/S078.pdf
S143,BI-EE,BI,EE,0.45,390.0,latest_human_R3_CORRELATIONS,false,false,false,true,true,true,ok,true,/Users/newhosung/Library/CloudStorage/OneDrive-SharedLibraries-ThePennsylvaniaStateUniversity/AI Adoption Meta Analysis - Documents/Meta/AI Adoption/PDFs/S143.pdf
S143,BI-FC,BI,FC,0.187,390.0,latest_human_R3_CORRELATIONS,false,false,false,true,true,true,ok,true,/Users/newhosung/Library/CloudStorage/OneDrive-SharedLibraries-ThePennsylvaniaStateUniversity/AI Adoption Meta Analysis - Documents/Meta/AI Adoption/PDFs/S143.pdf
S143,BI-PE,BI,PE,0.139,390.0,latest_human_R3_CORRELATIONS,false,false,false,true,true,true,ok,true,/Users/newhosung/Library/CloudStorage/OneDrive-SharedLibraries-ThePennsylvaniaStateUniversity/AI Adoption Meta Analysis - Documents/Meta/AI Adoption/PDFs/S143.pdf
S143,BI-SI,BI,SI,0.4,390.0,latest_human_R3_CORRELATIONS,false,false,false,true,true,true,ok,true,/Users/newhosung/Library/CloudStorage/OneDrive-SharedLibraries-ThePennsylvaniaStateUniversity/AI Adoption Meta Analysis - Documents/Meta/AI Adoption/PDFs/S143.pdf
S143,EE-FC,EE,FC,0.45,390.0,latest_human_R3_CORRELATIONS,false,false,false,true,true,true,ok,true,/Users/newhosung/Library/CloudStorage/OneDrive-SharedLibraries-ThePennsylvaniaStateUniversity/AI Adoption Meta Analysis - Documents/Meta/AI Adoption/PDFs/S143.pdf
S143,EE-PE,EE,PE,0.167,390.0,latest_human_R3_CORRELATIONS,false,false,false,true,false,true,ok,true,/Users/newhosung/Library/CloudStorage/OneDrive-SharedLibraries-ThePennsylvaniaStateUniversity/AI Adoption Meta Analysis - Documents/Meta/AI Adoption/PDFs/S143.pdf
S143,EE-SI,EE,SI,0.129,390.0,latest_human_R3_CORRELATIONS,false,false,false,true,false,true,ok,true,/Users/newhosung/Library/CloudStorage/OneDrive-SharedLibraries-ThePennsylvaniaStateUniversity/AI Adoption Meta Analysis - Documents/Meta/AI Adoption/PDFs/S143.pdf
S143,FC-PE,FC,PE,0.02,390.0,latest_human_R3_CORRELATIONS,false,false,false,true,false,true,ok,true,/Users/newhosung/Library/CloudStorage/OneDrive-SharedLibraries-ThePennsylvaniaStateUniversity/AI Adoption Meta Analysis - Documents/Meta/AI Adoption/PDFs/S143.pdf
S143,FC-SI,FC,SI,0.047,390.0,latest_human_R3_CORRELATIONS,false,false,false,true,true,true,ok,true,/Users/newhosung/Library/CloudStorage/OneDrive-SharedLibraries-ThePennsylvaniaStateUniversity/AI Adoption Meta Analysis - Documents/Meta/AI Adoption/PDFs/S143.pdf
S143,PE-SI,PE,SI,0.295,390.0,latest_human_R3_CORRELATIONS,false,false,false,true,false,true,ok,true,/Users/newhosung/Library/CloudStorage/OneDrive-SharedLibraries-ThePennsylvaniaStateUniversity/AI Adoption Meta Analysis - Documents/Meta/AI Adoption/PDFs/S143.pdf
S171,ATT-BI,ATT,BI,0.485,351.0,latest_human_R3_CORRELATIONS,true,false,false,true,true,true,ok,true,/Users/newhosung/Library/CloudStorage/OneDrive-SharedLibraries-ThePennsylvaniaStateUniversity/AI Adoption Meta Analysis - Documents/Meta/AI Adoption/PDFs/S171.pdf
S171,ATT-EE,ATT,EE,0.528,351.0,latest_human_R3_CORRELATIONS,false,false,false,true,true,true,ok,true,/Users/newhosung/Library/CloudStorage/OneDrive-SharedLibraries-ThePennsylvaniaStateUniversity/AI Adoption Meta Analysis - Documents/Meta/AI Adoption/PDFs/S171.pdf
S171,ATT-FC,ATT,FC,0.47,351.0,latest_human_R3_CORRELATIONS,false,false,false,true,true,true,ok,true,/Users/newhosung/Library/CloudStorage/OneDrive-SharedLibraries-ThePennsylvaniaStateUniversity/AI Adoption Meta Analysis - Documents/Meta/AI Adoption/PDFs/S171.pdf
S171,ATT-PE,ATT,PE,0.681,351.0,latest_human_R3_CORRELATIONS,false,false,false,true,true,true,ok,true,/Users/newhosung/Library/CloudStorage/OneDrive-SharedLibraries-ThePennsylvaniaStateUniversity/AI Adoption Meta Analysis - Documents/Meta/AI Adoption/PDFs/S171.pdf
S171,BI-EE,BI,EE,0.258,351.0,latest_human_R3_CORRELATIONS,false,false,false,true,true,true,ok,true,/Users/newhosung/Library/CloudStorage/OneDrive-SharedLibraries-ThePennsylvaniaStateUniversity/AI Adoption Meta Analysis - Documents/Meta/AI Adoption/PDFs/S171.pdf
S171,BI-FC,BI,FC,0.147,351.0,latest_human_R3_CORRELATIONS,false,false,false,true,true,true,ok,true,/Users/newhosung/Library/CloudStorage/OneDrive-SharedLibraries-ThePennsylvaniaStateUniversity/AI Adoption Meta Analysis - Documents/Meta/AI Adoption/PDFs/S171.pdf
S171,BI-PE,BI,PE,0.301,351.0,latest_human_R3_CORRELATIONS,false,false,false,true,true,true,ok,true,/Users/newhosung/Library/CloudStorage/OneDrive-SharedLibraries-ThePennsylvaniaStateUniversity/AI Adoption Meta Analysis - Documents/Meta/AI Adoption/PDFs/S171.pdf
S171,EE-FC,EE,FC,0.401,351.0,latest_human_R3_CORRELATIONS,false,false,false,true,true,true,ok,true,/Users/newhosung/Library/CloudStorage/OneDrive-SharedLibraries-ThePennsylvaniaStateUniversity/AI Adoption Meta Analysis - Documents/Meta/AI Adoption/PDFs/S171.pdf
S171,EE-PE,EE,PE,0.547,351.0,latest_human_R3_CORRELATIONS,false,false,false,true,true,true,ok,true,/Users/newhosung/Library/CloudStorage/OneDrive-SharedLibraries-ThePennsylvaniaStateUniversity/AI Adoption Meta Analysis - Documents/Meta/AI Adoption/PDFs/S171.pdf
S171,FC-PE,FC,PE,0.455,351.0,latest_human_R3_CORRELATIONS,false,false,false,true,true,true,ok,true,/Users/newhosung/Library/CloudStorage/OneDrive-SharedLibraries-ThePennsylvaniaStateUniversity/AI Adoption Meta Analysis - Documents/Meta/AI Adoption/PDFs/S171.pdf
S137,BI-EE,BI,EE,0.505,760.0,latest_human_R3_CORRELATIONS,true,false,false,true,true,true,ok,true,/Users/newhosung/Library/CloudStorage/OneDrive-SharedLibraries-ThePennsylvaniaStateUniversity/AI Adoption Meta Analysis - Documents/Meta/AI Adoption/PDFs/S137.pdf
S137,BI-FC,BI,FC,0.477,760.0,latest_human_R3_CORRELATIONS,false,false,false,true,true,true,ok,true,/Users/newhosung/Library/CloudStorage/OneDrive-SharedLibraries-ThePennsylvaniaStateUniversity/AI Adoption Meta Analysis - Documents/Meta/AI Adoption/PDFs/S137.pdf
S137,BI-PE,BI,PE,0.437,760.0,latest_human_R3_CORRELATIONS,false,false,false,true,true,true,ok,true,/Users/newhosung/Library/CloudStorage/OneDrive-SharedLibraries-ThePennsylvaniaStateUniversity/AI Adoption Meta Analysis - Documents/Meta/AI Adoption/PDFs/S137.pdf
S137,BI-SI,BI,SI,0.366,760.0,latest_human_R3_CORRELATIONS,false,false,false,true,true,true,ok,true,/Users/newhosung/Library/CloudStorage/OneDrive-SharedLibraries-ThePennsylvaniaStateUniversity/AI Adoption Meta Analysis - Documents/Meta/AI Adoption/PDFs/S137.pdf
S137,BI-UB,BI,UB,0.456,760.0,latest_human_R3_CORRELATIONS,false,false,false,true,true,true,ok,true,/Users/newhosung/Library/CloudStorage/OneDrive-SharedLibraries-ThePennsylvaniaStateUniversity/AI Adoption Meta Analysis - Documents/Meta/AI Adoption/PDFs/S137.pdf
S137,EE-FC,EE,FC,0.49,760.0,latest_human_R3_CORRELATIONS,false,false,false,true,true,true,ok,true,/Users/newhosung/Library/CloudStorage/OneDrive-SharedLibraries-ThePennsylvaniaStateUniversity/AI Adoption Meta Analysis - Documents/Meta/AI Adoption/PDFs/S137.pdf
S137,EE-PE,EE,PE,0.43,760.0,latest_human_R3_CORRELATIONS,false,false,false,true,true,true,ok,true,/Users/newhosung/Library/CloudStorage/OneDrive-SharedLibraries-ThePennsylvaniaStateUniversity/AI Adoption Meta Analysis - Documents/Meta/AI Adoption/PDFs/S137.pdf
S137,EE-SI,EE,SI,0.243,760.0,latest_human_R3_CORRELATIONS,false,false,false,true,true,true,ok,true,/Users/newhosung/Library/CloudStorage/OneDrive-SharedLibraries-ThePennsylvaniaStateUniversity/AI Adoption Meta Analysis - Documents/Meta/AI Adoption/PDFs/S137.pdf
S137,EE-UB,EE,UB,0.294,760.0,latest_human_R3_CORRELATIONS,false,false,false,true,true,true,ok,true,/Users/newhosung/Library/CloudStorage/OneDrive-SharedLibraries-ThePennsylvaniaStateUniversity/AI Adoption Meta Analysis - Documents/Meta/AI Adoption/PDFs/S137.pdf
S137,FC-PE,FC,PE,0.325,760.0,latest_human_R3_CORRELATIONS,false,false,false,true,true,true,ok,true,/Users/newhosung/Library/CloudStorage/OneDrive-SharedLibraries-ThePennsylvaniaStateUniversity/AI Adoption Meta Analysis - Documents/Meta/AI Adoption/PDFs/S137.pdf
S137,FC-SI,FC,SI,0.238,760.0,latest_human_R3_CORRELATIONS,false,false,false,true,true,true,ok,true,/Users/newhosung/Library/CloudStorage/OneDrive-SharedLibraries-ThePennsylvaniaStateUniversity/AI Adoption Meta Analysis - Documents/Meta/AI Adoption/PDFs/S137.pdf
S137,FC-UB,FC,UB,0.351,760.0,latest_human_R3_CORRELATIONS,false,false,false,true,true,true,ok,true,/Users/newhosung/Library/CloudStorage/OneDrive-SharedLibraries-ThePennsylvaniaStateUniversity/AI Adoption Meta Analysis - Documents/Meta/AI Adoption/PDFs/S137.pdf
S137,PE-SI,PE,SI,0.323,760.0,latest_human_R3_CORRELATIONS,false,false,false,true,true,true,ok,true,/Users/newhosung/Library/CloudStorage/OneDrive-SharedLibraries-ThePennsylvaniaStateUniversity/AI Adoption Meta Analysis - Documents/Meta/AI Adoption/PDFs/S137.pdf
S137,PE-UB,PE,UB,0.176,760.0,latest_human_R3_CORRELATIONS,false,false,false,true,true,true,ok,true,/Users/newhosung/Library/CloudStorage/OneDrive-SharedLibraries-ThePennsylvaniaStateUniversity/AI Adoption Meta Analysis - Documents/Meta/AI Adoption/PDFs/S137.pdf
S137,SI-UB,SI,UB,0.052,760.0,latest_human_R3_CORRELATIONS,false,false,false,true,true,true,ok,true,/Users/newhosung/Library/CloudStorage/OneDrive-SharedLibraries-ThePennsylvaniaStateUniversity/AI Adoption Meta Analysis - Documents/Meta/AI Adoption/PDFs/S137.pdf
S221,BI-EE,BI,EE,0.658,400.0,latest_human_R3_CORRELATIONS,true,false,false,true,true,true,ok,true,/Users/newhosung/Library/CloudStorage/OneDrive-SharedLibraries-ThePennsylvaniaStateUniversity/AI Adoption Meta Analysis - Documents/Meta/AI Adoption/PDFs/S221.pdf
S221,BI-FC,BI,FC,0.635,400.0,latest_human_R3_CORRELATIONS,false,false,false,true,true,true,ok,true,/Users/newhosung/Library/CloudStorage/OneDrive-SharedLibraries-ThePennsylvaniaStateUniversity/AI Adoption Meta Analysis - Documents/Meta/AI Adoption/PDFs/S221.pdf
S221,BI-PE,BI,PE,0.759,400.0,latest_human_R3_CORRELATIONS,false,false,false,true,true,true,ok,true,/Users/newhosung/Library/CloudStorage/OneDrive-SharedLibraries-ThePennsylvaniaStateUniversity/AI Adoption Meta Analysis - Documents/Meta/AI Adoption/PDFs/S221.pdf
S221,BI-SI,BI,SI,0.713,400.0,latest_human_R3_CORRELATIONS,false,false,false,true,true,true,ok,true,/Users/newhosung/Library/CloudStorage/OneDrive-SharedLibraries-ThePennsylvaniaStateUniversity/AI Adoption Meta Analysis - Documents/Meta/AI Adoption/PDFs/S221.pdf
S221,BI-UB,BI,UB,0.817,400.0,latest_human_R3_CORRELATIONS,false,false,false,true,true,true,ok,true,/Users/newhosung/Library/CloudStorage/OneDrive-SharedLibraries-ThePennsylvaniaStateUniversity/AI Adoption Meta Analysis - Documents/Meta/AI Adoption/PDFs/S221.pdf
S221,EE-FC,EE,FC,0.925,400.0,latest_human_R3_CORRELATIONS,false,false,false,true,true,true,ok,true,/Users/newhosung/Library/CloudStorage/OneDrive-SharedLibraries-ThePennsylvaniaStateUniversity/AI Adoption Meta Analysis - Documents/Meta/AI Adoption/PDFs/S221.pdf
S221,EE-PE,EE,PE,0.808,400.0,latest_human_R3_CORRELATIONS,false,false,false,true,true,true,ok,true,/Users/newhosung/Library/CloudStorage/OneDrive-SharedLibraries-ThePennsylvaniaStateUniversity/AI Adoption Meta Analysis - Documents/Meta/AI Adoption/PDFs/S221.pdf
S221,EE-SI,EE,SI,0.62,400.0,latest_human_R3_CORRELATIONS,false,false,false,true,true,true,ok,true,/Users/newhosung/Library/CloudStorage/OneDrive-SharedLibraries-ThePennsylvaniaStateUniversity/AI Adoption Meta Analysis - Documents/Meta/AI Adoption/PDFs/S221.pdf
S221,EE-UB,EE,UB,0.583,400.0,latest_human_R3_CORRELATIONS,false,false,false,true,true,true,ok,true,/Users/newhosung/Library/CloudStorage/OneDrive-SharedLibraries-ThePennsylvaniaStateUniversity/AI Adoption Meta Analysis - Documents/Meta/AI Adoption/PDFs/S221.pdf
S221,FC-PE,FC,PE,0.758,400.0,latest_human_R3_CORRELATIONS,false,false,false,true,true,true,ok,true,/Users/newhosung/Library/CloudStorage/OneDrive-SharedLibraries-ThePennsylvaniaStateUniversity/AI Adoption Meta Analysis - Documents/Meta/AI Adoption/PDFs/S221.pdf
S221,FC-SI,FC,SI,0.617,400.0,latest_human_R3_CORRELATIONS,false,false,false,true,true,true,ok,true,/Users/newhosung/Library/CloudStorage/OneDrive-SharedLibraries-ThePennsylvaniaStateUniversity/AI Adoption Meta Analysis - Documents/Meta/AI Adoption/PDFs/S221.pdf
S221,FC-UB,FC,UB,0.592,400.0,latest_human_R3_CORRELATIONS,false,false,false,true,true,true,ok,true,/Users/newhosung/Library/CloudStorage/OneDrive-SharedLibraries-ThePennsylvaniaStateUniversity/AI Adoption Meta Analysis - Documents/Meta/AI Adoption/PDFs/S221.pdf
S221,PE-SI,PE,SI,0.767,400.0,latest_human_R3_CORRELATIONS,false,false,false,true,true,true,ok,true,/Users/newhosung/Library/CloudStorage/OneDrive-SharedLibraries-ThePennsylvaniaStateUniversity/AI Adoption Meta Analysis - Documents/Meta/AI Adoption/PDFs/S221.pdf
S221,PE-UB,PE,UB,0.681,400.0,latest_human_R3_CORRELATIONS,false,false,false,true,true,true,ok,true,/Users/newhosung/Library/CloudStorage/OneDrive-SharedLibraries-ThePennsylvaniaStateUniversity/AI Adoption Meta Analysis - Documents/Meta/AI Adoption/PDFs/S221.pdf
S221,SI-UB,SI,UB,0.644,400.0,latest_human_R3_CORRELATIONS,false,false,false,true,true,true,ok,true,/Users/newhosung/Library/CloudStorage/OneDrive-SharedLibraries-ThePennsylvaniaStateUniversity/AI Adoption Meta Analysis - Documents/Meta/AI Adoption/PDFs/S221.pdf
S183,EE-FC,EE,FC,0.395,430.0,latest_human_R3_CORRELATIONS,true,false,false,true,true,true,ok,true,/Users/newhosung/Library/CloudStorage/OneDrive-SharedLibraries-ThePennsylvaniaStateUniversity/AI Adoption Meta Analysis - Documents/Meta/AI Adoption/PDFs/S183.pdf
S183,EE-PE,EE,PE,0.137,430.0,latest_human_R3_CORRELATIONS,true,false,false,true,true,true,ok,true,/Users/newhosung/Library/CloudStorage/OneDrive-SharedLibraries-ThePennsylvaniaStateUniversity/AI Adoption Meta Analysis - Documents/Meta/AI Adoption/PDFs/S183.pdf
S183,EE-SI,EE,SI,0.347,430.0,latest_human_R3_CORRELATIONS,true,false,false,true,true,true,ok,true,/Users/newhosung/Library/CloudStorage/OneDrive-SharedLibraries-ThePennsylvaniaStateUniversity/AI Adoption Meta Analysis - Documents/Meta/AI Adoption/PDFs/S183.pdf
S183,FC-PE,FC,PE,0.186,430.0,latest_human_R3_CORRELATIONS,true,false,false,true,true,true,ok,true,/Users/newhosung/Library/CloudStorage/OneDrive-SharedLibraries-ThePennsylvaniaStateUniversity/AI Adoption Meta Analysis - Documents/Meta/AI Adoption/PDFs/S183.pdf
S183,FC-SI,FC,SI,0.279,430.0,latest_human_R3_CORRELATIONS,true,false,false,true,true,true,ok,true,/Users/newhosung/Library/CloudStorage/OneDrive-SharedLibraries-ThePennsylvaniaStateUniversity/AI Adoption Meta Analysis - Documents/Meta/AI Adoption/PDFs/S183.pdf
S183,PE-SI,PE,SI,0.057,430.0,latest_human_R3_CORRELATIONS,true,false,false,true,true,true,ok,true,/Users/newhosung/Library/CloudStorage/OneDrive-SharedLibraries-ThePennsylvaniaStateUniversity/AI Adoption Meta Analysis - Documents/Meta/AI Adoption/PDFs/S183.pdf
S004,BI-EE,BI,EE,0.582,485.0,latest_human_R3_CORRELATIONS,true,false,false,true,true,true,ok,true,/Users/newhosung/Library/CloudStorage/OneDrive-SharedLibraries-ThePennsylvaniaStateUniversity/AI Adoption Meta Analysis - Documents/Meta/AI Adoption/PDFs/S004.pdf
S004,BI-FC,BI,FC,0.644,485.0,latest_human_R3_CORRELATIONS,false,false,false,true,true,true,ok,true,/Users/newhosung/Library/CloudStorage/OneDrive-SharedLibraries-ThePennsylvaniaStateUniversity/AI Adoption Meta Analysis - Documents/Meta/AI Adoption/PDFs/S004.pdf
S004,BI-PE,BI,PE,0.667,485.0,latest_human_R3_CORRELATIONS,false,false,false,true,true,true,ok,true,/Users/newhosung/Library/CloudStorage/OneDrive-SharedLibraries-ThePennsylvaniaStateUniversity/AI Adoption Meta Analysis - Documents/Meta/AI Adoption/PDFs/S004.pdf
S004,BI-SI,BI,SI,0.668,485.0,latest_human_R3_CORRELATIONS,false,false,false,true,true,true,ok,true,/Users/newhosung/Library/CloudStorage/OneDrive-SharedLibraries-ThePennsylvaniaStateUniversity/AI Adoption Meta Analysis - Documents/Meta/AI Adoption/PDFs/S004.pdf
S004,BI-TRU,BI,TRU,0.63,485.0,latest_human_R3_CORRELATIONS,false,false,false,true,true,true,ok,true,/Users/newhosung/Library/CloudStorage/OneDrive-SharedLibraries-ThePennsylvaniaStateUniversity/AI Adoption Meta Analysis - Documents/Meta/AI Adoption/PDFs/S004.pdf
S004,BI-UB,BI,UB,0.751,485.0,latest_human_R3_CORRELATIONS,false,false,false,true,true,true,ok,true,/Users/newhosung/Library/CloudStorage/OneDrive-SharedLibraries-ThePennsylvaniaStateUniversity/AI Adoption Meta Analysis - Documents/Meta/AI Adoption/PDFs/S004.pdf
S004,EE-FC,EE,FC,0.664,485.0,latest_human_R3_CORRELATIONS,false,false,false,true,true,true,ok,true,/Users/newhosung/Library/CloudStorage/OneDrive-SharedLibraries-ThePennsylvaniaStateUniversity/AI Adoption Meta Analysis - Documents/Meta/AI Adoption/PDFs/S004.pdf
S004,EE-PE,EE,PE,0.697,485.0,latest_human_R3_CORRELATIONS,false,false,false,true,true,true,ok,true,/Users/newhosung/Library/CloudStorage/OneDrive-SharedLibraries-ThePennsylvaniaStateUniversity/AI Adoption Meta Analysis - Documents/Meta/AI Adoption/PDFs/S004.pdf
S004,EE-SI,EE,SI,0.61,485.0,latest_human_R3_CORRELATIONS,false,false,false,true,true,true,ok,true,/Users/newhosung/Library/CloudStorage/OneDrive-SharedLibraries-ThePennsylvaniaStateUniversity/AI Adoption Meta Analysis - Documents/Meta/AI Adoption/PDFs/S004.pdf
S004,EE-TRU,EE,TRU,0.52,485.0,latest_human_R3_CORRELATIONS,false,false,false,true,true,true,ok,true,/Users/newhosung/Library/CloudStorage/OneDrive-SharedLibraries-ThePennsylvaniaStateUniversity/AI Adoption Meta Analysis - Documents/Meta/AI Adoption/PDFs/S004.pdf
S004,EE-UB,EE,UB,0.607,485.0,latest_human_R3_CORRELATIONS,false,false,false,true,true,true,ok,true,/Users/newhosung/Library/CloudStorage/OneDrive-SharedLibraries-ThePennsylvaniaStateUniversity/AI Adoption Meta Analysis - Documents/Meta/AI Adoption/PDFs/S004.pdf
S004,FC-SI,FC,SI,0.59,485.0,latest_human_R3_CORRELATIONS,false,false,false,true,true,true,ok,true,/Users/newhosung/Library/CloudStorage/OneDrive-SharedLibraries-ThePennsylvaniaStateUniversity/AI Adoption Meta Analysis - Documents/Meta/AI Adoption/PDFs/S004.pdf
S004,FC-TRU,FC,TRU,0.533,485.0,latest_human_R3_CORRELATIONS,false,false,false,true,true,true,ok,true,/Users/newhosung/Library/CloudStorage/OneDrive-SharedLibraries-ThePennsylvaniaStateUniversity/AI Adoption Meta Analysis - Documents/Meta/AI Adoption/PDFs/S004.pdf
S004,FC-UB,FC,UB,0.601,485.0,latest_human_R3_CORRELATIONS,false,false,false,true,true,true,ok,true,/Users/newhosung/Library/CloudStorage/OneDrive-SharedLibraries-ThePennsylvaniaStateUniversity/AI Adoption Meta Analysis - Documents/Meta/AI Adoption/PDFs/S004.pdf
S004,PE-TRU,PE,TRU,0.541,485.0,latest_human_R3_CORRELATIONS,false,false,false,true,true,true,ok,true,/Users/newhosung/Library/CloudStorage/OneDrive-SharedLibraries-ThePennsylvaniaStateUniversity/AI Adoption Meta Analysis - Documents/Meta/AI Adoption/PDFs/S004.pdf
S004,SI-TRU,SI,TRU,0.563,485.0,latest_human_R3_CORRELATIONS,false,false,false,true,true,true,ok,true,/Users/newhosung/Library/CloudStorage/OneDrive-SharedLibraries-ThePennsylvaniaStateUniversity/AI Adoption Meta Analysis - Documents/Meta/AI Adoption/PDFs/S004.pdf
S004,SI-UB,SI,UB,0.644,485.0,latest_human_R3_CORRELATIONS,false,false,false,true,true,true,ok,true,/Users/newhosung/Library/CloudStorage/OneDrive-SharedLibraries-ThePennsylvaniaStateUniversity/AI Adoption Meta Analysis - Documents/Meta/AI Adoption/PDFs/S004.pdf
S004,TRU-UB,TRU,UB,0.599,485.0,latest_human_R3_CORRELATIONS,false,false,false,true,true,true,ok,true,/Users/newhosung/Library/CloudStorage/OneDrive-SharedLibraries-ThePennsylvaniaStateUniversity/AI Adoption Meta Analysis - Documents/Meta/AI Adoption/PDFs/S004.pdf
S121-1,BI-EE,BI,EE,0.67,,latest_human_R3_CORRELATIONS,true,false,false,false,false,false,missing_pdf,false,
S121-1,BI-FC,BI,FC,0.59,,latest_human_R3_CORRELATIONS,false,false,false,false,false,false,missing_pdf,false,
S121-1,BI-PE,BI,PE,0.84,,latest_human_R3_CORRELATIONS,false,false,false,false,false,false,missing_pdf,false,
S121-1,BI-SI,BI,SI,0.66,,latest_human_R3_CORRELATIONS,false,false,false,false,false,false,missing_pdf,false,
S121-1,BI-TRU,BI,TRU,0.34,,latest_human_R3_CORRELATIONS,false,false,false,false,false,false,missing_pdf,false,
S121-1,BI-UB,BI,UB,0.58,,latest_human_R3_CORRELATIONS,false,false,false,false,false,false,missing_pdf,false,
S121-1,EE-FC,EE,FC,0.72,,latest_human_R3_CORRELATIONS,false,false,false,false,false,false,missing_pdf,false,
S121-1,EE-PE,EE,PE,0.62,,latest_human_R3_CORRELATIONS,false,false,false,false,false,false,missing_pdf,false,
S121-1,EE-SI,EE,SI,0.53,,latest_human_R3_CORRELATIONS,false,false,false,false,false,false,missing_pdf,false,
S121-1,EE-TRU,EE,TRU,0.22,,latest_human_R3_CORRELATIONS,false,false,false,false,false,false,missing_pdf,false,
S121-1,EE-UB,EE,UB,0.39,,latest_human_R3_CORRELATIONS,false,false,false,false,false,false,missing_pdf,false,
S121-1,FC-PE,FC,PE,0.53,,latest_human_R3_CORRELATIONS,false,false,false,false,false,false,missing_pdf,false,
S121-1,FC-SI,FC,SI,0.49,,latest_human_R3_CORRELATIONS,false,false,false,false,false,false,missing_pdf,false,
S121-1,FC-TRU,FC,TRU,0.16,,latest_human_R3_CORRELATIONS,false,false,false,false,false,false,missing_pdf,false,
S121-1,FC-UB,FC,UB,0.29,,latest_human_R3_CORRELATIONS,false,false,false,false,false,false,missing_pdf,false,
S121-1,PE-SI,PE,SI,0.64,,latest_human_R3_CORRELATIONS,false,false,false,false,false,false,missing_pdf,false,
S121-1,PE-TRU,PE,TRU,0.36,,latest_human_R3_CORRELATIONS,false,false,false,false,false,false,missing_pdf,false,
S121-1,PE-UB,PE,UB,0.47,,latest_human_R3_CORRELATIONS,false,false,false,false,false,false,missing_pdf,false,
S121-1,SI-TRU,SI,TRU,0.23,,latest_human_R3_CORRELATIONS,false,false,false,false,false,false,missing_pdf,false,
S121-1,SI-UB,SI,UB,0.32,,latest_human_R3_CORRELATIONS,false,false,false,false,false,false,missing_pdf,false,
S121-1,TRU-UB,TRU,UB,0.36,,latest_human_R3_CORRELATIONS,false,false,false,false,false,false,missing_pdf,false,
S121-2,BI-EE,BI,EE,0.69,,latest_human_R3_CORRELATIONS,true,false,false,false,false,false,missing_pdf,false,
S121-2,BI-FC,BI,FC,0.58,,latest_human_R3_CORRELATIONS,false,false,false,false,false,false,missing_pdf,false,
S121-2,BI-PE,BI,PE,0.81,,latest_human_R3_CORRELATIONS,false,false,false,false,false,false,missing_pdf,false,
S121-2,BI-SI,BI,SI,0.58,,latest_human_R3_CORRELATIONS,false,false,false,false,false,false,missing_pdf,false,
S121-2,BI-TRU,BI,TRU,0.27,,latest_human_R3_CORRELATIONS,false,false,false,false,false,false,missing_pdf,false,
S121-2,BI-UB,BI,UB,0.48,,latest_human_R3_CORRELATIONS,false,false,false,false,false,false,missing_pdf,false,
S121-2,EE-FC,EE,FC,0.7,,latest_human_R3_CORRELATIONS,false,false,false,false,false,false,missing_pdf,false,
S121-2,EE-PE,EE,PE,0.57,,latest_human_R3_CORRELATIONS,false,false,false,false,false,false,missing_pdf,false,
S121-2,EE-SI,EE,SI,0.45,,latest_human_R3_CORRELATIONS,false,false,false,false,false,false,missing_pdf,false,
S121-2,EE-TRU,EE,TRU,0.19,,latest_human_R3_CORRELATIONS,false,false,false,false,false,false,missing_pdf,false,
S121-2,EE-UB,EE,UB,0.44,,latest_human_R3_CORRELATIONS,false,false,false,false,false,false,missing_pdf,false,
S121-2,FC-PE,FC,PE,0.47,,latest_human_R3_CORRELATIONS,false,false,false,false,false,false,missing_pdf,false,
S121-2,FC-SI,FC,SI,0.44,,latest_human_R3_CORRELATIONS,false,false,false,false,false,false,missing_pdf,false,
S121-2,FC-TRU,FC,TRU,0.13,,latest_human_R3_CORRELATIONS,false,false,false,false,false,false,missing_pdf,false,
S121-2,FC-UB,FC,UB,0.34,,latest_human_R3_CORRELATIONS,false,false,false,false,false,false,missing_pdf,false,
S121-2,PE-SI,PE,SI,0.59,,latest_human_R3_CORRELATIONS,false,false,false,false,false,false,missing_pdf,false,
S121-2,PE-TRU,PE,TRU,0.31,,latest_human_R3_CORRELATIONS,false,false,false,false,false,false,missing_pdf,false,
S121-2,PE-UB,PE,UB,0.35,,latest_human_R3_CORRELATIONS,false,false,false,false,false,false,missing_pdf,false,
S121-2,SI-TRU,SI,TRU,0.16,,latest_human_R3_CORRELATIONS,false,false,false,false,false,false,missing_pdf,false,
S121-2,SI-UB,SI,UB,0.21,,latest_human_R3_CORRELATIONS,false,false,false,false,false,false,missing_pdf,false,
S121-2,TRU-UB,TRU,UB,0.31,,latest_human_R3_CORRELATIONS,false,false,false,false,false,false,missing_pdf,false,
S027,BI-EE,BI,EE,0.474,415.0,latest_human_R3_CORRELATIONS,true,false,false,true,true,true,ok,true,/Users/newhosung/Library/CloudStorage/OneDrive-SharedLibraries-ThePennsylvaniaStateUniversity/AI Adoption Meta Analysis - Documents/Meta/AI Adoption/PDFs/S027.pdf
S027,BI-FC,BI,FC,0.414,415.0,latest_human_R3_CORRELATIONS,false,false,false,true,true,true,ok,true,/Users/newhosung/Library/CloudStorage/OneDrive-SharedLibraries-ThePennsylvaniaStateUniversity/AI Adoption Meta Analysis - Documents/Meta/AI Adoption/PDFs/S027.pdf
S027,BI-PE,BI,PE,0.391,415.0,latest_human_R3_CORRELATIONS,false,false,false,true,true,true,ok,true,/Users/newhosung/Library/CloudStorage/OneDrive-SharedLibraries-ThePennsylvaniaStateUniversity/AI Adoption Meta Analysis - Documents/Meta/AI Adoption/PDFs/S027.pdf
S027,BI-SI,BI,SI,0.38,415.0,latest_human_R3_CORRELATIONS,false,false,false,true,true,true,ok,true,/Users/newhosung/Library/CloudStorage/OneDrive-SharedLibraries-ThePennsylvaniaStateUniversity/AI Adoption Meta Analysis - Documents/Meta/AI Adoption/PDFs/S027.pdf
S027,EE-FC,EE,FC,0.28,415.0,latest_human_R3_CORRELATIONS,false,false,false,true,true,true,ok,true,/Users/newhosung/Library/CloudStorage/OneDrive-SharedLibraries-ThePennsylvaniaStateUniversity/AI Adoption Meta Analysis - Documents/Meta/AI Adoption/PDFs/S027.pdf
S027,EE-PE,EE,PE,0.367,415.0,latest_human_R3_CORRELATIONS,false,false,false,true,true,true,ok,true,/Users/newhosung/Library/CloudStorage/OneDrive-SharedLibraries-ThePennsylvaniaStateUniversity/AI Adoption Meta Analysis - Documents/Meta/AI Adoption/PDFs/S027.pdf
S027,EE-SI,EE,SI,0.266,415.0,latest_human_R3_CORRELATIONS,false,false,false,true,true,true,ok,true,/Users/newhosung/Library/CloudStorage/OneDrive-SharedLibraries-ThePennsylvaniaStateUniversity/AI Adoption Meta Analysis - Documents/Meta/AI Adoption/PDFs/S027.pdf
S027,FC-PE,FC,PE,0.264,415.0,latest_human_R3_CORRELATIONS,false,false,false,true,true,true,ok,true,/Users/newhosung/Library/CloudStorage/OneDrive-SharedLibraries-ThePennsylvaniaStateUniversity/AI Adoption Meta Analysis - Documents/Meta/AI Adoption/PDFs/S027.pdf
S027,FC-SI,FC,SI,0.199,415.0,latest_human_R3_CORRELATIONS,false,false,false,true,true,true,ok,true,/Users/newhosung/Library/CloudStorage/OneDrive-SharedLibraries-ThePennsylvaniaStateUniversity/AI Adoption Meta Analysis - Documents/Meta/AI Adoption/PDFs/S027.pdf
S027,PE-SI,PE,SI,0.072,415.0,latest_human_R3_CORRELATIONS,false,false,false,true,true,true,ok,true,/Users/newhosung/Library/CloudStorage/OneDrive-SharedLibraries-ThePennsylvaniaStateUniversity/AI Adoption Meta Analysis - Documents/Meta/AI Adoption/PDFs/S027.pdf
S077,ATT-BI,ATT,BI,0.76,308.0,latest_human_R3_CORRELATIONS,true,false,false,true,true,true,ok,true,/Users/newhosung/Library/CloudStorage/OneDrive-SharedLibraries-ThePennsylvaniaStateUniversity/AI Adoption Meta Analysis - Documents/Meta/AI Adoption/PDFs/S077.pdf
S077,ATT-EE,ATT,EE,0.62,308.0,latest_human_R3_CORRELATIONS,false,false,false,true,false,true,ok,false,/Users/newhosung/Library/CloudStorage/OneDrive-SharedLibraries-ThePennsylvaniaStateUniversity/AI Adoption Meta Analysis - Documents/Meta/AI Adoption/PDFs/S077.pdf
S077,ATT-PE,ATT,PE,0.75,308.0,latest_human_R3_CORRELATIONS,false,false,false,true,false,true,ok,false,/Users/newhosung/Library/CloudStorage/OneDrive-SharedLibraries-ThePennsylvaniaStateUniversity/AI Adoption Meta Analysis - Documents/Meta/AI Adoption/PDFs/S077.pdf
S077,ATT-SI,ATT,SI,0.6,308.0,latest_human_R3_CORRELATIONS,false,false,false,true,false,true,ok,false,/Users/newhosung/Library/CloudStorage/OneDrive-SharedLibraries-ThePennsylvaniaStateUniversity/AI Adoption Meta Analysis - Documents/Meta/AI Adoption/PDFs/S077.pdf
S077,BI-EE,BI,EE,0.62,308.0,latest_human_R3_CORRELATIONS,false,false,false,true,false,true,ok,false,/Users/newhosung/Library/CloudStorage/OneDrive-SharedLibraries-ThePennsylvaniaStateUniversity/AI Adoption Meta Analysis - Documents/Meta/AI Adoption/PDFs/S077.pdf
S077,BI-PE,BI,PE,0.63,308.0,latest_human_R3_CORRELATIONS,false,false,false,true,false,true,ok,false,/Users/newhosung/Library/CloudStorage/OneDrive-SharedLibraries-ThePennsylvaniaStateUniversity/AI Adoption Meta Analysis - Documents/Meta/AI Adoption/PDFs/S077.pdf
S077,BI-SI,BI,SI,0.63,308.0,latest_human_R3_CORRELATIONS,false,false,false,true,false,true,ok,false,/Users/newhosung/Library/CloudStorage/OneDrive-SharedLibraries-ThePennsylvaniaStateUniversity/AI Adoption Meta Analysis - Documents/Meta/AI Adoption/PDFs/S077.pdf
S077,EE-PE,EE,PE,0.67,308.0,latest_human_R3_CORRELATIONS,false,false,false,true,true,true,ok,true,/Users/newhosung/Library/CloudStorage/OneDrive-SharedLibraries-ThePennsylvaniaStateUniversity/AI Adoption Meta Analysis - Documents/Meta/AI Adoption/PDFs/S077.pdf
S077,EE-SI,EE,SI,0.53,308.0,latest_human_R3_CORRELATIONS,false,false,false,true,true,true,ok,true,/Users/newhosung/Library/CloudStorage/OneDrive-SharedLibraries-ThePennsylvaniaStateUniversity/AI Adoption Meta Analysis - Documents/Meta/AI Adoption/PDFs/S077.pdf
S077,PE-SI,PE,SI,0.5,308.0,latest_human_R3_CORRELATIONS,false,false,false,true,true,true,ok,true,/Users/newhosung/Library/CloudStorage/OneDrive-SharedLibraries-ThePennsylvaniaStateUniversity/AI Adoption Meta Analysis - Documents/Meta/AI Adoption/PDFs/S077.pdf
S031,BI-SE,BI,SE,0.59,353.0,latest_human_R3_CORRELATIONS,false,false,false,true,true,true,ok,true,/Users/newhosung/Library/CloudStorage/OneDrive-SharedLibraries-ThePennsylvaniaStateUniversity/AI Adoption Meta Analysis - Documents/Meta/AI Adoption/PDFs/S031.pdf
S031,BI-TRU,BI,TRU,0.47,353.0,latest_human_R3_CORRELATIONS,false,false,false,true,true,true,ok,true,/Users/newhosung/Library/CloudStorage/OneDrive-SharedLibraries-ThePennsylvaniaStateUniversity/AI Adoption Meta Analysis - Documents/Meta/AI Adoption/PDFs/S031.pdf
S031,SE-TRU,SE,TRU,0.66,353.0,latest_human_R3_CORRELATIONS,false,false,false,true,true,true,ok,true,/Users/newhosung/Library/CloudStorage/OneDrive-SharedLibraries-ThePennsylvaniaStateUniversity/AI Adoption Meta Analysis - Documents/Meta/AI Adoption/PDFs/S031.pdf
S022,BI-EE,BI,EE,0.637,729.0,latest_human_R3_CORRELATIONS,true,false,false,true,false,true,ok,true,/Users/newhosung/Library/CloudStorage/OneDrive-SharedLibraries-ThePennsylvaniaStateUniversity/AI Adoption Meta Analysis - Documents/Meta/AI Adoption/PDFs/S022.pdf
S022,BI-PE,BI,PE,0.71,729.0,latest_human_R3_CORRELATIONS,false,false,false,true,false,true,ok,true,/Users/newhosung/Library/CloudStorage/OneDrive-SharedLibraries-ThePennsylvaniaStateUniversity/AI Adoption Meta Analysis - Documents/Meta/AI Adoption/PDFs/S022.pdf
S022,EE-PE,EE,PE,0.582,729.0,latest_human_R3_CORRELATIONS,false,false,false,true,false,true,ok,true,/Users/newhosung/Library/CloudStorage/OneDrive-SharedLibraries-ThePennsylvaniaStateUniversity/AI Adoption Meta Analysis - Documents/Meta/AI Adoption/PDFs/S022.pdf
S165,BI-EE,BI,EE,0.644,362.0,latest_human_R3_CORRELATIONS,true,false,false,true,true,true,ok,true,/Users/newhosung/Library/CloudStorage/OneDrive-SharedLibraries-ThePennsylvaniaStateUniversity/AI Adoption Meta Analysis - Documents/Meta/AI Adoption/PDFs/S165.pdf
S165,BI-FC,BI,FC,0.74,362.0,latest_human_R3_CORRELATIONS,false,false,false,true,true,true,ok,true,/Users/newhosung/Library/CloudStorage/OneDrive-SharedLibraries-ThePennsylvaniaStateUniversity/AI Adoption Meta Analysis - Documents/Meta/AI Adoption/PDFs/S165.pdf
S165,BI-PE,BI,PE,0.697,362.0,latest_human_R3_CORRELATIONS,false,false,false,true,true,true,ok,true,/Users/newhosung/Library/CloudStorage/OneDrive-SharedLibraries-ThePennsylvaniaStateUniversity/AI Adoption Meta Analysis - Documents/Meta/AI Adoption/PDFs/S165.pdf
S165,BI-SI,BI,SI,0.67,362.0,latest_human_R3_CORRELATIONS,false,false,false,true,true,true,ok,true,/Users/newhosung/Library/CloudStorage/OneDrive-SharedLibraries-ThePennsylvaniaStateUniversity/AI Adoption Meta Analysis - Documents/Meta/AI Adoption/PDFs/S165.pdf
S165,BI-UB,BI,UB,0.756,362.0,latest_human_R3_CORRELATIONS,false,false,false,true,true,true,ok,true,/Users/newhosung/Library/CloudStorage/OneDrive-SharedLibraries-ThePennsylvaniaStateUniversity/AI Adoption Meta Analysis - Documents/Meta/AI Adoption/PDFs/S165.pdf
S165,EE-FC,EE,FC,0.782,362.0,latest_human_R3_CORRELATIONS,false,false,false,true,true,true,ok,true,/Users/newhosung/Library/CloudStorage/OneDrive-SharedLibraries-ThePennsylvaniaStateUniversity/AI Adoption Meta Analysis - Documents/Meta/AI Adoption/PDFs/S165.pdf
S165,EE-PE,EE,PE,0.786,362.0,latest_human_R3_CORRELATIONS,false,false,false,true,true,true,ok,true,/Users/newhosung/Library/CloudStorage/OneDrive-SharedLibraries-ThePennsylvaniaStateUniversity/AI Adoption Meta Analysis - Documents/Meta/AI Adoption/PDFs/S165.pdf
S165,EE-SI,EE,SI,0.696,362.0,latest_human_R3_CORRELATIONS,false,false,false,true,true,true,ok,true,/Users/newhosung/Library/CloudStorage/OneDrive-SharedLibraries-ThePennsylvaniaStateUniversity/AI Adoption Meta Analysis - Documents/Meta/AI Adoption/PDFs/S165.pdf
S165,EE-UB,EE,UB,0.643,362.0,latest_human_R3_CORRELATIONS,false,false,false,true,true,true,ok,true,/Users/newhosung/Library/CloudStorage/OneDrive-SharedLibraries-ThePennsylvaniaStateUniversity/AI Adoption Meta Analysis - Documents/Meta/AI Adoption/PDFs/S165.pdf
S165,FC-PE,FC,PE,0.767,362.0,latest_human_R3_CORRELATIONS,false,false,false,true,true,true,ok,true,/Users/newhosung/Library/CloudStorage/OneDrive-SharedLibraries-ThePennsylvaniaStateUniversity/AI Adoption Meta Analysis - Documents/Meta/AI Adoption/PDFs/S165.pdf
S165,FC-SI,FC,SI,0.761,362.0,latest_human_R3_CORRELATIONS,false,false,false,true,true,true,ok,true,/Users/newhosung/Library/CloudStorage/OneDrive-SharedLibraries-ThePennsylvaniaStateUniversity/AI Adoption Meta Analysis - Documents/Meta/AI Adoption/PDFs/S165.pdf
S165,FC-UB,FC,UB,0.726,362.0,latest_human_R3_CORRELATIONS,false,false,false,true,true,true,ok,true,/Users/newhosung/Library/CloudStorage/OneDrive-SharedLibraries-ThePennsylvaniaStateUniversity/AI Adoption Meta Analysis - Documents/Meta/AI Adoption/PDFs/S165.pdf
S165,PE-SI,PE,SI,0.738,362.0,latest_human_R3_CORRELATIONS,false,false,false,true,true,true,ok,true,/Users/newhosung/Library/CloudStorage/OneDrive-SharedLibraries-ThePennsylvaniaStateUniversity/AI Adoption Meta Analysis - Documents/Meta/AI Adoption/PDFs/S165.pdf
S165,PE-UB,PE,UB,0.624,362.0,latest_human_R3_CORRELATIONS,false,false,false,true,true,true,ok,true,/Users/newhosung/Library/CloudStorage/OneDrive-SharedLibraries-ThePennsylvaniaStateUniversity/AI Adoption Meta Analysis - Documents/Meta/AI Adoption/PDFs/S165.pdf
S165,SI-UB,SI,UB,0.694,362.0,latest_human_R3_CORRELATIONS,false,false,false,true,true,true,ok,true,/Users/newhosung/Library/CloudStorage/OneDrive-SharedLibraries-ThePennsylvaniaStateUniversity/AI Adoption Meta Analysis - Documents/Meta/AI Adoption/PDFs/S165.pdf
S002,BI-EE,BI,EE,0.696,300.0,latest_human_R3_CORRELATIONS,true,false,false,true,true,true,ok,true,/Users/newhosung/Library/CloudStorage/OneDrive-SharedLibraries-ThePennsylvaniaStateUniversity/AI Adoption Meta Analysis - Documents/Meta/AI Adoption/PDFs/S002.pdf
S002,BI-FC,BI,FC,0.799,300.0,latest_human_R3_CORRELATIONS,false,false,false,true,true,true,ok,true,/Users/newhosung/Library/CloudStorage/OneDrive-SharedLibraries-ThePennsylvaniaStateUniversity/AI Adoption Meta Analysis - Documents/Meta/AI Adoption/PDFs/S002.pdf
S002,BI-PE,BI,PE,0.694,300.0,latest_human_R3_CORRELATIONS,false,false,false,true,true,true,ok,true,/Users/newhosung/Library/CloudStorage/OneDrive-SharedLibraries-ThePennsylvaniaStateUniversity/AI Adoption Meta Analysis - Documents/Meta/AI Adoption/PDFs/S002.pdf
S002,BI-SI,BI,SI,0.724,300.0,latest_human_R3_CORRELATIONS,false,false,false,true,true,true,ok,true,/Users/newhosung/Library/CloudStorage/OneDrive-SharedLibraries-ThePennsylvaniaStateUniversity/AI Adoption Meta Analysis - Documents/Meta/AI Adoption/PDFs/S002.pdf
S002,BI-UB,BI,UB,0.692,300.0,latest_human_R3_CORRELATIONS,false,false,false,true,true,true,ok,true,/Users/newhosung/Library/CloudStorage/OneDrive-SharedLibraries-ThePennsylvaniaStateUniversity/AI Adoption Meta Analysis - Documents/Meta/AI Adoption/PDFs/S002.pdf
S002,EE-FC,EE,FC,0.602,300.0,latest_human_R3_CORRELATIONS,false,false,false,true,true,true,ok,true,/Users/newhosung/Library/CloudStorage/OneDrive-SharedLibraries-ThePennsylvaniaStateUniversity/AI Adoption Meta Analysis - Documents/Meta/AI Adoption/PDFs/S002.pdf
S002,EE-PE,EE,PE,0.592,300.0,latest_human_R3_CORRELATIONS,false,false,false,true,true,true,ok,true,/Users/newhosung/Library/CloudStorage/OneDrive-SharedLibraries-ThePennsylvaniaStateUniversity/AI Adoption Meta Analysis - Documents/Meta/AI Adoption/PDFs/S002.pdf
S002,EE-SI,EE,SI,0.569,300.0,latest_human_R3_CORRELATIONS,false,false,false,true,true,true,ok,true,/Users/newhosung/Library/CloudStorage/OneDrive-SharedLibraries-ThePennsylvaniaStateUniversity/AI Adoption Meta Analysis - Documents/Meta/AI Adoption/PDFs/S002.pdf
S002,EE-UB,EE,UB,0.523,300.0,latest_human_R3_CORRELATIONS,false,false,false,true,true,true,ok,true,/Users/newhosung/Library/CloudStorage/OneDrive-SharedLibraries-ThePennsylvaniaStateUniversity/AI Adoption Meta Analysis - Documents/Meta/AI Adoption/PDFs/S002.pdf
S002,FC-PE,FC,PE,0.575,300.0,latest_human_R3_CORRELATIONS,false,false,false,true,true,true,ok,true,/Users/newhosung/Library/CloudStorage/OneDrive-SharedLibraries-ThePennsylvaniaStateUniversity/AI Adoption Meta Analysis - Documents/Meta/AI Adoption/PDFs/S002.pdf
S002,FC-SI,FC,SI,0.632,300.0,latest_human_R3_CORRELATIONS,false,false,false,true,true,true,ok,true,/Users/newhosung/Library/CloudStorage/OneDrive-SharedLibraries-ThePennsylvaniaStateUniversity/AI Adoption Meta Analysis - Documents/Meta/AI Adoption/PDFs/S002.pdf
S002,FC-UB,FC,UB,0.545,300.0,latest_human_R3_CORRELATIONS,false,false,false,true,true,true,ok,true,/Users/newhosung/Library/CloudStorage/OneDrive-SharedLibraries-ThePennsylvaniaStateUniversity/AI Adoption Meta Analysis - Documents/Meta/AI Adoption/PDFs/S002.pdf
S002,PE-SI,PE,SI,0.534,300.0,latest_human_R3_CORRELATIONS,false,false,false,true,true,true,ok,true,/Users/newhosung/Library/CloudStorage/OneDrive-SharedLibraries-ThePennsylvaniaStateUniversity/AI Adoption Meta Analysis - Documents/Meta/AI Adoption/PDFs/S002.pdf
S002,PE-UB,PE,UB,0.574,300.0,latest_human_R3_CORRELATIONS,false,false,false,true,true,true,ok,true,/Users/newhosung/Library/CloudStorage/OneDrive-SharedLibraries-ThePennsylvaniaStateUniversity/AI Adoption Meta Analysis - Documents/Meta/AI Adoption/PDFs/S002.pdf
S002,SI-UB,SI,UB,0.489,300.0,latest_human_R3_CORRELATIONS,false,false,false,true,true,true,ok,true,/Users/newhosung/Library/CloudStorage/OneDrive-SharedLibraries-ThePennsylvaniaStateUniversity/AI Adoption Meta Analysis - Documents/Meta/AI Adoption/PDFs/S002.pdf
S065,ATT-BI,ATT,BI,0.8,517.0,latest_human_R3_CORRELATIONS,false,false,false,true,true,true,ok,true,/Users/newhosung/Library/CloudStorage/OneDrive-SharedLibraries-ThePennsylvaniaStateUniversity/AI Adoption Meta Analysis - Documents/Meta/AI Adoption/PDFs/S065.pdf
S065,ATT-EE,ATT,EE,0.697,517.0,latest_human_R3_CORRELATIONS,false,false,false,true,true,true,ok,true,/Users/newhosung/Library/CloudStorage/OneDrive-SharedLibraries-ThePennsylvaniaStateUniversity/AI Adoption Meta Analysis - Documents/Meta/AI Adoption/PDFs/S065.pdf
S065,ATT-PE,ATT,PE,0.774,517.0,latest_human_R3_CORRELATIONS,false,false,false,true,true,true,ok,true,/Users/newhosung/Library/CloudStorage/OneDrive-SharedLibraries-ThePennsylvaniaStateUniversity/AI Adoption Meta Analysis - Documents/Meta/AI Adoption/PDFs/S065.pdf
S065,BI-EE,BI,EE,0.654,517.0,latest_human_R3_CORRELATIONS,false,false,false,true,true,true,ok,true,/Users/newhosung/Library/CloudStorage/OneDrive-SharedLibraries-ThePennsylvaniaStateUniversity/AI Adoption Meta Analysis - Documents/Meta/AI Adoption/PDFs/S065.pdf
S065,BI-PE,BI,PE,0.73,517.0,latest_human_R3_CORRELATIONS,false,false,false,true,true,true,ok,true,/Users/newhosung/Library/CloudStorage/OneDrive-SharedLibraries-ThePennsylvaniaStateUniversity/AI Adoption Meta Analysis - Documents/Meta/AI Adoption/PDFs/S065.pdf
S065,EE-PE,EE,PE,0.84,517.0,latest_human_R3_CORRELATIONS,false,false,false,true,true,true,ok,true,/Users/newhosung/Library/CloudStorage/OneDrive-SharedLibraries-ThePennsylvaniaStateUniversity/AI Adoption Meta Analysis - Documents/Meta/AI Adoption/PDFs/S065.pdf
S207,ATT-BI,ATT,BI,0.527,880.0,latest_human_R3_CORRELATIONS,true,false,false,true,true,true,ok,true,/Users/newhosung/Library/CloudStorage/OneDrive-SharedLibraries-ThePennsylvaniaStateUniversity/AI Adoption Meta Analysis - Documents/Meta/AI Adoption/PDFs/S207.pdf
S207,ATT-EE,ATT,EE,0.428,880.0,latest_human_R3_CORRELATIONS,false,false,false,true,true,true,ok,true,/Users/newhosung/Library/CloudStorage/OneDrive-SharedLibraries-ThePennsylvaniaStateUniversity/AI Adoption Meta Analysis - Documents/Meta/AI Adoption/PDFs/S207.pdf
S207,ATT-PE,ATT,PE,0.502,880.0,latest_human_R3_CORRELATIONS,false,false,false,true,true,true,ok,true,/Users/newhosung/Library/CloudStorage/OneDrive-SharedLibraries-ThePennsylvaniaStateUniversity/AI Adoption Meta Analysis - Documents/Meta/AI Adoption/PDFs/S207.pdf
S207,BI-EE,BI,EE,0.514,880.0,latest_human_R3_CORRELATIONS,false,false,false,true,true,true,ok,true,/Users/newhosung/Library/CloudStorage/OneDrive-SharedLibraries-ThePennsylvaniaStateUniversity/AI Adoption Meta Analysis - Documents/Meta/AI Adoption/PDFs/S207.pdf
S207,BI-PE,BI,PE,0.52,880.0,latest_human_R3_CORRELATIONS,false,false,false,true,true,true,ok,true,/Users/newhosung/Library/CloudStorage/OneDrive-SharedLibraries-ThePennsylvaniaStateUniversity/AI Adoption Meta Analysis - Documents/Meta/AI Adoption/PDFs/S207.pdf
S207,EE-PE,EE,PE,0.545,880.0,latest_human_R3_CORRELATIONS,true,false,false,true,true,true,ok,true,/Users/newhosung/Library/CloudStorage/OneDrive-SharedLibraries-ThePennsylvaniaStateUniversity/AI Adoption Meta Analysis - Documents/Meta/AI Adoption/PDFs/S207.pdf
S209,ATT-BI,ATT,BI,0.723,523.0,latest_human_R3_CORRELATIONS,true,false,false,true,true,true,ok,true,/Users/newhosung/Library/CloudStorage/OneDrive-SharedLibraries-ThePennsylvaniaStateUniversity/AI Adoption Meta Analysis - Documents/Meta/AI Adoption/PDFs/S209.pdf
S209,ATT-EE,ATT,EE,0.797,523.0,latest_human_R3_CORRELATIONS,false,false,false,true,true,true,ok,true,/Users/newhosung/Library/CloudStorage/OneDrive-SharedLibraries-ThePennsylvaniaStateUniversity/AI Adoption Meta Analysis - Documents/Meta/AI Adoption/PDFs/S209.pdf
S209,ATT-PE,ATT,PE,0.772,523.0,latest_human_R3_CORRELATIONS,false,false,false,true,true,true,ok,true,/Users/newhosung/Library/CloudStorage/OneDrive-SharedLibraries-ThePennsylvaniaStateUniversity/AI Adoption Meta Analysis - Documents/Meta/AI Adoption/PDFs/S209.pdf
S209,BI-EE,BI,EE,0.727,523.0,latest_human_R3_CORRELATIONS,false,false,false,true,true,true,ok,true,/Users/newhosung/Library/CloudStorage/OneDrive-SharedLibraries-ThePennsylvaniaStateUniversity/AI Adoption Meta Analysis - Documents/Meta/AI Adoption/PDFs/S209.pdf
S209,BI-PE,BI,PE,0.718,523.0,latest_human_R3_CORRELATIONS,false,false,false,true,true,true,ok,true,/Users/newhosung/Library/CloudStorage/OneDrive-SharedLibraries-ThePennsylvaniaStateUniversity/AI Adoption Meta Analysis - Documents/Meta/AI Adoption/PDFs/S209.pdf
S209,EE-PE,EE,PE,0.72,523.0,latest_human_R3_CORRELATIONS,false,false,false,true,true,true,ok,true,/Users/newhosung/Library/CloudStorage/OneDrive-SharedLibraries-ThePennsylvaniaStateUniversity/AI Adoption Meta Analysis - Documents/Meta/AI Adoption/PDFs/S209.pdf
S197,BI-EE,BI,EE,0.69,237.0,latest_human_R3_CORRELATIONS,true,false,false,true,true,true,ok,true,/Users/newhosung/Library/CloudStorage/OneDrive-SharedLibraries-ThePennsylvaniaStateUniversity/AI Adoption Meta Analysis - Documents/Meta/AI Adoption/PDFs/S197.pdf
S197,BI-PE,BI,PE,0.47,237.0,latest_human_R3_CORRELATIONS,false,false,false,true,true,true,ok,true,/Users/newhosung/Library/CloudStorage/OneDrive-SharedLibraries-ThePennsylvaniaStateUniversity/AI Adoption Meta Analysis - Documents/Meta/AI Adoption/PDFs/S197.pdf
S197,BI-TRU,BI,TRU,0.34,237.0,latest_human_R3_CORRELATIONS,false,false,false,true,true,true,ok,true,/Users/newhosung/Library/CloudStorage/OneDrive-SharedLibraries-ThePennsylvaniaStateUniversity/AI Adoption Meta Analysis - Documents/Meta/AI Adoption/PDFs/S197.pdf
S197,EE-PE,EE,PE,0.44,237.0,latest_human_R3_CORRELATIONS,false,false,false,true,true,true,ok,true,/Users/newhosung/Library/CloudStorage/OneDrive-SharedLibraries-ThePennsylvaniaStateUniversity/AI Adoption Meta Analysis - Documents/Meta/AI Adoption/PDFs/S197.pdf
S197,EE-TRU,EE,TRU,0.24,237.0,latest_human_R3_CORRELATIONS,false,false,false,true,true,true,ok,true,/Users/newhosung/Library/CloudStorage/OneDrive-SharedLibraries-ThePennsylvaniaStateUniversity/AI Adoption Meta Analysis - Documents/Meta/AI Adoption/PDFs/S197.pdf
S197,PE-TRU,PE,TRU,0.48,237.0,latest_human_R3_CORRELATIONS,false,false,false,true,true,true,ok,true,/Users/newhosung/Library/CloudStorage/OneDrive-SharedLibraries-ThePennsylvaniaStateUniversity/AI Adoption Meta Analysis - Documents/Meta/AI Adoption/PDFs/S197.pdf
S218,ATT-BI,ATT,BI,0.784,242.0,latest_human_R4_CORRELATIONS,false,false,false,false,false,true,ok,true,/Users/newhosung/Library/CloudStorage/OneDrive-SharedLibraries-ThePennsylvaniaStateUniversity/AI Adoption Meta Analysis - Documents/Meta/AI Adoption/PDFs/S218.pdf
S218,ATT-EE,ATT,EE,0.688,242.0,latest_human_R4_CORRELATIONS,false,false,false,false,false,true,ok,true,/Users/newhosung/Library/CloudStorage/OneDrive-SharedLibraries-ThePennsylvaniaStateUniversity/AI Adoption Meta Analysis - Documents/Meta/AI Adoption/PDFs/S218.pdf
S218,ATT-PE,ATT,PE,0.701,242.0,latest_human_R4_CORRELATIONS,false,false,false,false,false,true,ok,true,/Users/newhosung/Library/CloudStorage/OneDrive-SharedLibraries-ThePennsylvaniaStateUniversity/AI Adoption Meta Analysis - Documents/Meta/AI Adoption/PDFs/S218.pdf
S218,BI-EE,BI,EE,0.59,242.0,latest_human_R4_CORRELATIONS,false,false,false,false,false,true,ok,true,/Users/newhosung/Library/CloudStorage/OneDrive-SharedLibraries-ThePennsylvaniaStateUniversity/AI Adoption Meta Analysis - Documents/Meta/AI Adoption/PDFs/S218.pdf
S218,BI-PE,BI,PE,0.632,242.0,latest_human_R4_CORRELATIONS,false,false,false,false,false,true,ok,true,/Users/newhosung/Library/CloudStorage/OneDrive-SharedLibraries-ThePennsylvaniaStateUniversity/AI Adoption Meta Analysis - Documents/Meta/AI Adoption/PDFs/S218.pdf
S218,EE-PE,EE,PE,0.66,242.0,latest_human_R4_CORRELATIONS,false,false,false,false,false,true,ok,true,/Users/newhosung/Library/CloudStorage/OneDrive-SharedLibraries-ThePennsylvaniaStateUniversity/AI Adoption Meta Analysis - Documents/Meta/AI Adoption/PDFs/S218.pdf
S218,PE-UB,PE,UB,0.032,242.0,latest_human_R4_CORRELATIONS,false,false,false,false,false,true,ok,true,/Users/newhosung/Library/CloudStorage/OneDrive-SharedLibraries-ThePennsylvaniaStateUniversity/AI Adoption Meta Analysis - Documents/Meta/AI Adoption/PDFs/S218.pdf
S185,ANX-ATT,ANX,ATT,0.46,298.0,latest_human_R4_CORRELATIONS,false,false,false,false,false,true,ok,true,/Users/newhosung/Library/CloudStorage/OneDrive-SharedLibraries-ThePennsylvaniaStateUniversity/AI Adoption Meta Analysis - Documents/Meta/AI Adoption/PDFs/S185.pdf
S185,ANX-BI,ANX,BI,0.47,298.0,latest_human_R4_CORRELATIONS,false,false,false,false,false,true,ok,true,/Users/newhosung/Library/CloudStorage/OneDrive-SharedLibraries-ThePennsylvaniaStateUniversity/AI Adoption Meta Analysis - Documents/Meta/AI Adoption/PDFs/S185.pdf
S185,ANX-EE,ANX,EE,0.47,298.0,latest_human_R4_CORRELATIONS,false,false,false,false,false,true,ok,true,/Users/newhosung/Library/CloudStorage/OneDrive-SharedLibraries-ThePennsylvaniaStateUniversity/AI Adoption Meta Analysis - Documents/Meta/AI Adoption/PDFs/S185.pdf
S185,ANX-FC,ANX,FC,0.218,298.0,latest_human_R4_CORRELATIONS,false,false,false,false,false,true,ok,true,/Users/newhosung/Library/CloudStorage/OneDrive-SharedLibraries-ThePennsylvaniaStateUniversity/AI Adoption Meta Analysis - Documents/Meta/AI Adoption/PDFs/S185.pdf
S185,ANX-PE,ANX,PE,0.44,298.0,latest_human_R4_CORRELATIONS,false,false,false,false,false,true,ok,false,/Users/newhosung/Library/CloudStorage/OneDrive-SharedLibraries-ThePennsylvaniaStateUniversity/AI Adoption Meta Analysis - Documents/Meta/AI Adoption/PDFs/S185.pdf
S185,ANX-SI,ANX,SI,0.216,298.0,latest_human_R4_CORRELATIONS,false,false,false,false,false,true,ok,true,/Users/newhosung/Library/CloudStorage/OneDrive-SharedLibraries-ThePennsylvaniaStateUniversity/AI Adoption Meta Analysis - Documents/Meta/AI Adoption/PDFs/S185.pdf
S185,ATT-BI,ATT,BI,0.453,298.0,latest_human_R4_CORRELATIONS,false,false,true,false,false,true,ok,true,/Users/newhosung/Library/CloudStorage/OneDrive-SharedLibraries-ThePennsylvaniaStateUniversity/AI Adoption Meta Analysis - Documents/Meta/AI Adoption/PDFs/S185.pdf
S185,ATT-EE,ATT,EE,0.473,298.0,latest_human_R4_CORRELATIONS,false,false,false,false,false,true,ok,true,/Users/newhosung/Library/CloudStorage/OneDrive-SharedLibraries-ThePennsylvaniaStateUniversity/AI Adoption Meta Analysis - Documents/Meta/AI Adoption/PDFs/S185.pdf
S185,ATT-FC,ATT,FC,0.162,298.0,latest_human_R4_CORRELATIONS,false,false,false,false,false,true,ok,true,/Users/newhosung/Library/CloudStorage/OneDrive-SharedLibraries-ThePennsylvaniaStateUniversity/AI Adoption Meta Analysis - Documents/Meta/AI Adoption/PDFs/S185.pdf
S185,ATT-PE,ATT,PE,0.504,298.0,latest_human_R4_CORRELATIONS,false,false,false,false,false,true,ok,true,/Users/newhosung/Library/CloudStorage/OneDrive-SharedLibraries-ThePennsylvaniaStateUniversity/AI Adoption Meta Analysis - Documents/Meta/AI Adoption/PDFs/S185.pdf
S185,ATT-SI,ATT,SI,0.207,298.0,latest_human_R4_CORRELATIONS,false,false,false,false,false,true,ok,true,/Users/newhosung/Library/CloudStorage/OneDrive-SharedLibraries-ThePennsylvaniaStateUniversity/AI Adoption Meta Analysis - Documents/Meta/AI Adoption/PDFs/S185.pdf
S185,BI-EE,BI,EE,0.524,298.0,latest_human_R4_CORRELATIONS,false,false,false,false,false,true,ok,true,/Users/newhosung/Library/CloudStorage/OneDrive-SharedLibraries-ThePennsylvaniaStateUniversity/AI Adoption Meta Analysis - Documents/Meta/AI Adoption/PDFs/S185.pdf
S185,BI-FC,BI,FC,0.419,298.0,latest_human_R4_CORRELATIONS,false,false,false,false,false,true,ok,true,/Users/newhosung/Library/CloudStorage/OneDrive-SharedLibraries-ThePennsylvaniaStateUniversity/AI Adoption Meta Analysis - Documents/Meta/AI Adoption/PDFs/S185.pdf
S185,BI-PE,BI,PE,0.459,298.0,latest_human_R4_CORRELATIONS,false,false,false,false,false,true,ok,true,/Users/newhosung/Library/CloudStorage/OneDrive-SharedLibraries-ThePennsylvaniaStateUniversity/AI Adoption Meta Analysis - Documents/Meta/AI Adoption/PDFs/S185.pdf
S185,BI-SI,BI,SI,0.433,298.0,latest_human_R4_CORRELATIONS,false,false,false,false,false,true,ok,true,/Users/newhosung/Library/CloudStorage/OneDrive-SharedLibraries-ThePennsylvaniaStateUniversity/AI Adoption Meta Analysis - Documents/Meta/AI Adoption/PDFs/S185.pdf
S185,EE-FC,EE,FC,0.156,298.0,latest_human_R4_CORRELATIONS,false,false,false,false,false,true,ok,true,/Users/newhosung/Library/CloudStorage/OneDrive-SharedLibraries-ThePennsylvaniaStateUniversity/AI Adoption Meta Analysis - Documents/Meta/AI Adoption/PDFs/S185.pdf
S185,EE-PE,EE,PE,0.482,298.0,latest_human_R4_CORRELATIONS,false,false,false,false,false,true,ok,true,/Users/newhosung/Library/CloudStorage/OneDrive-SharedLibraries-ThePennsylvaniaStateUniversity/AI Adoption Meta Analysis - Documents/Meta/AI Adoption/PDFs/S185.pdf
S185,EE-SI,EE,SI,0.279,298.0,latest_human_R4_CORRELATIONS,false,false,false,false,false,true,ok,true,/Users/newhosung/Library/CloudStorage/OneDrive-SharedLibraries-ThePennsylvaniaStateUniversity/AI Adoption Meta Analysis - Documents/Meta/AI Adoption/PDFs/S185.pdf
S185,FC-PE,FC,PE,0.173,298.0,latest_human_R4_CORRELATIONS,false,false,false,false,false,true,ok,true,/Users/newhosung/Library/CloudStorage/OneDrive-SharedLibraries-ThePennsylvaniaStateUniversity/AI Adoption Meta Analysis - Documents/Meta/AI Adoption/PDFs/S185.pdf
S185,FC-SI,FC,SI,0.164,298.0,latest_human_R4_CORRELATIONS,false,false,false,false,false,true,ok,true,/Users/newhosung/Library/CloudStorage/OneDrive-SharedLibraries-ThePennsylvaniaStateUniversity/AI Adoption Meta Analysis - Documents/Meta/AI Adoption/PDFs/S185.pdf
S185,PE-SI,PE,SI,0.28,298.0,latest_human_R4_CORRELATIONS,false,false,false,false,false,true,ok,true,/Users/newhosung/Library/CloudStorage/OneDrive-SharedLibraries-ThePennsylvaniaStateUniversity/AI Adoption Meta Analysis - Documents/Meta/AI Adoption/PDFs/S185.pdf
S194,BI-EE,BI,EE,0.44,469.0,latest_human_R4_CORRELATIONS,false,false,true,false,false,true,ok,true,/Users/newhosung/Library/CloudStorage/OneDrive-SharedLibraries-ThePennsylvaniaStateUniversity/AI Adoption Meta Analysis - Documents/Meta/AI Adoption/PDFs/S194.pdf
S194,BI-FC,BI,FC,0.49,469.0,latest_human_R4_CORRELATIONS,false,false,false,false,false,true,ok,true,/Users/newhosung/Library/CloudStorage/OneDrive-SharedLibraries-ThePennsylvaniaStateUniversity/AI Adoption Meta Analysis - Documents/Meta/AI Adoption/PDFs/S194.pdf
S194,BI-PE,BI,PE,-0.08,469.0,latest_human_R4_CORRELATIONS,false,false,false,false,false,true,ok,true,/Users/newhosung/Library/CloudStorage/OneDrive-SharedLibraries-ThePennsylvaniaStateUniversity/AI Adoption Meta Analysis - Documents/Meta/AI Adoption/PDFs/S194.pdf
S194,BI-SI,BI,SI,0.62,469.0,latest_human_R4_CORRELATIONS,false,false,false,false,false,true,ok,true,/Users/newhosung/Library/CloudStorage/OneDrive-SharedLibraries-ThePennsylvaniaStateUniversity/AI Adoption Meta Analysis - Documents/Meta/AI Adoption/PDFs/S194.pdf
S194,BI-UB,BI,UB,0.64,469.0,latest_human_R4_CORRELATIONS,false,false,false,false,false,true,ok,true,/Users/newhosung/Library/CloudStorage/OneDrive-SharedLibraries-ThePennsylvaniaStateUniversity/AI Adoption Meta Analysis - Documents/Meta/AI Adoption/PDFs/S194.pdf
S194,EE-FC,EE,FC,0.55,469.0,latest_human_R4_CORRELATIONS,false,false,false,false,false,true,ok,true,/Users/newhosung/Library/CloudStorage/OneDrive-SharedLibraries-ThePennsylvaniaStateUniversity/AI Adoption Meta Analysis - Documents/Meta/AI Adoption/PDFs/S194.pdf
S194,EE-PE,EE,PE,-0.1,469.0,latest_human_R4_CORRELATIONS,false,false,false,false,false,true,ok,true,/Users/newhosung/Library/CloudStorage/OneDrive-SharedLibraries-ThePennsylvaniaStateUniversity/AI Adoption Meta Analysis - Documents/Meta/AI Adoption/PDFs/S194.pdf
S194,EE-SI,EE,SI,0.52,469.0,latest_human_R4_CORRELATIONS,false,false,false,false,false,true,ok,true,/Users/newhosung/Library/CloudStorage/OneDrive-SharedLibraries-ThePennsylvaniaStateUniversity/AI Adoption Meta Analysis - Documents/Meta/AI Adoption/PDFs/S194.pdf
S194,EE-UB,EE,UB,0.49,469.0,latest_human_R4_CORRELATIONS,false,false,false,false,false,true,ok,true,/Users/newhosung/Library/CloudStorage/OneDrive-SharedLibraries-ThePennsylvaniaStateUniversity/AI Adoption Meta Analysis - Documents/Meta/AI Adoption/PDFs/S194.pdf
S194,FC-PE,FC,PE,-0.12,469.0,latest_human_R4_CORRELATIONS,false,false,false,false,false,true,ok,true,/Users/newhosung/Library/CloudStorage/OneDrive-SharedLibraries-ThePennsylvaniaStateUniversity/AI Adoption Meta Analysis - Documents/Meta/AI Adoption/PDFs/S194.pdf
S194,FC-SI,FC,SI,0.59,469.0,latest_human_R4_CORRELATIONS,false,false,false,false,false,true,ok,true,/Users/newhosung/Library/CloudStorage/OneDrive-SharedLibraries-ThePennsylvaniaStateUniversity/AI Adoption Meta Analysis - Documents/Meta/AI Adoption/PDFs/S194.pdf
S194,FC-UB,FC,UB,0.52,469.0,latest_human_R4_CORRELATIONS,false,false,false,false,false,true,ok,true,/Users/newhosung/Library/CloudStorage/OneDrive-SharedLibraries-ThePennsylvaniaStateUniversity/AI Adoption Meta Analysis - Documents/Meta/AI Adoption/PDFs/S194.pdf
S194,PE-SI,PE,SI,-0.12,469.0,latest_human_R4_CORRELATIONS,false,false,false,false,false,true,ok,true,/Users/newhosung/Library/CloudStorage/OneDrive-SharedLibraries-ThePennsylvaniaStateUniversity/AI Adoption Meta Analysis - Documents/Meta/AI Adoption/PDFs/S194.pdf
S194,PE-UB,PE,UB,-0.05,469.0,latest_human_R4_CORRELATIONS,false,false,false,false,false,true,ok,true,/Users/newhosung/Library/CloudStorage/OneDrive-SharedLibraries-ThePennsylvaniaStateUniversity/AI Adoption Meta Analysis - Documents/Meta/AI Adoption/PDFs/S194.pdf
S194,SI-UB,SI,UB,0.56,469.0,latest_human_R4_CORRELATIONS,false,false,false,false,false,true,ok,true,/Users/newhosung/Library/CloudStorage/OneDrive-SharedLibraries-ThePennsylvaniaStateUniversity/AI Adoption Meta Analysis - Documents/Meta/AI Adoption/PDFs/S194.pdf
S208,BI-EE,BI,EE,0.434,526.0,latest_human_R4_CORRELATIONS,false,false,false,false,false,true,ok,true,/Users/newhosung/Library/CloudStorage/OneDrive-SharedLibraries-ThePennsylvaniaStateUniversity/AI Adoption Meta Analysis - Documents/Meta/AI Adoption/PDFs/S208.pdf
S208,BI-PE,BI,PE,0.241,526.0,latest_human_R4_CORRELATIONS,false,false,false,false,false,true,ok,true,/Users/newhosung/Library/CloudStorage/OneDrive-SharedLibraries-ThePennsylvaniaStateUniversity/AI Adoption Meta Analysis - Documents/Meta/AI Adoption/PDFs/S208.pdf
S208,BI-SI,BI,SI,0.462,526.0,latest_human_R4_CORRELATIONS,false,false,false,false,false,true,ok,true,/Users/newhosung/Library/CloudStorage/OneDrive-SharedLibraries-ThePennsylvaniaStateUniversity/AI Adoption Meta Analysis - Documents/Meta/AI Adoption/PDFs/S208.pdf
S208,BI-TRU,BI,TRU,0.524,526.0,latest_human_R4_CORRELATIONS,false,false,false,false,false,true,ok,true,/Users/newhosung/Library/CloudStorage/OneDrive-SharedLibraries-ThePennsylvaniaStateUniversity/AI Adoption Meta Analysis - Documents/Meta/AI Adoption/PDFs/S208.pdf
S208,EE-PE,EE,PE,0.402,526.0,latest_human_R4_CORRELATIONS,false,false,true,false,false,true,ok,true,/Users/newhosung/Library/CloudStorage/OneDrive-SharedLibraries-ThePennsylvaniaStateUniversity/AI Adoption Meta Analysis - Documents/Meta/AI Adoption/PDFs/S208.pdf
S208,EE-SI,EE,SI,0.362,526.0,latest_human_R4_CORRELATIONS,false,false,false,false,false,true,ok,true,/Users/newhosung/Library/CloudStorage/OneDrive-SharedLibraries-ThePennsylvaniaStateUniversity/AI Adoption Meta Analysis - Documents/Meta/AI Adoption/PDFs/S208.pdf
S208,EE-TRU,EE,TRU,0.395,526.0,latest_human_R4_CORRELATIONS,false,false,false,false,false,true,ok,true,/Users/newhosung/Library/CloudStorage/OneDrive-SharedLibraries-ThePennsylvaniaStateUniversity/AI Adoption Meta Analysis - Documents/Meta/AI Adoption/PDFs/S208.pdf
S208,PE-SI,PE,SI,0.296,526.0,latest_human_R4_CORRELATIONS,false,false,false,false,false,true,ok,true,/Users/newhosung/Library/CloudStorage/OneDrive-SharedLibraries-ThePennsylvaniaStateUniversity/AI Adoption Meta Analysis - Documents/Meta/AI Adoption/PDFs/S208.pdf
S208,PE-TRU,PE,TRU,0.295,526.0,latest_human_R4_CORRELATIONS,false,false,false,false,false,true,ok,true,/Users/newhosung/Library/CloudStorage/OneDrive-SharedLibraries-ThePennsylvaniaStateUniversity/AI Adoption Meta Analysis - Documents/Meta/AI Adoption/PDFs/S208.pdf
S208,SI-TRU,SI,TRU,0.241,526.0,latest_human_R4_CORRELATIONS,false,false,false,false,false,true,ok,true,/Users/newhosung/Library/CloudStorage/OneDrive-SharedLibraries-ThePennsylvaniaStateUniversity/AI Adoption Meta Analysis - Documents/Meta/AI Adoption/PDFs/S208.pdf
S028,ATT-BI,ATT,BI,0.877,508.0,latest_human_R4_CORRELATIONS,false,false,true,false,false,true,ok,true,/Users/newhosung/Library/CloudStorage/OneDrive-SharedLibraries-ThePennsylvaniaStateUniversity/AI Adoption Meta Analysis - Documents/Meta/AI Adoption/PDFs/S028.pdf
S028,ATT-EE,ATT,EE,0.63,508.0,latest_human_R4_CORRELATIONS,false,false,false,false,false,true,ok,true,/Users/newhosung/Library/CloudStorage/OneDrive-SharedLibraries-ThePennsylvaniaStateUniversity/AI Adoption Meta Analysis - Documents/Meta/AI Adoption/PDFs/S028.pdf
S028,ATT-PE,ATT,PE,0.809,508.0,latest_human_R4_CORRELATIONS,false,false,false,false,false,true,ok,true,/Users/newhosung/Library/CloudStorage/OneDrive-SharedLibraries-ThePennsylvaniaStateUniversity/AI Adoption Meta Analysis - Documents/Meta/AI Adoption/PDFs/S028.pdf
S028,ATT-SE,ATT,SE,0.721,508.0,latest_human_R4_CORRELATIONS,false,false,false,false,false,true,ok,true,/Users/newhosung/Library/CloudStorage/OneDrive-SharedLibraries-ThePennsylvaniaStateUniversity/AI Adoption Meta Analysis - Documents/Meta/AI Adoption/PDFs/S028.pdf
S028,BI-EE,BI,EE,0.627,508.0,latest_human_R4_CORRELATIONS,false,false,false,false,false,true,ok,true,/Users/newhosung/Library/CloudStorage/OneDrive-SharedLibraries-ThePennsylvaniaStateUniversity/AI Adoption Meta Analysis - Documents/Meta/AI Adoption/PDFs/S028.pdf
S028,BI-PE,BI,PE,0.823,508.0,latest_human_R4_CORRELATIONS,false,false,false,false,false,true,ok,true,/Users/newhosung/Library/CloudStorage/OneDrive-SharedLibraries-ThePennsylvaniaStateUniversity/AI Adoption Meta Analysis - Documents/Meta/AI Adoption/PDFs/S028.pdf
S028,BI-SE,BI,SE,0.685,508.0,latest_human_R4_CORRELATIONS,false,false,false,false,false,true,ok,true,/Users/newhosung/Library/CloudStorage/OneDrive-SharedLibraries-ThePennsylvaniaStateUniversity/AI Adoption Meta Analysis - Documents/Meta/AI Adoption/PDFs/S028.pdf
S028,EE-PE,EE,PE,0.667,508.0,latest_human_R4_CORRELATIONS,false,false,false,false,false,true,ok,true,/Users/newhosung/Library/CloudStorage/OneDrive-SharedLibraries-ThePennsylvaniaStateUniversity/AI Adoption Meta Analysis - Documents/Meta/AI Adoption/PDFs/S028.pdf
S028,EE-SE,EE,SE,0.792,508.0,latest_human_R4_CORRELATIONS,false,false,false,false,false,true,ok,true,/Users/newhosung/Library/CloudStorage/OneDrive-SharedLibraries-ThePennsylvaniaStateUniversity/AI Adoption Meta Analysis - Documents/Meta/AI Adoption/PDFs/S028.pdf
S028,PE-SE,PE,SE,0.744,508.0,latest_human_R4_CORRELATIONS,false,false,false,false,false,true,ok,true,/Users/newhosung/Library/CloudStorage/OneDrive-SharedLibraries-ThePennsylvaniaStateUniversity/AI Adoption Meta Analysis - Documents/Meta/AI Adoption/PDFs/S028.pdf
S145,BI-EE,BI,EE,0.201,374.0,latest_human_R4_CORRELATIONS,false,false,true,false,false,true,ok,true,/Users/newhosung/Library/CloudStorage/OneDrive-SharedLibraries-ThePennsylvaniaStateUniversity/AI Adoption Meta Analysis - Documents/Meta/AI Adoption/PDFs/S145.pdf
S145,BI-UB,BI,UB,0.338,374.0,latest_human_R4_CORRELATIONS,false,false,false,false,false,true,ok,true,/Users/newhosung/Library/CloudStorage/OneDrive-SharedLibraries-ThePennsylvaniaStateUniversity/AI Adoption Meta Analysis - Documents/Meta/AI Adoption/PDFs/S145.pdf
S145,EE-UB,EE,UB,0.204,374.0,latest_human_R4_CORRELATIONS,false,false,false,false,false,true,ok,true,/Users/newhosung/Library/CloudStorage/OneDrive-SharedLibraries-ThePennsylvaniaStateUniversity/AI Adoption Meta Analysis - Documents/Meta/AI Adoption/PDFs/S145.pdf
S110,BI-EE,BI,EE,0.623,353.0,latest_human_R4_CORRELATIONS,false,false,true,false,false,true,ok,true,/Users/newhosung/Library/CloudStorage/OneDrive-SharedLibraries-ThePennsylvaniaStateUniversity/AI Adoption Meta Analysis - Documents/Meta/AI Adoption/PDFs/S110.pdf
S110,BI-PE,BI,PE,0.681,353.0,latest_human_R4_CORRELATIONS,false,false,false,false,false,true,ok,true,/Users/newhosung/Library/CloudStorage/OneDrive-SharedLibraries-ThePennsylvaniaStateUniversity/AI Adoption Meta Analysis - Documents/Meta/AI Adoption/PDFs/S110.pdf
S110,BI-SI,BI,SI,0.52,353.0,latest_human_R4_CORRELATIONS,false,false,false,false,false,true,ok,true,/Users/newhosung/Library/CloudStorage/OneDrive-SharedLibraries-ThePennsylvaniaStateUniversity/AI Adoption Meta Analysis - Documents/Meta/AI Adoption/PDFs/S110.pdf
S016,ANX-ATT,ANX,ATT,0.338,382.0,latest_human_R4_CORRELATIONS,false,false,false,true,true,true,ok,true,/Users/newhosung/Library/CloudStorage/OneDrive-SharedLibraries-ThePennsylvaniaStateUniversity/AI Adoption Meta Analysis - Documents/Meta/AI Adoption/PDFs/S016.pdf
S016,ANX-BI,ANX,BI,0.325,382.0,latest_human_R4_CORRELATIONS,false,false,false,true,true,true,ok,true,/Users/newhosung/Library/CloudStorage/OneDrive-SharedLibraries-ThePennsylvaniaStateUniversity/AI Adoption Meta Analysis - Documents/Meta/AI Adoption/PDFs/S016.pdf
S016,ANX-EE,ANX,EE,0.358,382.0,latest_human_R4_CORRELATIONS,false,false,false,true,true,true,ok,true,/Users/newhosung/Library/CloudStorage/OneDrive-SharedLibraries-ThePennsylvaniaStateUniversity/AI Adoption Meta Analysis - Documents/Meta/AI Adoption/PDFs/S016.pdf
S016,ANX-FC,ANX,FC,0.372,382.0,latest_human_R4_CORRELATIONS,false,false,false,true,true,true,ok,true,/Users/newhosung/Library/CloudStorage/OneDrive-SharedLibraries-ThePennsylvaniaStateUniversity/AI Adoption Meta Analysis - Documents/Meta/AI Adoption/PDFs/S016.pdf
S016,ANX-PE,ANX,PE,0.399,382.0,latest_human_R4_CORRELATIONS,false,false,false,true,true,true,ok,true,/Users/newhosung/Library/CloudStorage/OneDrive-SharedLibraries-ThePennsylvaniaStateUniversity/AI Adoption Meta Analysis - Documents/Meta/AI Adoption/PDFs/S016.pdf
S016,ANX-SE,ANX,SE,-0.003,382.0,latest_human_R4_CORRELATIONS,false,false,false,true,true,true,ok,true,/Users/newhosung/Library/CloudStorage/OneDrive-SharedLibraries-ThePennsylvaniaStateUniversity/AI Adoption Meta Analysis - Documents/Meta/AI Adoption/PDFs/S016.pdf
S016,ATT-BI,ATT,BI,0.405,382.0,latest_human_R4_CORRELATIONS,false,false,false,true,true,true,ok,true,/Users/newhosung/Library/CloudStorage/OneDrive-SharedLibraries-ThePennsylvaniaStateUniversity/AI Adoption Meta Analysis - Documents/Meta/AI Adoption/PDFs/S016.pdf
S016,ATT-EE,ATT,EE,0.301,382.0,latest_human_R4_CORRELATIONS,false,false,false,true,true,true,ok,true,/Users/newhosung/Library/CloudStorage/OneDrive-SharedLibraries-ThePennsylvaniaStateUniversity/AI Adoption Meta Analysis - Documents/Meta/AI Adoption/PDFs/S016.pdf
S016,ATT-FC,ATT,FC,0.348,382.0,latest_human_R4_CORRELATIONS,false,false,false,true,true,true,ok,true,/Users/newhosung/Library/CloudStorage/OneDrive-SharedLibraries-ThePennsylvaniaStateUniversity/AI Adoption Meta Analysis - Documents/Meta/AI Adoption/PDFs/S016.pdf
S016,ATT-PE,ATT,PE,0.355,382.0,latest_human_R4_CORRELATIONS,false,false,false,true,true,true,ok,true,/Users/newhosung/Library/CloudStorage/OneDrive-SharedLibraries-ThePennsylvaniaStateUniversity/AI Adoption Meta Analysis - Documents/Meta/AI Adoption/PDFs/S016.pdf
S016,ATT-SE,ATT,SE,0.075,382.0,latest_human_R4_CORRELATIONS,false,false,false,true,true,true,ok,true,/Users/newhosung/Library/CloudStorage/OneDrive-SharedLibraries-ThePennsylvaniaStateUniversity/AI Adoption Meta Analysis - Documents/Meta/AI Adoption/PDFs/S016.pdf
S016,BI-EE,BI,EE,0.311,382.0,latest_human_R4_CORRELATIONS,false,false,false,true,true,true,ok,true,/Users/newhosung/Library/CloudStorage/OneDrive-SharedLibraries-ThePennsylvaniaStateUniversity/AI Adoption Meta Analysis - Documents/Meta/AI Adoption/PDFs/S016.pdf
S016,BI-FC,BI,FC,0.388,382.0,latest_human_R4_CORRELATIONS,false,false,false,true,true,true,ok,true,/Users/newhosung/Library/CloudStorage/OneDrive-SharedLibraries-ThePennsylvaniaStateUniversity/AI Adoption Meta Analysis - Documents/Meta/AI Adoption/PDFs/S016.pdf
S016,BI-PE,BI,PE,0.357,382.0,latest_human_R4_CORRELATIONS,false,false,false,true,true,true,ok,true,/Users/newhosung/Library/CloudStorage/OneDrive-SharedLibraries-ThePennsylvaniaStateUniversity/AI Adoption Meta Analysis - Documents/Meta/AI Adoption/PDFs/S016.pdf
S016,BI-SE,BI,SE,0.042,382.0,latest_human_R4_CORRELATIONS,false,false,false,true,true,true,ok,true,/Users/newhosung/Library/CloudStorage/OneDrive-SharedLibraries-ThePennsylvaniaStateUniversity/AI Adoption Meta Analysis - Documents/Meta/AI Adoption/PDFs/S016.pdf
S016,EE-FC,EE,FC,0.338,382.0,latest_human_R4_CORRELATIONS,false,false,false,true,true,true,ok,true,/Users/newhosung/Library/CloudStorage/OneDrive-SharedLibraries-ThePennsylvaniaStateUniversity/AI Adoption Meta Analysis - Documents/Meta/AI Adoption/PDFs/S016.pdf
S016,EE-PE,EE,PE,0.375,382.0,latest_human_R4_CORRELATIONS,false,false,false,true,true,true,ok,true,/Users/newhosung/Library/CloudStorage/OneDrive-SharedLibraries-ThePennsylvaniaStateUniversity/AI Adoption Meta Analysis - Documents/Meta/AI Adoption/PDFs/S016.pdf
S016,EE-SE,EE,SE,0.037,382.0,latest_human_R4_CORRELATIONS,false,false,false,true,true,true,ok,true,/Users/newhosung/Library/CloudStorage/OneDrive-SharedLibraries-ThePennsylvaniaStateUniversity/AI Adoption Meta Analysis - Documents/Meta/AI Adoption/PDFs/S016.pdf
S016,FC-PE,FC,PE,0.405,382.0,latest_human_R4_CORRELATIONS,false,false,false,true,true,true,ok,true,/Users/newhosung/Library/CloudStorage/OneDrive-SharedLibraries-ThePennsylvaniaStateUniversity/AI Adoption Meta Analysis - Documents/Meta/AI Adoption/PDFs/S016.pdf
S016,FC-SE,FC,SE,-0.084,382.0,latest_human_R4_CORRELATIONS,false,false,false,true,true,true,ok,true,/Users/newhosung/Library/CloudStorage/OneDrive-SharedLibraries-ThePennsylvaniaStateUniversity/AI Adoption Meta Analysis - Documents/Meta/AI Adoption/PDFs/S016.pdf
S016,PE-SE,PE,SE,0.02,382.0,latest_human_R4_CORRELATIONS,false,false,false,true,true,true,ok,true,/Users/newhosung/Library/CloudStorage/OneDrive-SharedLibraries-ThePennsylvaniaStateUniversity/AI Adoption Meta Analysis - Documents/Meta/AI Adoption/PDFs/S016.pdf
S097,ATT-BI,ATT,BI,0.94,210.0,latest_human_R4_CORRELATIONS,false,false,false,true,true,true,ok,true,/Users/newhosung/Library/CloudStorage/OneDrive-SharedLibraries-ThePennsylvaniaStateUniversity/AI Adoption Meta Analysis - Documents/Meta/AI Adoption/PDFs/S097.pdf
S097,ATT-EE,ATT,EE,0.88,210.0,latest_human_R4_CORRELATIONS,false,false,false,true,true,true,ok,true,/Users/newhosung/Library/CloudStorage/OneDrive-SharedLibraries-ThePennsylvaniaStateUniversity/AI Adoption Meta Analysis - Documents/Meta/AI Adoption/PDFs/S097.pdf
S097,ATT-PE,ATT,PE,0.87,210.0,latest_human_R4_CORRELATIONS,false,false,false,true,true,true,ok,true,/Users/newhosung/Library/CloudStorage/OneDrive-SharedLibraries-ThePennsylvaniaStateUniversity/AI Adoption Meta Analysis - Documents/Meta/AI Adoption/PDFs/S097.pdf
S097,ATT-UB,ATT,UB,0.9,210.0,latest_human_R4_CORRELATIONS,false,false,false,true,true,true,ok,true,/Users/newhosung/Library/CloudStorage/OneDrive-SharedLibraries-ThePennsylvaniaStateUniversity/AI Adoption Meta Analysis - Documents/Meta/AI Adoption/PDFs/S097.pdf
S097,BI-EE,BI,EE,0.9,210.0,latest_human_R4_CORRELATIONS,false,false,false,true,true,true,ok,true,/Users/newhosung/Library/CloudStorage/OneDrive-SharedLibraries-ThePennsylvaniaStateUniversity/AI Adoption Meta Analysis - Documents/Meta/AI Adoption/PDFs/S097.pdf
S097,BI-PE,BI,PE,0.9,210.0,latest_human_R4_CORRELATIONS,false,false,false,true,true,true,ok,true,/Users/newhosung/Library/CloudStorage/OneDrive-SharedLibraries-ThePennsylvaniaStateUniversity/AI Adoption Meta Analysis - Documents/Meta/AI Adoption/PDFs/S097.pdf
S097,BI-UB,BI,UB,0.93,210.0,latest_human_R4_CORRELATIONS,false,false,false,true,true,true,ok,true,/Users/newhosung/Library/CloudStorage/OneDrive-SharedLibraries-ThePennsylvaniaStateUniversity/AI Adoption Meta Analysis - Documents/Meta/AI Adoption/PDFs/S097.pdf
S097,EE-PE,EE,PE,0.86,210.0,latest_human_R4_CORRELATIONS,false,false,false,true,true,true,ok,true,/Users/newhosung/Library/CloudStorage/OneDrive-SharedLibraries-ThePennsylvaniaStateUniversity/AI Adoption Meta Analysis - Documents/Meta/AI Adoption/PDFs/S097.pdf
S097,EE-UB,EE,UB,0.87,210.0,latest_human_R4_CORRELATIONS,false,false,false,true,true,true,ok,true,/Users/newhosung/Library/CloudStorage/OneDrive-SharedLibraries-ThePennsylvaniaStateUniversity/AI Adoption Meta Analysis - Documents/Meta/AI Adoption/PDFs/S097.pdf
S097,PE-UB,PE,UB,0.88,210.0,latest_human_R4_CORRELATIONS,false,false,false,true,true,true,ok,true,/Users/newhosung/Library/CloudStorage/OneDrive-SharedLibraries-ThePennsylvaniaStateUniversity/AI Adoption Meta Analysis - Documents/Meta/AI Adoption/PDFs/S097.pdf
S090,EE-PE,EE,PE,0.46,681.0,latest_human_R4_CORRELATIONS,false,false,false,true,true,true,ok,true,/Users/newhosung/Library/CloudStorage/OneDrive-SharedLibraries-ThePennsylvaniaStateUniversity/AI Adoption Meta Analysis - Documents/Meta/AI Adoption/PDFs/S090.pdf
S090,EE-UB,EE,UB,0.47,681.0,latest_human_R4_CORRELATIONS,false,false,false,true,true,true,ok,true,/Users/newhosung/Library/CloudStorage/OneDrive-SharedLibraries-ThePennsylvaniaStateUniversity/AI Adoption Meta Analysis - Documents/Meta/AI Adoption/PDFs/S090.pdf
S090,PE-UB,PE,UB,0.74,681.0,latest_human_R4_CORRELATIONS,false,false,false,true,true,true,ok,true,/Users/newhosung/Library/CloudStorage/OneDrive-SharedLibraries-ThePennsylvaniaStateUniversity/AI Adoption Meta Analysis - Documents/Meta/AI Adoption/PDFs/S090.pdf
S176,BI-EE,BI,EE,0.23,1214.0,latest_human_R4_CORRELATIONS,false,false,false,true,true,true,ok,true,/Users/newhosung/Library/CloudStorage/OneDrive-SharedLibraries-ThePennsylvaniaStateUniversity/AI Adoption Meta Analysis - Documents/Meta/AI Adoption/PDFs/S176.pdf
S176,BI-FC,BI,FC,0.53,1214.0,latest_human_R4_CORRELATIONS,false,false,false,true,true,true,ok,true,/Users/newhosung/Library/CloudStorage/OneDrive-SharedLibraries-ThePennsylvaniaStateUniversity/AI Adoption Meta Analysis - Documents/Meta/AI Adoption/PDFs/S176.pdf
S176,BI-PE,BI,PE,0.05,1214.0,latest_human_R4_CORRELATIONS,false,false,false,true,true,true,ok,true,/Users/newhosung/Library/CloudStorage/OneDrive-SharedLibraries-ThePennsylvaniaStateUniversity/AI Adoption Meta Analysis - Documents/Meta/AI Adoption/PDFs/S176.pdf
S176,BI-SI,BI,SI,0.09,1214.0,latest_human_R4_CORRELATIONS,false,false,false,true,true,true,ok,true,/Users/newhosung/Library/CloudStorage/OneDrive-SharedLibraries-ThePennsylvaniaStateUniversity/AI Adoption Meta Analysis - Documents/Meta/AI Adoption/PDFs/S176.pdf
S176,BI-TRU,BI,TRU,0.57,1214.0,latest_human_R4_CORRELATIONS,false,false,false,true,true,true,ok,true,/Users/newhosung/Library/CloudStorage/OneDrive-SharedLibraries-ThePennsylvaniaStateUniversity/AI Adoption Meta Analysis - Documents/Meta/AI Adoption/PDFs/S176.pdf
S176,BI-UB,BI,UB,0.63,1214.0,latest_human_R4_CORRELATIONS,false,false,false,true,true,true,ok,true,/Users/newhosung/Library/CloudStorage/OneDrive-SharedLibraries-ThePennsylvaniaStateUniversity/AI Adoption Meta Analysis - Documents/Meta/AI Adoption/PDFs/S176.pdf
S176,EE-FC,EE,FC,0.24,1214.0,latest_human_R4_CORRELATIONS,false,false,false,true,true,true,ok,true,/Users/newhosung/Library/CloudStorage/OneDrive-SharedLibraries-ThePennsylvaniaStateUniversity/AI Adoption Meta Analysis - Documents/Meta/AI Adoption/PDFs/S176.pdf
S176,EE-PE,EE,PE,0.15,1214.0,latest_human_R4_CORRELATIONS,false,false,false,true,true,true,ok,true,/Users/newhosung/Library/CloudStorage/OneDrive-SharedLibraries-ThePennsylvaniaStateUniversity/AI Adoption Meta Analysis - Documents/Meta/AI Adoption/PDFs/S176.pdf
S176,EE-SI,EE,SI,0.02,1214.0,latest_human_R4_CORRELATIONS,false,false,false,true,true,true,ok,true,/Users/newhosung/Library/CloudStorage/OneDrive-SharedLibraries-ThePennsylvaniaStateUniversity/AI Adoption Meta Analysis - Documents/Meta/AI Adoption/PDFs/S176.pdf
S176,EE-TRU,EE,TRU,0.31,1214.0,latest_human_R4_CORRELATIONS,false,false,false,true,true,true,ok,true,/Users/newhosung/Library/CloudStorage/OneDrive-SharedLibraries-ThePennsylvaniaStateUniversity/AI Adoption Meta Analysis - Documents/Meta/AI Adoption/PDFs/S176.pdf
S176,EE-UB,EE,UB,0.25,1214.0,latest_human_R4_CORRELATIONS,false,false,false,true,true,true,ok,true,/Users/newhosung/Library/CloudStorage/OneDrive-SharedLibraries-ThePennsylvaniaStateUniversity/AI Adoption Meta Analysis - Documents/Meta/AI Adoption/PDFs/S176.pdf
S176,FC-PE,FC,PE,0.39,1214.0,latest_human_R4_CORRELATIONS,false,false,false,true,true,true,ok,true,/Users/newhosung/Library/CloudStorage/OneDrive-SharedLibraries-ThePennsylvaniaStateUniversity/AI Adoption Meta Analysis - Documents/Meta/AI Adoption/PDFs/S176.pdf
S176,FC-SI,FC,SI,0.32,1214.0,latest_human_R4_CORRELATIONS,false,false,false,true,true,true,ok,true,/Users/newhosung/Library/CloudStorage/OneDrive-SharedLibraries-ThePennsylvaniaStateUniversity/AI Adoption Meta Analysis - Documents/Meta/AI Adoption/PDFs/S176.pdf
S176,FC-TRU,FC,TRU,0.55,1214.0,latest_human_R4_CORRELATIONS,false,false,false,true,true,true,ok,true,/Users/newhosung/Library/CloudStorage/OneDrive-SharedLibraries-ThePennsylvaniaStateUniversity/AI Adoption Meta Analysis - Documents/Meta/AI Adoption/PDFs/S176.pdf
S176,FC-UB,FC,UB,0.71,1214.0,latest_human_R4_CORRELATIONS,false,false,false,true,true,true,ok,true,/Users/newhosung/Library/CloudStorage/OneDrive-SharedLibraries-ThePennsylvaniaStateUniversity/AI Adoption Meta Analysis - Documents/Meta/AI Adoption/PDFs/S176.pdf
S176,PE-SI,PE,SI,0.75,1214.0,latest_human_R4_CORRELATIONS,false,false,false,true,true,true,ok,true,/Users/newhosung/Library/CloudStorage/OneDrive-SharedLibraries-ThePennsylvaniaStateUniversity/AI Adoption Meta Analysis - Documents/Meta/AI Adoption/PDFs/S176.pdf
S176,PE-TRU,PE,TRU,0.25,1214.0,latest_human_R4_CORRELATIONS,false,false,false,true,true,true,ok,true,/Users/newhosung/Library/CloudStorage/OneDrive-SharedLibraries-ThePennsylvaniaStateUniversity/AI Adoption Meta Analysis - Documents/Meta/AI Adoption/PDFs/S176.pdf
S176,PE-UB,PE,UB,0.47,1214.0,latest_human_R4_CORRELATIONS,false,false,false,true,true,true,ok,true,/Users/newhosung/Library/CloudStorage/OneDrive-SharedLibraries-ThePennsylvaniaStateUniversity/AI Adoption Meta Analysis - Documents/Meta/AI Adoption/PDFs/S176.pdf
S176,SI-TRU,SI,TRU,0.32,1214.0,latest_human_R4_CORRELATIONS,false,false,false,true,true,true,ok,true,/Users/newhosung/Library/CloudStorage/OneDrive-SharedLibraries-ThePennsylvaniaStateUniversity/AI Adoption Meta Analysis - Documents/Meta/AI Adoption/PDFs/S176.pdf
S176,SI-UB,SI,UB,0.37,1214.0,latest_human_R4_CORRELATIONS,false,false,false,true,true,true,ok,true,/Users/newhosung/Library/CloudStorage/OneDrive-SharedLibraries-ThePennsylvaniaStateUniversity/AI Adoption Meta Analysis - Documents/Meta/AI Adoption/PDFs/S176.pdf
S176,TRU-UB,TRU,UB,0.67,1214.0,latest_human_R4_CORRELATIONS,false,false,false,true,true,true,ok,true,/Users/newhosung/Library/CloudStorage/OneDrive-SharedLibraries-ThePennsylvaniaStateUniversity/AI Adoption Meta Analysis - Documents/Meta/AI Adoption/PDFs/S176.pdf
S047,BI-EE,BI,EE,0.448,359.0,latest_human_R4_CORRELATIONS,false,false,false,true,true,true,ok,true,/Users/newhosung/Library/CloudStorage/OneDrive-SharedLibraries-ThePennsylvaniaStateUniversity/AI Adoption Meta Analysis - Documents/Meta/AI Adoption/PDFs/S047.pdf
S047,BI-FC,BI,FC,0.308,359.0,latest_human_R4_CORRELATIONS,false,false,false,true,true,true,ok,true,/Users/newhosung/Library/CloudStorage/OneDrive-SharedLibraries-ThePennsylvaniaStateUniversity/AI Adoption Meta Analysis - Documents/Meta/AI Adoption/PDFs/S047.pdf
S047,BI-PE,BI,PE,0.524,359.0,latest_human_R4_CORRELATIONS,false,false,false,true,true,true,ok,true,/Users/newhosung/Library/CloudStorage/OneDrive-SharedLibraries-ThePennsylvaniaStateUniversity/AI Adoption Meta Analysis - Documents/Meta/AI Adoption/PDFs/S047.pdf
S047,BI-SI,BI,SI,0.534,359.0,latest_human_R4_CORRELATIONS,false,false,false,true,true,true,ok,true,/Users/newhosung/Library/CloudStorage/OneDrive-SharedLibraries-ThePennsylvaniaStateUniversity/AI Adoption Meta Analysis - Documents/Meta/AI Adoption/PDFs/S047.pdf
S047,EE-FC,EE,FC,0.304,359.0,latest_human_R4_CORRELATIONS,false,false,false,true,true,true,ok,true,/Users/newhosung/Library/CloudStorage/OneDrive-SharedLibraries-ThePennsylvaniaStateUniversity/AI Adoption Meta Analysis - Documents/Meta/AI Adoption/PDFs/S047.pdf
S047,EE-PE,EE,PE,0.573,359.0,latest_human_R4_CORRELATIONS,false,false,false,true,true,true,ok,true,/Users/newhosung/Library/CloudStorage/OneDrive-SharedLibraries-ThePennsylvaniaStateUniversity/AI Adoption Meta Analysis - Documents/Meta/AI Adoption/PDFs/S047.pdf
S047,EE-SI,EE,SI,0.506,359.0,latest_human_R4_CORRELATIONS,false,false,false,true,true,true,ok,true,/Users/newhosung/Library/CloudStorage/OneDrive-SharedLibraries-ThePennsylvaniaStateUniversity/AI Adoption Meta Analysis - Documents/Meta/AI Adoption/PDFs/S047.pdf
S047,FC-PE,FC,PE,0.325,359.0,latest_human_R4_CORRELATIONS,false,false,false,true,true,true,ok,true,/Users/newhosung/Library/CloudStorage/OneDrive-SharedLibraries-ThePennsylvaniaStateUniversity/AI Adoption Meta Analysis - Documents/Meta/AI Adoption/PDFs/S047.pdf
S047,FC-SI,FC,SI,0.488,359.0,latest_human_R4_CORRELATIONS,false,false,false,true,true,true,ok,true,/Users/newhosung/Library/CloudStorage/OneDrive-SharedLibraries-ThePennsylvaniaStateUniversity/AI Adoption Meta Analysis - Documents/Meta/AI Adoption/PDFs/S047.pdf
S047,PE-SI,PE,SI,0.639,359.0,latest_human_R4_CORRELATIONS,false,false,false,true,true,true,ok,true,/Users/newhosung/Library/CloudStorage/OneDrive-SharedLibraries-ThePennsylvaniaStateUniversity/AI Adoption Meta Analysis - Documents/Meta/AI Adoption/PDFs/S047.pdf
S072,ANX-BI,ANX,BI,-0.623,500.0,latest_human_R4_CORRELATIONS,false,false,false,true,false,true,ok,false,/Users/newhosung/Library/CloudStorage/OneDrive-SharedLibraries-ThePennsylvaniaStateUniversity/AI Adoption Meta Analysis - Documents/Meta/AI Adoption/PDFs/S072.pdf
S072,ANX-EE,ANX,EE,-0.592,500.0,latest_human_R4_CORRELATIONS,false,false,false,true,false,true,ok,false,/Users/newhosung/Library/CloudStorage/OneDrive-SharedLibraries-ThePennsylvaniaStateUniversity/AI Adoption Meta Analysis - Documents/Meta/AI Adoption/PDFs/S072.pdf
S072,ANX-FC,ANX,FC,-0.568,500.0,latest_human_R4_CORRELATIONS,false,false,false,true,false,true,ok,false,/Users/newhosung/Library/CloudStorage/OneDrive-SharedLibraries-ThePennsylvaniaStateUniversity/AI Adoption Meta Analysis - Documents/Meta/AI Adoption/PDFs/S072.pdf
S072,ANX-PE,ANX,PE,-0.522,500.0,latest_human_R4_CORRELATIONS,false,false,false,true,false,true,ok,false,/Users/newhosung/Library/CloudStorage/OneDrive-SharedLibraries-ThePennsylvaniaStateUniversity/AI Adoption Meta Analysis - Documents/Meta/AI Adoption/PDFs/S072.pdf
S072,ANX-SI,ANX,SI,-0.571,500.0,latest_human_R4_CORRELATIONS,false,false,false,true,false,true,ok,false,/Users/newhosung/Library/CloudStorage/OneDrive-SharedLibraries-ThePennsylvaniaStateUniversity/AI Adoption Meta Analysis - Documents/Meta/AI Adoption/PDFs/S072.pdf
S072,ANX-UB,ANX,UB,-0.506,500.0,latest_human_R4_CORRELATIONS,false,false,false,true,false,true,ok,false,/Users/newhosung/Library/CloudStorage/OneDrive-SharedLibraries-ThePennsylvaniaStateUniversity/AI Adoption Meta Analysis - Documents/Meta/AI Adoption/PDFs/S072.pdf
S072,BI-EE,BI,EE,0.664,500.0,latest_human_R4_CORRELATIONS,false,false,false,true,true,true,ok,true,/Users/newhosung/Library/CloudStorage/OneDrive-SharedLibraries-ThePennsylvaniaStateUniversity/AI Adoption Meta Analysis - Documents/Meta/AI Adoption/PDFs/S072.pdf
S072,BI-FC,BI,FC,0.666,500.0,latest_human_R4_CORRELATIONS,false,false,false,true,true,true,ok,true,/Users/newhosung/Library/CloudStorage/OneDrive-SharedLibraries-ThePennsylvaniaStateUniversity/AI Adoption Meta Analysis - Documents/Meta/AI Adoption/PDFs/S072.pdf
S072,BI-PE,BI,PE,0.636,500.0,latest_human_R4_CORRELATIONS,false,false,false,true,true,true,ok,true,/Users/newhosung/Library/CloudStorage/OneDrive-SharedLibraries-ThePennsylvaniaStateUniversity/AI Adoption Meta Analysis - Documents/Meta/AI Adoption/PDFs/S072.pdf
S072,BI-SI,BI,SI,0.696,500.0,latest_human_R4_CORRELATIONS,false,false,false,true,true,true,ok,true,/Users/newhosung/Library/CloudStorage/OneDrive-SharedLibraries-ThePennsylvaniaStateUniversity/AI Adoption Meta Analysis - Documents/Meta/AI Adoption/PDFs/S072.pdf
S072,BI-UB,BI,UB,0.646,500.0,latest_human_R4_CORRELATIONS,false,false,false,true,true,true,ok,true,/Users/newhosung/Library/CloudStorage/OneDrive-SharedLibraries-ThePennsylvaniaStateUniversity/AI Adoption Meta Analysis - Documents/Meta/AI Adoption/PDFs/S072.pdf
S072,EE-FC,EE,FC,0.68,500.0,latest_human_R4_CORRELATIONS,false,false,false,true,true,true,ok,true,/Users/newhosung/Library/CloudStorage/OneDrive-SharedLibraries-ThePennsylvaniaStateUniversity/AI Adoption Meta Analysis - Documents/Meta/AI Adoption/PDFs/S072.pdf
S072,EE-PE,EE,PE,0.706,500.0,latest_human_R4_CORRELATIONS,false,false,false,true,true,true,ok,true,/Users/newhosung/Library/CloudStorage/OneDrive-SharedLibraries-ThePennsylvaniaStateUniversity/AI Adoption Meta Analysis - Documents/Meta/AI Adoption/PDFs/S072.pdf
S072,EE-SI,EE,SI,0.717,500.0,latest_human_R4_CORRELATIONS,false,false,false,true,true,true,ok,true,/Users/newhosung/Library/CloudStorage/OneDrive-SharedLibraries-ThePennsylvaniaStateUniversity/AI Adoption Meta Analysis - Documents/Meta/AI Adoption/PDFs/S072.pdf
S072,EE-UB,EE,UB,0.646,500.0,latest_human_R4_CORRELATIONS,false,false,false,true,true,true,ok,true,/Users/newhosung/Library/CloudStorage/OneDrive-SharedLibraries-ThePennsylvaniaStateUniversity/AI Adoption Meta Analysis - Documents/Meta/AI Adoption/PDFs/S072.pdf
S072,FC-PE,FC,PE,0.705,500.0,latest_human_R4_CORRELATIONS,false,false,false,true,true,true,ok,true,/Users/newhosung/Library/CloudStorage/OneDrive-SharedLibraries-ThePennsylvaniaStateUniversity/AI Adoption Meta Analysis - Documents/Meta/AI Adoption/PDFs/S072.pdf
S072,FC-SI,FC,SI,0.734,500.0,latest_human_R4_CORRELATIONS,false,false,false,true,true,true,ok,true,/Users/newhosung/Library/CloudStorage/OneDrive-SharedLibraries-ThePennsylvaniaStateUniversity/AI Adoption Meta Analysis - Documents/Meta/AI Adoption/PDFs/S072.pdf
S072,FC-UB,FC,UB,0.591,500.0,latest_human_R4_CORRELATIONS,false,false,false,true,true,true,ok,true,/Users/newhosung/Library/CloudStorage/OneDrive-SharedLibraries-ThePennsylvaniaStateUniversity/AI Adoption Meta Analysis - Documents/Meta/AI Adoption/PDFs/S072.pdf
S072,PE-SI,PE,SI,0.67,500.0,latest_human_R4_CORRELATIONS,false,false,false,true,true,true,ok,true,/Users/newhosung/Library/CloudStorage/OneDrive-SharedLibraries-ThePennsylvaniaStateUniversity/AI Adoption Meta Analysis - Documents/Meta/AI Adoption/PDFs/S072.pdf
S072,PE-UB,PE,UB,0.464,500.0,latest_human_R4_CORRELATIONS,false,false,false,true,true,true,ok,true,/Users/newhosung/Library/CloudStorage/OneDrive-SharedLibraries-ThePennsylvaniaStateUniversity/AI Adoption Meta Analysis - Documents/Meta/AI Adoption/PDFs/S072.pdf
S072,SI-UB,SI,UB,0.498,500.0,latest_human_R4_CORRELATIONS,false,false,false,true,true,true,ok,true,/Users/newhosung/Library/CloudStorage/OneDrive-SharedLibraries-ThePennsylvaniaStateUniversity/AI Adoption Meta Analysis - Documents/Meta/AI Adoption/PDFs/S072.pdf
S219,ANX-ATT,ANX,ATT,-0.08,432.0,latest_human_R4_CORRELATIONS,false,false,false,true,false,true,ok,false,/Users/newhosung/Library/CloudStorage/OneDrive-SharedLibraries-ThePennsylvaniaStateUniversity/AI Adoption Meta Analysis - Documents/Meta/AI Adoption/PDFs/S219.pdf
S219,ANX-BI,ANX,BI,-0.12,432.0,latest_human_R4_CORRELATIONS,false,false,false,true,false,true,ok,false,/Users/newhosung/Library/CloudStorage/OneDrive-SharedLibraries-ThePennsylvaniaStateUniversity/AI Adoption Meta Analysis - Documents/Meta/AI Adoption/PDFs/S219.pdf
S219,ANX-EE,ANX,EE,-0.1,432.0,latest_human_R4_CORRELATIONS,false,false,false,true,false,true,ok,false,/Users/newhosung/Library/CloudStorage/OneDrive-SharedLibraries-ThePennsylvaniaStateUniversity/AI Adoption Meta Analysis - Documents/Meta/AI Adoption/PDFs/S219.pdf
S219,ANX-PE,ANX,PE,-0.07,432.0,latest_human_R4_CORRELATIONS,false,false,false,true,false,true,ok,false,/Users/newhosung/Library/CloudStorage/OneDrive-SharedLibraries-ThePennsylvaniaStateUniversity/AI Adoption Meta Analysis - Documents/Meta/AI Adoption/PDFs/S219.pdf
S219,ATT-BI,ATT,BI,0.65,432.0,latest_human_R4_CORRELATIONS,false,false,false,true,true,true,ok,true,/Users/newhosung/Library/CloudStorage/OneDrive-SharedLibraries-ThePennsylvaniaStateUniversity/AI Adoption Meta Analysis - Documents/Meta/AI Adoption/PDFs/S219.pdf
S219,ATT-EE,ATT,EE,0.6,432.0,latest_human_R4_CORRELATIONS,false,false,false,true,true,true,ok,true,/Users/newhosung/Library/CloudStorage/OneDrive-SharedLibraries-ThePennsylvaniaStateUniversity/AI Adoption Meta Analysis - Documents/Meta/AI Adoption/PDFs/S219.pdf
S219,ATT-PE,ATT,PE,0.63,432.0,latest_human_R4_CORRELATIONS,false,false,false,true,true,true,ok,true,/Users/newhosung/Library/CloudStorage/OneDrive-SharedLibraries-ThePennsylvaniaStateUniversity/AI Adoption Meta Analysis - Documents/Meta/AI Adoption/PDFs/S219.pdf
S219,BI-EE,BI,EE,0.56,432.0,latest_human_R4_CORRELATIONS,false,false,false,true,true,true,ok,true,/Users/newhosung/Library/CloudStorage/OneDrive-SharedLibraries-ThePennsylvaniaStateUniversity/AI Adoption Meta Analysis - Documents/Meta/AI Adoption/PDFs/S219.pdf
S219,BI-PE,BI,PE,0.5,432.0,latest_human_R4_CORRELATIONS,false,false,false,true,true,true,ok,true,/Users/newhosung/Library/CloudStorage/OneDrive-SharedLibraries-ThePennsylvaniaStateUniversity/AI Adoption Meta Analysis - Documents/Meta/AI Adoption/PDFs/S219.pdf
S219,EE-PE,EE,PE,0.61,432.0,latest_human_R4_CORRELATIONS,false,false,false,true,true,true,ok,true,/Users/newhosung/Library/CloudStorage/OneDrive-SharedLibraries-ThePennsylvaniaStateUniversity/AI Adoption Meta Analysis - Documents/Meta/AI Adoption/PDFs/S219.pdf
S052,BI-EE,BI,EE,0.701,524.0,latest_human_R4_CORRELATIONS,false,false,false,true,true,true,ok,true,/Users/newhosung/Library/CloudStorage/OneDrive-SharedLibraries-ThePennsylvaniaStateUniversity/AI Adoption Meta Analysis - Documents/Meta/AI Adoption/PDFs/S052.pdf
S052,BI-FC,BI,FC,0.546,524.0,latest_human_R4_CORRELATIONS,false,false,false,true,true,true,ok,true,/Users/newhosung/Library/CloudStorage/OneDrive-SharedLibraries-ThePennsylvaniaStateUniversity/AI Adoption Meta Analysis - Documents/Meta/AI Adoption/PDFs/S052.pdf
S052,BI-PE,BI,PE,0.804,524.0,latest_human_R4_CORRELATIONS,false,false,false,true,true,true,ok,true,/Users/newhosung/Library/CloudStorage/OneDrive-SharedLibraries-ThePennsylvaniaStateUniversity/AI Adoption Meta Analysis - Documents/Meta/AI Adoption/PDFs/S052.pdf
S052,BI-SI,BI,SI,0.613,524.0,latest_human_R4_CORRELATIONS,false,false,false,true,true,true,ok,true,/Users/newhosung/Library/CloudStorage/OneDrive-SharedLibraries-ThePennsylvaniaStateUniversity/AI Adoption Meta Analysis - Documents/Meta/AI Adoption/PDFs/S052.pdf
S052,EE-FC,EE,FC,0.557,524.0,latest_human_R4_CORRELATIONS,false,false,false,true,true,true,ok,true,/Users/newhosung/Library/CloudStorage/OneDrive-SharedLibraries-ThePennsylvaniaStateUniversity/AI Adoption Meta Analysis - Documents/Meta/AI Adoption/PDFs/S052.pdf
S052,EE-PE,EE,PE,0.796,524.0,latest_human_R4_CORRELATIONS,false,false,false,true,true,true,ok,true,/Users/newhosung/Library/CloudStorage/OneDrive-SharedLibraries-ThePennsylvaniaStateUniversity/AI Adoption Meta Analysis - Documents/Meta/AI Adoption/PDFs/S052.pdf
S052,EE-SI,EE,SI,0.542,524.0,latest_human_R4_CORRELATIONS,false,false,false,true,true,true,ok,true,/Users/newhosung/Library/CloudStorage/OneDrive-SharedLibraries-ThePennsylvaniaStateUniversity/AI Adoption Meta Analysis - Documents/Meta/AI Adoption/PDFs/S052.pdf
S052,FC-PE,FC,PE,0.538,524.0,latest_human_R4_CORRELATIONS,false,false,false,true,true,true,ok,true,/Users/newhosung/Library/CloudStorage/OneDrive-SharedLibraries-ThePennsylvaniaStateUniversity/AI Adoption Meta Analysis - Documents/Meta/AI Adoption/PDFs/S052.pdf
S052,FC-SI,FC,SI,0.413,524.0,latest_human_R4_CORRELATIONS,false,false,false,true,true,true,ok,true,/Users/newhosung/Library/CloudStorage/OneDrive-SharedLibraries-ThePennsylvaniaStateUniversity/AI Adoption Meta Analysis - Documents/Meta/AI Adoption/PDFs/S052.pdf
S052,PE-SI,PE,SI,0.651,524.0,latest_human_R4_CORRELATIONS,false,false,false,true,true,true,ok,true,/Users/newhosung/Library/CloudStorage/OneDrive-SharedLibraries-ThePennsylvaniaStateUniversity/AI Adoption Meta Analysis - Documents/Meta/AI Adoption/PDFs/S052.pdf
S146,BI-EE,BI,EE,0.566,346.0,latest_human_R4_CORRELATIONS,false,false,false,true,true,true,ok,true,/Users/newhosung/Library/CloudStorage/OneDrive-SharedLibraries-ThePennsylvaniaStateUniversity/AI Adoption Meta Analysis - Documents/Meta/AI Adoption/PDFs/S146.pdf
S146,BI-PE,BI,PE,0.459,346.0,latest_human_R4_CORRELATIONS,false,false,false,true,true,true,ok,true,/Users/newhosung/Library/CloudStorage/OneDrive-SharedLibraries-ThePennsylvaniaStateUniversity/AI Adoption Meta Analysis - Documents/Meta/AI Adoption/PDFs/S146.pdf
S146,BI-SE,BI,SE,0.33,346.0,latest_human_R4_CORRELATIONS,false,false,false,true,true,true,ok,true,/Users/newhosung/Library/CloudStorage/OneDrive-SharedLibraries-ThePennsylvaniaStateUniversity/AI Adoption Meta Analysis - Documents/Meta/AI Adoption/PDFs/S146.pdf
S146,BI-SI,BI,SI,0.379,346.0,latest_human_R4_CORRELATIONS,false,false,false,true,true,true,ok,true,/Users/newhosung/Library/CloudStorage/OneDrive-SharedLibraries-ThePennsylvaniaStateUniversity/AI Adoption Meta Analysis - Documents/Meta/AI Adoption/PDFs/S146.pdf
S146,BI-UB,BI,UB,0.482,346.0,latest_human_R4_CORRELATIONS,false,false,false,true,true,true,ok,true,/Users/newhosung/Library/CloudStorage/OneDrive-SharedLibraries-ThePennsylvaniaStateUniversity/AI Adoption Meta Analysis - Documents/Meta/AI Adoption/PDFs/S146.pdf
S146,EE-PE,EE,PE,0.587,346.0,latest_human_R4_CORRELATIONS,false,false,false,true,true,true,ok,true,/Users/newhosung/Library/CloudStorage/OneDrive-SharedLibraries-ThePennsylvaniaStateUniversity/AI Adoption Meta Analysis - Documents/Meta/AI Adoption/PDFs/S146.pdf
S146,EE-SE,EE,SE,0.268,346.0,latest_human_R4_CORRELATIONS,false,false,false,true,true,true,ok,true,/Users/newhosung/Library/CloudStorage/OneDrive-SharedLibraries-ThePennsylvaniaStateUniversity/AI Adoption Meta Analysis - Documents/Meta/AI Adoption/PDFs/S146.pdf
S146,EE-SI,EE,SI,0.468,346.0,latest_human_R4_CORRELATIONS,false,false,false,true,true,true,ok,true,/Users/newhosung/Library/CloudStorage/OneDrive-SharedLibraries-ThePennsylvaniaStateUniversity/AI Adoption Meta Analysis - Documents/Meta/AI Adoption/PDFs/S146.pdf
S146,EE-UB,EE,UB,0.327,346.0,latest_human_R4_CORRELATIONS,false,false,false,true,true,true,ok,true,/Users/newhosung/Library/CloudStorage/OneDrive-SharedLibraries-ThePennsylvaniaStateUniversity/AI Adoption Meta Analysis - Documents/Meta/AI Adoption/PDFs/S146.pdf
S146,PE-SE,PE,SE,0.529,346.0,latest_human_R4_CORRELATIONS,false,false,false,true,true,true,ok,true,/Users/newhosung/Library/CloudStorage/OneDrive-SharedLibraries-ThePennsylvaniaStateUniversity/AI Adoption Meta Analysis - Documents/Meta/AI Adoption/PDFs/S146.pdf
S146,PE-SI,PE,SI,0.487,346.0,latest_human_R4_CORRELATIONS,false,false,false,true,true,true,ok,true,/Users/newhosung/Library/CloudStorage/OneDrive-SharedLibraries-ThePennsylvaniaStateUniversity/AI Adoption Meta Analysis - Documents/Meta/AI Adoption/PDFs/S146.pdf
S146,PE-UB,PE,UB,0.338,346.0,latest_human_R4_CORRELATIONS,false,false,false,true,true,true,ok,true,/Users/newhosung/Library/CloudStorage/OneDrive-SharedLibraries-ThePennsylvaniaStateUniversity/AI Adoption Meta Analysis - Documents/Meta/AI Adoption/PDFs/S146.pdf
S146,SE-SI,SE,SI,0.438,346.0,latest_human_R4_CORRELATIONS,false,false,false,true,true,true,ok,true,/Users/newhosung/Library/CloudStorage/OneDrive-SharedLibraries-ThePennsylvaniaStateUniversity/AI Adoption Meta Analysis - Documents/Meta/AI Adoption/PDFs/S146.pdf
S146,SE-UB,SE,UB,0.38,346.0,latest_human_R4_CORRELATIONS,false,false,false,true,true,true,ok,true,/Users/newhosung/Library/CloudStorage/OneDrive-SharedLibraries-ThePennsylvaniaStateUniversity/AI Adoption Meta Analysis - Documents/Meta/AI Adoption/PDFs/S146.pdf
S146,SI-UB,SI,UB,0.383,346.0,latest_human_R4_CORRELATIONS,false,false,false,true,true,true,ok,true,/Users/newhosung/Library/CloudStorage/OneDrive-SharedLibraries-ThePennsylvaniaStateUniversity/AI Adoption Meta Analysis - Documents/Meta/AI Adoption/PDFs/S146.pdf
S111,BI-PE,BI,PE,0.703,224.0,latest_human_R4_CORRELATIONS,false,false,false,true,true,true,ok,true,/Users/newhosung/Library/CloudStorage/OneDrive-SharedLibraries-ThePennsylvaniaStateUniversity/AI Adoption Meta Analysis - Documents/Meta/AI Adoption/PDFs/S111.pdf
S111,BI-SE,BI,SE,0.769,224.0,latest_human_R4_CORRELATIONS,false,false,false,true,true,true,ok,true,/Users/newhosung/Library/CloudStorage/OneDrive-SharedLibraries-ThePennsylvaniaStateUniversity/AI Adoption Meta Analysis - Documents/Meta/AI Adoption/PDFs/S111.pdf
S111,BI-SI,BI,SI,0.806,224.0,latest_human_R4_CORRELATIONS,false,false,false,true,true,true,ok,true,/Users/newhosung/Library/CloudStorage/OneDrive-SharedLibraries-ThePennsylvaniaStateUniversity/AI Adoption Meta Analysis - Documents/Meta/AI Adoption/PDFs/S111.pdf
S111,PE-SE,PE,SE,0.722,224.0,latest_human_R4_CORRELATIONS,false,false,false,true,true,true,ok,true,/Users/newhosung/Library/CloudStorage/OneDrive-SharedLibraries-ThePennsylvaniaStateUniversity/AI Adoption Meta Analysis - Documents/Meta/AI Adoption/PDFs/S111.pdf
S111,PE-SI,PE,SI,0.667,224.0,latest_human_R4_CORRELATIONS,false,false,false,true,true,true,ok,true,/Users/newhosung/Library/CloudStorage/OneDrive-SharedLibraries-ThePennsylvaniaStateUniversity/AI Adoption Meta Analysis - Documents/Meta/AI Adoption/PDFs/S111.pdf
S111,SE-SI,SE,SI,0.828,224.0,latest_human_R4_CORRELATIONS,false,false,false,true,true,true,ok,true,/Users/newhosung/Library/CloudStorage/OneDrive-SharedLibraries-ThePennsylvaniaStateUniversity/AI Adoption Meta Analysis - Documents/Meta/AI Adoption/PDFs/S111.pdf
S045,ATT-BI,ATT,BI,0.712,184.0,latest_human_R4_CORRELATIONS,false,false,false,true,true,true,ok,true,/Users/newhosung/Library/CloudStorage/OneDrive-SharedLibraries-ThePennsylvaniaStateUniversity/AI Adoption Meta Analysis - Documents/Meta/AI Adoption/PDFs/S045.pdf
S045,ATT-EE,ATT,EE,0.561,184.0,latest_human_R4_CORRELATIONS,false,false,false,true,true,true,ok,true,/Users/newhosung/Library/CloudStorage/OneDrive-SharedLibraries-ThePennsylvaniaStateUniversity/AI Adoption Meta Analysis - Documents/Meta/AI Adoption/PDFs/S045.pdf
S045,ATT-PE,ATT,PE,0.748,184.0,latest_human_R4_CORRELATIONS,false,false,false,true,true,true,ok,true,/Users/newhosung/Library/CloudStorage/OneDrive-SharedLibraries-ThePennsylvaniaStateUniversity/AI Adoption Meta Analysis - Documents/Meta/AI Adoption/PDFs/S045.pdf
S045,ATT-UB,ATT,UB,0.683,184.0,latest_human_R4_CORRELATIONS,false,false,false,true,true,true,ok,true,/Users/newhosung/Library/CloudStorage/OneDrive-SharedLibraries-ThePennsylvaniaStateUniversity/AI Adoption Meta Analysis - Documents/Meta/AI Adoption/PDFs/S045.pdf
S045,BI-EE,BI,EE,0.393,184.0,latest_human_R4_CORRELATIONS,false,false,false,true,true,true,ok,true,/Users/newhosung/Library/CloudStorage/OneDrive-SharedLibraries-ThePennsylvaniaStateUniversity/AI Adoption Meta Analysis - Documents/Meta/AI Adoption/PDFs/S045.pdf
S045,BI-PE,BI,PE,0.745,184.0,latest_human_R4_CORRELATIONS,false,false,false,true,true,true,ok,true,/Users/newhosung/Library/CloudStorage/OneDrive-SharedLibraries-ThePennsylvaniaStateUniversity/AI Adoption Meta Analysis - Documents/Meta/AI Adoption/PDFs/S045.pdf
S045,BI-UB,BI,UB,0.615,184.0,latest_human_R4_CORRELATIONS,false,false,false,true,true,true,ok,true,/Users/newhosung/Library/CloudStorage/OneDrive-SharedLibraries-ThePennsylvaniaStateUniversity/AI Adoption Meta Analysis - Documents/Meta/AI Adoption/PDFs/S045.pdf
S045,EE-PE,EE,PE,0.572,184.0,latest_human_R4_CORRELATIONS,false,false,false,true,true,true,ok,true,/Users/newhosung/Library/CloudStorage/OneDrive-SharedLibraries-ThePennsylvaniaStateUniversity/AI Adoption Meta Analysis - Documents/Meta/AI Adoption/PDFs/S045.pdf
S045,EE-UB,EE,UB,0.388,184.0,latest_human_R4_CORRELATIONS,false,false,false,true,true,true,ok,true,/Users/newhosung/Library/CloudStorage/OneDrive-SharedLibraries-ThePennsylvaniaStateUniversity/AI Adoption Meta Analysis - Documents/Meta/AI Adoption/PDFs/S045.pdf
S045,PE-UB,PE,UB,0.682,184.0,latest_human_R4_CORRELATIONS,false,false,false,true,true,true,ok,true,/Users/newhosung/Library/CloudStorage/OneDrive-SharedLibraries-ThePennsylvaniaStateUniversity/AI Adoption Meta Analysis - Documents/Meta/AI Adoption/PDFs/S045.pdf
S212,ATT-BI,ATT,BI,0.521,465.0,latest_human_R4_CORRELATIONS,false,false,false,true,true,true,ok,true,/Users/newhosung/Library/CloudStorage/OneDrive-SharedLibraries-ThePennsylvaniaStateUniversity/AI Adoption Meta Analysis - Documents/Meta/AI Adoption/PDFs/S212.pdf
S212,ATT-EE,ATT,EE,0.57,465.0,latest_human_R4_CORRELATIONS,false,false,false,true,true,true,ok,true,/Users/newhosung/Library/CloudStorage/OneDrive-SharedLibraries-ThePennsylvaniaStateUniversity/AI Adoption Meta Analysis - Documents/Meta/AI Adoption/PDFs/S212.pdf
S212,ATT-PE,ATT,PE,0.198,465.0,latest_human_R4_CORRELATIONS,false,false,false,true,true,true,ok,true,/Users/newhosung/Library/CloudStorage/OneDrive-SharedLibraries-ThePennsylvaniaStateUniversity/AI Adoption Meta Analysis - Documents/Meta/AI Adoption/PDFs/S212.pdf
S212,ATT-UB,ATT,UB,0.198,465.0,latest_human_R4_CORRELATIONS,false,false,false,true,true,true,ok,true,/Users/newhosung/Library/CloudStorage/OneDrive-SharedLibraries-ThePennsylvaniaStateUniversity/AI Adoption Meta Analysis - Documents/Meta/AI Adoption/PDFs/S212.pdf
S212,BI-EE,BI,EE,0.618,465.0,latest_human_R4_CORRELATIONS,false,false,false,true,true,true,ok,true,/Users/newhosung/Library/CloudStorage/OneDrive-SharedLibraries-ThePennsylvaniaStateUniversity/AI Adoption Meta Analysis - Documents/Meta/AI Adoption/PDFs/S212.pdf
S212,BI-PE,BI,PE,0.256,465.0,latest_human_R4_CORRELATIONS,false,false,false,true,true,true,ok,true,/Users/newhosung/Library/CloudStorage/OneDrive-SharedLibraries-ThePennsylvaniaStateUniversity/AI Adoption Meta Analysis - Documents/Meta/AI Adoption/PDFs/S212.pdf
S212,EE-PE,EE,PE,0.179,465.0,latest_human_R4_CORRELATIONS,false,false,false,true,true,true,ok,true,/Users/newhosung/Library/CloudStorage/OneDrive-SharedLibraries-ThePennsylvaniaStateUniversity/AI Adoption Meta Analysis - Documents/Meta/AI Adoption/PDFs/S212.pdf
S212,EE-UB,EE,UB,0.179,465.0,latest_human_R4_CORRELATIONS,false,false,false,true,true,true,ok,true,/Users/newhosung/Library/CloudStorage/OneDrive-SharedLibraries-ThePennsylvaniaStateUniversity/AI Adoption Meta Analysis - Documents/Meta/AI Adoption/PDFs/S212.pdf
S186,BI-EE,BI,EE,0.327,657.0,latest_human_R4_CORRELATIONS,false,false,false,true,true,true,ok,true,/Users/newhosung/Library/CloudStorage/OneDrive-SharedLibraries-ThePennsylvaniaStateUniversity/AI Adoption Meta Analysis - Documents/Meta/AI Adoption/PDFs/S186.pdf
S186,BI-FC,BI,FC,0.566,657.0,latest_human_R4_CORRELATIONS,false,false,false,true,true,true,ok,true,/Users/newhosung/Library/CloudStorage/OneDrive-SharedLibraries-ThePennsylvaniaStateUniversity/AI Adoption Meta Analysis - Documents/Meta/AI Adoption/PDFs/S186.pdf
S186,BI-PE,BI,PE,0.599,657.0,latest_human_R4_CORRELATIONS,false,false,false,true,true,true,ok,true,/Users/newhosung/Library/CloudStorage/OneDrive-SharedLibraries-ThePennsylvaniaStateUniversity/AI Adoption Meta Analysis - Documents/Meta/AI Adoption/PDFs/S186.pdf
S186,BI-SE,BI,SE,0.159,657.0,latest_human_R4_CORRELATIONS,false,false,false,true,true,true,ok,true,/Users/newhosung/Library/CloudStorage/OneDrive-SharedLibraries-ThePennsylvaniaStateUniversity/AI Adoption Meta Analysis - Documents/Meta/AI Adoption/PDFs/S186.pdf
S186,BI-UB,BI,UB,0.237,657.0,latest_human_R4_CORRELATIONS,false,false,false,true,true,true,ok,true,/Users/newhosung/Library/CloudStorage/OneDrive-SharedLibraries-ThePennsylvaniaStateUniversity/AI Adoption Meta Analysis - Documents/Meta/AI Adoption/PDFs/S186.pdf
S186,EE-FC,EE,FC,0.507,657.0,latest_human_R4_CORRELATIONS,false,false,false,true,true,true,ok,true,/Users/newhosung/Library/CloudStorage/OneDrive-SharedLibraries-ThePennsylvaniaStateUniversity/AI Adoption Meta Analysis - Documents/Meta/AI Adoption/PDFs/S186.pdf
S186,EE-PE,EE,PE,0.38,657.0,latest_human_R4_CORRELATIONS,false,false,false,true,true,true,ok,true,/Users/newhosung/Library/CloudStorage/OneDrive-SharedLibraries-ThePennsylvaniaStateUniversity/AI Adoption Meta Analysis - Documents/Meta/AI Adoption/PDFs/S186.pdf
S186,EE-SE,EE,SE,0.05,657.0,latest_human_R4_CORRELATIONS,false,false,false,true,true,true,ok,true,/Users/newhosung/Library/CloudStorage/OneDrive-SharedLibraries-ThePennsylvaniaStateUniversity/AI Adoption Meta Analysis - Documents/Meta/AI Adoption/PDFs/S186.pdf
S186,EE-UB,EE,UB,0.169,657.0,latest_human_R4_CORRELATIONS,false,false,false,true,true,true,ok,true,/Users/newhosung/Library/CloudStorage/OneDrive-SharedLibraries-ThePennsylvaniaStateUniversity/AI Adoption Meta Analysis - Documents/Meta/AI Adoption/PDFs/S186.pdf
S186,FC-PE,FC,PE,0.628,657.0,latest_human_R4_CORRELATIONS,false,false,false,true,true,true,ok,true,/Users/newhosung/Library/CloudStorage/OneDrive-SharedLibraries-ThePennsylvaniaStateUniversity/AI Adoption Meta Analysis - Documents/Meta/AI Adoption/PDFs/S186.pdf
S186,FC-SE,FC,SE,0.084,657.0,latest_human_R4_CORRELATIONS,false,false,false,true,true,true,ok,true,/Users/newhosung/Library/CloudStorage/OneDrive-SharedLibraries-ThePennsylvaniaStateUniversity/AI Adoption Meta Analysis - Documents/Meta/AI Adoption/PDFs/S186.pdf
S186,FC-UB,FC,UB,0.127,657.0,latest_human_R4_CORRELATIONS,false,false,false,true,true,true,ok,true,/Users/newhosung/Library/CloudStorage/OneDrive-SharedLibraries-ThePennsylvaniaStateUniversity/AI Adoption Meta Analysis - Documents/Meta/AI Adoption/PDFs/S186.pdf
S186,PE-SE,PE,SE,0.095,657.0,latest_human_R4_CORRELATIONS,false,false,false,true,true,true,ok,true,/Users/newhosung/Library/CloudStorage/OneDrive-SharedLibraries-ThePennsylvaniaStateUniversity/AI Adoption Meta Analysis - Documents/Meta/AI Adoption/PDFs/S186.pdf
S186,PE-UB,PE,UB,0.168,657.0,latest_human_R4_CORRELATIONS,false,false,false,true,true,true,ok,true,/Users/newhosung/Library/CloudStorage/OneDrive-SharedLibraries-ThePennsylvaniaStateUniversity/AI Adoption Meta Analysis - Documents/Meta/AI Adoption/PDFs/S186.pdf
S186,SE-UB,SE,UB,-0.029,657.0,latest_human_R4_CORRELATIONS,false,false,false,true,true,true,ok,true,/Users/newhosung/Library/CloudStorage/OneDrive-SharedLibraries-ThePennsylvaniaStateUniversity/AI Adoption Meta Analysis - Documents/Meta/AI Adoption/PDFs/S186.pdf
S163,ATT-BI,ATT,BI,0.74,300.0,latest_human_R4_CORRELATIONS,false,false,false,true,true,true,ok,true,/Users/newhosung/Library/CloudStorage/OneDrive-SharedLibraries-ThePennsylvaniaStateUniversity/AI Adoption Meta Analysis - Documents/Meta/AI Adoption/PDFs/S163.pdf
S163,ATT-PE,ATT,PE,0.68,300.0,latest_human_R4_CORRELATIONS,false,false,false,true,true,true,ok,true,/Users/newhosung/Library/CloudStorage/OneDrive-SharedLibraries-ThePennsylvaniaStateUniversity/AI Adoption Meta Analysis - Documents/Meta/AI Adoption/PDFs/S163.pdf
S163,ATT-SE,ATT,SE,0.68,300.0,latest_human_R4_CORRELATIONS,false,false,false,true,true,true,ok,true,/Users/newhosung/Library/CloudStorage/OneDrive-SharedLibraries-ThePennsylvaniaStateUniversity/AI Adoption Meta Analysis - Documents/Meta/AI Adoption/PDFs/S163.pdf
S163,ATT-SI,ATT,SI,0.74,300.0,latest_human_R4_CORRELATIONS,false,false,false,true,true,true,ok,true,/Users/newhosung/Library/CloudStorage/OneDrive-SharedLibraries-ThePennsylvaniaStateUniversity/AI Adoption Meta Analysis - Documents/Meta/AI Adoption/PDFs/S163.pdf
S163,ATT-TRU,ATT,TRU,0.74,300.0,latest_human_R4_CORRELATIONS,false,false,false,true,true,true,ok,true,/Users/newhosung/Library/CloudStorage/OneDrive-SharedLibraries-ThePennsylvaniaStateUniversity/AI Adoption Meta Analysis - Documents/Meta/AI Adoption/PDFs/S163.pdf
S163,BI-PE,BI,PE,0.59,300.0,latest_human_R4_CORRELATIONS,false,false,false,true,true,true,ok,true,/Users/newhosung/Library/CloudStorage/OneDrive-SharedLibraries-ThePennsylvaniaStateUniversity/AI Adoption Meta Analysis - Documents/Meta/AI Adoption/PDFs/S163.pdf
S163,BI-SE,BI,SE,0.61,300.0,latest_human_R4_CORRELATIONS,false,false,false,true,true,true,ok,true,/Users/newhosung/Library/CloudStorage/OneDrive-SharedLibraries-ThePennsylvaniaStateUniversity/AI Adoption Meta Analysis - Documents/Meta/AI Adoption/PDFs/S163.pdf
S163,BI-SI,BI,SI,0.67,300.0,latest_human_R4_CORRELATIONS,false,false,false,true,true,true,ok,true,/Users/newhosung/Library/CloudStorage/OneDrive-SharedLibraries-ThePennsylvaniaStateUniversity/AI Adoption Meta Analysis - Documents/Meta/AI Adoption/PDFs/S163.pdf
S163,BI-TRU,BI,TRU,0.66,300.0,latest_human_R4_CORRELATIONS,false,false,false,true,true,true,ok,true,/Users/newhosung/Library/CloudStorage/OneDrive-SharedLibraries-ThePennsylvaniaStateUniversity/AI Adoption Meta Analysis - Documents/Meta/AI Adoption/PDFs/S163.pdf
S163,PE-SE,PE,SE,0.68,300.0,latest_human_R4_CORRELATIONS,false,false,false,true,true,true,ok,true,/Users/newhosung/Library/CloudStorage/OneDrive-SharedLibraries-ThePennsylvaniaStateUniversity/AI Adoption Meta Analysis - Documents/Meta/AI Adoption/PDFs/S163.pdf
S163,PE-SI,PE,SI,0.64,300.0,latest_human_R4_CORRELATIONS,false,false,false,true,true,true,ok,true,/Users/newhosung/Library/CloudStorage/OneDrive-SharedLibraries-ThePennsylvaniaStateUniversity/AI Adoption Meta Analysis - Documents/Meta/AI Adoption/PDFs/S163.pdf
S163,PE-TRU,PE,TRU,0.66,300.0,latest_human_R4_CORRELATIONS,false,false,false,true,true,true,ok,true,/Users/newhosung/Library/CloudStorage/OneDrive-SharedLibraries-ThePennsylvaniaStateUniversity/AI Adoption Meta Analysis - Documents/Meta/AI Adoption/PDFs/S163.pdf
S163,SE-SI,SE,SI,0.62,300.0,latest_human_R4_CORRELATIONS,false,false,false,true,true,true,ok,true,/Users/newhosung/Library/CloudStorage/OneDrive-SharedLibraries-ThePennsylvaniaStateUniversity/AI Adoption Meta Analysis - Documents/Meta/AI Adoption/PDFs/S163.pdf
S163,SE-TRU,SE,TRU,0.65,300.0,latest_human_R4_CORRELATIONS,false,false,false,true,true,true,ok,true,/Users/newhosung/Library/CloudStorage/OneDrive-SharedLibraries-ThePennsylvaniaStateUniversity/AI Adoption Meta Analysis - Documents/Meta/AI Adoption/PDFs/S163.pdf
S163,SI-TRU,SI,TRU,0.68,300.0,latest_human_R4_CORRELATIONS,false,false,false,true,true,true,ok,true,/Users/newhosung/Library/CloudStorage/OneDrive-SharedLibraries-ThePennsylvaniaStateUniversity/AI Adoption Meta Analysis - Documents/Meta/AI Adoption/PDFs/S163.pdf
S048,ATT-BI,ATT,BI,0.82,355.0,latest_human_R4_CORRELATIONS,false,false,false,true,true,true,ok,true,/Users/newhosung/Library/CloudStorage/OneDrive-SharedLibraries-ThePennsylvaniaStateUniversity/AI Adoption Meta Analysis - Documents/Meta/AI Adoption/PDFs/S048.pdf
S048,ATT-EE,ATT,EE,0.453,355.0,latest_human_R4_CORRELATIONS,false,false,false,true,false,true,ok,true,/Users/newhosung/Library/CloudStorage/OneDrive-SharedLibraries-ThePennsylvaniaStateUniversity/AI Adoption Meta Analysis - Documents/Meta/AI Adoption/PDFs/S048.pdf
S048,ATT-FC,ATT,FC,0.34,355.0,latest_human_R4_CORRELATIONS,false,false,false,true,true,true,ok,true,/Users/newhosung/Library/CloudStorage/OneDrive-SharedLibraries-ThePennsylvaniaStateUniversity/AI Adoption Meta Analysis - Documents/Meta/AI Adoption/PDFs/S048.pdf
S048,ATT-PE,ATT,PE,0.659,355.0,latest_human_R4_CORRELATIONS,false,false,false,true,false,true,ok,true,/Users/newhosung/Library/CloudStorage/OneDrive-SharedLibraries-ThePennsylvaniaStateUniversity/AI Adoption Meta Analysis - Documents/Meta/AI Adoption/PDFs/S048.pdf
S048,ATT-SI,ATT,SI,0.589,355.0,latest_human_R4_CORRELATIONS,false,false,false,true,true,true,ok,true,/Users/newhosung/Library/CloudStorage/OneDrive-SharedLibraries-ThePennsylvaniaStateUniversity/AI Adoption Meta Analysis - Documents/Meta/AI Adoption/PDFs/S048.pdf
S048,ATT-TRU,ATT,TRU,0.527,355.0,latest_human_R4_CORRELATIONS,false,false,false,true,false,true,ok,true,/Users/newhosung/Library/CloudStorage/OneDrive-SharedLibraries-ThePennsylvaniaStateUniversity/AI Adoption Meta Analysis - Documents/Meta/AI Adoption/PDFs/S048.pdf
S048,ATT-UB,ATT,UB,0.769,355.0,latest_human_R4_CORRELATIONS,false,false,false,true,true,true,ok,true,/Users/newhosung/Library/CloudStorage/OneDrive-SharedLibraries-ThePennsylvaniaStateUniversity/AI Adoption Meta Analysis - Documents/Meta/AI Adoption/PDFs/S048.pdf
S048,BI-EE,BI,EE,0.398,355.0,latest_human_R4_CORRELATIONS,false,false,false,true,false,true,ok,true,/Users/newhosung/Library/CloudStorage/OneDrive-SharedLibraries-ThePennsylvaniaStateUniversity/AI Adoption Meta Analysis - Documents/Meta/AI Adoption/PDFs/S048.pdf
S048,BI-TRU,BI,TRU,0.442,355.0,latest_human_R4_CORRELATIONS,false,false,false,true,false,true,ok,true,/Users/newhosung/Library/CloudStorage/OneDrive-SharedLibraries-ThePennsylvaniaStateUniversity/AI Adoption Meta Analysis - Documents/Meta/AI Adoption/PDFs/S048.pdf
S048,BI-UB,BI,UB,0.829,355.0,latest_human_R4_CORRELATIONS,false,false,false,true,true,true,ok,true,/Users/newhosung/Library/CloudStorage/OneDrive-SharedLibraries-ThePennsylvaniaStateUniversity/AI Adoption Meta Analysis - Documents/Meta/AI Adoption/PDFs/S048.pdf
S048,EE-FC,EE,FC,0.364,355.0,latest_human_R4_CORRELATIONS,false,false,false,true,false,true,ok,true,/Users/newhosung/Library/CloudStorage/OneDrive-SharedLibraries-ThePennsylvaniaStateUniversity/AI Adoption Meta Analysis - Documents/Meta/AI Adoption/PDFs/S048.pdf
S048,EE-PE,EE,PE,0.31,355.0,latest_human_R4_CORRELATIONS,false,false,false,true,false,true,ok,true,/Users/newhosung/Library/CloudStorage/OneDrive-SharedLibraries-ThePennsylvaniaStateUniversity/AI Adoption Meta Analysis - Documents/Meta/AI Adoption/PDFs/S048.pdf
S048,EE-SI,EE,SI,0.323,355.0,latest_human_R4_CORRELATIONS,false,false,false,true,false,true,ok,true,/Users/newhosung/Library/CloudStorage/OneDrive-SharedLibraries-ThePennsylvaniaStateUniversity/AI Adoption Meta Analysis - Documents/Meta/AI Adoption/PDFs/S048.pdf
S048,EE-TRU,EE,TRU,0.235,355.0,latest_human_R4_CORRELATIONS,false,false,false,true,true,true,ok,true,/Users/newhosung/Library/CloudStorage/OneDrive-SharedLibraries-ThePennsylvaniaStateUniversity/AI Adoption Meta Analysis - Documents/Meta/AI Adoption/PDFs/S048.pdf
S048,FC-PE,FC,PE,0.471,355.0,latest_human_R4_CORRELATIONS,false,false,false,true,false,true,ok,true,/Users/newhosung/Library/CloudStorage/OneDrive-SharedLibraries-ThePennsylvaniaStateUniversity/AI Adoption Meta Analysis - Documents/Meta/AI Adoption/PDFs/S048.pdf
S048,FC-SI,FC,SI,0.259,355.0,latest_human_R4_CORRELATIONS,false,false,false,true,false,true,ok,true,/Users/newhosung/Library/CloudStorage/OneDrive-SharedLibraries-ThePennsylvaniaStateUniversity/AI Adoption Meta Analysis - Documents/Meta/AI Adoption/PDFs/S048.pdf
S048,FC-TRU,FC,TRU,-0.035,355.0,latest_human_R4_CORRELATIONS,false,false,false,true,false,true,ok,false,/Users/newhosung/Library/CloudStorage/OneDrive-SharedLibraries-ThePennsylvaniaStateUniversity/AI Adoption Meta Analysis - Documents/Meta/AI Adoption/PDFs/S048.pdf
S048,PE-SI,PE,SI,0.538,355.0,latest_human_R4_CORRELATIONS,false,false,false,true,true,true,ok,true,/Users/newhosung/Library/CloudStorage/OneDrive-SharedLibraries-ThePennsylvaniaStateUniversity/AI Adoption Meta Analysis - Documents/Meta/AI Adoption/PDFs/S048.pdf
S048,PE-TRU,PE,TRU,0.481,355.0,latest_human_R4_CORRELATIONS,false,false,false,true,false,true,ok,true,/Users/newhosung/Library/CloudStorage/OneDrive-SharedLibraries-ThePennsylvaniaStateUniversity/AI Adoption Meta Analysis - Documents/Meta/AI Adoption/PDFs/S048.pdf
S048,PE-UB,PE,UB,0.596,355.0,latest_human_R4_CORRELATIONS,false,false,false,true,false,true,ok,true,/Users/newhosung/Library/CloudStorage/OneDrive-SharedLibraries-ThePennsylvaniaStateUniversity/AI Adoption Meta Analysis - Documents/Meta/AI Adoption/PDFs/S048.pdf
S048,SI-TRU,SI,TRU,0.28,355.0,latest_human_R4_CORRELATIONS,false,false,false,true,false,true,ok,true,/Users/newhosung/Library/CloudStorage/OneDrive-SharedLibraries-ThePennsylvaniaStateUniversity/AI Adoption Meta Analysis - Documents/Meta/AI Adoption/PDFs/S048.pdf
S007,ATT-BI,ATT,BI,0.403,363.0,latest_human_R4_CORRELATIONS,false,false,false,true,true,true,ok,true,/Users/newhosung/Library/CloudStorage/OneDrive-SharedLibraries-ThePennsylvaniaStateUniversity/AI Adoption Meta Analysis - Documents/Meta/AI Adoption/PDFs/S007.pdf
S007,BI-FC,BI,FC,-0.086,363.0,latest_human_R4_CORRELATIONS,false,false,false,true,false,true,ok,false,/Users/newhosung/Library/CloudStorage/OneDrive-SharedLibraries-ThePennsylvaniaStateUniversity/AI Adoption Meta Analysis - Documents/Meta/AI Adoption/PDFs/S007.pdf
S007,BI-PE,BI,PE,0.255,363.0,latest_human_R4_CORRELATIONS,false,false,false,true,true,true,ok,true,/Users/newhosung/Library/CloudStorage/OneDrive-SharedLibraries-ThePennsylvaniaStateUniversity/AI Adoption Meta Analysis - Documents/Meta/AI Adoption/PDFs/S007.pdf
S007,BI-SE,BI,SE,-0.029,363.0,latest_human_R4_CORRELATIONS,false,false,false,true,false,true,ok,false,/Users/newhosung/Library/CloudStorage/OneDrive-SharedLibraries-ThePennsylvaniaStateUniversity/AI Adoption Meta Analysis - Documents/Meta/AI Adoption/PDFs/S007.pdf
S007,BI-SI,BI,SI,-0.054,363.0,latest_human_R4_CORRELATIONS,false,false,false,true,false,true,ok,false,/Users/newhosung/Library/CloudStorage/OneDrive-SharedLibraries-ThePennsylvaniaStateUniversity/AI Adoption Meta Analysis - Documents/Meta/AI Adoption/PDFs/S007.pdf
S142,ATT-FC,ATT,FC,0.622,368.0,latest_human_R4_CORRELATIONS,false,false,false,true,true,true,ok,true,/Users/newhosung/Library/CloudStorage/OneDrive-SharedLibraries-ThePennsylvaniaStateUniversity/AI Adoption Meta Analysis - Documents/Meta/AI Adoption/PDFs/S142.pdf
S142,ATT-UB,ATT,UB,0.667,368.0,latest_human_R4_CORRELATIONS,false,false,false,true,true,true,ok,true,/Users/newhosung/Library/CloudStorage/OneDrive-SharedLibraries-ThePennsylvaniaStateUniversity/AI Adoption Meta Analysis - Documents/Meta/AI Adoption/PDFs/S142.pdf
S142,FC-UB,FC,UB,0.649,368.0,latest_human_R4_CORRELATIONS,false,false,false,true,true,true,ok,true,/Users/newhosung/Library/CloudStorage/OneDrive-SharedLibraries-ThePennsylvaniaStateUniversity/AI Adoption Meta Analysis - Documents/Meta/AI Adoption/PDFs/S142.pdf
S012,BI-EE,BI,EE,0.776,1190.0,latest_human_R4_CORRELATIONS,false,false,true,true,false,true,ok,false,/Users/newhosung/Library/CloudStorage/OneDrive-SharedLibraries-ThePennsylvaniaStateUniversity/AI Adoption Meta Analysis - Documents/Meta/AI Adoption/PDFs/S012.pdf
S012,BI-FC,BI,FC,0.766,1190.0,latest_human_R4_CORRELATIONS,false,false,true,true,true,true,ok,true,/Users/newhosung/Library/CloudStorage/OneDrive-SharedLibraries-ThePennsylvaniaStateUniversity/AI Adoption Meta Analysis - Documents/Meta/AI Adoption/PDFs/S012.pdf
S012,BI-PE,BI,PE,0.787,1190.0,latest_human_R4_CORRELATIONS,false,false,true,true,false,true,ok,false,/Users/newhosung/Library/CloudStorage/OneDrive-SharedLibraries-ThePennsylvaniaStateUniversity/AI Adoption Meta Analysis - Documents/Meta/AI Adoption/PDFs/S012.pdf
S012,BI-SI,BI,SI,0.491,1190.0,latest_human_R4_CORRELATIONS,false,false,true,true,true,true,ok,true,/Users/newhosung/Library/CloudStorage/OneDrive-SharedLibraries-ThePennsylvaniaStateUniversity/AI Adoption Meta Analysis - Documents/Meta/AI Adoption/PDFs/S012.pdf
S012,EE-FC,EE,FC,0.79,1190.0,latest_human_R4_CORRELATIONS,false,false,true,true,false,true,ok,false,/Users/newhosung/Library/CloudStorage/OneDrive-SharedLibraries-ThePennsylvaniaStateUniversity/AI Adoption Meta Analysis - Documents/Meta/AI Adoption/PDFs/S012.pdf
S012,EE-PE,EE,PE,0.787,1190.0,latest_human_R4_CORRELATIONS,false,false,true,true,false,true,ok,false,/Users/newhosung/Library/CloudStorage/OneDrive-SharedLibraries-ThePennsylvaniaStateUniversity/AI Adoption Meta Analysis - Documents/Meta/AI Adoption/PDFs/S012.pdf
S012,EE-SI,EE,SI,0.335,1190.0,latest_human_R4_CORRELATIONS,false,false,true,true,false,true,ok,false,/Users/newhosung/Library/CloudStorage/OneDrive-SharedLibraries-ThePennsylvaniaStateUniversity/AI Adoption Meta Analysis - Documents/Meta/AI Adoption/PDFs/S012.pdf
S012,FC-PE,FC,PE,0.741,1190.0,latest_human_R4_CORRELATIONS,false,false,true,true,true,true,ok,true,/Users/newhosung/Library/CloudStorage/OneDrive-SharedLibraries-ThePennsylvaniaStateUniversity/AI Adoption Meta Analysis - Documents/Meta/AI Adoption/PDFs/S012.pdf
S012,FC-SI,FC,SI,0.366,1190.0,latest_human_R4_CORRELATIONS,false,false,true,true,false,true,ok,false,/Users/newhosung/Library/CloudStorage/OneDrive-SharedLibraries-ThePennsylvaniaStateUniversity/AI Adoption Meta Analysis - Documents/Meta/AI Adoption/PDFs/S012.pdf
S012,PE-SI,PE,SI,0.383,1190.0,latest_human_R4_CORRELATIONS,false,false,true,true,false,true,ok,false,/Users/newhosung/Library/CloudStorage/OneDrive-SharedLibraries-ThePennsylvaniaStateUniversity/AI Adoption Meta Analysis - Documents/Meta/AI Adoption/PDFs/S012.pdf
S184,BI-FC,BI,FC,0.48,907.0,latest_human_R4_CORRELATIONS,false,false,false,true,true,true,ok,true,/Users/newhosung/Library/CloudStorage/OneDrive-SharedLibraries-ThePennsylvaniaStateUniversity/AI Adoption Meta Analysis - Documents/Meta/AI Adoption/PDFs/S184.pdf
S184,BI-SE,BI,SE,0.37,907.0,latest_human_R4_CORRELATIONS,false,false,false,true,true,true,ok,true,/Users/newhosung/Library/CloudStorage/OneDrive-SharedLibraries-ThePennsylvaniaStateUniversity/AI Adoption Meta Analysis - Documents/Meta/AI Adoption/PDFs/S184.pdf
S184,BI-SI,BI,SI,0.58,907.0,latest_human_R4_CORRELATIONS,false,false,false,true,true,true,ok,true,/Users/newhosung/Library/CloudStorage/OneDrive-SharedLibraries-ThePennsylvaniaStateUniversity/AI Adoption Meta Analysis - Documents/Meta/AI Adoption/PDFs/S184.pdf
S184,BI-UB,BI,UB,0.36,907.0,latest_human_R4_CORRELATIONS,false,false,false,true,true,true,ok,true,/Users/newhosung/Library/CloudStorage/OneDrive-SharedLibraries-ThePennsylvaniaStateUniversity/AI Adoption Meta Analysis - Documents/Meta/AI Adoption/PDFs/S184.pdf
S184,FC-SE,FC,SE,0.49,907.0,latest_human_R4_CORRELATIONS,false,false,false,true,true,true,ok,true,/Users/newhosung/Library/CloudStorage/OneDrive-SharedLibraries-ThePennsylvaniaStateUniversity/AI Adoption Meta Analysis - Documents/Meta/AI Adoption/PDFs/S184.pdf
S184,FC-SI,FC,SI,0.56,907.0,latest_human_R4_CORRELATIONS,false,false,false,true,true,true,ok,true,/Users/newhosung/Library/CloudStorage/OneDrive-SharedLibraries-ThePennsylvaniaStateUniversity/AI Adoption Meta Analysis - Documents/Meta/AI Adoption/PDFs/S184.pdf
S184,FC-UB,FC,UB,0.33,907.0,latest_human_R4_CORRELATIONS,false,false,false,true,true,true,ok,true,/Users/newhosung/Library/CloudStorage/OneDrive-SharedLibraries-ThePennsylvaniaStateUniversity/AI Adoption Meta Analysis - Documents/Meta/AI Adoption/PDFs/S184.pdf
S184,SE-SI,SE,SI,0.47,907.0,latest_human_R4_CORRELATIONS,false,false,false,true,true,true,ok,true,/Users/newhosung/Library/CloudStorage/OneDrive-SharedLibraries-ThePennsylvaniaStateUniversity/AI Adoption Meta Analysis - Documents/Meta/AI Adoption/PDFs/S184.pdf
S184,SE-UB,SE,UB,0.23,907.0,latest_human_R4_CORRELATIONS,false,false,false,true,true,true,ok,true,/Users/newhosung/Library/CloudStorage/OneDrive-SharedLibraries-ThePennsylvaniaStateUniversity/AI Adoption Meta Analysis - Documents/Meta/AI Adoption/PDFs/S184.pdf
S184,SI-UB,SI,UB,0.28,907.0,latest_human_R4_CORRELATIONS,false,false,false,true,true,true,ok,true,/Users/newhosung/Library/CloudStorage/OneDrive-SharedLibraries-ThePennsylvaniaStateUniversity/AI Adoption Meta Analysis - Documents/Meta/AI Adoption/PDFs/S184.pdf
S214,BI-EE,BI,EE,0.484,1117.0,latest_human_R4_CORRELATIONS,false,false,false,true,true,true,ok,true,/Users/newhosung/Library/CloudStorage/OneDrive-SharedLibraries-ThePennsylvaniaStateUniversity/AI Adoption Meta Analysis - Documents/Meta/AI Adoption/PDFs/S214.pdf
S214,BI-FC,BI,FC,0.536,1117.0,latest_human_R4_CORRELATIONS,false,false,false,true,true,true,ok,true,/Users/newhosung/Library/CloudStorage/OneDrive-SharedLibraries-ThePennsylvaniaStateUniversity/AI Adoption Meta Analysis - Documents/Meta/AI Adoption/PDFs/S214.pdf
S214,BI-PE,BI,PE,0.486,1117.0,latest_human_R4_CORRELATIONS,false,false,false,true,true,true,ok,true,/Users/newhosung/Library/CloudStorage/OneDrive-SharedLibraries-ThePennsylvaniaStateUniversity/AI Adoption Meta Analysis - Documents/Meta/AI Adoption/PDFs/S214.pdf
S214,BI-SI,BI,SI,0.398,1117.0,latest_human_R4_CORRELATIONS,false,false,false,true,true,true,ok,true,/Users/newhosung/Library/CloudStorage/OneDrive-SharedLibraries-ThePennsylvaniaStateUniversity/AI Adoption Meta Analysis - Documents/Meta/AI Adoption/PDFs/S214.pdf
S214,EE-FC,EE,FC,0.629,1117.0,latest_human_R4_CORRELATIONS,false,false,false,true,true,true,ok,true,/Users/newhosung/Library/CloudStorage/OneDrive-SharedLibraries-ThePennsylvaniaStateUniversity/AI Adoption Meta Analysis - Documents/Meta/AI Adoption/PDFs/S214.pdf
S214,EE-PE,EE,PE,0.561,1117.0,latest_human_R4_CORRELATIONS,false,false,false,true,true,true,ok,true,/Users/newhosung/Library/CloudStorage/OneDrive-SharedLibraries-ThePennsylvaniaStateUniversity/AI Adoption Meta Analysis - Documents/Meta/AI Adoption/PDFs/S214.pdf
S214,EE-SI,EE,SI,0.479,1117.0,latest_human_R4_CORRELATIONS,false,false,false,true,true,true,ok,true,/Users/newhosung/Library/CloudStorage/OneDrive-SharedLibraries-ThePennsylvaniaStateUniversity/AI Adoption Meta Analysis - Documents/Meta/AI Adoption/PDFs/S214.pdf
S214,FC-PE,FC,PE,0.437,1117.0,latest_human_R4_CORRELATIONS,false,false,false,true,true,true,ok,true,/Users/newhosung/Library/CloudStorage/OneDrive-SharedLibraries-ThePennsylvaniaStateUniversity/AI Adoption Meta Analysis - Documents/Meta/AI Adoption/PDFs/S214.pdf
S214,FC-SI,FC,SI,0.388,1117.0,latest_human_R4_CORRELATIONS,false,false,false,true,true,true,ok,true,/Users/newhosung/Library/CloudStorage/OneDrive-SharedLibraries-ThePennsylvaniaStateUniversity/AI Adoption Meta Analysis - Documents/Meta/AI Adoption/PDFs/S214.pdf
S214,PE-SI,PE,SI,0.561,1117.0,latest_human_R4_CORRELATIONS,false,false,false,true,true,true,ok,true,/Users/newhosung/Library/CloudStorage/OneDrive-SharedLibraries-ThePennsylvaniaStateUniversity/AI Adoption Meta Analysis - Documents/Meta/AI Adoption/PDFs/S214.pdf
S013,BI-EE,BI,EE,0.503,460.0,latest_human_R4_CORRELATIONS,false,false,false,true,true,true,ok,true,/Users/newhosung/Library/CloudStorage/OneDrive-SharedLibraries-ThePennsylvaniaStateUniversity/AI Adoption Meta Analysis - Documents/Meta/AI Adoption/PDFs/S013.pdf
S013,BI-FC,BI,FC,0.484,460.0,latest_human_R4_CORRELATIONS,false,false,false,true,true,true,ok,true,/Users/newhosung/Library/CloudStorage/OneDrive-SharedLibraries-ThePennsylvaniaStateUniversity/AI Adoption Meta Analysis - Documents/Meta/AI Adoption/PDFs/S013.pdf
S013,BI-PE,BI,PE,0.671,460.0,latest_human_R4_CORRELATIONS,false,false,false,true,true,true,ok,true,/Users/newhosung/Library/CloudStorage/OneDrive-SharedLibraries-ThePennsylvaniaStateUniversity/AI Adoption Meta Analysis - Documents/Meta/AI Adoption/PDFs/S013.pdf
S013,BI-SE,BI,SE,0.516,460.0,latest_human_R4_CORRELATIONS,false,false,false,true,true,true,ok,true,/Users/newhosung/Library/CloudStorage/OneDrive-SharedLibraries-ThePennsylvaniaStateUniversity/AI Adoption Meta Analysis - Documents/Meta/AI Adoption/PDFs/S013.pdf
S013,BI-SI,BI,SI,0.566,460.0,latest_human_R4_CORRELATIONS,false,false,false,true,true,true,ok,true,/Users/newhosung/Library/CloudStorage/OneDrive-SharedLibraries-ThePennsylvaniaStateUniversity/AI Adoption Meta Analysis - Documents/Meta/AI Adoption/PDFs/S013.pdf
S013,EE-FC,EE,FC,0.479,460.0,latest_human_R4_CORRELATIONS,false,false,false,true,true,true,ok,true,/Users/newhosung/Library/CloudStorage/OneDrive-SharedLibraries-ThePennsylvaniaStateUniversity/AI Adoption Meta Analysis - Documents/Meta/AI Adoption/PDFs/S013.pdf
S013,EE-PE,EE,PE,0.575,460.0,latest_human_R4_CORRELATIONS,false,false,false,true,true,true,ok,true,/Users/newhosung/Library/CloudStorage/OneDrive-SharedLibraries-ThePennsylvaniaStateUniversity/AI Adoption Meta Analysis - Documents/Meta/AI Adoption/PDFs/S013.pdf
S013,EE-SE,EE,SE,0.535,460.0,latest_human_R4_CORRELATIONS,false,false,false,true,true,true,ok,true,/Users/newhosung/Library/CloudStorage/OneDrive-SharedLibraries-ThePennsylvaniaStateUniversity/AI Adoption Meta Analysis - Documents/Meta/AI Adoption/PDFs/S013.pdf
S013,EE-SI,EE,SI,0.392,460.0,latest_human_R4_CORRELATIONS,false,false,false,true,true,true,ok,true,/Users/newhosung/Library/CloudStorage/OneDrive-SharedLibraries-ThePennsylvaniaStateUniversity/AI Adoption Meta Analysis - Documents/Meta/AI Adoption/PDFs/S013.pdf
S013,FC-PE,FC,PE,0.485,460.0,latest_human_R4_CORRELATIONS,false,false,false,true,true,true,ok,true,/Users/newhosung/Library/CloudStorage/OneDrive-SharedLibraries-ThePennsylvaniaStateUniversity/AI Adoption Meta Analysis - Documents/Meta/AI Adoption/PDFs/S013.pdf
S013,FC-SE,FC,SE,0.686,460.0,latest_human_R4_CORRELATIONS,false,false,false,true,true,true,ok,true,/Users/newhosung/Library/CloudStorage/OneDrive-SharedLibraries-ThePennsylvaniaStateUniversity/AI Adoption Meta Analysis - Documents/Meta/AI Adoption/PDFs/S013.pdf
S013,FC-SI,FC,SI,0.42,460.0,latest_human_R4_CORRELATIONS,false,false,false,true,true,true,ok,true,/Users/newhosung/Library/CloudStorage/OneDrive-SharedLibraries-ThePennsylvaniaStateUniversity/AI Adoption Meta Analysis - Documents/Meta/AI Adoption/PDFs/S013.pdf
S013,PE-SE,PE,SE,0.572,460.0,latest_human_R4_CORRELATIONS,false,false,false,true,true,true,ok,true,/Users/newhosung/Library/CloudStorage/OneDrive-SharedLibraries-ThePennsylvaniaStateUniversity/AI Adoption Meta Analysis - Documents/Meta/AI Adoption/PDFs/S013.pdf
S013,PE-SI,PE,SI,0.529,460.0,latest_human_R4_CORRELATIONS,false,false,false,true,true,true,ok,true,/Users/newhosung/Library/CloudStorage/OneDrive-SharedLibraries-ThePennsylvaniaStateUniversity/AI Adoption Meta Analysis - Documents/Meta/AI Adoption/PDFs/S013.pdf
S013,SE-SI,SE,SI,0.469,460.0,latest_human_R4_CORRELATIONS,false,false,false,true,true,true,ok,true,/Users/newhosung/Library/CloudStorage/OneDrive-SharedLibraries-ThePennsylvaniaStateUniversity/AI Adoption Meta Analysis - Documents/Meta/AI Adoption/PDFs/S013.pdf
S167,BI-PE,BI,PE,0.74,509.0,latest_human_R4_CORRELATIONS,false,false,false,true,true,true,ok,true,/Users/newhosung/Library/CloudStorage/OneDrive-SharedLibraries-ThePennsylvaniaStateUniversity/AI Adoption Meta Analysis - Documents/Meta/AI Adoption/PDFs/S167.pdf
S198,BI-EE,BI,EE,0.058,520.0,latest_human_R4_CORRELATIONS,false,false,false,true,true,true,ok,true,/Users/newhosung/Library/CloudStorage/OneDrive-SharedLibraries-ThePennsylvaniaStateUniversity/AI Adoption Meta Analysis - Documents/Meta/AI Adoption/PDFs/S198.pdf
S198,BI-FC,BI,FC,-0.171,520.0,latest_human_R4_CORRELATIONS,false,false,false,true,false,true,ok,false,/Users/newhosung/Library/CloudStorage/OneDrive-SharedLibraries-ThePennsylvaniaStateUniversity/AI Adoption Meta Analysis - Documents/Meta/AI Adoption/PDFs/S198.pdf
S198,BI-PE,BI,PE,0.297,520.0,latest_human_R4_CORRELATIONS,false,false,false,true,true,true,ok,true,/Users/newhosung/Library/CloudStorage/OneDrive-SharedLibraries-ThePennsylvaniaStateUniversity/AI Adoption Meta Analysis - Documents/Meta/AI Adoption/PDFs/S198.pdf
S198,BI-SI,BI,SI,0.319,520.0,latest_human_R4_CORRELATIONS,false,false,false,true,true,true,ok,true,/Users/newhosung/Library/CloudStorage/OneDrive-SharedLibraries-ThePennsylvaniaStateUniversity/AI Adoption Meta Analysis - Documents/Meta/AI Adoption/PDFs/S198.pdf
S198,BI-UB,BI,UB,0.801,520.0,latest_human_R4_CORRELATIONS,false,false,false,true,true,true,ok,true,/Users/newhosung/Library/CloudStorage/OneDrive-SharedLibraries-ThePennsylvaniaStateUniversity/AI Adoption Meta Analysis - Documents/Meta/AI Adoption/PDFs/S198.pdf
S198,EE-FC,EE,FC,0.45,520.0,latest_human_R4_CORRELATIONS,false,false,false,true,true,true,ok,true,/Users/newhosung/Library/CloudStorage/OneDrive-SharedLibraries-ThePennsylvaniaStateUniversity/AI Adoption Meta Analysis - Documents/Meta/AI Adoption/PDFs/S198.pdf
S198,EE-PE,EE,PE,0.166,520.0,latest_human_R4_CORRELATIONS,false,false,false,true,true,true,ok,true,/Users/newhosung/Library/CloudStorage/OneDrive-SharedLibraries-ThePennsylvaniaStateUniversity/AI Adoption Meta Analysis - Documents/Meta/AI Adoption/PDFs/S198.pdf
S198,EE-SI,EE,SI,-0.136,520.0,latest_human_R4_CORRELATIONS,false,false,false,true,false,true,ok,false,/Users/newhosung/Library/CloudStorage/OneDrive-SharedLibraries-ThePennsylvaniaStateUniversity/AI Adoption Meta Analysis - Documents/Meta/AI Adoption/PDFs/S198.pdf
S198,EE-UB,EE,UB,0.017,520.0,latest_human_R4_CORRELATIONS,false,false,false,true,true,true,ok,true,/Users/newhosung/Library/CloudStorage/OneDrive-SharedLibraries-ThePennsylvaniaStateUniversity/AI Adoption Meta Analysis - Documents/Meta/AI Adoption/PDFs/S198.pdf
S198,FC-PE,FC,PE,-0.027,520.0,latest_human_R4_CORRELATIONS,false,false,false,true,false,true,ok,false,/Users/newhosung/Library/CloudStorage/OneDrive-SharedLibraries-ThePennsylvaniaStateUniversity/AI Adoption Meta Analysis - Documents/Meta/AI Adoption/PDFs/S198.pdf
S198,FC-SI,FC,SI,-0.046,520.0,latest_human_R4_CORRELATIONS,false,false,false,true,false,true,ok,false,/Users/newhosung/Library/CloudStorage/OneDrive-SharedLibraries-ThePennsylvaniaStateUniversity/AI Adoption Meta Analysis - Documents/Meta/AI Adoption/PDFs/S198.pdf
S198,FC-UB,FC,UB,-0.16,520.0,latest_human_R4_CORRELATIONS,false,false,false,true,false,true,ok,false,/Users/newhosung/Library/CloudStorage/OneDrive-SharedLibraries-ThePennsylvaniaStateUniversity/AI Adoption Meta Analysis - Documents/Meta/AI Adoption/PDFs/S198.pdf
S198,PE-SI,PE,SI,-0.293,520.0,latest_human_R4_CORRELATIONS,false,false,false,true,false,true,ok,false,/Users/newhosung/Library/CloudStorage/OneDrive-SharedLibraries-ThePennsylvaniaStateUniversity/AI Adoption Meta Analysis - Documents/Meta/AI Adoption/PDFs/S198.pdf
S198,PE-UB,PE,UB,0.348,520.0,latest_human_R4_CORRELATIONS,false,false,false,true,true,true,ok,true,/Users/newhosung/Library/CloudStorage/OneDrive-SharedLibraries-ThePennsylvaniaStateUniversity/AI Adoption Meta Analysis - Documents/Meta/AI Adoption/PDFs/S198.pdf
S198,SI-UB,SI,UB,0.286,520.0,latest_human_R4_CORRELATIONS,false,false,false,true,true,true,ok,true,/Users/newhosung/Library/CloudStorage/OneDrive-SharedLibraries-ThePennsylvaniaStateUniversity/AI Adoption Meta Analysis - Documents/Meta/AI Adoption/PDFs/S198.pdf
S020,ANX-BI,ANX,BI,-0.303,249.0,latest_human_R4_CORRELATIONS,false,false,false,true,true,true,ok,true,/Users/newhosung/Library/CloudStorage/OneDrive-SharedLibraries-ThePennsylvaniaStateUniversity/AI Adoption Meta Analysis - Documents/Meta/AI Adoption/PDFs/S020.pdf
S020,ANX-EE,ANX,EE,-0.192,249.0,latest_human_R4_CORRELATIONS,false,false,false,true,true,true,ok,true,/Users/newhosung/Library/CloudStorage/OneDrive-SharedLibraries-ThePennsylvaniaStateUniversity/AI Adoption Meta Analysis - Documents/Meta/AI Adoption/PDFs/S020.pdf
S020,ANX-FC,ANX,FC,-0.236,249.0,latest_human_R4_CORRELATIONS,false,false,false,true,true,true,ok,true,/Users/newhosung/Library/CloudStorage/OneDrive-SharedLibraries-ThePennsylvaniaStateUniversity/AI Adoption Meta Analysis - Documents/Meta/AI Adoption/PDFs/S020.pdf
S020,ANX-PE,ANX,PE,-0.209,249.0,latest_human_R4_CORRELATIONS,false,false,false,true,true,true,ok,true,/Users/newhosung/Library/CloudStorage/OneDrive-SharedLibraries-ThePennsylvaniaStateUniversity/AI Adoption Meta Analysis - Documents/Meta/AI Adoption/PDFs/S020.pdf
S020,BI-EE,BI,EE,0.523,249.0,latest_human_R4_CORRELATIONS,false,false,false,true,true,true,ok,true,/Users/newhosung/Library/CloudStorage/OneDrive-SharedLibraries-ThePennsylvaniaStateUniversity/AI Adoption Meta Analysis - Documents/Meta/AI Adoption/PDFs/S020.pdf
S020,BI-FC,BI,FC,0.586,249.0,latest_human_R4_CORRELATIONS,false,false,false,true,true,true,ok,true,/Users/newhosung/Library/CloudStorage/OneDrive-SharedLibraries-ThePennsylvaniaStateUniversity/AI Adoption Meta Analysis - Documents/Meta/AI Adoption/PDFs/S020.pdf
S020,BI-PE,BI,PE,0.876,249.0,latest_human_R4_CORRELATIONS,false,false,false,true,true,true,ok,true,/Users/newhosung/Library/CloudStorage/OneDrive-SharedLibraries-ThePennsylvaniaStateUniversity/AI Adoption Meta Analysis - Documents/Meta/AI Adoption/PDFs/S020.pdf
S020,EE-FC,EE,FC,0.677,249.0,latest_human_R4_CORRELATIONS,false,false,false,true,true,true,ok,true,/Users/newhosung/Library/CloudStorage/OneDrive-SharedLibraries-ThePennsylvaniaStateUniversity/AI Adoption Meta Analysis - Documents/Meta/AI Adoption/PDFs/S020.pdf
S020,EE-PE,EE,PE,0.477,249.0,latest_human_R4_CORRELATIONS,false,false,false,true,true,true,ok,true,/Users/newhosung/Library/CloudStorage/OneDrive-SharedLibraries-ThePennsylvaniaStateUniversity/AI Adoption Meta Analysis - Documents/Meta/AI Adoption/PDFs/S020.pdf
S020,FC-PE,FC,PE,0.468,249.0,latest_human_R4_CORRELATIONS,false,false,false,true,true,true,ok,true,/Users/newhosung/Library/CloudStorage/OneDrive-SharedLibraries-ThePennsylvaniaStateUniversity/AI Adoption Meta Analysis - Documents/Meta/AI Adoption/PDFs/S020.pdf
S055,BI-EE,BI,EE,0.689,486.0,latest_human_R4_CORRELATIONS,false,false,false,true,true,true,ok,true,/Users/newhosung/Library/CloudStorage/OneDrive-SharedLibraries-ThePennsylvaniaStateUniversity/AI Adoption Meta Analysis - Documents/Meta/AI Adoption/PDFs/S055.pdf
S055,BI-FC,BI,FC,0.668,486.0,latest_human_R4_CORRELATIONS,false,false,false,true,true,true,ok,true,/Users/newhosung/Library/CloudStorage/OneDrive-SharedLibraries-ThePennsylvaniaStateUniversity/AI Adoption Meta Analysis - Documents/Meta/AI Adoption/PDFs/S055.pdf
S055,BI-PE,BI,PE,0.692,486.0,latest_human_R4_CORRELATIONS,false,false,false,true,true,true,ok,true,/Users/newhosung/Library/CloudStorage/OneDrive-SharedLibraries-ThePennsylvaniaStateUniversity/AI Adoption Meta Analysis - Documents/Meta/AI Adoption/PDFs/S055.pdf
S055,BI-SI,BI,SI,0.649,486.0,latest_human_R4_CORRELATIONS,false,false,false,true,true,true,ok,true,/Users/newhosung/Library/CloudStorage/OneDrive-SharedLibraries-ThePennsylvaniaStateUniversity/AI Adoption Meta Analysis - Documents/Meta/AI Adoption/PDFs/S055.pdf
S055,BI-UB,BI,UB,0.845,486.0,latest_human_R4_CORRELATIONS,false,false,false,true,true,true,ok,true,/Users/newhosung/Library/CloudStorage/OneDrive-SharedLibraries-ThePennsylvaniaStateUniversity/AI Adoption Meta Analysis - Documents/Meta/AI Adoption/PDFs/S055.pdf
S055,EE-FC,EE,FC,0.666,486.0,latest_human_R4_CORRELATIONS,false,false,false,true,true,true,ok,true,/Users/newhosung/Library/CloudStorage/OneDrive-SharedLibraries-ThePennsylvaniaStateUniversity/AI Adoption Meta Analysis - Documents/Meta/AI Adoption/PDFs/S055.pdf
S055,EE-PE,EE,PE,0.8,486.0,latest_human_R4_CORRELATIONS,false,false,false,true,true,true,ok,true,/Users/newhosung/Library/CloudStorage/OneDrive-SharedLibraries-ThePennsylvaniaStateUniversity/AI Adoption Meta Analysis - Documents/Meta/AI Adoption/PDFs/S055.pdf
S055,EE-SI,EE,SI,0.55,486.0,latest_human_R4_CORRELATIONS,false,false,false,true,true,true,ok,true,/Users/newhosung/Library/CloudStorage/OneDrive-SharedLibraries-ThePennsylvaniaStateUniversity/AI Adoption Meta Analysis - Documents/Meta/AI Adoption/PDFs/S055.pdf
S055,EE-UB,EE,UB,0.764,486.0,latest_human_R4_CORRELATIONS,false,false,false,true,true,true,ok,true,/Users/newhosung/Library/CloudStorage/OneDrive-SharedLibraries-ThePennsylvaniaStateUniversity/AI Adoption Meta Analysis - Documents/Meta/AI Adoption/PDFs/S055.pdf
S055,FC-PE,FC,PE,0.644,486.0,latest_human_R4_CORRELATIONS,false,false,false,true,true,true,ok,true,/Users/newhosung/Library/CloudStorage/OneDrive-SharedLibraries-ThePennsylvaniaStateUniversity/AI Adoption Meta Analysis - Documents/Meta/AI Adoption/PDFs/S055.pdf
S055,FC-SI,FC,SI,0.631,486.0,latest_human_R4_CORRELATIONS,false,false,false,true,true,true,ok,true,/Users/newhosung/Library/CloudStorage/OneDrive-SharedLibraries-ThePennsylvaniaStateUniversity/AI Adoption Meta Analysis - Documents/Meta/AI Adoption/PDFs/S055.pdf
S055,FC-UB,FC,UB,0.781,486.0,latest_human_R4_CORRELATIONS,false,false,false,true,true,true,ok,true,/Users/newhosung/Library/CloudStorage/OneDrive-SharedLibraries-ThePennsylvaniaStateUniversity/AI Adoption Meta Analysis - Documents/Meta/AI Adoption/PDFs/S055.pdf
S055,PE-SI,PE,SI,0.53,486.0,latest_human_R4_CORRELATIONS,false,false,false,true,true,true,ok,true,/Users/newhosung/Library/CloudStorage/OneDrive-SharedLibraries-ThePennsylvaniaStateUniversity/AI Adoption Meta Analysis - Documents/Meta/AI Adoption/PDFs/S055.pdf
S055,PE-UB,PE,UB,0.862,486.0,latest_human_R4_CORRELATIONS,false,false,false,true,true,true,ok,true,/Users/newhosung/Library/CloudStorage/OneDrive-SharedLibraries-ThePennsylvaniaStateUniversity/AI Adoption Meta Analysis - Documents/Meta/AI Adoption/PDFs/S055.pdf
S055,SI-UB,SI,UB,0.741,486.0,latest_human_R4_CORRELATIONS,false,false,false,true,true,true,ok,true,/Users/newhosung/Library/CloudStorage/OneDrive-SharedLibraries-ThePennsylvaniaStateUniversity/AI Adoption Meta Analysis - Documents/Meta/AI Adoption/PDFs/S055.pdf
S026,BI-EE,BI,EE,0.371,510.0,latest_human_R4_CORRELATIONS,false,false,false,true,true,true,ok,true,/Users/newhosung/Library/CloudStorage/OneDrive-SharedLibraries-ThePennsylvaniaStateUniversity/AI Adoption Meta Analysis - Documents/Meta/AI Adoption/PDFs/S026.pdf
S026,BI-PE,BI,PE,0.491,510.0,latest_human_R4_CORRELATIONS,false,false,false,true,true,true,ok,true,/Users/newhosung/Library/CloudStorage/OneDrive-SharedLibraries-ThePennsylvaniaStateUniversity/AI Adoption Meta Analysis - Documents/Meta/AI Adoption/PDFs/S026.pdf
S026,BI-SI,BI,SI,0.307,510.0,latest_human_R4_CORRELATIONS,false,false,false,true,true,true,ok,true,/Users/newhosung/Library/CloudStorage/OneDrive-SharedLibraries-ThePennsylvaniaStateUniversity/AI Adoption Meta Analysis - Documents/Meta/AI Adoption/PDFs/S026.pdf
S026,BI-UB,BI,UB,0.51,510.0,latest_human_R4_CORRELATIONS,false,false,false,true,true,true,ok,true,/Users/newhosung/Library/CloudStorage/OneDrive-SharedLibraries-ThePennsylvaniaStateUniversity/AI Adoption Meta Analysis - Documents/Meta/AI Adoption/PDFs/S026.pdf
S026,EE-PE,EE,PE,0.343,510.0,latest_human_R4_CORRELATIONS,false,false,false,true,true,true,ok,true,/Users/newhosung/Library/CloudStorage/OneDrive-SharedLibraries-ThePennsylvaniaStateUniversity/AI Adoption Meta Analysis - Documents/Meta/AI Adoption/PDFs/S026.pdf
S026,EE-SI,EE,SI,0.201,510.0,latest_human_R4_CORRELATIONS,false,false,false,true,true,true,ok,true,/Users/newhosung/Library/CloudStorage/OneDrive-SharedLibraries-ThePennsylvaniaStateUniversity/AI Adoption Meta Analysis - Documents/Meta/AI Adoption/PDFs/S026.pdf
S026,EE-UB,EE,UB,0.322,510.0,latest_human_R4_CORRELATIONS,false,false,false,true,true,true,ok,true,/Users/newhosung/Library/CloudStorage/OneDrive-SharedLibraries-ThePennsylvaniaStateUniversity/AI Adoption Meta Analysis - Documents/Meta/AI Adoption/PDFs/S026.pdf
S026,PE-SI,PE,SI,0.186,510.0,latest_human_R4_CORRELATIONS,false,false,false,true,true,true,ok,true,/Users/newhosung/Library/CloudStorage/OneDrive-SharedLibraries-ThePennsylvaniaStateUniversity/AI Adoption Meta Analysis - Documents/Meta/AI Adoption/PDFs/S026.pdf
S026,PE-UB,PE,UB,0.416,510.0,latest_human_R4_CORRELATIONS,false,false,false,true,true,true,ok,true,/Users/newhosung/Library/CloudStorage/OneDrive-SharedLibraries-ThePennsylvaniaStateUniversity/AI Adoption Meta Analysis - Documents/Meta/AI Adoption/PDFs/S026.pdf
S026,SI-UB,SI,UB,0.336,510.0,latest_human_R4_CORRELATIONS,false,false,false,true,true,true,ok,true,/Users/newhosung/Library/CloudStorage/OneDrive-SharedLibraries-ThePennsylvaniaStateUniversity/AI Adoption Meta Analysis - Documents/Meta/AI Adoption/PDFs/S026.pdf
S100,BI-TRU,BI,TRU,0.564,682 / 40,latest_human_R4_CORRELATIONS,false,false,false,true,true,true,ok,true,/Users/newhosung/Library/CloudStorage/OneDrive-SharedLibraries-ThePennsylvaniaStateUniversity/AI Adoption Meta Analysis - Documents/Meta/AI Adoption/PDFs/S100.pdf
S100,BI-UB,BI,UB,0.184,682 / 40,latest_human_R4_CORRELATIONS,false,false,false,true,true,true,ok,true,/Users/newhosung/Library/CloudStorage/OneDrive-SharedLibraries-ThePennsylvaniaStateUniversity/AI Adoption Meta Analysis - Documents/Meta/AI Adoption/PDFs/S100.pdf
S100,TRU-UB,TRU,UB,0.26,682 / 40,latest_human_R4_CORRELATIONS,false,false,false,true,true,true,ok,true,/Users/newhosung/Library/CloudStorage/OneDrive-SharedLibraries-ThePennsylvaniaStateUniversity/AI Adoption Meta Analysis - Documents/Meta/AI Adoption/PDFs/S100.pdf
S050,BI-EE,BI,EE,0.624,500.0,latest_human_R4_CORRELATIONS,false,false,false,true,true,true,ok,true,/Users/newhosung/Library/CloudStorage/OneDrive-SharedLibraries-ThePennsylvaniaStateUniversity/AI Adoption Meta Analysis - Documents/Meta/AI Adoption/PDFs/S050.pdf
S050,BI-FC,BI,FC,0.599,500.0,latest_human_R4_CORRELATIONS,false,false,false,true,true,true,ok,true,/Users/newhosung/Library/CloudStorage/OneDrive-SharedLibraries-ThePennsylvaniaStateUniversity/AI Adoption Meta Analysis - Documents/Meta/AI Adoption/PDFs/S050.pdf
S050,BI-PE,BI,PE,0.591,500.0,latest_human_R4_CORRELATIONS,false,false,false,true,true,true,ok,true,/Users/newhosung/Library/CloudStorage/OneDrive-SharedLibraries-ThePennsylvaniaStateUniversity/AI Adoption Meta Analysis - Documents/Meta/AI Adoption/PDFs/S050.pdf
S050,BI-SI,BI,SI,0.63,500.0,latest_human_R4_CORRELATIONS,false,false,false,true,true,true,ok,true,/Users/newhosung/Library/CloudStorage/OneDrive-SharedLibraries-ThePennsylvaniaStateUniversity/AI Adoption Meta Analysis - Documents/Meta/AI Adoption/PDFs/S050.pdf
S050,BI-UB,BI,UB,0.826,500.0,latest_human_R4_CORRELATIONS,false,false,false,true,true,true,ok,true,/Users/newhosung/Library/CloudStorage/OneDrive-SharedLibraries-ThePennsylvaniaStateUniversity/AI Adoption Meta Analysis - Documents/Meta/AI Adoption/PDFs/S050.pdf
S050,EE-FC,EE,FC,0.692,500.0,latest_human_R4_CORRELATIONS,false,false,false,true,true,true,ok,true,/Users/newhosung/Library/CloudStorage/OneDrive-SharedLibraries-ThePennsylvaniaStateUniversity/AI Adoption Meta Analysis - Documents/Meta/AI Adoption/PDFs/S050.pdf
S050,EE-PE,EE,PE,0.642,500.0,latest_human_R4_CORRELATIONS,false,false,false,true,true,true,ok,true,/Users/newhosung/Library/CloudStorage/OneDrive-SharedLibraries-ThePennsylvaniaStateUniversity/AI Adoption Meta Analysis - Documents/Meta/AI Adoption/PDFs/S050.pdf
S050,EE-SI,EE,SI,0.687,500.0,latest_human_R4_CORRELATIONS,false,false,false,true,true,true,ok,true,/Users/newhosung/Library/CloudStorage/OneDrive-SharedLibraries-ThePennsylvaniaStateUniversity/AI Adoption Meta Analysis - Documents/Meta/AI Adoption/PDFs/S050.pdf
S050,EE-UB,EE,UB,0.619,500.0,latest_human_R4_CORRELATIONS,false,false,false,true,true,true,ok,true,/Users/newhosung/Library/CloudStorage/OneDrive-SharedLibraries-ThePennsylvaniaStateUniversity/AI Adoption Meta Analysis - Documents/Meta/AI Adoption/PDFs/S050.pdf
S050,FC-PE,FC,PE,0.514,500.0,latest_human_R4_CORRELATIONS,false,false,false,true,true,true,ok,true,/Users/newhosung/Library/CloudStorage/OneDrive-SharedLibraries-ThePennsylvaniaStateUniversity/AI Adoption Meta Analysis - Documents/Meta/AI Adoption/PDFs/S050.pdf
S050,FC-SI,FC,SI,0.591,500.0,latest_human_R4_CORRELATIONS,false,false,false,true,true,true,ok,true,/Users/newhosung/Library/CloudStorage/OneDrive-SharedLibraries-ThePennsylvaniaStateUniversity/AI Adoption Meta Analysis - Documents/Meta/AI Adoption/PDFs/S050.pdf
S050,FC-UB,FC,UB,0.62,500.0,latest_human_R4_CORRELATIONS,false,false,false,true,true,true,ok,true,/Users/newhosung/Library/CloudStorage/OneDrive-SharedLibraries-ThePennsylvaniaStateUniversity/AI Adoption Meta Analysis - Documents/Meta/AI Adoption/PDFs/S050.pdf
S050,PE-SI,PE,SI,0.599,500.0,latest_human_R4_CORRELATIONS,false,false,false,true,true,true,ok,true,/Users/newhosung/Library/CloudStorage/OneDrive-SharedLibraries-ThePennsylvaniaStateUniversity/AI Adoption Meta Analysis - Documents/Meta/AI Adoption/PDFs/S050.pdf
S050,PE-UB,PE,UB,0.549,500.0,latest_human_R4_CORRELATIONS,false,false,false,true,true,true,ok,true,/Users/newhosung/Library/CloudStorage/OneDrive-SharedLibraries-ThePennsylvaniaStateUniversity/AI Adoption Meta Analysis - Documents/Meta/AI Adoption/PDFs/S050.pdf
S050,SI-UB,SI,UB,0.66,500.0,latest_human_R4_CORRELATIONS,false,false,false,true,true,true,ok,true,/Users/newhosung/Library/CloudStorage/OneDrive-SharedLibraries-ThePennsylvaniaStateUniversity/AI Adoption Meta Analysis - Documents/Meta/AI Adoption/PDFs/S050.pdf
S125,ATT-BI,ATT,BI,0.707,498.0,latest_human_R4_CORRELATIONS,false,false,false,true,true,true,ok,true,/Users/newhosung/Library/CloudStorage/OneDrive-SharedLibraries-ThePennsylvaniaStateUniversity/AI Adoption Meta Analysis - Documents/Meta/AI Adoption/PDFs/S125.pdf
S125,ATT-EE,ATT,EE,0.575,498.0,latest_human_R4_CORRELATIONS,false,false,false,true,true,true,ok,true,/Users/newhosung/Library/CloudStorage/OneDrive-SharedLibraries-ThePennsylvaniaStateUniversity/AI Adoption Meta Analysis - Documents/Meta/AI Adoption/PDFs/S125.pdf
S125,ATT-FC,ATT,FC,0.314,498.0,latest_human_R4_CORRELATIONS,false,false,false,true,true,true,ok,true,/Users/newhosung/Library/CloudStorage/OneDrive-SharedLibraries-ThePennsylvaniaStateUniversity/AI Adoption Meta Analysis - Documents/Meta/AI Adoption/PDFs/S125.pdf
S125,ATT-PE,ATT,PE,0.679,498.0,latest_human_R4_CORRELATIONS,false,false,false,true,true,true,ok,true,/Users/newhosung/Library/CloudStorage/OneDrive-SharedLibraries-ThePennsylvaniaStateUniversity/AI Adoption Meta Analysis - Documents/Meta/AI Adoption/PDFs/S125.pdf
S125,ATT-SE,ATT,SE,0.486,498.0,latest_human_R4_CORRELATIONS,false,false,false,true,true,true,ok,true,/Users/newhosung/Library/CloudStorage/OneDrive-SharedLibraries-ThePennsylvaniaStateUniversity/AI Adoption Meta Analysis - Documents/Meta/AI Adoption/PDFs/S125.pdf
S125,BI-EE,BI,EE,0.615,498.0,latest_human_R4_CORRELATIONS,false,false,false,true,true,true,ok,true,/Users/newhosung/Library/CloudStorage/OneDrive-SharedLibraries-ThePennsylvaniaStateUniversity/AI Adoption Meta Analysis - Documents/Meta/AI Adoption/PDFs/S125.pdf
S125,BI-FC,BI,FC,0.357,498.0,latest_human_R4_CORRELATIONS,false,false,false,true,true,true,ok,true,/Users/newhosung/Library/CloudStorage/OneDrive-SharedLibraries-ThePennsylvaniaStateUniversity/AI Adoption Meta Analysis - Documents/Meta/AI Adoption/PDFs/S125.pdf
S125,BI-PE,BI,PE,0.687,498.0,latest_human_R4_CORRELATIONS,false,false,false,true,true,true,ok,true,/Users/newhosung/Library/CloudStorage/OneDrive-SharedLibraries-ThePennsylvaniaStateUniversity/AI Adoption Meta Analysis - Documents/Meta/AI Adoption/PDFs/S125.pdf
S125,BI-SE,BI,SE,0.52,498.0,latest_human_R4_CORRELATIONS,false,false,false,true,true,true,ok,true,/Users/newhosung/Library/CloudStorage/OneDrive-SharedLibraries-ThePennsylvaniaStateUniversity/AI Adoption Meta Analysis - Documents/Meta/AI Adoption/PDFs/S125.pdf
S125,EE-FC,EE,FC,0.531,498.0,latest_human_R4_CORRELATIONS,false,false,false,true,true,true,ok,true,/Users/newhosung/Library/CloudStorage/OneDrive-SharedLibraries-ThePennsylvaniaStateUniversity/AI Adoption Meta Analysis - Documents/Meta/AI Adoption/PDFs/S125.pdf
S125,EE-PE,EE,PE,0.713,498.0,latest_human_R4_CORRELATIONS,false,false,false,true,true,true,ok,true,/Users/newhosung/Library/CloudStorage/OneDrive-SharedLibraries-ThePennsylvaniaStateUniversity/AI Adoption Meta Analysis - Documents/Meta/AI Adoption/PDFs/S125.pdf
S125,EE-SE,EE,SE,0.621,498.0,latest_human_R4_CORRELATIONS,false,false,false,true,true,true,ok,true,/Users/newhosung/Library/CloudStorage/OneDrive-SharedLibraries-ThePennsylvaniaStateUniversity/AI Adoption Meta Analysis - Documents/Meta/AI Adoption/PDFs/S125.pdf
S125,FC-PE,FC,PE,0.431,498.0,latest_human_R4_CORRELATIONS,false,false,false,true,true,true,ok,true,/Users/newhosung/Library/CloudStorage/OneDrive-SharedLibraries-ThePennsylvaniaStateUniversity/AI Adoption Meta Analysis - Documents/Meta/AI Adoption/PDFs/S125.pdf
S125,FC-SE,FC,SE,0.43,498.0,latest_human_R4_CORRELATIONS,false,false,false,true,true,true,ok,true,/Users/newhosung/Library/CloudStorage/OneDrive-SharedLibraries-ThePennsylvaniaStateUniversity/AI Adoption Meta Analysis - Documents/Meta/AI Adoption/PDFs/S125.pdf
S125,PE-SE,PE,SE,0.566,498.0,latest_human_R4_CORRELATIONS,false,false,false,true,true,true,ok,true,/Users/newhosung/Library/CloudStorage/OneDrive-SharedLibraries-ThePennsylvaniaStateUniversity/AI Adoption Meta Analysis - Documents/Meta/AI Adoption/PDFs/S125.pdf
S010,BI-EE,BI,EE,0.086,296.0,latest_human_R4_CORRELATIONS,false,false,false,true,true,true,ok,true,/Users/newhosung/Library/CloudStorage/OneDrive-SharedLibraries-ThePennsylvaniaStateUniversity/AI Adoption Meta Analysis - Documents/Meta/AI Adoption/PDFs/S010.pdf
S010,BI-FC,BI,FC,0.113,296.0,latest_human_R4_CORRELATIONS,false,false,false,true,false,true,ok,false,/Users/newhosung/Library/CloudStorage/OneDrive-SharedLibraries-ThePennsylvaniaStateUniversity/AI Adoption Meta Analysis - Documents/Meta/AI Adoption/PDFs/S010.pdf
S010,BI-PE,BI,PE,0.429,296.0,latest_human_R4_CORRELATIONS,false,false,false,true,true,true,ok,true,/Users/newhosung/Library/CloudStorage/OneDrive-SharedLibraries-ThePennsylvaniaStateUniversity/AI Adoption Meta Analysis - Documents/Meta/AI Adoption/PDFs/S010.pdf
S010,BI-SI,BI,SI,0.121,296.0,latest_human_R4_CORRELATIONS,false,false,false,true,true,true,ok,true,/Users/newhosung/Library/CloudStorage/OneDrive-SharedLibraries-ThePennsylvaniaStateUniversity/AI Adoption Meta Analysis - Documents/Meta/AI Adoption/PDFs/S010.pdf
S010,BI-UB,BI,UB,0.435,296.0,latest_human_R4_CORRELATIONS,false,false,false,true,true,true,ok,true,/Users/newhosung/Library/CloudStorage/OneDrive-SharedLibraries-ThePennsylvaniaStateUniversity/AI Adoption Meta Analysis - Documents/Meta/AI Adoption/PDFs/S010.pdf
S010,FC-UB,FC,UB,0.067,296.0,latest_human_R4_CORRELATIONS,false,false,false,true,false,true,ok,false,/Users/newhosung/Library/CloudStorage/OneDrive-SharedLibraries-ThePennsylvaniaStateUniversity/AI Adoption Meta Analysis - Documents/Meta/AI Adoption/PDFs/S010.pdf
S057,ANX-ATT,ANX,ATT,0.4,582.0,latest_human_R4_CORRELATIONS,false,false,false,true,true,true,ok,true,/Users/newhosung/Library/CloudStorage/OneDrive-SharedLibraries-ThePennsylvaniaStateUniversity/AI Adoption Meta Analysis - Documents/Meta/AI Adoption/PDFs/S057.pdf
S057,ANX-BI,ANX,BI,0.39,582.0,latest_human_R4_CORRELATIONS,false,false,false,true,true,true,ok,true,/Users/newhosung/Library/CloudStorage/OneDrive-SharedLibraries-ThePennsylvaniaStateUniversity/AI Adoption Meta Analysis - Documents/Meta/AI Adoption/PDFs/S057.pdf
S057,ANX-EE,ANX,EE,0.36,582.0,latest_human_R4_CORRELATIONS,false,false,false,true,true,true,ok,true,/Users/newhosung/Library/CloudStorage/OneDrive-SharedLibraries-ThePennsylvaniaStateUniversity/AI Adoption Meta Analysis - Documents/Meta/AI Adoption/PDFs/S057.pdf
S057,ANX-FC,ANX,FC,0.33,582.0,latest_human_R4_CORRELATIONS,false,false,false,true,true,true,ok,true,/Users/newhosung/Library/CloudStorage/OneDrive-SharedLibraries-ThePennsylvaniaStateUniversity/AI Adoption Meta Analysis - Documents/Meta/AI Adoption/PDFs/S057.pdf
S057,ANX-PE,ANX,PE,0.34,582.0,latest_human_R4_CORRELATIONS,false,false,false,true,true,true,ok,true,/Users/newhosung/Library/CloudStorage/OneDrive-SharedLibraries-ThePennsylvaniaStateUniversity/AI Adoption Meta Analysis - Documents/Meta/AI Adoption/PDFs/S057.pdf
S057,ANX-SE,ANX,SE,0.27,582.0,latest_human_R4_CORRELATIONS,false,false,false,true,true,true,ok,true,/Users/newhosung/Library/CloudStorage/OneDrive-SharedLibraries-ThePennsylvaniaStateUniversity/AI Adoption Meta Analysis - Documents/Meta/AI Adoption/PDFs/S057.pdf
S057,ANX-SI,ANX,SI,0.39,582.0,latest_human_R4_CORRELATIONS,false,false,false,true,true,true,ok,true,/Users/newhosung/Library/CloudStorage/OneDrive-SharedLibraries-ThePennsylvaniaStateUniversity/AI Adoption Meta Analysis - Documents/Meta/AI Adoption/PDFs/S057.pdf
S057,ATT-BI,ATT,BI,0.48,582.0,latest_human_R4_CORRELATIONS,false,false,false,true,true,true,ok,true,/Users/newhosung/Library/CloudStorage/OneDrive-SharedLibraries-ThePennsylvaniaStateUniversity/AI Adoption Meta Analysis - Documents/Meta/AI Adoption/PDFs/S057.pdf
S057,ATT-EE,ATT,EE,0.61,582.0,latest_human_R4_CORRELATIONS,false,false,false,true,true,true,ok,true,/Users/newhosung/Library/CloudStorage/OneDrive-SharedLibraries-ThePennsylvaniaStateUniversity/AI Adoption Meta Analysis - Documents/Meta/AI Adoption/PDFs/S057.pdf
S057,ATT-FC,ATT,FC,0.35,582.0,latest_human_R4_CORRELATIONS,false,false,false,true,true,true,ok,true,/Users/newhosung/Library/CloudStorage/OneDrive-SharedLibraries-ThePennsylvaniaStateUniversity/AI Adoption Meta Analysis - Documents/Meta/AI Adoption/PDFs/S057.pdf
S057,ATT-PE,ATT,PE,0.67,582.0,latest_human_R4_CORRELATIONS,false,false,false,true,true,true,ok,true,/Users/newhosung/Library/CloudStorage/OneDrive-SharedLibraries-ThePennsylvaniaStateUniversity/AI Adoption Meta Analysis - Documents/Meta/AI Adoption/PDFs/S057.pdf
S057,ATT-SE,ATT,SE,0.33,582.0,latest_human_R4_CORRELATIONS,false,false,false,true,true,true,ok,true,/Users/newhosung/Library/CloudStorage/OneDrive-SharedLibraries-ThePennsylvaniaStateUniversity/AI Adoption Meta Analysis - Documents/Meta/AI Adoption/PDFs/S057.pdf
S057,ATT-SI,ATT,SI,0.51,582.0,latest_human_R4_CORRELATIONS,false,false,false,true,true,true,ok,true,/Users/newhosung/Library/CloudStorage/OneDrive-SharedLibraries-ThePennsylvaniaStateUniversity/AI Adoption Meta Analysis - Documents/Meta/AI Adoption/PDFs/S057.pdf
S057,BI-EE,BI,EE,0.49,582.0,latest_human_R4_CORRELATIONS,false,false,false,true,true,true,ok,true,/Users/newhosung/Library/CloudStorage/OneDrive-SharedLibraries-ThePennsylvaniaStateUniversity/AI Adoption Meta Analysis - Documents/Meta/AI Adoption/PDFs/S057.pdf
S057,BI-FC,BI,FC,0.35,582.0,latest_human_R4_CORRELATIONS,false,false,false,true,true,true,ok,true,/Users/newhosung/Library/CloudStorage/OneDrive-SharedLibraries-ThePennsylvaniaStateUniversity/AI Adoption Meta Analysis - Documents/Meta/AI Adoption/PDFs/S057.pdf
S057,BI-PE,BI,PE,0.51,582.0,latest_human_R4_CORRELATIONS,false,false,false,true,true,true,ok,true,/Users/newhosung/Library/CloudStorage/OneDrive-SharedLibraries-ThePennsylvaniaStateUniversity/AI Adoption Meta Analysis - Documents/Meta/AI Adoption/PDFs/S057.pdf
S057,BI-SE,BI,SE,0.37,582.0,latest_human_R4_CORRELATIONS,false,false,false,true,true,true,ok,true,/Users/newhosung/Library/CloudStorage/OneDrive-SharedLibraries-ThePennsylvaniaStateUniversity/AI Adoption Meta Analysis - Documents/Meta/AI Adoption/PDFs/S057.pdf
S057,BI-SI,BI,SI,0.44,582.0,latest_human_R4_CORRELATIONS,false,false,false,true,true,true,ok,true,/Users/newhosung/Library/CloudStorage/OneDrive-SharedLibraries-ThePennsylvaniaStateUniversity/AI Adoption Meta Analysis - Documents/Meta/AI Adoption/PDFs/S057.pdf
S057,EE-FC,EE,FC,0.31,582.0,latest_human_R4_CORRELATIONS,false,false,false,true,true,true,ok,true,/Users/newhosung/Library/CloudStorage/OneDrive-SharedLibraries-ThePennsylvaniaStateUniversity/AI Adoption Meta Analysis - Documents/Meta/AI Adoption/PDFs/S057.pdf
S057,EE-PE,EE,PE,0.71,582.0,latest_human_R4_CORRELATIONS,false,false,false,true,true,true,ok,true,/Users/newhosung/Library/CloudStorage/OneDrive-SharedLibraries-ThePennsylvaniaStateUniversity/AI Adoption Meta Analysis - Documents/Meta/AI Adoption/PDFs/S057.pdf
S057,EE-SE,EE,SE,0.33,582.0,latest_human_R4_CORRELATIONS,false,false,false,true,true,true,ok,true,/Users/newhosung/Library/CloudStorage/OneDrive-SharedLibraries-ThePennsylvaniaStateUniversity/AI Adoption Meta Analysis - Documents/Meta/AI Adoption/PDFs/S057.pdf
S057,EE-SI,EE,SI,0.53,582.0,latest_human_R4_CORRELATIONS,false,false,false,true,true,true,ok,true,/Users/newhosung/Library/CloudStorage/OneDrive-SharedLibraries-ThePennsylvaniaStateUniversity/AI Adoption Meta Analysis - Documents/Meta/AI Adoption/PDFs/S057.pdf
S057,FC-PE,FC,PE,0.29,582.0,latest_human_R4_CORRELATIONS,false,false,false,true,true,true,ok,true,/Users/newhosung/Library/CloudStorage/OneDrive-SharedLibraries-ThePennsylvaniaStateUniversity/AI Adoption Meta Analysis - Documents/Meta/AI Adoption/PDFs/S057.pdf
S057,FC-SE,FC,SE,0.33,582.0,latest_human_R4_CORRELATIONS,false,false,false,true,true,true,ok,true,/Users/newhosung/Library/CloudStorage/OneDrive-SharedLibraries-ThePennsylvaniaStateUniversity/AI Adoption Meta Analysis - Documents/Meta/AI Adoption/PDFs/S057.pdf
S057,FC-SI,FC,SI,0.39,582.0,latest_human_R4_CORRELATIONS,false,false,false,true,true,true,ok,true,/Users/newhosung/Library/CloudStorage/OneDrive-SharedLibraries-ThePennsylvaniaStateUniversity/AI Adoption Meta Analysis - Documents/Meta/AI Adoption/PDFs/S057.pdf
S057,PE-SE,PE,SE,0.39,582.0,latest_human_R4_CORRELATIONS,false,false,false,true,true,true,ok,true,/Users/newhosung/Library/CloudStorage/OneDrive-SharedLibraries-ThePennsylvaniaStateUniversity/AI Adoption Meta Analysis - Documents/Meta/AI Adoption/PDFs/S057.pdf
S057,PE-SI,PE,SI,0.48,582.0,latest_human_R4_CORRELATIONS,false,false,false,true,true,true,ok,true,/Users/newhosung/Library/CloudStorage/OneDrive-SharedLibraries-ThePennsylvaniaStateUniversity/AI Adoption Meta Analysis - Documents/Meta/AI Adoption/PDFs/S057.pdf
S057,SE-SI,SE,SI,0.34,582.0,latest_human_R4_CORRELATIONS,false,false,false,true,true,true,ok,true,/Users/newhosung/Library/CloudStorage/OneDrive-SharedLibraries-ThePennsylvaniaStateUniversity/AI Adoption Meta Analysis - Documents/Meta/AI Adoption/PDFs/S057.pdf
S174,BI-EE,BI,EE,0.385,1380.0,latest_human_R4_CORRELATIONS,false,false,false,true,true,true,ok,true,/Users/newhosung/Library/CloudStorage/OneDrive-SharedLibraries-ThePennsylvaniaStateUniversity/AI Adoption Meta Analysis - Documents/Meta/AI Adoption/PDFs/S174.pdf
S174,BI-PE,BI,PE,0.303,1380.0,latest_human_R4_CORRELATIONS,false,false,false,true,true,true,ok,true,/Users/newhosung/Library/CloudStorage/OneDrive-SharedLibraries-ThePennsylvaniaStateUniversity/AI Adoption Meta Analysis - Documents/Meta/AI Adoption/PDFs/S174.pdf
S174,BI-TRU,BI,TRU,0.227,1380.0,latest_human_R4_CORRELATIONS,false,false,false,true,true,true,ok,true,/Users/newhosung/Library/CloudStorage/OneDrive-SharedLibraries-ThePennsylvaniaStateUniversity/AI Adoption Meta Analysis - Documents/Meta/AI Adoption/PDFs/S174.pdf
S174,BI-UB,BI,UB,0.204,1380.0,latest_human_R4_CORRELATIONS,false,false,false,true,true,true,ok,true,/Users/newhosung/Library/CloudStorage/OneDrive-SharedLibraries-ThePennsylvaniaStateUniversity/AI Adoption Meta Analysis - Documents/Meta/AI Adoption/PDFs/S174.pdf
S174,EE-PE,EE,PE,0.688,1380.0,latest_human_R4_CORRELATIONS,false,false,false,true,true,true,ok,true,/Users/newhosung/Library/CloudStorage/OneDrive-SharedLibraries-ThePennsylvaniaStateUniversity/AI Adoption Meta Analysis - Documents/Meta/AI Adoption/PDFs/S174.pdf
S174,EE-TRU,EE,TRU,0.471,1380.0,latest_human_R4_CORRELATIONS,false,false,false,true,true,true,ok,true,/Users/newhosung/Library/CloudStorage/OneDrive-SharedLibraries-ThePennsylvaniaStateUniversity/AI Adoption Meta Analysis - Documents/Meta/AI Adoption/PDFs/S174.pdf
S174,EE-UB,EE,UB,0.291,1380.0,latest_human_R4_CORRELATIONS,false,false,false,true,true,true,ok,true,/Users/newhosung/Library/CloudStorage/OneDrive-SharedLibraries-ThePennsylvaniaStateUniversity/AI Adoption Meta Analysis - Documents/Meta/AI Adoption/PDFs/S174.pdf
S174,PE-TRU,PE,TRU,0.542,1380.0,latest_human_R4_CORRELATIONS,false,false,false,true,true,true,ok,true,/Users/newhosung/Library/CloudStorage/OneDrive-SharedLibraries-ThePennsylvaniaStateUniversity/AI Adoption Meta Analysis - Documents/Meta/AI Adoption/PDFs/S174.pdf
S174,PE-UB,PE,UB,0.108,1380.0,latest_human_R4_CORRELATIONS,false,false,false,true,true,true,ok,true,/Users/newhosung/Library/CloudStorage/OneDrive-SharedLibraries-ThePennsylvaniaStateUniversity/AI Adoption Meta Analysis - Documents/Meta/AI Adoption/PDFs/S174.pdf
S174,TRU-UB,TRU,UB,0.243,1380.0,latest_human_R4_CORRELATIONS,false,false,false,true,true,true,ok,true,/Users/newhosung/Library/CloudStorage/OneDrive-SharedLibraries-ThePennsylvaniaStateUniversity/AI Adoption Meta Analysis - Documents/Meta/AI Adoption/PDFs/S174.pdf
S154,BI-EE,BI,EE,0.594,108.0,latest_human_R4_CORRELATIONS,false,false,false,true,true,true,ok,true,/Users/newhosung/Library/CloudStorage/OneDrive-SharedLibraries-ThePennsylvaniaStateUniversity/AI Adoption Meta Analysis - Documents/Meta/AI Adoption/PDFs/S154.pdf
S154,BI-PE,BI,PE,0.713,108.0,latest_human_R4_CORRELATIONS,false,false,false,true,true,true,ok,true,/Users/newhosung/Library/CloudStorage/OneDrive-SharedLibraries-ThePennsylvaniaStateUniversity/AI Adoption Meta Analysis - Documents/Meta/AI Adoption/PDFs/S154.pdf
S154,BI-TRU,BI,TRU,0.4,108.0,latest_human_R4_CORRELATIONS,false,false,false,true,true,true,ok,true,/Users/newhosung/Library/CloudStorage/OneDrive-SharedLibraries-ThePennsylvaniaStateUniversity/AI Adoption Meta Analysis - Documents/Meta/AI Adoption/PDFs/S154.pdf
S154,BI-UB,BI,UB,0.746,108.0,latest_human_R4_CORRELATIONS,false,false,false,true,true,true,ok,true,/Users/newhosung/Library/CloudStorage/OneDrive-SharedLibraries-ThePennsylvaniaStateUniversity/AI Adoption Meta Analysis - Documents/Meta/AI Adoption/PDFs/S154.pdf
S154,EE-PE,EE,PE,0.706,108.0,latest_human_R4_CORRELATIONS,false,false,false,true,true,true,ok,true,/Users/newhosung/Library/CloudStorage/OneDrive-SharedLibraries-ThePennsylvaniaStateUniversity/AI Adoption Meta Analysis - Documents/Meta/AI Adoption/PDFs/S154.pdf
S154,EE-TRU,EE,TRU,0.355,108.0,latest_human_R4_CORRELATIONS,false,false,false,true,true,true,ok,true,/Users/newhosung/Library/CloudStorage/OneDrive-SharedLibraries-ThePennsylvaniaStateUniversity/AI Adoption Meta Analysis - Documents/Meta/AI Adoption/PDFs/S154.pdf
S154,EE-UB,EE,UB,0.557,108.0,latest_human_R4_CORRELATIONS,false,false,false,true,true,true,ok,true,/Users/newhosung/Library/CloudStorage/OneDrive-SharedLibraries-ThePennsylvaniaStateUniversity/AI Adoption Meta Analysis - Documents/Meta/AI Adoption/PDFs/S154.pdf
S154,PE-TRU,PE,TRU,0.443,108.0,latest_human_R4_CORRELATIONS,false,false,false,true,true,true,ok,true,/Users/newhosung/Library/CloudStorage/OneDrive-SharedLibraries-ThePennsylvaniaStateUniversity/AI Adoption Meta Analysis - Documents/Meta/AI Adoption/PDFs/S154.pdf
S154,PE-UB,PE,UB,0.723,108.0,latest_human_R4_CORRELATIONS,false,false,false,true,true,true,ok,true,/Users/newhosung/Library/CloudStorage/OneDrive-SharedLibraries-ThePennsylvaniaStateUniversity/AI Adoption Meta Analysis - Documents/Meta/AI Adoption/PDFs/S154.pdf
S154,TRU-UB,TRU,UB,0.402,108.0,latest_human_R4_CORRELATIONS,false,false,false,true,true,true,ok,true,/Users/newhosung/Library/CloudStorage/OneDrive-SharedLibraries-ThePennsylvaniaStateUniversity/AI Adoption Meta Analysis - Documents/Meta/AI Adoption/PDFs/S154.pdf
S170,ATT-BI,ATT,BI,0.45,90.0,latest_human_R4_CORRELATIONS,false,false,false,true,true,true,ok,true,/Users/newhosung/Library/CloudStorage/OneDrive-SharedLibraries-ThePennsylvaniaStateUniversity/AI Adoption Meta Analysis - Documents/Meta/AI Adoption/PDFs/S170.pdf
S170,ATT-PE,ATT,PE,0.43,90.0,latest_human_R4_CORRELATIONS,false,false,false,true,false,true,ok,false,/Users/newhosung/Library/CloudStorage/OneDrive-SharedLibraries-ThePennsylvaniaStateUniversity/AI Adoption Meta Analysis - Documents/Meta/AI Adoption/PDFs/S170.pdf
S170,ATT-SI,ATT,SI,0.485,90.0,latest_human_R4_CORRELATIONS,false,false,false,true,false,true,ok,false,/Users/newhosung/Library/CloudStorage/OneDrive-SharedLibraries-ThePennsylvaniaStateUniversity/AI Adoption Meta Analysis - Documents/Meta/AI Adoption/PDFs/S170.pdf
S170,BI-PE,BI,PE,-0.101,90.0,latest_human_R4_CORRELATIONS,false,false,false,true,false,true,ok,false,/Users/newhosung/Library/CloudStorage/OneDrive-SharedLibraries-ThePennsylvaniaStateUniversity/AI Adoption Meta Analysis - Documents/Meta/AI Adoption/PDFs/S170.pdf
S170,BI-SI,BI,SI,0.408,90.0,latest_human_R4_CORRELATIONS,false,false,false,true,false,true,ok,true,/Users/newhosung/Library/CloudStorage/OneDrive-SharedLibraries-ThePennsylvaniaStateUniversity/AI Adoption Meta Analysis - Documents/Meta/AI Adoption/PDFs/S170.pdf
S130,ANX-EE,ANX,EE,-0.52,500.0,latest_human_R4_CORRELATIONS,false,false,false,true,false,true,ok,false,/Users/newhosung/Library/CloudStorage/OneDrive-SharedLibraries-ThePennsylvaniaStateUniversity/AI Adoption Meta Analysis - Documents/Meta/AI Adoption/PDFs/S130.pdf
S130,ANX-FC,ANX,FC,-0.49,500.0,latest_human_R4_CORRELATIONS,false,false,false,true,false,true,ok,false,/Users/newhosung/Library/CloudStorage/OneDrive-SharedLibraries-ThePennsylvaniaStateUniversity/AI Adoption Meta Analysis - Documents/Meta/AI Adoption/PDFs/S130.pdf
S130,ANX-PE,ANX,PE,0.47,500.0,latest_human_R4_CORRELATIONS,false,true,true,true,true,true,ok,true,/Users/newhosung/Library/CloudStorage/OneDrive-SharedLibraries-ThePennsylvaniaStateUniversity/AI Adoption Meta Analysis - Documents/Meta/AI Adoption/PDFs/S130.pdf
S130,ANX-UB,ANX,UB,-0.5,500.0,latest_human_R4_CORRELATIONS,false,false,false,true,false,true,ok,false,/Users/newhosung/Library/CloudStorage/OneDrive-SharedLibraries-ThePennsylvaniaStateUniversity/AI Adoption Meta Analysis - Documents/Meta/AI Adoption/PDFs/S130.pdf
S130,EE-FC,EE,FC,0.62,500.0,latest_human_R4_CORRELATIONS,false,false,false,true,true,true,ok,true,/Users/newhosung/Library/CloudStorage/OneDrive-SharedLibraries-ThePennsylvaniaStateUniversity/AI Adoption Meta Analysis - Documents/Meta/AI Adoption/PDFs/S130.pdf
S130,EE-PE,EE,PE,0.48,500.0,latest_human_R4_CORRELATIONS,false,false,false,true,true,true,ok,true,/Users/newhosung/Library/CloudStorage/OneDrive-SharedLibraries-ThePennsylvaniaStateUniversity/AI Adoption Meta Analysis - Documents/Meta/AI Adoption/PDFs/S130.pdf
S130,EE-UB,EE,UB,0.52,500.0,latest_human_R4_CORRELATIONS,false,false,false,true,true,true,ok,true,/Users/newhosung/Library/CloudStorage/OneDrive-SharedLibraries-ThePennsylvaniaStateUniversity/AI Adoption Meta Analysis - Documents/Meta/AI Adoption/PDFs/S130.pdf
S130,FC-PE,FC,PE,0.56,500.0,latest_human_R4_CORRELATIONS,false,false,false,true,true,true,ok,true,/Users/newhosung/Library/CloudStorage/OneDrive-SharedLibraries-ThePennsylvaniaStateUniversity/AI Adoption Meta Analysis - Documents/Meta/AI Adoption/PDFs/S130.pdf
S130,FC-UB,FC,UB,0.57,500.0,latest_human_R4_CORRELATIONS,false,false,false,true,true,true,ok,true,/Users/newhosung/Library/CloudStorage/OneDrive-SharedLibraries-ThePennsylvaniaStateUniversity/AI Adoption Meta Analysis - Documents/Meta/AI Adoption/PDFs/S130.pdf
S130,PE-UB,PE,UB,0.59,500.0,latest_human_R4_CORRELATIONS,false,false,false,true,true,true,ok,true,/Users/newhosung/Library/CloudStorage/OneDrive-SharedLibraries-ThePennsylvaniaStateUniversity/AI Adoption Meta Analysis - Documents/Meta/AI Adoption/PDFs/S130.pdf
S225,BI-EE,BI,EE,-0.057,302.0,latest_human_R4_CORRELATIONS,false,false,false,true,false,true,ok,false,/Users/newhosung/Library/CloudStorage/OneDrive-SharedLibraries-ThePennsylvaniaStateUniversity/AI Adoption Meta Analysis - Documents/Meta/AI Adoption/PDFs/S225.pdf
S225,BI-FC,BI,FC,0.091,302.0,latest_human_R4_CORRELATIONS,false,false,false,true,true,true,ok,false,/Users/newhosung/Library/CloudStorage/OneDrive-SharedLibraries-ThePennsylvaniaStateUniversity/AI Adoption Meta Analysis - Documents/Meta/AI Adoption/PDFs/S225.pdf
S225,BI-PE,BI,PE,0.184,302.0,latest_human_R4_CORRELATIONS,false,false,false,true,false,true,ok,false,/Users/newhosung/Library/CloudStorage/OneDrive-SharedLibraries-ThePennsylvaniaStateUniversity/AI Adoption Meta Analysis - Documents/Meta/AI Adoption/PDFs/S225.pdf
S225,BI-SI,BI,SI,-0.076,302.0,latest_human_R4_CORRELATIONS,false,false,false,true,false,true,ok,false,/Users/newhosung/Library/CloudStorage/OneDrive-SharedLibraries-ThePennsylvaniaStateUniversity/AI Adoption Meta Analysis - Documents/Meta/AI Adoption/PDFs/S225.pdf
S225,BI-TRU,BI,TRU,0.435,302.0,latest_human_R4_CORRELATIONS,false,false,false,true,false,true,ok,false,/Users/newhosung/Library/CloudStorage/OneDrive-SharedLibraries-ThePennsylvaniaStateUniversity/AI Adoption Meta Analysis - Documents/Meta/AI Adoption/PDFs/S225.pdf
S225,BI-UB,BI,UB,0.687,302.0,latest_human_R4_CORRELATIONS,false,false,false,true,true,true,ok,true,/Users/newhosung/Library/CloudStorage/OneDrive-SharedLibraries-ThePennsylvaniaStateUniversity/AI Adoption Meta Analysis - Documents/Meta/AI Adoption/PDFs/S225.pdf
S193,ATT-BI,ATT,BI,0.702,186.0,latest_human_R4_CORRELATIONS,false,false,false,true,true,true,ok,true,/Users/newhosung/Library/CloudStorage/OneDrive-SharedLibraries-ThePennsylvaniaStateUniversity/AI Adoption Meta Analysis - Documents/Meta/AI Adoption/PDFs/S193.pdf
S193,ATT-EE,ATT,EE,0.464,186.0,latest_human_R4_CORRELATIONS,false,false,false,true,true,true,ok,true,/Users/newhosung/Library/CloudStorage/OneDrive-SharedLibraries-ThePennsylvaniaStateUniversity/AI Adoption Meta Analysis - Documents/Meta/AI Adoption/PDFs/S193.pdf
S193,ATT-FC,ATT,FC,0.457,186.0,latest_human_R4_CORRELATIONS,false,false,false,true,true,true,ok,true,/Users/newhosung/Library/CloudStorage/OneDrive-SharedLibraries-ThePennsylvaniaStateUniversity/AI Adoption Meta Analysis - Documents/Meta/AI Adoption/PDFs/S193.pdf
S193,ATT-PE,ATT,PE,0.756,186.0,latest_human_R4_CORRELATIONS,false,false,false,true,true,true,ok,true,/Users/newhosung/Library/CloudStorage/OneDrive-SharedLibraries-ThePennsylvaniaStateUniversity/AI Adoption Meta Analysis - Documents/Meta/AI Adoption/PDFs/S193.pdf
S193,ATT-SI,ATT,SI,0.658,186.0,latest_human_R4_CORRELATIONS,false,false,false,true,true,true,ok,true,/Users/newhosung/Library/CloudStorage/OneDrive-SharedLibraries-ThePennsylvaniaStateUniversity/AI Adoption Meta Analysis - Documents/Meta/AI Adoption/PDFs/S193.pdf
S193,BI-EE,BI,EE,0.663,186.0,latest_human_R4_CORRELATIONS,false,false,false,true,true,true,ok,true,/Users/newhosung/Library/CloudStorage/OneDrive-SharedLibraries-ThePennsylvaniaStateUniversity/AI Adoption Meta Analysis - Documents/Meta/AI Adoption/PDFs/S193.pdf
S193,BI-FC,BI,FC,0.742,186.0,latest_human_R4_CORRELATIONS,false,false,false,true,true,true,ok,true,/Users/newhosung/Library/CloudStorage/OneDrive-SharedLibraries-ThePennsylvaniaStateUniversity/AI Adoption Meta Analysis - Documents/Meta/AI Adoption/PDFs/S193.pdf
S193,BI-PE,BI,PE,0.685,186.0,latest_human_R4_CORRELATIONS,false,false,false,true,true,true,ok,true,/Users/newhosung/Library/CloudStorage/OneDrive-SharedLibraries-ThePennsylvaniaStateUniversity/AI Adoption Meta Analysis - Documents/Meta/AI Adoption/PDFs/S193.pdf
S193,BI-SI,BI,SI,0.771,186.0,latest_human_R4_CORRELATIONS,false,false,false,true,true,true,ok,true,/Users/newhosung/Library/CloudStorage/OneDrive-SharedLibraries-ThePennsylvaniaStateUniversity/AI Adoption Meta Analysis - Documents/Meta/AI Adoption/PDFs/S193.pdf
S193,EE-FC,EE,FC,0.656,186.0,latest_human_R4_CORRELATIONS,false,false,false,true,true,true,ok,true,/Users/newhosung/Library/CloudStorage/OneDrive-SharedLibraries-ThePennsylvaniaStateUniversity/AI Adoption Meta Analysis - Documents/Meta/AI Adoption/PDFs/S193.pdf
S193,EE-PE,EE,PE,0.629,186.0,latest_human_R4_CORRELATIONS,false,false,false,true,true,true,ok,true,/Users/newhosung/Library/CloudStorage/OneDrive-SharedLibraries-ThePennsylvaniaStateUniversity/AI Adoption Meta Analysis - Documents/Meta/AI Adoption/PDFs/S193.pdf
S193,EE-SI,EE,SI,0.723,186.0,latest_human_R4_CORRELATIONS,false,false,false,true,true,true,ok,true,/Users/newhosung/Library/CloudStorage/OneDrive-SharedLibraries-ThePennsylvaniaStateUniversity/AI Adoption Meta Analysis - Documents/Meta/AI Adoption/PDFs/S193.pdf
S193,FC-PE,FC,PE,0.747,186.0,latest_human_R4_CORRELATIONS,false,false,false,true,true,true,ok,true,/Users/newhosung/Library/CloudStorage/OneDrive-SharedLibraries-ThePennsylvaniaStateUniversity/AI Adoption Meta Analysis - Documents/Meta/AI Adoption/PDFs/S193.pdf
S193,FC-SI,FC,SI,0.676,186.0,latest_human_R4_CORRELATIONS,false,false,false,true,true,true,ok,true,/Users/newhosung/Library/CloudStorage/OneDrive-SharedLibraries-ThePennsylvaniaStateUniversity/AI Adoption Meta Analysis - Documents/Meta/AI Adoption/PDFs/S193.pdf
S193,PE-SI,PE,SI,0.461,186.0,latest_human_R4_CORRELATIONS,false,false,false,true,true,true,ok,true,/Users/newhosung/Library/CloudStorage/OneDrive-SharedLibraries-ThePennsylvaniaStateUniversity/AI Adoption Meta Analysis - Documents/Meta/AI Adoption/PDFs/S193.pdf
S060,ATT-BI,ATT,BI,0.685,415.0,latest_human_R4_CORRELATIONS,false,false,false,true,true,true,ok,true,/Users/newhosung/Library/CloudStorage/OneDrive-SharedLibraries-ThePennsylvaniaStateUniversity/AI Adoption Meta Analysis - Documents/Meta/AI Adoption/PDFs/S060.pdf
S060,ATT-EE,ATT,EE,0.629,415.0,latest_human_R4_CORRELATIONS,false,false,false,true,true,true,ok,true,/Users/newhosung/Library/CloudStorage/OneDrive-SharedLibraries-ThePennsylvaniaStateUniversity/AI Adoption Meta Analysis - Documents/Meta/AI Adoption/PDFs/S060.pdf
S060,ATT-FC,ATT,FC,0.652,415.0,latest_human_R4_CORRELATIONS,false,false,false,true,true,true,ok,true,/Users/newhosung/Library/CloudStorage/OneDrive-SharedLibraries-ThePennsylvaniaStateUniversity/AI Adoption Meta Analysis - Documents/Meta/AI Adoption/PDFs/S060.pdf
S060,ATT-PE,ATT,PE,0.673,415.0,latest_human_R4_CORRELATIONS,false,false,false,true,true,true,ok,true,/Users/newhosung/Library/CloudStorage/OneDrive-SharedLibraries-ThePennsylvaniaStateUniversity/AI Adoption Meta Analysis - Documents/Meta/AI Adoption/PDFs/S060.pdf
S060,ATT-SI,ATT,SI,0.596,415.0,latest_human_R4_CORRELATIONS,false,false,false,true,true,true,ok,true,/Users/newhosung/Library/CloudStorage/OneDrive-SharedLibraries-ThePennsylvaniaStateUniversity/AI Adoption Meta Analysis - Documents/Meta/AI Adoption/PDFs/S060.pdf
S060,BI-EE,BI,EE,0.541,415.0,latest_human_R4_CORRELATIONS,false,false,false,true,true,true,ok,true,/Users/newhosung/Library/CloudStorage/OneDrive-SharedLibraries-ThePennsylvaniaStateUniversity/AI Adoption Meta Analysis - Documents/Meta/AI Adoption/PDFs/S060.pdf
S060,BI-FC,BI,FC,0.596,415.0,latest_human_R4_CORRELATIONS,false,false,false,true,true,true,ok,true,/Users/newhosung/Library/CloudStorage/OneDrive-SharedLibraries-ThePennsylvaniaStateUniversity/AI Adoption Meta Analysis - Documents/Meta/AI Adoption/PDFs/S060.pdf
S060,BI-PE,BI,PE,0.585,415.0,latest_human_R4_CORRELATIONS,false,false,false,true,true,true,ok,true,/Users/newhosung/Library/CloudStorage/OneDrive-SharedLibraries-ThePennsylvaniaStateUniversity/AI Adoption Meta Analysis - Documents/Meta/AI Adoption/PDFs/S060.pdf
S060,BI-SI,BI,SI,0.463,415.0,latest_human_R4_CORRELATIONS,false,false,false,true,true,true,ok,true,/Users/newhosung/Library/CloudStorage/OneDrive-SharedLibraries-ThePennsylvaniaStateUniversity/AI Adoption Meta Analysis - Documents/Meta/AI Adoption/PDFs/S060.pdf
S060,EE-FC,EE,FC,0.552,415.0,latest_human_R4_CORRELATIONS,false,false,false,true,true,true,ok,true,/Users/newhosung/Library/CloudStorage/OneDrive-SharedLibraries-ThePennsylvaniaStateUniversity/AI Adoption Meta Analysis - Documents/Meta/AI Adoption/PDFs/S060.pdf
S060,EE-PE,EE,PE,0.562,415.0,latest_human_R4_CORRELATIONS,false,false,false,true,true,true,ok,true,/Users/newhosung/Library/CloudStorage/OneDrive-SharedLibraries-ThePennsylvaniaStateUniversity/AI Adoption Meta Analysis - Documents/Meta/AI Adoption/PDFs/S060.pdf
S060,EE-SI,EE,SI,0.417,415.0,latest_human_R4_CORRELATIONS,false,false,false,true,false,true,ok,true,/Users/newhosung/Library/CloudStorage/OneDrive-SharedLibraries-ThePennsylvaniaStateUniversity/AI Adoption Meta Analysis - Documents/Meta/AI Adoption/PDFs/S060.pdf
S060,FC-PE,FC,PE,0.618,415.0,latest_human_R4_CORRELATIONS,false,false,false,true,true,true,ok,true,/Users/newhosung/Library/CloudStorage/OneDrive-SharedLibraries-ThePennsylvaniaStateUniversity/AI Adoption Meta Analysis - Documents/Meta/AI Adoption/PDFs/S060.pdf
S060,FC-SI,FC,SI,0.473,415.0,latest_human_R4_CORRELATIONS,false,false,false,true,true,true,ok,true,/Users/newhosung/Library/CloudStorage/OneDrive-SharedLibraries-ThePennsylvaniaStateUniversity/AI Adoption Meta Analysis - Documents/Meta/AI Adoption/PDFs/S060.pdf
S060,PE-SI,PE,SI,0.487,415.0,latest_human_R4_CORRELATIONS,false,false,false,true,true,true,ok,true,/Users/newhosung/Library/CloudStorage/OneDrive-SharedLibraries-ThePennsylvaniaStateUniversity/AI Adoption Meta Analysis - Documents/Meta/AI Adoption/PDFs/S060.pdf
S160,BI-PE,BI,PE,0.075,351.0,latest_human_R4_CORRELATIONS,false,false,false,true,true,true,ok,true,/Users/newhosung/Library/CloudStorage/OneDrive-SharedLibraries-ThePennsylvaniaStateUniversity/AI Adoption Meta Analysis - Documents/Meta/AI Adoption/PDFs/S160.pdf
S160,BI-SE,BI,SE,0.803,351.0,latest_human_R4_CORRELATIONS,false,false,false,true,true,true,ok,true,/Users/newhosung/Library/CloudStorage/OneDrive-SharedLibraries-ThePennsylvaniaStateUniversity/AI Adoption Meta Analysis - Documents/Meta/AI Adoption/PDFs/S160.pdf
S160,BI-UB,BI,UB,0.294,351.0,latest_human_R4_CORRELATIONS,false,false,false,true,true,true,ok,true,/Users/newhosung/Library/CloudStorage/OneDrive-SharedLibraries-ThePennsylvaniaStateUniversity/AI Adoption Meta Analysis - Documents/Meta/AI Adoption/PDFs/S160.pdf
S160,PE-SE,PE,SE,0.008,351.0,latest_human_R4_CORRELATIONS,false,false,false,true,true,true,ok,true,/Users/newhosung/Library/CloudStorage/OneDrive-SharedLibraries-ThePennsylvaniaStateUniversity/AI Adoption Meta Analysis - Documents/Meta/AI Adoption/PDFs/S160.pdf
S160,PE-UB,PE,UB,-0.014,351.0,latest_human_R4_CORRELATIONS,false,false,false,true,false,true,ok,false,/Users/newhosung/Library/CloudStorage/OneDrive-SharedLibraries-ThePennsylvaniaStateUniversity/AI Adoption Meta Analysis - Documents/Meta/AI Adoption/PDFs/S160.pdf
S160,SE-UB,SE,UB,0.229,351.0,latest_human_R4_CORRELATIONS,false,false,false,true,true,true,ok,true,/Users/newhosung/Library/CloudStorage/OneDrive-SharedLibraries-ThePennsylvaniaStateUniversity/AI Adoption Meta Analysis - Documents/Meta/AI Adoption/PDFs/S160.pdf
S141,BI-EE,BI,EE,0.494,793.0,latest_human_R4_CORRELATIONS,false,false,false,true,true,true,ok,true,/Users/newhosung/Library/CloudStorage/OneDrive-SharedLibraries-ThePennsylvaniaStateUniversity/AI Adoption Meta Analysis - Documents/Meta/AI Adoption/PDFs/S141.pdf
S141,BI-FC,BI,FC,0.456,793.0,latest_human_R4_CORRELATIONS,false,false,false,true,true,true,ok,true,/Users/newhosung/Library/CloudStorage/OneDrive-SharedLibraries-ThePennsylvaniaStateUniversity/AI Adoption Meta Analysis - Documents/Meta/AI Adoption/PDFs/S141.pdf
S141,BI-PE,BI,PE,0.735,793.0,latest_human_R4_CORRELATIONS,false,false,false,true,true,true,ok,true,/Users/newhosung/Library/CloudStorage/OneDrive-SharedLibraries-ThePennsylvaniaStateUniversity/AI Adoption Meta Analysis - Documents/Meta/AI Adoption/PDFs/S141.pdf
S141,BI-SI,BI,SI,0.558,793.0,latest_human_R4_CORRELATIONS,false,false,false,true,true,true,ok,true,/Users/newhosung/Library/CloudStorage/OneDrive-SharedLibraries-ThePennsylvaniaStateUniversity/AI Adoption Meta Analysis - Documents/Meta/AI Adoption/PDFs/S141.pdf
S141,EE-FC,EE,FC,0.76,793.0,latest_human_R4_CORRELATIONS,false,false,false,true,true,true,ok,true,/Users/newhosung/Library/CloudStorage/OneDrive-SharedLibraries-ThePennsylvaniaStateUniversity/AI Adoption Meta Analysis - Documents/Meta/AI Adoption/PDFs/S141.pdf
S141,EE-PE,EE,PE,0.75,793.0,latest_human_R4_CORRELATIONS,false,false,false,true,true,true,ok,true,/Users/newhosung/Library/CloudStorage/OneDrive-SharedLibraries-ThePennsylvaniaStateUniversity/AI Adoption Meta Analysis - Documents/Meta/AI Adoption/PDFs/S141.pdf
S141,EE-SI,EE,SI,0.38,793.0,latest_human_R4_CORRELATIONS,false,false,false,true,true,true,ok,true,/Users/newhosung/Library/CloudStorage/OneDrive-SharedLibraries-ThePennsylvaniaStateUniversity/AI Adoption Meta Analysis - Documents/Meta/AI Adoption/PDFs/S141.pdf
S141,FC-PE,FC,PE,0.61,793.0,latest_human_R4_CORRELATIONS,false,false,false,true,true,true,ok,true,/Users/newhosung/Library/CloudStorage/OneDrive-SharedLibraries-ThePennsylvaniaStateUniversity/AI Adoption Meta Analysis - Documents/Meta/AI Adoption/PDFs/S141.pdf
S141,FC-SI,FC,SI,0.36,793.0,latest_human_R4_CORRELATIONS,false,false,false,true,true,true,ok,true,/Users/newhosung/Library/CloudStorage/OneDrive-SharedLibraries-ThePennsylvaniaStateUniversity/AI Adoption Meta Analysis - Documents/Meta/AI Adoption/PDFs/S141.pdf
S141,PE-SI,PE,SI,0.58,793.0,latest_human_R4_CORRELATIONS,false,false,false,true,true,true,ok,true,/Users/newhosung/Library/CloudStorage/OneDrive-SharedLibraries-ThePennsylvaniaStateUniversity/AI Adoption Meta Analysis - Documents/Meta/AI Adoption/PDFs/S141.pdf
S043,BI-EE,BI,EE,0.669,210.0,latest_human_R4_CORRELATIONS,false,false,false,true,true,true,ok,true,/Users/newhosung/Library/CloudStorage/OneDrive-SharedLibraries-ThePennsylvaniaStateUniversity/AI Adoption Meta Analysis - Documents/Meta/AI Adoption/PDFs/S043.pdf
S043,BI-PE,BI,PE,0.688,210.0,latest_human_R4_CORRELATIONS,false,false,false,true,true,true,ok,true,/Users/newhosung/Library/CloudStorage/OneDrive-SharedLibraries-ThePennsylvaniaStateUniversity/AI Adoption Meta Analysis - Documents/Meta/AI Adoption/PDFs/S043.pdf
S043,BI-UB,BI,UB,0.534,210.0,latest_human_R4_CORRELATIONS,false,false,false,true,true,true,ok,true,/Users/newhosung/Library/CloudStorage/OneDrive-SharedLibraries-ThePennsylvaniaStateUniversity/AI Adoption Meta Analysis - Documents/Meta/AI Adoption/PDFs/S043.pdf
S043,EE-FC,EE,FC,0.407,210.0,latest_human_R4_CORRELATIONS,false,false,false,true,true,true,ok,true,/Users/newhosung/Library/CloudStorage/OneDrive-SharedLibraries-ThePennsylvaniaStateUniversity/AI Adoption Meta Analysis - Documents/Meta/AI Adoption/PDFs/S043.pdf
S043,EE-PE,EE,PE,0.65,210.0,latest_human_R4_CORRELATIONS,false,false,false,true,true,true,ok,true,/Users/newhosung/Library/CloudStorage/OneDrive-SharedLibraries-ThePennsylvaniaStateUniversity/AI Adoption Meta Analysis - Documents/Meta/AI Adoption/PDFs/S043.pdf
S043,EE-TRU,EE,TRU,0.634,210.0,latest_human_R4_CORRELATIONS,false,false,false,true,true,true,ok,true,/Users/newhosung/Library/CloudStorage/OneDrive-SharedLibraries-ThePennsylvaniaStateUniversity/AI Adoption Meta Analysis - Documents/Meta/AI Adoption/PDFs/S043.pdf
S213,BI-EE,BI,EE,0.141,473.0,latest_human_R4_CORRELATIONS,false,false,false,true,true,true,ok,true,/Users/newhosung/Library/CloudStorage/OneDrive-SharedLibraries-ThePennsylvaniaStateUniversity/AI Adoption Meta Analysis - Documents/Meta/AI Adoption/PDFs/S213.pdf
S213,BI-PE,BI,PE,0.087,473.0,latest_human_R4_CORRELATIONS,false,false,false,true,true,true,ok,true,/Users/newhosung/Library/CloudStorage/OneDrive-SharedLibraries-ThePennsylvaniaStateUniversity/AI Adoption Meta Analysis - Documents/Meta/AI Adoption/PDFs/S213.pdf
S213,EE-PE,EE,PE,0.082,473.0,latest_human_R4_CORRELATIONS,false,false,false,true,true,true,ok,true,/Users/newhosung/Library/CloudStorage/OneDrive-SharedLibraries-ThePennsylvaniaStateUniversity/AI Adoption Meta Analysis - Documents/Meta/AI Adoption/PDFs/S213.pdf
S127,ANX-BI,ANX,BI,-0.302,265.0,latest_human_R4_CORRELATIONS,false,false,false,true,false,true,ok,false,/Users/newhosung/Library/CloudStorage/OneDrive-SharedLibraries-ThePennsylvaniaStateUniversity/AI Adoption Meta Analysis - Documents/Meta/AI Adoption/PDFs/S127.pdf
S127,ANX-EE,ANX,EE,-0.351,265.0,latest_human_R4_CORRELATIONS,false,false,false,true,false,true,ok,false,/Users/newhosung/Library/CloudStorage/OneDrive-SharedLibraries-ThePennsylvaniaStateUniversity/AI Adoption Meta Analysis - Documents/Meta/AI Adoption/PDFs/S127.pdf
S127,ANX-PE,ANX,PE,-0.273,265.0,latest_human_R4_CORRELATIONS,false,false,false,true,false,true,ok,false,/Users/newhosung/Library/CloudStorage/OneDrive-SharedLibraries-ThePennsylvaniaStateUniversity/AI Adoption Meta Analysis - Documents/Meta/AI Adoption/PDFs/S127.pdf
S127,ANX-SE,ANX,SE,-0.319,265.0,latest_human_R4_CORRELATIONS,false,false,false,true,false,true,ok,false,/Users/newhosung/Library/CloudStorage/OneDrive-SharedLibraries-ThePennsylvaniaStateUniversity/AI Adoption Meta Analysis - Documents/Meta/AI Adoption/PDFs/S127.pdf
S127,ANX-SI,ANX,SI,-0.105,265.0,latest_human_R4_CORRELATIONS,false,false,false,true,false,true,ok,false,/Users/newhosung/Library/CloudStorage/OneDrive-SharedLibraries-ThePennsylvaniaStateUniversity/AI Adoption Meta Analysis - Documents/Meta/AI Adoption/PDFs/S127.pdf
S127,BI-EE,BI,EE,0.314,265.0,latest_human_R4_CORRELATIONS,false,false,false,true,true,true,ok,true,/Users/newhosung/Library/CloudStorage/OneDrive-SharedLibraries-ThePennsylvaniaStateUniversity/AI Adoption Meta Analysis - Documents/Meta/AI Adoption/PDFs/S127.pdf
S127,BI-PE,BI,PE,0.592,265.0,latest_human_R4_CORRELATIONS,false,false,false,true,true,true,ok,true,/Users/newhosung/Library/CloudStorage/OneDrive-SharedLibraries-ThePennsylvaniaStateUniversity/AI Adoption Meta Analysis - Documents/Meta/AI Adoption/PDFs/S127.pdf
S127,BI-SE,BI,SE,0.317,265.0,latest_human_R4_CORRELATIONS,false,false,false,true,true,true,ok,true,/Users/newhosung/Library/CloudStorage/OneDrive-SharedLibraries-ThePennsylvaniaStateUniversity/AI Adoption Meta Analysis - Documents/Meta/AI Adoption/PDFs/S127.pdf
S127,BI-SI,BI,SI,0.426,265.0,latest_human_R4_CORRELATIONS,false,false,false,true,true,true,ok,true,/Users/newhosung/Library/CloudStorage/OneDrive-SharedLibraries-ThePennsylvaniaStateUniversity/AI Adoption Meta Analysis - Documents/Meta/AI Adoption/PDFs/S127.pdf
S127,EE-PE,EE,PE,0.41,265.0,latest_human_R4_CORRELATIONS,false,false,false,true,true,true,ok,true,/Users/newhosung/Library/CloudStorage/OneDrive-SharedLibraries-ThePennsylvaniaStateUniversity/AI Adoption Meta Analysis - Documents/Meta/AI Adoption/PDFs/S127.pdf
S127,EE-SE,EE,SE,0.593,265.0,latest_human_R4_CORRELATIONS,false,false,false,true,true,true,ok,true,/Users/newhosung/Library/CloudStorage/OneDrive-SharedLibraries-ThePennsylvaniaStateUniversity/AI Adoption Meta Analysis - Documents/Meta/AI Adoption/PDFs/S127.pdf
S127,EE-SI,EE,SI,0.138,265.0,latest_human_R4_CORRELATIONS,false,false,false,true,true,true,ok,true,/Users/newhosung/Library/CloudStorage/OneDrive-SharedLibraries-ThePennsylvaniaStateUniversity/AI Adoption Meta Analysis - Documents/Meta/AI Adoption/PDFs/S127.pdf
S127,PE-SE,PE,SE,0.366,265.0,latest_human_R4_CORRELATIONS,false,false,false,true,true,true,ok,true,/Users/newhosung/Library/CloudStorage/OneDrive-SharedLibraries-ThePennsylvaniaStateUniversity/AI Adoption Meta Analysis - Documents/Meta/AI Adoption/PDFs/S127.pdf
S127,PE-SI,PE,SI,0.264,265.0,latest_human_R4_CORRELATIONS,false,false,false,true,true,true,ok,true,/Users/newhosung/Library/CloudStorage/OneDrive-SharedLibraries-ThePennsylvaniaStateUniversity/AI Adoption Meta Analysis - Documents/Meta/AI Adoption/PDFs/S127.pdf
S127,SE-SI,SE,SI,0.14,265.0,latest_human_R4_CORRELATIONS,false,false,false,true,true,true,ok,true,/Users/newhosung/Library/CloudStorage/OneDrive-SharedLibraries-ThePennsylvaniaStateUniversity/AI Adoption Meta Analysis - Documents/Meta/AI Adoption/PDFs/S127.pdf
S089,BI-EE,BI,EE,0.412,322.0,latest_human_R4_CORRELATIONS,false,false,true,true,true,true,ok,true,/Users/newhosung/Library/CloudStorage/OneDrive-SharedLibraries-ThePennsylvaniaStateUniversity/AI Adoption Meta Analysis - Documents/Meta/AI Adoption/PDFs/S089.pdf
S089,BI-PE,BI,PE,0.308,322.0,latest_human_R4_CORRELATIONS,false,false,true,true,true,true,ok,true,/Users/newhosung/Library/CloudStorage/OneDrive-SharedLibraries-ThePennsylvaniaStateUniversity/AI Adoption Meta Analysis - Documents/Meta/AI Adoption/PDFs/S089.pdf
S089,BI-UB,BI,UB,0.667,322.0,latest_human_R4_CORRELATIONS,false,false,true,true,true,true,ok,true,/Users/newhosung/Library/CloudStorage/OneDrive-SharedLibraries-ThePennsylvaniaStateUniversity/AI Adoption Meta Analysis - Documents/Meta/AI Adoption/PDFs/S089.pdf
S089,EE-UB,EE,UB,0.275,322.0,latest_human_R4_CORRELATIONS,false,false,true,true,true,true,ok,true,/Users/newhosung/Library/CloudStorage/OneDrive-SharedLibraries-ThePennsylvaniaStateUniversity/AI Adoption Meta Analysis - Documents/Meta/AI Adoption/PDFs/S089.pdf
S089,PE-UB,PE,UB,0.205,322.0,latest_human_R4_CORRELATIONS,false,false,true,true,true,true,ok,true,/Users/newhosung/Library/CloudStorage/OneDrive-SharedLibraries-ThePennsylvaniaStateUniversity/AI Adoption Meta Analysis - Documents/Meta/AI Adoption/PDFs/S089.pdf
S075,BI-EE,BI,EE,0.271,402.0,latest_human_R4_CORRELATIONS,false,false,false,true,true,true,ok,true,/Users/newhosung/Library/CloudStorage/OneDrive-SharedLibraries-ThePennsylvaniaStateUniversity/AI Adoption Meta Analysis - Documents/Meta/AI Adoption/PDFs/S075.pdf
S075,BI-FC,BI,FC,0.342,402.0,latest_human_R4_CORRELATIONS,false,false,false,true,true,true,ok,true,/Users/newhosung/Library/CloudStorage/OneDrive-SharedLibraries-ThePennsylvaniaStateUniversity/AI Adoption Meta Analysis - Documents/Meta/AI Adoption/PDFs/S075.pdf
S075,BI-PE,BI,PE,0.331,402.0,latest_human_R4_CORRELATIONS,false,false,false,true,true,true,ok,true,/Users/newhosung/Library/CloudStorage/OneDrive-SharedLibraries-ThePennsylvaniaStateUniversity/AI Adoption Meta Analysis - Documents/Meta/AI Adoption/PDFs/S075.pdf
S075,BI-SI,BI,SI,0.115,402.0,latest_human_R4_CORRELATIONS,false,false,false,true,true,true,ok,true,/Users/newhosung/Library/CloudStorage/OneDrive-SharedLibraries-ThePennsylvaniaStateUniversity/AI Adoption Meta Analysis - Documents/Meta/AI Adoption/PDFs/S075.pdf
S075,BI-UB,BI,UB,0.515,402.0,latest_human_R4_CORRELATIONS,false,false,false,true,true,true,ok,true,/Users/newhosung/Library/CloudStorage/OneDrive-SharedLibraries-ThePennsylvaniaStateUniversity/AI Adoption Meta Analysis - Documents/Meta/AI Adoption/PDFs/S075.pdf
S075,EE-FC,EE,FC,0.404,402.0,latest_human_R4_CORRELATIONS,false,false,false,true,true,true,ok,true,/Users/newhosung/Library/CloudStorage/OneDrive-SharedLibraries-ThePennsylvaniaStateUniversity/AI Adoption Meta Analysis - Documents/Meta/AI Adoption/PDFs/S075.pdf
S075,EE-PE,EE,PE,0.4,402.0,latest_human_R4_CORRELATIONS,false,false,false,true,true,true,ok,true,/Users/newhosung/Library/CloudStorage/OneDrive-SharedLibraries-ThePennsylvaniaStateUniversity/AI Adoption Meta Analysis - Documents/Meta/AI Adoption/PDFs/S075.pdf
S075,EE-SI,EE,SI,0.514,402.0,latest_human_R4_CORRELATIONS,false,false,false,true,true,true,ok,true,/Users/newhosung/Library/CloudStorage/OneDrive-SharedLibraries-ThePennsylvaniaStateUniversity/AI Adoption Meta Analysis - Documents/Meta/AI Adoption/PDFs/S075.pdf
S075,EE-UB,EE,UB,0.322,402.0,latest_human_R4_CORRELATIONS,false,false,false,true,true,true,ok,true,/Users/newhosung/Library/CloudStorage/OneDrive-SharedLibraries-ThePennsylvaniaStateUniversity/AI Adoption Meta Analysis - Documents/Meta/AI Adoption/PDFs/S075.pdf
S075,FC-PE,FC,PE,0.287,402.0,latest_human_R4_CORRELATIONS,false,false,false,true,true,true,ok,true,/Users/newhosung/Library/CloudStorage/OneDrive-SharedLibraries-ThePennsylvaniaStateUniversity/AI Adoption Meta Analysis - Documents/Meta/AI Adoption/PDFs/S075.pdf
S075,FC-SI,FC,SI,0.322,402.0,latest_human_R4_CORRELATIONS,false,false,false,true,true,true,ok,true,/Users/newhosung/Library/CloudStorage/OneDrive-SharedLibraries-ThePennsylvaniaStateUniversity/AI Adoption Meta Analysis - Documents/Meta/AI Adoption/PDFs/S075.pdf
S075,FC-UB,FC,UB,0.319,402.0,latest_human_R4_CORRELATIONS,false,false,false,true,true,true,ok,true,/Users/newhosung/Library/CloudStorage/OneDrive-SharedLibraries-ThePennsylvaniaStateUniversity/AI Adoption Meta Analysis - Documents/Meta/AI Adoption/PDFs/S075.pdf
S075,PE-UB,PE,UB,0.217,402.0,latest_human_R4_CORRELATIONS,false,false,false,true,true,true,ok,true,/Users/newhosung/Library/CloudStorage/OneDrive-SharedLibraries-ThePennsylvaniaStateUniversity/AI Adoption Meta Analysis - Documents/Meta/AI Adoption/PDFs/S075.pdf
S075,SI-UB,SI,UB,0.28,402.0,latest_human_R4_CORRELATIONS,false,false,false,true,true,true,ok,true,/Users/newhosung/Library/CloudStorage/OneDrive-SharedLibraries-ThePennsylvaniaStateUniversity/AI Adoption Meta Analysis - Documents/Meta/AI Adoption/PDFs/S075.pdf
S058,ATT-BI,ATT,BI,0.81,485.0,latest_human_R4_CORRELATIONS,false,false,false,true,true,true,ok,true,/Users/newhosung/Library/CloudStorage/OneDrive-SharedLibraries-ThePennsylvaniaStateUniversity/AI Adoption Meta Analysis - Documents/Meta/AI Adoption/PDFs/S058.pdf
S058,ATT-EE,ATT,EE,0.369,485.0,latest_human_R4_CORRELATIONS,false,false,false,true,true,true,ok,true,/Users/newhosung/Library/CloudStorage/OneDrive-SharedLibraries-ThePennsylvaniaStateUniversity/AI Adoption Meta Analysis - Documents/Meta/AI Adoption/PDFs/S058.pdf
S058,ATT-PE,ATT,PE,0.484,485.0,latest_human_R4_CORRELATIONS,false,false,false,true,true,true,ok,true,/Users/newhosung/Library/CloudStorage/OneDrive-SharedLibraries-ThePennsylvaniaStateUniversity/AI Adoption Meta Analysis - Documents/Meta/AI Adoption/PDFs/S058.pdf
S058,BI-EE,BI,EE,0.142,485.0,latest_human_R4_CORRELATIONS,false,false,false,true,true,true,ok,true,/Users/newhosung/Library/CloudStorage/OneDrive-SharedLibraries-ThePennsylvaniaStateUniversity/AI Adoption Meta Analysis - Documents/Meta/AI Adoption/PDFs/S058.pdf
S058,BI-PE,BI,PE,0.406,485.0,latest_human_R4_CORRELATIONS,false,false,false,true,true,true,ok,true,/Users/newhosung/Library/CloudStorage/OneDrive-SharedLibraries-ThePennsylvaniaStateUniversity/AI Adoption Meta Analysis - Documents/Meta/AI Adoption/PDFs/S058.pdf
S058,EE-PE,EE,PE,0.806,485.0,latest_human_R4_CORRELATIONS,false,false,false,true,true,true,ok,true,/Users/newhosung/Library/CloudStorage/OneDrive-SharedLibraries-ThePennsylvaniaStateUniversity/AI Adoption Meta Analysis - Documents/Meta/AI Adoption/PDFs/S058.pdf
S108,EE-PE,EE,PE,0.61,114.0,latest_human_R4_CORRELATIONS,false,false,false,false,false,true,ok,true,/Users/newhosung/Library/CloudStorage/OneDrive-SharedLibraries-ThePennsylvaniaStateUniversity/AI Adoption Meta Analysis - Documents/Meta/AI Adoption/PDFs/S108.pdf
S067,ATT-BI,ATT,BI,0.53,598.0,latest_human_R4_CORRELATIONS,false,false,false,true,true,true,ok,true,/Users/newhosung/Library/CloudStorage/OneDrive-SharedLibraries-ThePennsylvaniaStateUniversity/AI Adoption Meta Analysis - Documents/Meta/AI Adoption/PDFs/S067.pdf
S067,ATT-EE,ATT,EE,0.265,598.0,latest_human_R4_CORRELATIONS,false,false,false,true,true,true,ok,true,/Users/newhosung/Library/CloudStorage/OneDrive-SharedLibraries-ThePennsylvaniaStateUniversity/AI Adoption Meta Analysis - Documents/Meta/AI Adoption/PDFs/S067.pdf
S067,ATT-PE,ATT,PE,0.415,598.0,latest_human_R4_CORRELATIONS,false,false,false,true,true,true,ok,true,/Users/newhosung/Library/CloudStorage/OneDrive-SharedLibraries-ThePennsylvaniaStateUniversity/AI Adoption Meta Analysis - Documents/Meta/AI Adoption/PDFs/S067.pdf
S067,ATT-SI,ATT,SI,0.468,598.0,latest_human_R4_CORRELATIONS,false,false,false,true,true,true,ok,true,/Users/newhosung/Library/CloudStorage/OneDrive-SharedLibraries-ThePennsylvaniaStateUniversity/AI Adoption Meta Analysis - Documents/Meta/AI Adoption/PDFs/S067.pdf
S067,BI-EE,BI,EE,0.354,598.0,latest_human_R4_CORRELATIONS,false,false,false,true,true,true,ok,true,/Users/newhosung/Library/CloudStorage/OneDrive-SharedLibraries-ThePennsylvaniaStateUniversity/AI Adoption Meta Analysis - Documents/Meta/AI Adoption/PDFs/S067.pdf
S067,BI-PE,BI,PE,0.507,598.0,latest_human_R4_CORRELATIONS,false,false,false,true,true,true,ok,true,/Users/newhosung/Library/CloudStorage/OneDrive-SharedLibraries-ThePennsylvaniaStateUniversity/AI Adoption Meta Analysis - Documents/Meta/AI Adoption/PDFs/S067.pdf
S067,BI-SI,BI,SI,0.204,598.0,latest_human_R4_CORRELATIONS,false,false,false,true,true,true,ok,true,/Users/newhosung/Library/CloudStorage/OneDrive-SharedLibraries-ThePennsylvaniaStateUniversity/AI Adoption Meta Analysis - Documents/Meta/AI Adoption/PDFs/S067.pdf
S067,EE-PE,EE,PE,0.609,598.0,latest_human_R4_CORRELATIONS,false,false,false,true,true,true,ok,true,/Users/newhosung/Library/CloudStorage/OneDrive-SharedLibraries-ThePennsylvaniaStateUniversity/AI Adoption Meta Analysis - Documents/Meta/AI Adoption/PDFs/S067.pdf
S067,EE-SI,EE,SI,0.228,598.0,latest_human_R4_CORRELATIONS,false,false,false,true,true,true,ok,true,/Users/newhosung/Library/CloudStorage/OneDrive-SharedLibraries-ThePennsylvaniaStateUniversity/AI Adoption Meta Analysis - Documents/Meta/AI Adoption/PDFs/S067.pdf
S067,PE-SI,PE,SI,0.505,598.0,latest_human_R4_CORRELATIONS,false,false,false,true,true,true,ok,true,/Users/newhosung/Library/CloudStorage/OneDrive-SharedLibraries-ThePennsylvaniaStateUniversity/AI Adoption Meta Analysis - Documents/Meta/AI Adoption/PDFs/S067.pdf
S103,ATT-BI,ATT,BI,0.701,770.0,latest_human_R4_CORRELATIONS,false,false,false,true,true,true,ok,true,/Users/newhosung/Library/CloudStorage/OneDrive-SharedLibraries-ThePennsylvaniaStateUniversity/AI Adoption Meta Analysis - Documents/Meta/AI Adoption/PDFs/S103.pdf
S103,ATT-FC,ATT,FC,0.57,770.0,latest_human_R4_CORRELATIONS,false,false,false,true,true,true,ok,true,/Users/newhosung/Library/CloudStorage/OneDrive-SharedLibraries-ThePennsylvaniaStateUniversity/AI Adoption Meta Analysis - Documents/Meta/AI Adoption/PDFs/S103.pdf
S103,ATT-PE,ATT,PE,0.727,770.0,latest_human_R4_CORRELATIONS,false,false,false,true,true,true,ok,true,/Users/newhosung/Library/CloudStorage/OneDrive-SharedLibraries-ThePennsylvaniaStateUniversity/AI Adoption Meta Analysis - Documents/Meta/AI Adoption/PDFs/S103.pdf
S103,ATT-SI,ATT,SI,0.265,770.0,latest_human_R4_CORRELATIONS,false,false,false,true,true,true,ok,true,/Users/newhosung/Library/CloudStorage/OneDrive-SharedLibraries-ThePennsylvaniaStateUniversity/AI Adoption Meta Analysis - Documents/Meta/AI Adoption/PDFs/S103.pdf
S103,BI-FC,BI,FC,0.567,770.0,latest_human_R4_CORRELATIONS,false,false,false,true,true,true,ok,true,/Users/newhosung/Library/CloudStorage/OneDrive-SharedLibraries-ThePennsylvaniaStateUniversity/AI Adoption Meta Analysis - Documents/Meta/AI Adoption/PDFs/S103.pdf
S103,BI-PE,BI,PE,0.639,770.0,latest_human_R4_CORRELATIONS,false,false,false,true,true,true,ok,true,/Users/newhosung/Library/CloudStorage/OneDrive-SharedLibraries-ThePennsylvaniaStateUniversity/AI Adoption Meta Analysis - Documents/Meta/AI Adoption/PDFs/S103.pdf
S103,BI-SI,BI,SI,0.288,770.0,latest_human_R4_CORRELATIONS,false,false,false,true,true,true,ok,true,/Users/newhosung/Library/CloudStorage/OneDrive-SharedLibraries-ThePennsylvaniaStateUniversity/AI Adoption Meta Analysis - Documents/Meta/AI Adoption/PDFs/S103.pdf
S103,FC-PE,FC,PE,0.638,770.0,latest_human_R4_CORRELATIONS,false,false,false,true,true,true,ok,true,/Users/newhosung/Library/CloudStorage/OneDrive-SharedLibraries-ThePennsylvaniaStateUniversity/AI Adoption Meta Analysis - Documents/Meta/AI Adoption/PDFs/S103.pdf
S103,FC-SI,FC,SI,0.497,770.0,latest_human_R4_CORRELATIONS,false,false,false,true,true,true,ok,true,/Users/newhosung/Library/CloudStorage/OneDrive-SharedLibraries-ThePennsylvaniaStateUniversity/AI Adoption Meta Analysis - Documents/Meta/AI Adoption/PDFs/S103.pdf
S103,PE-SI,PE,SI,0.363,770.0,latest_human_R4_CORRELATIONS,false,false,false,true,true,true,ok,true,/Users/newhosung/Library/CloudStorage/OneDrive-SharedLibraries-ThePennsylvaniaStateUniversity/AI Adoption Meta Analysis - Documents/Meta/AI Adoption/PDFs/S103.pdf
S069,BI-EE,BI,EE,0.345,597.0,latest_human_R4_CORRELATIONS,false,false,false,true,true,true,ok,true,/Users/newhosung/Library/CloudStorage/OneDrive-SharedLibraries-ThePennsylvaniaStateUniversity/AI Adoption Meta Analysis - Documents/Meta/AI Adoption/PDFs/S069.pdf
S069,BI-PE,BI,PE,0.421,597.0,latest_human_R4_CORRELATIONS,false,false,false,true,true,true,ok,true,/Users/newhosung/Library/CloudStorage/OneDrive-SharedLibraries-ThePennsylvaniaStateUniversity/AI Adoption Meta Analysis - Documents/Meta/AI Adoption/PDFs/S069.pdf
S069,BI-SI,BI,SI,0.635,597.0,latest_human_R4_CORRELATIONS,false,false,false,true,true,true,ok,true,/Users/newhosung/Library/CloudStorage/OneDrive-SharedLibraries-ThePennsylvaniaStateUniversity/AI Adoption Meta Analysis - Documents/Meta/AI Adoption/PDFs/S069.pdf
S069,EE-PE,EE,PE,0.69,597.0,latest_human_R4_CORRELATIONS,false,false,false,true,true,true,ok,true,/Users/newhosung/Library/CloudStorage/OneDrive-SharedLibraries-ThePennsylvaniaStateUniversity/AI Adoption Meta Analysis - Documents/Meta/AI Adoption/PDFs/S069.pdf
S069,EE-SI,EE,SI,0.551,597.0,latest_human_R4_CORRELATIONS,false,false,false,true,true,true,ok,true,/Users/newhosung/Library/CloudStorage/OneDrive-SharedLibraries-ThePennsylvaniaStateUniversity/AI Adoption Meta Analysis - Documents/Meta/AI Adoption/PDFs/S069.pdf
S069,PE-SI,PE,SI,0.493,597.0,latest_human_R4_CORRELATIONS,false,false,false,true,true,true,ok,true,/Users/newhosung/Library/CloudStorage/OneDrive-SharedLibraries-ThePennsylvaniaStateUniversity/AI Adoption Meta Analysis - Documents/Meta/AI Adoption/PDFs/S069.pdf
S063,ATT-BI,ATT,BI,0.688,388.0,latest_human_R4_CORRELATIONS,false,false,false,true,true,true,ok,true,/Users/newhosung/Library/CloudStorage/OneDrive-SharedLibraries-ThePennsylvaniaStateUniversity/AI Adoption Meta Analysis - Documents/Meta/AI Adoption/PDFs/S063.pdf
S063,ATT-EE,ATT,EE,0.638,388.0,latest_human_R4_CORRELATIONS,false,false,false,true,true,true,ok,true,/Users/newhosung/Library/CloudStorage/OneDrive-SharedLibraries-ThePennsylvaniaStateUniversity/AI Adoption Meta Analysis - Documents/Meta/AI Adoption/PDFs/S063.pdf
S063,ATT-PE,ATT,PE,0.6,388.0,latest_human_R4_CORRELATIONS,false,false,false,true,true,true,ok,true,/Users/newhosung/Library/CloudStorage/OneDrive-SharedLibraries-ThePennsylvaniaStateUniversity/AI Adoption Meta Analysis - Documents/Meta/AI Adoption/PDFs/S063.pdf
S063,ATT-UB,ATT,UB,0.584,388.0,latest_human_R4_CORRELATIONS,false,false,false,true,true,true,ok,true,/Users/newhosung/Library/CloudStorage/OneDrive-SharedLibraries-ThePennsylvaniaStateUniversity/AI Adoption Meta Analysis - Documents/Meta/AI Adoption/PDFs/S063.pdf
S063,BI-EE,BI,EE,0.599,388.0,latest_human_R4_CORRELATIONS,false,false,false,true,true,true,ok,true,/Users/newhosung/Library/CloudStorage/OneDrive-SharedLibraries-ThePennsylvaniaStateUniversity/AI Adoption Meta Analysis - Documents/Meta/AI Adoption/PDFs/S063.pdf
S063,BI-PE,BI,PE,0.544,388.0,latest_human_R4_CORRELATIONS,false,false,false,true,true,true,ok,true,/Users/newhosung/Library/CloudStorage/OneDrive-SharedLibraries-ThePennsylvaniaStateUniversity/AI Adoption Meta Analysis - Documents/Meta/AI Adoption/PDFs/S063.pdf
S063,BI-UB,BI,UB,0.639,388.0,latest_human_R4_CORRELATIONS,false,false,false,true,true,true,ok,true,/Users/newhosung/Library/CloudStorage/OneDrive-SharedLibraries-ThePennsylvaniaStateUniversity/AI Adoption Meta Analysis - Documents/Meta/AI Adoption/PDFs/S063.pdf
S063,EE-PE,EE,PE,0.62,388.0,latest_human_R4_CORRELATIONS,false,false,false,true,false,true,ok,false,/Users/newhosung/Library/CloudStorage/OneDrive-SharedLibraries-ThePennsylvaniaStateUniversity/AI Adoption Meta Analysis - Documents/Meta/AI Adoption/PDFs/S063.pdf
S063,EE-UB,EE,UB,0.47,388.0,latest_human_R4_CORRELATIONS,false,false,false,true,true,true,ok,true,/Users/newhosung/Library/CloudStorage/OneDrive-SharedLibraries-ThePennsylvaniaStateUniversity/AI Adoption Meta Analysis - Documents/Meta/AI Adoption/PDFs/S063.pdf
S063,PE-UB,PE,UB,0.511,388.0,latest_human_R4_CORRELATIONS,false,false,false,true,true,true,ok,true,/Users/newhosung/Library/CloudStorage/OneDrive-SharedLibraries-ThePennsylvaniaStateUniversity/AI Adoption Meta Analysis - Documents/Meta/AI Adoption/PDFs/S063.pdf
S119,BI-EE,BI,EE,0.72,432.0,latest_human_R4_CORRELATIONS,false,false,false,true,true,true,ok,true,/Users/newhosung/Library/CloudStorage/OneDrive-SharedLibraries-ThePennsylvaniaStateUniversity/AI Adoption Meta Analysis - Documents/Meta/AI Adoption/PDFs/S119.pdf
S119,BI-FC,BI,FC,0.699,432.0,latest_human_R4_CORRELATIONS,false,false,false,true,true,true,ok,true,/Users/newhosung/Library/CloudStorage/OneDrive-SharedLibraries-ThePennsylvaniaStateUniversity/AI Adoption Meta Analysis - Documents/Meta/AI Adoption/PDFs/S119.pdf
S119,BI-PE,BI,PE,0.737,432.0,latest_human_R4_CORRELATIONS,false,false,false,true,true,true,ok,true,/Users/newhosung/Library/CloudStorage/OneDrive-SharedLibraries-ThePennsylvaniaStateUniversity/AI Adoption Meta Analysis - Documents/Meta/AI Adoption/PDFs/S119.pdf
S119,BI-SI,BI,SI,0.632,432.0,latest_human_R4_CORRELATIONS,false,false,false,true,true,true,ok,true,/Users/newhosung/Library/CloudStorage/OneDrive-SharedLibraries-ThePennsylvaniaStateUniversity/AI Adoption Meta Analysis - Documents/Meta/AI Adoption/PDFs/S119.pdf
S119,EE-FC,EE,FC,0.677,432.0,latest_human_R4_CORRELATIONS,false,false,false,true,true,true,ok,true,/Users/newhosung/Library/CloudStorage/OneDrive-SharedLibraries-ThePennsylvaniaStateUniversity/AI Adoption Meta Analysis - Documents/Meta/AI Adoption/PDFs/S119.pdf
S119,EE-PE,EE,PE,0.854,432.0,latest_human_R4_CORRELATIONS,false,false,false,true,true,true,ok,true,/Users/newhosung/Library/CloudStorage/OneDrive-SharedLibraries-ThePennsylvaniaStateUniversity/AI Adoption Meta Analysis - Documents/Meta/AI Adoption/PDFs/S119.pdf
S119,EE-SI,EE,SI,0.66,432.0,latest_human_R4_CORRELATIONS,false,false,false,true,true,true,ok,true,/Users/newhosung/Library/CloudStorage/OneDrive-SharedLibraries-ThePennsylvaniaStateUniversity/AI Adoption Meta Analysis - Documents/Meta/AI Adoption/PDFs/S119.pdf
S119,FC-PE,FC,PE,0.604,432.0,latest_human_R4_CORRELATIONS,false,false,false,true,true,true,ok,true,/Users/newhosung/Library/CloudStorage/OneDrive-SharedLibraries-ThePennsylvaniaStateUniversity/AI Adoption Meta Analysis - Documents/Meta/AI Adoption/PDFs/S119.pdf
S119,FC-SI,FC,SI,0.873,432.0,latest_human_R4_CORRELATIONS,false,false,false,true,true,true,ok,true,/Users/newhosung/Library/CloudStorage/OneDrive-SharedLibraries-ThePennsylvaniaStateUniversity/AI Adoption Meta Analysis - Documents/Meta/AI Adoption/PDFs/S119.pdf
S119,PE-SI,PE,SI,0.596,432.0,latest_human_R4_CORRELATIONS,false,false,false,true,true,true,ok,true,/Users/newhosung/Library/CloudStorage/OneDrive-SharedLibraries-ThePennsylvaniaStateUniversity/AI Adoption Meta Analysis - Documents/Meta/AI Adoption/PDFs/S119.pdf
S093,ATT-BI,ATT,BI,0.84,127.0,latest_human_R4_CORRELATIONS,false,false,false,true,true,true,ok,true,/Users/newhosung/Library/CloudStorage/OneDrive-SharedLibraries-ThePennsylvaniaStateUniversity/AI Adoption Meta Analysis - Documents/Meta/AI Adoption/PDFs/S093.pdf
S093,ATT-EE,ATT,EE,0.428,127.0,latest_human_R4_CORRELATIONS,false,false,false,true,true,true,ok,true,/Users/newhosung/Library/CloudStorage/OneDrive-SharedLibraries-ThePennsylvaniaStateUniversity/AI Adoption Meta Analysis - Documents/Meta/AI Adoption/PDFs/S093.pdf
S093,ATT-PE,ATT,PE,0.344,127.0,latest_human_R4_CORRELATIONS,false,false,false,true,true,true,ok,true,/Users/newhosung/Library/CloudStorage/OneDrive-SharedLibraries-ThePennsylvaniaStateUniversity/AI Adoption Meta Analysis - Documents/Meta/AI Adoption/PDFs/S093.pdf
S093,BI-FC,BI,FC,-0.032,127.0,latest_human_R4_CORRELATIONS,false,false,false,true,true,true,ok,true,/Users/newhosung/Library/CloudStorage/OneDrive-SharedLibraries-ThePennsylvaniaStateUniversity/AI Adoption Meta Analysis - Documents/Meta/AI Adoption/PDFs/S093.pdf
S093,BI-UB,BI,UB,0.575,127.0,latest_human_R4_CORRELATIONS,false,false,false,true,true,true,ok,true,/Users/newhosung/Library/CloudStorage/OneDrive-SharedLibraries-ThePennsylvaniaStateUniversity/AI Adoption Meta Analysis - Documents/Meta/AI Adoption/PDFs/S093.pdf
S093,EE-FC,EE,FC,0.098,127.0,latest_human_R4_CORRELATIONS,false,false,false,true,true,true,ok,true,/Users/newhosung/Library/CloudStorage/OneDrive-SharedLibraries-ThePennsylvaniaStateUniversity/AI Adoption Meta Analysis - Documents/Meta/AI Adoption/PDFs/S093.pdf
S153,BI-EE,BI,EE,0.502,207.0,latest_human_R4_CORRELATIONS,false,false,false,true,false,true,ok,true,/Users/newhosung/Library/CloudStorage/OneDrive-SharedLibraries-ThePennsylvaniaStateUniversity/AI Adoption Meta Analysis - Documents/Meta/AI Adoption/PDFs/S153.pdf
S153,BI-PE,BI,PE,0.56,207.0,latest_human_R4_CORRELATIONS,false,false,false,true,false,true,ok,true,/Users/newhosung/Library/CloudStorage/OneDrive-SharedLibraries-ThePennsylvaniaStateUniversity/AI Adoption Meta Analysis - Documents/Meta/AI Adoption/PDFs/S153.pdf
S153,BI-SI,BI,SI,0.672,207.0,latest_human_R4_CORRELATIONS,false,false,false,true,false,true,ok,true,/Users/newhosung/Library/CloudStorage/OneDrive-SharedLibraries-ThePennsylvaniaStateUniversity/AI Adoption Meta Analysis - Documents/Meta/AI Adoption/PDFs/S153.pdf
S153,BI-TRU,BI,TRU,0.577,207.0,latest_human_R4_CORRELATIONS,false,false,false,true,false,true,ok,true,/Users/newhosung/Library/CloudStorage/OneDrive-SharedLibraries-ThePennsylvaniaStateUniversity/AI Adoption Meta Analysis - Documents/Meta/AI Adoption/PDFs/S153.pdf
S153,EE-PE,EE,PE,0.613,207.0,latest_human_R4_CORRELATIONS,false,false,false,true,false,true,ok,true,/Users/newhosung/Library/CloudStorage/OneDrive-SharedLibraries-ThePennsylvaniaStateUniversity/AI Adoption Meta Analysis - Documents/Meta/AI Adoption/PDFs/S153.pdf
S153,EE-SI,EE,SI,0.333,207.0,latest_human_R4_CORRELATIONS,false,false,false,true,false,true,ok,true,/Users/newhosung/Library/CloudStorage/OneDrive-SharedLibraries-ThePennsylvaniaStateUniversity/AI Adoption Meta Analysis - Documents/Meta/AI Adoption/PDFs/S153.pdf
S153,EE-TRU,EE,TRU,0.536,207.0,latest_human_R4_CORRELATIONS,false,false,false,true,false,true,ok,true,/Users/newhosung/Library/CloudStorage/OneDrive-SharedLibraries-ThePennsylvaniaStateUniversity/AI Adoption Meta Analysis - Documents/Meta/AI Adoption/PDFs/S153.pdf
S153,PE-SI,PE,SI,0.433,207.0,latest_human_R4_CORRELATIONS,false,false,false,true,false,true,ok,true,/Users/newhosung/Library/CloudStorage/OneDrive-SharedLibraries-ThePennsylvaniaStateUniversity/AI Adoption Meta Analysis - Documents/Meta/AI Adoption/PDFs/S153.pdf
S153,PE-TRU,PE,TRU,0.654,207.0,latest_human_R4_CORRELATIONS,false,false,false,true,false,true,ok,true,/Users/newhosung/Library/CloudStorage/OneDrive-SharedLibraries-ThePennsylvaniaStateUniversity/AI Adoption Meta Analysis - Documents/Meta/AI Adoption/PDFs/S153.pdf
S153,SI-TRU,SI,TRU,0.487,207.0,latest_human_R4_CORRELATIONS,false,false,false,true,false,true,ok,true,/Users/newhosung/Library/CloudStorage/OneDrive-SharedLibraries-ThePennsylvaniaStateUniversity/AI Adoption Meta Analysis - Documents/Meta/AI Adoption/PDFs/S153.pdf
S049,BI-EE,BI,EE,0.49,419.0,latest_human_R4_CORRELATIONS,false,false,true,true,true,true,ok,true,/Users/newhosung/Library/CloudStorage/OneDrive-SharedLibraries-ThePennsylvaniaStateUniversity/AI Adoption Meta Analysis - Documents/Meta/AI Adoption/PDFs/S049.pdf
S049,BI-FC,BI,FC,0.507,419.0,latest_human_R4_CORRELATIONS,false,false,true,true,true,true,ok,true,/Users/newhosung/Library/CloudStorage/OneDrive-SharedLibraries-ThePennsylvaniaStateUniversity/AI Adoption Meta Analysis - Documents/Meta/AI Adoption/PDFs/S049.pdf
S049,BI-PE,BI,PE,0.478,419.0,latest_human_R4_CORRELATIONS,false,false,true,true,true,true,ok,true,/Users/newhosung/Library/CloudStorage/OneDrive-SharedLibraries-ThePennsylvaniaStateUniversity/AI Adoption Meta Analysis - Documents/Meta/AI Adoption/PDFs/S049.pdf
S049,BI-SI,BI,SI,0.566,419.0,latest_human_R4_CORRELATIONS,false,false,true,true,true,true,ok,true,/Users/newhosung/Library/CloudStorage/OneDrive-SharedLibraries-ThePennsylvaniaStateUniversity/AI Adoption Meta Analysis - Documents/Meta/AI Adoption/PDFs/S049.pdf
S049,BI-UB,BI,UB,0.684,419.0,latest_human_R4_CORRELATIONS,false,false,true,true,true,true,ok,true,/Users/newhosung/Library/CloudStorage/OneDrive-SharedLibraries-ThePennsylvaniaStateUniversity/AI Adoption Meta Analysis - Documents/Meta/AI Adoption/PDFs/S049.pdf
S049,EE-FC,EE,FC,0.56,419.0,latest_human_R4_CORRELATIONS,false,false,true,true,true,true,ok,true,/Users/newhosung/Library/CloudStorage/OneDrive-SharedLibraries-ThePennsylvaniaStateUniversity/AI Adoption Meta Analysis - Documents/Meta/AI Adoption/PDFs/S049.pdf
S049,EE-PE,EE,PE,0.397,419.0,latest_human_R4_CORRELATIONS,false,false,true,true,true,true,ok,true,/Users/newhosung/Library/CloudStorage/OneDrive-SharedLibraries-ThePennsylvaniaStateUniversity/AI Adoption Meta Analysis - Documents/Meta/AI Adoption/PDFs/S049.pdf
S049,EE-SI,EE,SI,0.48,419.0,latest_human_R4_CORRELATIONS,false,false,true,true,true,true,ok,true,/Users/newhosung/Library/CloudStorage/OneDrive-SharedLibraries-ThePennsylvaniaStateUniversity/AI Adoption Meta Analysis - Documents/Meta/AI Adoption/PDFs/S049.pdf
S049,EE-UB,EE,UB,0.493,419.0,latest_human_R4_CORRELATIONS,false,false,true,true,true,true,ok,true,/Users/newhosung/Library/CloudStorage/OneDrive-SharedLibraries-ThePennsylvaniaStateUniversity/AI Adoption Meta Analysis - Documents/Meta/AI Adoption/PDFs/S049.pdf
S049,FC-PE,FC,PE,0.385,419.0,latest_human_R4_CORRELATIONS,false,false,true,true,true,true,ok,true,/Users/newhosung/Library/CloudStorage/OneDrive-SharedLibraries-ThePennsylvaniaStateUniversity/AI Adoption Meta Analysis - Documents/Meta/AI Adoption/PDFs/S049.pdf
S049,FC-SI,FC,SI,0.565,419.0,latest_human_R4_CORRELATIONS,false,false,true,true,true,true,ok,true,/Users/newhosung/Library/CloudStorage/OneDrive-SharedLibraries-ThePennsylvaniaStateUniversity/AI Adoption Meta Analysis - Documents/Meta/AI Adoption/PDFs/S049.pdf
S049,FC-UB,FC,UB,0.443,419.0,latest_human_R4_CORRELATIONS,false,false,true,true,true,true,ok,true,/Users/newhosung/Library/CloudStorage/OneDrive-SharedLibraries-ThePennsylvaniaStateUniversity/AI Adoption Meta Analysis - Documents/Meta/AI Adoption/PDFs/S049.pdf
S049,PE-SI,PE,SI,0.497,419.0,latest_human_R4_CORRELATIONS,false,false,true,true,true,true,ok,true,/Users/newhosung/Library/CloudStorage/OneDrive-SharedLibraries-ThePennsylvaniaStateUniversity/AI Adoption Meta Analysis - Documents/Meta/AI Adoption/PDFs/S049.pdf
S049,PE-UB,PE,UB,0.412,419.0,latest_human_R4_CORRELATIONS,false,false,true,true,true,true,ok,true,/Users/newhosung/Library/CloudStorage/OneDrive-SharedLibraries-ThePennsylvaniaStateUniversity/AI Adoption Meta Analysis - Documents/Meta/AI Adoption/PDFs/S049.pdf
S049,SI-UB,SI,UB,0.474,419.0,latest_human_R4_CORRELATIONS,false,false,true,true,true,true,ok,true,/Users/newhosung/Library/CloudStorage/OneDrive-SharedLibraries-ThePennsylvaniaStateUniversity/AI Adoption Meta Analysis - Documents/Meta/AI Adoption/PDFs/S049.pdf
S066,ANX-BI,ANX,BI,0.7,300.0,latest_human_R4_CORRELATIONS,false,false,false,true,true,true,ok,true,/Users/newhosung/Library/CloudStorage/OneDrive-SharedLibraries-ThePennsylvaniaStateUniversity/AI Adoption Meta Analysis - Documents/Meta/AI Adoption/PDFs/S066.pdf
S066,ANX-EE,ANX,EE,0.123,300.0,latest_human_R4_CORRELATIONS,false,false,false,true,false,true,ok,true,/Users/newhosung/Library/CloudStorage/OneDrive-SharedLibraries-ThePennsylvaniaStateUniversity/AI Adoption Meta Analysis - Documents/Meta/AI Adoption/PDFs/S066.pdf
S066,ANX-FC,ANX,FC,0.206,300.0,latest_human_R4_CORRELATIONS,false,false,false,true,true,true,ok,true,/Users/newhosung/Library/CloudStorage/OneDrive-SharedLibraries-ThePennsylvaniaStateUniversity/AI Adoption Meta Analysis - Documents/Meta/AI Adoption/PDFs/S066.pdf
S066,ANX-PE,ANX,PE,0.037,300.0,latest_human_R4_CORRELATIONS,false,false,false,true,false,true,ok,true,/Users/newhosung/Library/CloudStorage/OneDrive-SharedLibraries-ThePennsylvaniaStateUniversity/AI Adoption Meta Analysis - Documents/Meta/AI Adoption/PDFs/S066.pdf
S066,ANX-SI,ANX,SI,0.332,300.0,latest_human_R4_CORRELATIONS,false,false,false,true,false,true,ok,true,/Users/newhosung/Library/CloudStorage/OneDrive-SharedLibraries-ThePennsylvaniaStateUniversity/AI Adoption Meta Analysis - Documents/Meta/AI Adoption/PDFs/S066.pdf
S066,ANX-TRU,ANX,TRU,0.14,300.0,latest_human_R4_CORRELATIONS,false,false,false,true,false,true,ok,true,/Users/newhosung/Library/CloudStorage/OneDrive-SharedLibraries-ThePennsylvaniaStateUniversity/AI Adoption Meta Analysis - Documents/Meta/AI Adoption/PDFs/S066.pdf
S066,BI-EE,BI,EE,0.087,300.0,latest_human_R4_CORRELATIONS,false,false,false,true,false,true,ok,true,/Users/newhosung/Library/CloudStorage/OneDrive-SharedLibraries-ThePennsylvaniaStateUniversity/AI Adoption Meta Analysis - Documents/Meta/AI Adoption/PDFs/S066.pdf
S066,BI-FC,BI,FC,0.132,300.0,latest_human_R4_CORRELATIONS,false,false,false,true,false,true,ok,true,/Users/newhosung/Library/CloudStorage/OneDrive-SharedLibraries-ThePennsylvaniaStateUniversity/AI Adoption Meta Analysis - Documents/Meta/AI Adoption/PDFs/S066.pdf
S066,BI-PE,BI,PE,0.215,300.0,latest_human_R4_CORRELATIONS,false,false,false,true,false,true,ok,true,/Users/newhosung/Library/CloudStorage/OneDrive-SharedLibraries-ThePennsylvaniaStateUniversity/AI Adoption Meta Analysis - Documents/Meta/AI Adoption/PDFs/S066.pdf
S066,BI-SI,BI,SI,0.339,300.0,latest_human_R4_CORRELATIONS,false,false,false,true,true,true,ok,true,/Users/newhosung/Library/CloudStorage/OneDrive-SharedLibraries-ThePennsylvaniaStateUniversity/AI Adoption Meta Analysis - Documents/Meta/AI Adoption/PDFs/S066.pdf
S066,BI-UB,BI,UB,0.497,300.0,latest_human_R4_CORRELATIONS,false,false,false,true,true,true,ok,true,/Users/newhosung/Library/CloudStorage/OneDrive-SharedLibraries-ThePennsylvaniaStateUniversity/AI Adoption Meta Analysis - Documents/Meta/AI Adoption/PDFs/S066.pdf
S066,EE-UB,EE,UB,0.177,300.0,latest_human_R4_CORRELATIONS,false,false,false,true,false,true,ok,true,/Users/newhosung/Library/CloudStorage/OneDrive-SharedLibraries-ThePennsylvaniaStateUniversity/AI Adoption Meta Analysis - Documents/Meta/AI Adoption/PDFs/S066.pdf
S162,ANX-ATT,ANX,ATT,-0.323,156.0,latest_human_R4_CORRELATIONS,false,false,false,true,false,true,ok,false,/Users/newhosung/Library/CloudStorage/OneDrive-SharedLibraries-ThePennsylvaniaStateUniversity/AI Adoption Meta Analysis - Documents/Meta/AI Adoption/PDFs/S162.pdf
S162,ANX-BI,ANX,BI,0.184,156.0,latest_human_R4_CORRELATIONS,false,false,false,true,true,true,ok,true,/Users/newhosung/Library/CloudStorage/OneDrive-SharedLibraries-ThePennsylvaniaStateUniversity/AI Adoption Meta Analysis - Documents/Meta/AI Adoption/PDFs/S162.pdf
S162,ANX-EE,ANX,EE,0.412,156.0,latest_human_R4_CORRELATIONS,false,false,false,true,true,true,ok,true,/Users/newhosung/Library/CloudStorage/OneDrive-SharedLibraries-ThePennsylvaniaStateUniversity/AI Adoption Meta Analysis - Documents/Meta/AI Adoption/PDFs/S162.pdf
S162,ANX-PE,ANX,PE,0.54,156.0,latest_human_R4_CORRELATIONS,false,false,false,true,true,true,ok,true,/Users/newhosung/Library/CloudStorage/OneDrive-SharedLibraries-ThePennsylvaniaStateUniversity/AI Adoption Meta Analysis - Documents/Meta/AI Adoption/PDFs/S162.pdf
S162,ANX-UB,ANX,UB,0.132,156.0,latest_human_R4_CORRELATIONS,false,false,false,true,true,true,ok,true,/Users/newhosung/Library/CloudStorage/OneDrive-SharedLibraries-ThePennsylvaniaStateUniversity/AI Adoption Meta Analysis - Documents/Meta/AI Adoption/PDFs/S162.pdf
S162,ATT-BI,ATT,BI,0.234,156.0,latest_human_R4_CORRELATIONS,false,false,false,true,true,true,ok,true,/Users/newhosung/Library/CloudStorage/OneDrive-SharedLibraries-ThePennsylvaniaStateUniversity/AI Adoption Meta Analysis - Documents/Meta/AI Adoption/PDFs/S162.pdf
S162,ATT-EE,ATT,EE,0.087,156.0,latest_human_R4_CORRELATIONS,false,false,false,true,true,true,ok,true,/Users/newhosung/Library/CloudStorage/OneDrive-SharedLibraries-ThePennsylvaniaStateUniversity/AI Adoption Meta Analysis - Documents/Meta/AI Adoption/PDFs/S162.pdf
S162,ATT-PE,ATT,PE,-0.591,156.0,latest_human_R4_CORRELATIONS,false,false,false,true,false,true,ok,false,/Users/newhosung/Library/CloudStorage/OneDrive-SharedLibraries-ThePennsylvaniaStateUniversity/AI Adoption Meta Analysis - Documents/Meta/AI Adoption/PDFs/S162.pdf
S162,ATT-UB,ATT,UB,0.166,156.0,latest_human_R4_CORRELATIONS,false,false,false,true,true,true,ok,true,/Users/newhosung/Library/CloudStorage/OneDrive-SharedLibraries-ThePennsylvaniaStateUniversity/AI Adoption Meta Analysis - Documents/Meta/AI Adoption/PDFs/S162.pdf
S162,BI-EE,BI,EE,0.019,156.0,latest_human_R4_CORRELATIONS,false,false,false,true,true,true,ok,true,/Users/newhosung/Library/CloudStorage/OneDrive-SharedLibraries-ThePennsylvaniaStateUniversity/AI Adoption Meta Analysis - Documents/Meta/AI Adoption/PDFs/S162.pdf
S162,BI-PE,BI,PE,0.021,156.0,latest_human_R4_CORRELATIONS,false,false,false,true,true,true,ok,true,/Users/newhosung/Library/CloudStorage/OneDrive-SharedLibraries-ThePennsylvaniaStateUniversity/AI Adoption Meta Analysis - Documents/Meta/AI Adoption/PDFs/S162.pdf
S162,BI-UB,BI,UB,0.619,156.0,latest_human_R4_CORRELATIONS,false,false,false,true,true,true,ok,true,/Users/newhosung/Library/CloudStorage/OneDrive-SharedLibraries-ThePennsylvaniaStateUniversity/AI Adoption Meta Analysis - Documents/Meta/AI Adoption/PDFs/S162.pdf
S162,EE-PE,EE,PE,0.427,156.0,latest_human_R4_CORRELATIONS,false,false,false,true,true,true,ok,true,/Users/newhosung/Library/CloudStorage/OneDrive-SharedLibraries-ThePennsylvaniaStateUniversity/AI Adoption Meta Analysis - Documents/Meta/AI Adoption/PDFs/S162.pdf
S162,EE-UB,EE,UB,0.081,156.0,latest_human_R4_CORRELATIONS,false,false,false,true,true,true,ok,true,/Users/newhosung/Library/CloudStorage/OneDrive-SharedLibraries-ThePennsylvaniaStateUniversity/AI Adoption Meta Analysis - Documents/Meta/AI Adoption/PDFs/S162.pdf
S162,PE-UB,PE,UB,-0.079,156.0,latest_human_R4_CORRELATIONS,false,false,false,true,false,true,ok,false,/Users/newhosung/Library/CloudStorage/OneDrive-SharedLibraries-ThePennsylvaniaStateUniversity/AI Adoption Meta Analysis - Documents/Meta/AI Adoption/PDFs/S162.pdf
S136,BI-EE,BI,EE,0.418,105.0,latest_human_R4_CORRELATIONS,false,false,false,true,true,true,ok,true,/Users/newhosung/Library/CloudStorage/OneDrive-SharedLibraries-ThePennsylvaniaStateUniversity/AI Adoption Meta Analysis - Documents/Meta/AI Adoption/PDFs/S136.pdf
S136,BI-PE,BI,PE,0.25,105.0,latest_human_R4_CORRELATIONS,false,false,false,true,true,true,ok,true,/Users/newhosung/Library/CloudStorage/OneDrive-SharedLibraries-ThePennsylvaniaStateUniversity/AI Adoption Meta Analysis - Documents/Meta/AI Adoption/PDFs/S136.pdf
S136,BI-SI,BI,SI,0.358,105.0,latest_human_R4_CORRELATIONS,false,false,false,true,true,true,ok,true,/Users/newhosung/Library/CloudStorage/OneDrive-SharedLibraries-ThePennsylvaniaStateUniversity/AI Adoption Meta Analysis - Documents/Meta/AI Adoption/PDFs/S136.pdf
S136,BI-UB,BI,UB,0.55,105.0,latest_human_R4_CORRELATIONS,false,false,false,true,true,true,ok,true,/Users/newhosung/Library/CloudStorage/OneDrive-SharedLibraries-ThePennsylvaniaStateUniversity/AI Adoption Meta Analysis - Documents/Meta/AI Adoption/PDFs/S136.pdf
S136,EE-PE,EE,PE,0.283,105.0,latest_human_R4_CORRELATIONS,false,false,false,true,true,true,ok,true,/Users/newhosung/Library/CloudStorage/OneDrive-SharedLibraries-ThePennsylvaniaStateUniversity/AI Adoption Meta Analysis - Documents/Meta/AI Adoption/PDFs/S136.pdf
S136,EE-SI,EE,SI,0.397,105.0,latest_human_R4_CORRELATIONS,false,false,false,true,true,true,ok,true,/Users/newhosung/Library/CloudStorage/OneDrive-SharedLibraries-ThePennsylvaniaStateUniversity/AI Adoption Meta Analysis - Documents/Meta/AI Adoption/PDFs/S136.pdf
S136,EE-UB,EE,UB,0.374,105.0,latest_human_R4_CORRELATIONS,false,false,false,true,true,true,ok,true,/Users/newhosung/Library/CloudStorage/OneDrive-SharedLibraries-ThePennsylvaniaStateUniversity/AI Adoption Meta Analysis - Documents/Meta/AI Adoption/PDFs/S136.pdf
S136,PE-SI,PE,SI,0.142,105.0,latest_human_R4_CORRELATIONS,false,false,false,true,true,true,ok,true,/Users/newhosung/Library/CloudStorage/OneDrive-SharedLibraries-ThePennsylvaniaStateUniversity/AI Adoption Meta Analysis - Documents/Meta/AI Adoption/PDFs/S136.pdf
S136,PE-UB,PE,UB,0.057,105.0,latest_human_R4_CORRELATIONS,false,false,false,true,true,true,ok,true,/Users/newhosung/Library/CloudStorage/OneDrive-SharedLibraries-ThePennsylvaniaStateUniversity/AI Adoption Meta Analysis - Documents/Meta/AI Adoption/PDFs/S136.pdf
S136,SI-UB,SI,UB,0.484,105.0,latest_human_R4_CORRELATIONS,false,false,false,true,true,true,ok,true,/Users/newhosung/Library/CloudStorage/OneDrive-SharedLibraries-ThePennsylvaniaStateUniversity/AI Adoption Meta Analysis - Documents/Meta/AI Adoption/PDFs/S136.pdf
S188,ATT-BI,ATT,BI,0.733,147.0,latest_human_R4_CORRELATIONS,false,false,false,true,true,true,ok,true,/Users/newhosung/Library/CloudStorage/OneDrive-SharedLibraries-ThePennsylvaniaStateUniversity/AI Adoption Meta Analysis - Documents/Meta/AI Adoption/PDFs/S188.pdf
S188,ATT-EE,ATT,EE,0.692,147.0,latest_human_R4_CORRELATIONS,false,false,false,true,true,true,ok,true,/Users/newhosung/Library/CloudStorage/OneDrive-SharedLibraries-ThePennsylvaniaStateUniversity/AI Adoption Meta Analysis - Documents/Meta/AI Adoption/PDFs/S188.pdf
S188,ATT-PE,ATT,PE,0.623,147.0,latest_human_R4_CORRELATIONS,false,false,false,true,true,true,ok,true,/Users/newhosung/Library/CloudStorage/OneDrive-SharedLibraries-ThePennsylvaniaStateUniversity/AI Adoption Meta Analysis - Documents/Meta/AI Adoption/PDFs/S188.pdf
S188,ATT-SE,ATT,SE,0.627,147.0,latest_human_R4_CORRELATIONS,false,false,false,true,true,true,ok,true,/Users/newhosung/Library/CloudStorage/OneDrive-SharedLibraries-ThePennsylvaniaStateUniversity/AI Adoption Meta Analysis - Documents/Meta/AI Adoption/PDFs/S188.pdf
S188,ATT-TRU,ATT,TRU,0.57,147.0,latest_human_R4_CORRELATIONS,false,false,false,true,true,true,ok,true,/Users/newhosung/Library/CloudStorage/OneDrive-SharedLibraries-ThePennsylvaniaStateUniversity/AI Adoption Meta Analysis - Documents/Meta/AI Adoption/PDFs/S188.pdf
S188,BI-EE,BI,EE,0.647,147.0,latest_human_R4_CORRELATIONS,false,false,false,true,true,true,ok,true,/Users/newhosung/Library/CloudStorage/OneDrive-SharedLibraries-ThePennsylvaniaStateUniversity/AI Adoption Meta Analysis - Documents/Meta/AI Adoption/PDFs/S188.pdf
S188,BI-PE,BI,PE,0.645,147.0,latest_human_R4_CORRELATIONS,false,false,false,true,true,true,ok,true,/Users/newhosung/Library/CloudStorage/OneDrive-SharedLibraries-ThePennsylvaniaStateUniversity/AI Adoption Meta Analysis - Documents/Meta/AI Adoption/PDFs/S188.pdf
S188,BI-SE,BI,SE,0.516,147.0,latest_human_R4_CORRELATIONS,false,false,false,true,true,true,ok,true,/Users/newhosung/Library/CloudStorage/OneDrive-SharedLibraries-ThePennsylvaniaStateUniversity/AI Adoption Meta Analysis - Documents/Meta/AI Adoption/PDFs/S188.pdf
S188,BI-TRU,BI,TRU,0.478,147.0,latest_human_R4_CORRELATIONS,false,false,false,true,true,true,ok,true,/Users/newhosung/Library/CloudStorage/OneDrive-SharedLibraries-ThePennsylvaniaStateUniversity/AI Adoption Meta Analysis - Documents/Meta/AI Adoption/PDFs/S188.pdf
S188,EE-PE,EE,PE,0.889,147.0,latest_human_R4_CORRELATIONS,false,false,false,true,true,true,ok,true,/Users/newhosung/Library/CloudStorage/OneDrive-SharedLibraries-ThePennsylvaniaStateUniversity/AI Adoption Meta Analysis - Documents/Meta/AI Adoption/PDFs/S188.pdf
S188,EE-SE,EE,SE,0.545,147.0,latest_human_R4_CORRELATIONS,false,false,false,true,true,true,ok,true,/Users/newhosung/Library/CloudStorage/OneDrive-SharedLibraries-ThePennsylvaniaStateUniversity/AI Adoption Meta Analysis - Documents/Meta/AI Adoption/PDFs/S188.pdf
S188,EE-TRU,EE,TRU,0.519,147.0,latest_human_R4_CORRELATIONS,false,false,false,true,true,true,ok,true,/Users/newhosung/Library/CloudStorage/OneDrive-SharedLibraries-ThePennsylvaniaStateUniversity/AI Adoption Meta Analysis - Documents/Meta/AI Adoption/PDFs/S188.pdf
S188,PE-SE,PE,SE,0.458,147.0,latest_human_R4_CORRELATIONS,false,false,false,true,true,true,ok,true,/Users/newhosung/Library/CloudStorage/OneDrive-SharedLibraries-ThePennsylvaniaStateUniversity/AI Adoption Meta Analysis - Documents/Meta/AI Adoption/PDFs/S188.pdf
S188,PE-TRU,PE,TRU,0.369,147.0,latest_human_R4_CORRELATIONS,false,false,false,true,true,true,ok,true,/Users/newhosung/Library/CloudStorage/OneDrive-SharedLibraries-ThePennsylvaniaStateUniversity/AI Adoption Meta Analysis - Documents/Meta/AI Adoption/PDFs/S188.pdf
S188,SE-TRU,SE,TRU,0.487,147.0,latest_human_R4_CORRELATIONS,false,false,false,true,true,true,ok,true,/Users/newhosung/Library/CloudStorage/OneDrive-SharedLibraries-ThePennsylvaniaStateUniversity/AI Adoption Meta Analysis - Documents/Meta/AI Adoption/PDFs/S188.pdf
S080,BI-EE,BI,EE,0.436,251.0,latest_human_R4_CORRELATIONS,true,false,true,true,false,true,ok,true,/Users/newhosung/Library/CloudStorage/OneDrive-SharedLibraries-ThePennsylvaniaStateUniversity/AI Adoption Meta Analysis - Documents/Meta/AI Adoption/PDFs/S080.pdf
S080,BI-FC,BI,FC,-0.058,251.0,latest_human_R4_CORRELATIONS,true,false,true,true,false,true,ok,false,/Users/newhosung/Library/CloudStorage/OneDrive-SharedLibraries-ThePennsylvaniaStateUniversity/AI Adoption Meta Analysis - Documents/Meta/AI Adoption/PDFs/S080.pdf
S080,BI-PE,BI,PE,0.207,251.0,latest_human_R4_CORRELATIONS,true,false,true,true,false,true,ok,true,/Users/newhosung/Library/CloudStorage/OneDrive-SharedLibraries-ThePennsylvaniaStateUniversity/AI Adoption Meta Analysis - Documents/Meta/AI Adoption/PDFs/S080.pdf
S080,BI-SI,BI,SI,0.066,251.0,latest_human_R4_CORRELATIONS,true,false,true,true,true,true,ok,false,/Users/newhosung/Library/CloudStorage/OneDrive-SharedLibraries-ThePennsylvaniaStateUniversity/AI Adoption Meta Analysis - Documents/Meta/AI Adoption/PDFs/S080.pdf
S216,ANX-EE,ANX,EE,0.085,348.0,latest_human_R4_CORRELATIONS,false,false,true,true,true,true,ok,true,/Users/newhosung/Library/CloudStorage/OneDrive-SharedLibraries-ThePennsylvaniaStateUniversity/AI Adoption Meta Analysis - Documents/Meta/AI Adoption/PDFs/S216.pdf
S216,BI-EE,BI,EE,0.203,348.0,latest_human_R4_CORRELATIONS,false,false,true,true,true,true,ok,true,/Users/newhosung/Library/CloudStorage/OneDrive-SharedLibraries-ThePennsylvaniaStateUniversity/AI Adoption Meta Analysis - Documents/Meta/AI Adoption/PDFs/S216.pdf
S216,BI-PE,BI,PE,0.203,348.0,latest_human_R4_CORRELATIONS,false,false,true,true,true,true,ok,true,/Users/newhosung/Library/CloudStorage/OneDrive-SharedLibraries-ThePennsylvaniaStateUniversity/AI Adoption Meta Analysis - Documents/Meta/AI Adoption/PDFs/S216.pdf
S216,BI-SI,BI,SI,0.159,348.0,latest_human_R4_CORRELATIONS,false,false,true,true,true,true,ok,true,/Users/newhosung/Library/CloudStorage/OneDrive-SharedLibraries-ThePennsylvaniaStateUniversity/AI Adoption Meta Analysis - Documents/Meta/AI Adoption/PDFs/S216.pdf
S216,EE-PE,EE,PE,0.229,348.0,latest_human_R4_CORRELATIONS,false,false,true,true,true,true,ok,true,/Users/newhosung/Library/CloudStorage/OneDrive-SharedLibraries-ThePennsylvaniaStateUniversity/AI Adoption Meta Analysis - Documents/Meta/AI Adoption/PDFs/S216.pdf
S216,EE-SE,EE,SE,0.231,348.0,latest_human_R4_CORRELATIONS,false,false,true,true,true,true,ok,true,/Users/newhosung/Library/CloudStorage/OneDrive-SharedLibraries-ThePennsylvaniaStateUniversity/AI Adoption Meta Analysis - Documents/Meta/AI Adoption/PDFs/S216.pdf
S216,PE-SI,PE,SI,0.427,348.0,latest_human_R4_CORRELATIONS,false,false,true,true,true,true,ok,true,/Users/newhosung/Library/CloudStorage/OneDrive-SharedLibraries-ThePennsylvaniaStateUniversity/AI Adoption Meta Analysis - Documents/Meta/AI Adoption/PDFs/S216.pdf
S088,BI-EE,BI,EE,0.29,353.0,latest_human_R4_CORRELATIONS,false,false,true,true,false,true,ok,true,/Users/newhosung/Library/CloudStorage/OneDrive-SharedLibraries-ThePennsylvaniaStateUniversity/AI Adoption Meta Analysis - Documents/Meta/AI Adoption/PDFs/S088.pdf
S088,BI-FC,BI,FC,0.353,353.0,latest_human_R4_CORRELATIONS,false,false,true,true,false,true,ok,true,/Users/newhosung/Library/CloudStorage/OneDrive-SharedLibraries-ThePennsylvaniaStateUniversity/AI Adoption Meta Analysis - Documents/Meta/AI Adoption/PDFs/S088.pdf
S088,BI-PE,BI,PE,0.41,353.0,latest_human_R4_CORRELATIONS,false,false,true,true,false,true,ok,true,/Users/newhosung/Library/CloudStorage/OneDrive-SharedLibraries-ThePennsylvaniaStateUniversity/AI Adoption Meta Analysis - Documents/Meta/AI Adoption/PDFs/S088.pdf
S088,BI-SI,BI,SI,0.152,353.0,latest_human_R4_CORRELATIONS,false,false,true,true,false,true,ok,true,/Users/newhosung/Library/CloudStorage/OneDrive-SharedLibraries-ThePennsylvaniaStateUniversity/AI Adoption Meta Analysis - Documents/Meta/AI Adoption/PDFs/S088.pdf
S088,BI-TRU,BI,TRU,0.128,353.0,latest_human_R4_CORRELATIONS,false,false,true,true,false,true,ok,true,/Users/newhosung/Library/CloudStorage/OneDrive-SharedLibraries-ThePennsylvaniaStateUniversity/AI Adoption Meta Analysis - Documents/Meta/AI Adoption/PDFs/S088.pdf
S088,BI-UB,BI,UB,0.399,353.0,latest_human_R4_CORRELATIONS,false,false,true,true,false,true,ok,true,/Users/newhosung/Library/CloudStorage/OneDrive-SharedLibraries-ThePennsylvaniaStateUniversity/AI Adoption Meta Analysis - Documents/Meta/AI Adoption/PDFs/S088.pdf
S088,EE-FC,EE,FC,0.409,353.0,latest_human_R4_CORRELATIONS,false,false,true,true,false,true,ok,true,/Users/newhosung/Library/CloudStorage/OneDrive-SharedLibraries-ThePennsylvaniaStateUniversity/AI Adoption Meta Analysis - Documents/Meta/AI Adoption/PDFs/S088.pdf
S088,EE-PE,EE,PE,0.319,353.0,latest_human_R4_CORRELATIONS,false,false,true,true,false,true,ok,true,/Users/newhosung/Library/CloudStorage/OneDrive-SharedLibraries-ThePennsylvaniaStateUniversity/AI Adoption Meta Analysis - Documents/Meta/AI Adoption/PDFs/S088.pdf
S088,EE-SI,EE,SI,0.175,353.0,latest_human_R4_CORRELATIONS,false,false,true,true,false,true,ok,true,/Users/newhosung/Library/CloudStorage/OneDrive-SharedLibraries-ThePennsylvaniaStateUniversity/AI Adoption Meta Analysis - Documents/Meta/AI Adoption/PDFs/S088.pdf
S088,EE-TRU,EE,TRU,0.141,353.0,latest_human_R4_CORRELATIONS,false,false,true,true,false,true,ok,true,/Users/newhosung/Library/CloudStorage/OneDrive-SharedLibraries-ThePennsylvaniaStateUniversity/AI Adoption Meta Analysis - Documents/Meta/AI Adoption/PDFs/S088.pdf
S088,EE-UB,EE,UB,0.184,353.0,latest_human_R4_CORRELATIONS,false,false,true,true,false,true,ok,true,/Users/newhosung/Library/CloudStorage/OneDrive-SharedLibraries-ThePennsylvaniaStateUniversity/AI Adoption Meta Analysis - Documents/Meta/AI Adoption/PDFs/S088.pdf
S088,FC-PE,FC,PE,0.393,353.0,latest_human_R4_CORRELATIONS,false,false,true,true,false,true,ok,true,/Users/newhosung/Library/CloudStorage/OneDrive-SharedLibraries-ThePennsylvaniaStateUniversity/AI Adoption Meta Analysis - Documents/Meta/AI Adoption/PDFs/S088.pdf
S088,FC-SI,FC,SI,0.164,353.0,latest_human_R4_CORRELATIONS,false,false,true,true,false,true,ok,true,/Users/newhosung/Library/CloudStorage/OneDrive-SharedLibraries-ThePennsylvaniaStateUniversity/AI Adoption Meta Analysis - Documents/Meta/AI Adoption/PDFs/S088.pdf
S088,FC-TRU,FC,TRU,0.093,353.0,latest_human_R4_CORRELATIONS,false,false,true,true,false,true,ok,true,/Users/newhosung/Library/CloudStorage/OneDrive-SharedLibraries-ThePennsylvaniaStateUniversity/AI Adoption Meta Analysis - Documents/Meta/AI Adoption/PDFs/S088.pdf
S088,FC-UB,FC,UB,0.246,353.0,latest_human_R4_CORRELATIONS,false,false,true,true,false,true,ok,true,/Users/newhosung/Library/CloudStorage/OneDrive-SharedLibraries-ThePennsylvaniaStateUniversity/AI Adoption Meta Analysis - Documents/Meta/AI Adoption/PDFs/S088.pdf
S088,PE-SI,PE,SI,0.346,353.0,latest_human_R4_CORRELATIONS,false,false,true,true,false,true,ok,true,/Users/newhosung/Library/CloudStorage/OneDrive-SharedLibraries-ThePennsylvaniaStateUniversity/AI Adoption Meta Analysis - Documents/Meta/AI Adoption/PDFs/S088.pdf
S088,PE-TRU,PE,TRU,0.194,353.0,latest_human_R4_CORRELATIONS,false,false,true,true,false,true,ok,true,/Users/newhosung/Library/CloudStorage/OneDrive-SharedLibraries-ThePennsylvaniaStateUniversity/AI Adoption Meta Analysis - Documents/Meta/AI Adoption/PDFs/S088.pdf
S088,PE-UB,PE,UB,0.29,353.0,latest_human_R4_CORRELATIONS,false,false,true,true,false,true,ok,true,/Users/newhosung/Library/CloudStorage/OneDrive-SharedLibraries-ThePennsylvaniaStateUniversity/AI Adoption Meta Analysis - Documents/Meta/AI Adoption/PDFs/S088.pdf
S088,SI-TRU,SI,TRU,0.132,353.0,latest_human_R4_CORRELATIONS,false,false,true,true,false,true,ok,true,/Users/newhosung/Library/CloudStorage/OneDrive-SharedLibraries-ThePennsylvaniaStateUniversity/AI Adoption Meta Analysis - Documents/Meta/AI Adoption/PDFs/S088.pdf
S088,SI-UB,SI,UB,0.207,353.0,latest_human_R4_CORRELATIONS,false,false,true,true,false,true,ok,true,/Users/newhosung/Library/CloudStorage/OneDrive-SharedLibraries-ThePennsylvaniaStateUniversity/AI Adoption Meta Analysis - Documents/Meta/AI Adoption/PDFs/S088.pdf
S088,TRU-UB,TRU,UB,0.224,353.0,latest_human_R4_CORRELATIONS,false,false,true,true,false,true,ok,true,/Users/newhosung/Library/CloudStorage/OneDrive-SharedLibraries-ThePennsylvaniaStateUniversity/AI Adoption Meta Analysis - Documents/Meta/AI Adoption/PDFs/S088.pdf
S192,ATT-BI,ATT,BI,0.03,693.0,latest_human_R4_CORRELATIONS,false,false,true,true,true,true,ok,true,/Users/newhosung/Library/CloudStorage/OneDrive-SharedLibraries-ThePennsylvaniaStateUniversity/AI Adoption Meta Analysis - Documents/Meta/AI Adoption/PDFs/S192.pdf
S192,BI-EE,BI,EE,0.03,693.0,latest_human_R4_CORRELATIONS,false,false,true,true,true,true,ok,true,/Users/newhosung/Library/CloudStorage/OneDrive-SharedLibraries-ThePennsylvaniaStateUniversity/AI Adoption Meta Analysis - Documents/Meta/AI Adoption/PDFs/S192.pdf
S192,BI-FC,BI,FC,0.29,693.0,latest_human_R4_CORRELATIONS,false,false,true,true,true,true,ok,true,/Users/newhosung/Library/CloudStorage/OneDrive-SharedLibraries-ThePennsylvaniaStateUniversity/AI Adoption Meta Analysis - Documents/Meta/AI Adoption/PDFs/S192.pdf
S192,BI-PE,BI,PE,0.09,693.0,latest_human_R4_CORRELATIONS,false,false,true,true,true,true,ok,true,/Users/newhosung/Library/CloudStorage/OneDrive-SharedLibraries-ThePennsylvaniaStateUniversity/AI Adoption Meta Analysis - Documents/Meta/AI Adoption/PDFs/S192.pdf
S192,BI-SI,BI,SI,0.32,693.0,latest_human_R4_CORRELATIONS,false,false,true,true,true,true,ok,true,/Users/newhosung/Library/CloudStorage/OneDrive-SharedLibraries-ThePennsylvaniaStateUniversity/AI Adoption Meta Analysis - Documents/Meta/AI Adoption/PDFs/S192.pdf
S192,BI-UB,BI,UB,0.27,693.0,latest_human_R4_CORRELATIONS,false,false,true,true,true,true,ok,true,/Users/newhosung/Library/CloudStorage/OneDrive-SharedLibraries-ThePennsylvaniaStateUniversity/AI Adoption Meta Analysis - Documents/Meta/AI Adoption/PDFs/S192.pdf
S006,BI-EE,BI,EE,0.367,1167.0,latest_human_R4_CORRELATIONS,false,false,true,true,true,true,ok,true,/Users/newhosung/Library/CloudStorage/OneDrive-SharedLibraries-ThePennsylvaniaStateUniversity/AI Adoption Meta Analysis - Documents/Meta/AI Adoption/PDFs/S006.pdf
S006,BI-FC,BI,FC,0.22,1167.0,latest_human_R4_CORRELATIONS,false,false,true,true,true,true,ok,true,/Users/newhosung/Library/CloudStorage/OneDrive-SharedLibraries-ThePennsylvaniaStateUniversity/AI Adoption Meta Analysis - Documents/Meta/AI Adoption/PDFs/S006.pdf
S006,BI-PE,BI,PE,0.626,1167.0,latest_human_R4_CORRELATIONS,false,false,true,true,true,true,ok,true,/Users/newhosung/Library/CloudStorage/OneDrive-SharedLibraries-ThePennsylvaniaStateUniversity/AI Adoption Meta Analysis - Documents/Meta/AI Adoption/PDFs/S006.pdf
S006,BI-SI,BI,SI,0.421,1167.0,latest_human_R4_CORRELATIONS,false,false,true,true,true,true,ok,true,/Users/newhosung/Library/CloudStorage/OneDrive-SharedLibraries-ThePennsylvaniaStateUniversity/AI Adoption Meta Analysis - Documents/Meta/AI Adoption/PDFs/S006.pdf
S006,BI-UB,BI,UB,0.596,1167.0,latest_human_R4_CORRELATIONS,false,false,true,true,true,true,ok,true,/Users/newhosung/Library/CloudStorage/OneDrive-SharedLibraries-ThePennsylvaniaStateUniversity/AI Adoption Meta Analysis - Documents/Meta/AI Adoption/PDFs/S006.pdf
S006,EE-FC,EE,FC,0.333,1167.0,latest_human_R4_CORRELATIONS,false,false,true,true,true,true,ok,true,/Users/newhosung/Library/CloudStorage/OneDrive-SharedLibraries-ThePennsylvaniaStateUniversity/AI Adoption Meta Analysis - Documents/Meta/AI Adoption/PDFs/S006.pdf
S006,EE-PE,EE,PE,0.334,1167.0,latest_human_R4_CORRELATIONS,false,false,true,true,true,true,ok,true,/Users/newhosung/Library/CloudStorage/OneDrive-SharedLibraries-ThePennsylvaniaStateUniversity/AI Adoption Meta Analysis - Documents/Meta/AI Adoption/PDFs/S006.pdf
S006,EE-SI,EE,SI,0.377,1167.0,latest_human_R4_CORRELATIONS,false,false,true,true,true,true,ok,true,/Users/newhosung/Library/CloudStorage/OneDrive-SharedLibraries-ThePennsylvaniaStateUniversity/AI Adoption Meta Analysis - Documents/Meta/AI Adoption/PDFs/S006.pdf
S006,EE-UB,EE,UB,0.307,1167.0,latest_human_R4_CORRELATIONS,false,false,true,true,true,true,ok,true,/Users/newhosung/Library/CloudStorage/OneDrive-SharedLibraries-ThePennsylvaniaStateUniversity/AI Adoption Meta Analysis - Documents/Meta/AI Adoption/PDFs/S006.pdf
S006,FC-PE,FC,PE,0.134,1167.0,latest_human_R4_CORRELATIONS,false,false,true,true,true,true,ok,true,/Users/newhosung/Library/CloudStorage/OneDrive-SharedLibraries-ThePennsylvaniaStateUniversity/AI Adoption Meta Analysis - Documents/Meta/AI Adoption/PDFs/S006.pdf
S006,FC-SI,FC,SI,-0.029,1167.0,latest_human_R4_CORRELATIONS,false,false,true,true,false,true,ok,true,/Users/newhosung/Library/CloudStorage/OneDrive-SharedLibraries-ThePennsylvaniaStateUniversity/AI Adoption Meta Analysis - Documents/Meta/AI Adoption/PDFs/S006.pdf
S006,FC-UB,FC,UB,0.402,1167.0,latest_human_R4_CORRELATIONS,false,false,true,true,true,true,ok,true,/Users/newhosung/Library/CloudStorage/OneDrive-SharedLibraries-ThePennsylvaniaStateUniversity/AI Adoption Meta Analysis - Documents/Meta/AI Adoption/PDFs/S006.pdf
S006,PE-SI,PE,SI,0.403,1167.0,latest_human_R4_CORRELATIONS,false,false,true,true,true,true,ok,true,/Users/newhosung/Library/CloudStorage/OneDrive-SharedLibraries-ThePennsylvaniaStateUniversity/AI Adoption Meta Analysis - Documents/Meta/AI Adoption/PDFs/S006.pdf
S006,PE-UB,PE,UB,0.469,1167.0,latest_human_R4_CORRELATIONS,false,false,true,true,true,true,ok,true,/Users/newhosung/Library/CloudStorage/OneDrive-SharedLibraries-ThePennsylvaniaStateUniversity/AI Adoption Meta Analysis - Documents/Meta/AI Adoption/PDFs/S006.pdf
S006,SI-UB,SI,UB,0.334,1167.0,latest_human_R4_CORRELATIONS,false,false,true,true,true,true,ok,true,/Users/newhosung/Library/CloudStorage/OneDrive-SharedLibraries-ThePennsylvaniaStateUniversity/AI Adoption Meta Analysis - Documents/Meta/AI Adoption/PDFs/S006.pdf
S003,EE-FC,EE,FC,0.271,195.0,latest_human_R4_CORRELATIONS,false,false,true,true,true,true,ok,true,/Users/newhosung/Library/CloudStorage/OneDrive-SharedLibraries-ThePennsylvaniaStateUniversity/AI Adoption Meta Analysis - Documents/Meta/AI Adoption/PDFs/S003.pdf
S003,EE-PE,EE,PE,0.496,195.0,latest_human_R4_CORRELATIONS,false,false,true,true,true,true,ok,true,/Users/newhosung/Library/CloudStorage/OneDrive-SharedLibraries-ThePennsylvaniaStateUniversity/AI Adoption Meta Analysis - Documents/Meta/AI Adoption/PDFs/S003.pdf
S003,EE-SI,EE,SI,0.414,195.0,latest_human_R4_CORRELATIONS,false,false,true,true,true,true,ok,true,/Users/newhosung/Library/CloudStorage/OneDrive-SharedLibraries-ThePennsylvaniaStateUniversity/AI Adoption Meta Analysis - Documents/Meta/AI Adoption/PDFs/S003.pdf
S003,EE-UB,EE,UB,0.241,195.0,latest_human_R4_CORRELATIONS,false,false,true,true,true,true,ok,true,/Users/newhosung/Library/CloudStorage/OneDrive-SharedLibraries-ThePennsylvaniaStateUniversity/AI Adoption Meta Analysis - Documents/Meta/AI Adoption/PDFs/S003.pdf
S003,FC-PE,FC,PE,0.448,195.0,latest_human_R4_CORRELATIONS,false,false,true,true,true,true,ok,true,/Users/newhosung/Library/CloudStorage/OneDrive-SharedLibraries-ThePennsylvaniaStateUniversity/AI Adoption Meta Analysis - Documents/Meta/AI Adoption/PDFs/S003.pdf
S003,FC-SI,FC,SI,0.565,195.0,latest_human_R4_CORRELATIONS,false,false,true,true,true,true,ok,true,/Users/newhosung/Library/CloudStorage/OneDrive-SharedLibraries-ThePennsylvaniaStateUniversity/AI Adoption Meta Analysis - Documents/Meta/AI Adoption/PDFs/S003.pdf
S003,FC-UB,FC,UB,0.609,195.0,latest_human_R4_CORRELATIONS,false,false,true,true,true,true,ok,true,/Users/newhosung/Library/CloudStorage/OneDrive-SharedLibraries-ThePennsylvaniaStateUniversity/AI Adoption Meta Analysis - Documents/Meta/AI Adoption/PDFs/S003.pdf
S003,PE-SI,PE,SI,0.644,195.0,latest_human_R4_CORRELATIONS,false,false,true,true,true,true,ok,true,/Users/newhosung/Library/CloudStorage/OneDrive-SharedLibraries-ThePennsylvaniaStateUniversity/AI Adoption Meta Analysis - Documents/Meta/AI Adoption/PDFs/S003.pdf
S003,PE-UB,PE,UB,0.726,195.0,latest_human_R4_CORRELATIONS,false,false,true,true,true,true,ok,true,/Users/newhosung/Library/CloudStorage/OneDrive-SharedLibraries-ThePennsylvaniaStateUniversity/AI Adoption Meta Analysis - Documents/Meta/AI Adoption/PDFs/S003.pdf
S003,SI-UB,SI,UB,0.73,195.0,latest_human_R4_CORRELATIONS,false,false,true,true,true,true,ok,true,/Users/newhosung/Library/CloudStorage/OneDrive-SharedLibraries-ThePennsylvaniaStateUniversity/AI Adoption Meta Analysis - Documents/Meta/AI Adoption/PDFs/S003.pdf
S037,BI-EE,BI,EE,0.601,635.0,latest_human_R4_CORRELATIONS,false,false,true,true,true,true,ok,true,/Users/newhosung/Library/CloudStorage/OneDrive-SharedLibraries-ThePennsylvaniaStateUniversity/AI Adoption Meta Analysis - Documents/Meta/AI Adoption/PDFs/S037.pdf
S037,BI-PE,BI,PE,0.692,635.0,latest_human_R4_CORRELATIONS,false,false,true,true,true,true,ok,true,/Users/newhosung/Library/CloudStorage/OneDrive-SharedLibraries-ThePennsylvaniaStateUniversity/AI Adoption Meta Analysis - Documents/Meta/AI Adoption/PDFs/S037.pdf
S037,BI-SI,BI,SI,0.528,635.0,latest_human_R4_CORRELATIONS,false,false,true,true,true,true,ok,true,/Users/newhosung/Library/CloudStorage/OneDrive-SharedLibraries-ThePennsylvaniaStateUniversity/AI Adoption Meta Analysis - Documents/Meta/AI Adoption/PDFs/S037.pdf
S037,BI-TRU,BI,TRU,0.72,635.0,latest_human_R4_CORRELATIONS,false,false,true,true,true,true,ok,true,/Users/newhosung/Library/CloudStorage/OneDrive-SharedLibraries-ThePennsylvaniaStateUniversity/AI Adoption Meta Analysis - Documents/Meta/AI Adoption/PDFs/S037.pdf
S037,EE-PE,EE,PE,0.664,635.0,latest_human_R4_CORRELATIONS,false,false,true,true,true,true,ok,true,/Users/newhosung/Library/CloudStorage/OneDrive-SharedLibraries-ThePennsylvaniaStateUniversity/AI Adoption Meta Analysis - Documents/Meta/AI Adoption/PDFs/S037.pdf
S037,EE-SI,EE,SI,0.542,635.0,latest_human_R4_CORRELATIONS,false,false,true,true,true,true,ok,true,/Users/newhosung/Library/CloudStorage/OneDrive-SharedLibraries-ThePennsylvaniaStateUniversity/AI Adoption Meta Analysis - Documents/Meta/AI Adoption/PDFs/S037.pdf
S037,EE-TRU,EE,TRU,0.539,635.0,latest_human_R4_CORRELATIONS,false,false,true,true,true,true,ok,true,/Users/newhosung/Library/CloudStorage/OneDrive-SharedLibraries-ThePennsylvaniaStateUniversity/AI Adoption Meta Analysis - Documents/Meta/AI Adoption/PDFs/S037.pdf
S037,PE-SI,PE,SI,0.542,635.0,latest_human_R4_CORRELATIONS,false,false,true,true,true,true,ok,true,/Users/newhosung/Library/CloudStorage/OneDrive-SharedLibraries-ThePennsylvaniaStateUniversity/AI Adoption Meta Analysis - Documents/Meta/AI Adoption/PDFs/S037.pdf
S037,PE-TRU,PE,TRU,0.601,635.0,latest_human_R4_CORRELATIONS,false,false,true,true,true,true,ok,true,/Users/newhosung/Library/CloudStorage/OneDrive-SharedLibraries-ThePennsylvaniaStateUniversity/AI Adoption Meta Analysis - Documents/Meta/AI Adoption/PDFs/S037.pdf
S037,SI-TRU,SI,TRU,0.519,635.0,latest_human_R4_CORRELATIONS,false,false,true,true,true,true,ok,true,/Users/newhosung/Library/CloudStorage/OneDrive-SharedLibraries-ThePennsylvaniaStateUniversity/AI Adoption Meta Analysis - Documents/Meta/AI Adoption/PDFs/S037.pdf
S112,BI-EE,BI,EE,0.108,500.0,latest_human_R4_CORRELATIONS,false,false,true,true,true,true,ok,true,/Users/newhosung/Library/CloudStorage/OneDrive-SharedLibraries-ThePennsylvaniaStateUniversity/AI Adoption Meta Analysis - Documents/Meta/AI Adoption/PDFs/S112.pdf
S112,BI-FC,BI,FC,0.111,500.0,latest_human_R4_CORRELATIONS,false,false,true,true,true,true,ok,true,/Users/newhosung/Library/CloudStorage/OneDrive-SharedLibraries-ThePennsylvaniaStateUniversity/AI Adoption Meta Analysis - Documents/Meta/AI Adoption/PDFs/S112.pdf
S112,BI-PE,BI,PE,0.177,500.0,latest_human_R4_CORRELATIONS,false,false,true,true,true,true,ok,true,/Users/newhosung/Library/CloudStorage/OneDrive-SharedLibraries-ThePennsylvaniaStateUniversity/AI Adoption Meta Analysis - Documents/Meta/AI Adoption/PDFs/S112.pdf
S112,BI-SI,BI,SI,0.238,500.0,latest_human_R4_CORRELATIONS,false,false,true,true,true,true,ok,true,/Users/newhosung/Library/CloudStorage/OneDrive-SharedLibraries-ThePennsylvaniaStateUniversity/AI Adoption Meta Analysis - Documents/Meta/AI Adoption/PDFs/S112.pdf
S112,EE-FC,EE,FC,0.377,500.0,latest_human_R4_CORRELATIONS,false,false,true,true,true,true,ok,true,/Users/newhosung/Library/CloudStorage/OneDrive-SharedLibraries-ThePennsylvaniaStateUniversity/AI Adoption Meta Analysis - Documents/Meta/AI Adoption/PDFs/S112.pdf
S112,EE-PE,EE,PE,0.247,500.0,latest_human_R4_CORRELATIONS,false,false,true,true,true,true,ok,true,/Users/newhosung/Library/CloudStorage/OneDrive-SharedLibraries-ThePennsylvaniaStateUniversity/AI Adoption Meta Analysis - Documents/Meta/AI Adoption/PDFs/S112.pdf
S112,PE-SI,PE,SI,0.22,500.0,latest_human_R4_CORRELATIONS,false,false,true,true,true,true,ok,true,/Users/newhosung/Library/CloudStorage/OneDrive-SharedLibraries-ThePennsylvaniaStateUniversity/AI Adoption Meta Analysis - Documents/Meta/AI Adoption/PDFs/S112.pdf
S040,BI-EE,BI,EE,0.59,290.0,latest_human_R4_CORRELATIONS,false,false,true,true,true,true,ok,true,/Users/newhosung/Library/CloudStorage/OneDrive-SharedLibraries-ThePennsylvaniaStateUniversity/AI Adoption Meta Analysis - Documents/Meta/AI Adoption/PDFs/S040.pdf
S040,BI-PE,BI,PE,0.55,290.0,latest_human_R4_CORRELATIONS,false,false,true,true,true,true,ok,true,/Users/newhosung/Library/CloudStorage/OneDrive-SharedLibraries-ThePennsylvaniaStateUniversity/AI Adoption Meta Analysis - Documents/Meta/AI Adoption/PDFs/S040.pdf
S040,BI-TRU,BI,TRU,0.84,290.0,latest_human_R4_CORRELATIONS,false,false,true,true,true,true,ok,true,/Users/newhosung/Library/CloudStorage/OneDrive-SharedLibraries-ThePennsylvaniaStateUniversity/AI Adoption Meta Analysis - Documents/Meta/AI Adoption/PDFs/S040.pdf
S040,EE-PE,EE,PE,0.48,290.0,latest_human_R4_CORRELATIONS,false,false,true,true,true,true,ok,true,/Users/newhosung/Library/CloudStorage/OneDrive-SharedLibraries-ThePennsylvaniaStateUniversity/AI Adoption Meta Analysis - Documents/Meta/AI Adoption/PDFs/S040.pdf
S040,EE-TRU,EE,TRU,0.65,290.0,latest_human_R4_CORRELATIONS,false,false,true,true,true,true,ok,true,/Users/newhosung/Library/CloudStorage/OneDrive-SharedLibraries-ThePennsylvaniaStateUniversity/AI Adoption Meta Analysis - Documents/Meta/AI Adoption/PDFs/S040.pdf
S040,PE-TRU,PE,TRU,0.59,290.0,latest_human_R4_CORRELATIONS,false,false,true,true,true,true,ok,true,/Users/newhosung/Library/CloudStorage/OneDrive-SharedLibraries-ThePennsylvaniaStateUniversity/AI Adoption Meta Analysis - Documents/Meta/AI Adoption/PDFs/S040.pdf
S224,BI-EE,BI,EE,0.2,301.0,latest_human_R4_CORRELATIONS,false,false,true,false,false,true,ok,true,/Users/newhosung/Library/CloudStorage/OneDrive-SharedLibraries-ThePennsylvaniaStateUniversity/AI Adoption Meta Analysis - Documents/Meta/AI Adoption/PDFs/S224.pdf
S224,BI-FC,BI,FC,0.073,301.0,latest_human_R4_CORRELATIONS,false,false,true,false,false,true,ok,true,/Users/newhosung/Library/CloudStorage/OneDrive-SharedLibraries-ThePennsylvaniaStateUniversity/AI Adoption Meta Analysis - Documents/Meta/AI Adoption/PDFs/S224.pdf
S224,BI-PE,BI,PE,0.26,301.0,latest_human_R4_CORRELATIONS,false,false,true,false,false,true,ok,true,/Users/newhosung/Library/CloudStorage/OneDrive-SharedLibraries-ThePennsylvaniaStateUniversity/AI Adoption Meta Analysis - Documents/Meta/AI Adoption/PDFs/S224.pdf
S224,BI-SI,BI,SI,0.27,301.0,latest_human_R4_CORRELATIONS,false,false,true,false,false,true,ok,true,/Users/newhosung/Library/CloudStorage/OneDrive-SharedLibraries-ThePennsylvaniaStateUniversity/AI Adoption Meta Analysis - Documents/Meta/AI Adoption/PDFs/S224.pdf
S224,BI-UB,BI,UB,0.043,301.0,latest_human_R4_CORRELATIONS,false,false,true,false,false,true,ok,true,/Users/newhosung/Library/CloudStorage/OneDrive-SharedLibraries-ThePennsylvaniaStateUniversity/AI Adoption Meta Analysis - Documents/Meta/AI Adoption/PDFs/S224.pdf
S116,BI-EE,BI,EE,0.35,8496.0,latest_human_R4_CORRELATIONS,false,false,true,true,true,true,ok,true,/Users/newhosung/Library/CloudStorage/OneDrive-SharedLibraries-ThePennsylvaniaStateUniversity/AI Adoption Meta Analysis - Documents/Meta/AI Adoption/PDFs/S116.pdf
S116,BI-FC,BI,FC,0.37,8496.0,latest_human_R4_CORRELATIONS,false,false,true,true,true,true,ok,true,/Users/newhosung/Library/CloudStorage/OneDrive-SharedLibraries-ThePennsylvaniaStateUniversity/AI Adoption Meta Analysis - Documents/Meta/AI Adoption/PDFs/S116.pdf
S116,BI-PE,BI,PE,0.43,8496.0,latest_human_R4_CORRELATIONS,false,false,true,true,true,true,ok,true,/Users/newhosung/Library/CloudStorage/OneDrive-SharedLibraries-ThePennsylvaniaStateUniversity/AI Adoption Meta Analysis - Documents/Meta/AI Adoption/PDFs/S116.pdf
S116,BI-SI,BI,SI,0.32,8496.0,latest_human_R4_CORRELATIONS,false,false,true,true,true,true,ok,true,/Users/newhosung/Library/CloudStorage/OneDrive-SharedLibraries-ThePennsylvaniaStateUniversity/AI Adoption Meta Analysis - Documents/Meta/AI Adoption/PDFs/S116.pdf
S116,BI-UB,BI,UB,0.66,8496.0,latest_human_R4_CORRELATIONS,false,false,true,true,true,true,ok,true,/Users/newhosung/Library/CloudStorage/OneDrive-SharedLibraries-ThePennsylvaniaStateUniversity/AI Adoption Meta Analysis - Documents/Meta/AI Adoption/PDFs/S116.pdf
S116,EE-FC,EE,FC,0.57,8496.0,latest_human_R4_CORRELATIONS,false,false,true,true,true,true,ok,true,/Users/newhosung/Library/CloudStorage/OneDrive-SharedLibraries-ThePennsylvaniaStateUniversity/AI Adoption Meta Analysis - Documents/Meta/AI Adoption/PDFs/S116.pdf
S116,EE-PE,EE,PE,0.61,8496.0,latest_human_R4_CORRELATIONS,false,false,true,true,true,true,ok,true,/Users/newhosung/Library/CloudStorage/OneDrive-SharedLibraries-ThePennsylvaniaStateUniversity/AI Adoption Meta Analysis - Documents/Meta/AI Adoption/PDFs/S116.pdf
S116,EE-SI,EE,SI,0.28,8496.0,latest_human_R4_CORRELATIONS,false,false,true,true,true,true,ok,true,/Users/newhosung/Library/CloudStorage/OneDrive-SharedLibraries-ThePennsylvaniaStateUniversity/AI Adoption Meta Analysis - Documents/Meta/AI Adoption/PDFs/S116.pdf
S116,EE-UB,EE,UB,0.4,8496.0,latest_human_R4_CORRELATIONS,false,false,true,true,true,true,ok,true,/Users/newhosung/Library/CloudStorage/OneDrive-SharedLibraries-ThePennsylvaniaStateUniversity/AI Adoption Meta Analysis - Documents/Meta/AI Adoption/PDFs/S116.pdf
S116,FC-PE,FC,PE,0.49,8496.0,latest_human_R4_CORRELATIONS,false,false,true,true,true,true,ok,true,/Users/newhosung/Library/CloudStorage/OneDrive-SharedLibraries-ThePennsylvaniaStateUniversity/AI Adoption Meta Analysis - Documents/Meta/AI Adoption/PDFs/S116.pdf
S116,FC-SI,FC,SI,0.29,8496.0,latest_human_R4_CORRELATIONS,false,false,true,true,true,true,ok,true,/Users/newhosung/Library/CloudStorage/OneDrive-SharedLibraries-ThePennsylvaniaStateUniversity/AI Adoption Meta Analysis - Documents/Meta/AI Adoption/PDFs/S116.pdf
S116,FC-UB,FC,UB,0.5,8496.0,latest_human_R4_CORRELATIONS,false,false,true,true,true,true,ok,true,/Users/newhosung/Library/CloudStorage/OneDrive-SharedLibraries-ThePennsylvaniaStateUniversity/AI Adoption Meta Analysis - Documents/Meta/AI Adoption/PDFs/S116.pdf
S116,PE-SI,PE,SI,0.22,8496.0,latest_human_R4_CORRELATIONS,false,false,true,true,true,true,ok,true,/Users/newhosung/Library/CloudStorage/OneDrive-SharedLibraries-ThePennsylvaniaStateUniversity/AI Adoption Meta Analysis - Documents/Meta/AI Adoption/PDFs/S116.pdf
S116,PE-UB,PE,UB,0.41,8496.0,latest_human_R4_CORRELATIONS,false,false,true,true,true,true,ok,true,/Users/newhosung/Library/CloudStorage/OneDrive-SharedLibraries-ThePennsylvaniaStateUniversity/AI Adoption Meta Analysis - Documents/Meta/AI Adoption/PDFs/S116.pdf
S116,SI-UB,SI,UB,0.32,8496.0,latest_human_R4_CORRELATIONS,false,false,true,true,true,true,ok,true,/Users/newhosung/Library/CloudStorage/OneDrive-SharedLibraries-ThePennsylvaniaStateUniversity/AI Adoption Meta Analysis - Documents/Meta/AI Adoption/PDFs/S116.pdf
S172,BI-EE,BI,EE,0.889,330.0,latest_human_R4_CORRELATIONS,false,false,true,true,true,true,ok,true,/Users/newhosung/Library/CloudStorage/OneDrive-SharedLibraries-ThePennsylvaniaStateUniversity/AI Adoption Meta Analysis - Documents/Meta/AI Adoption/PDFs/S172.pdf
S172,BI-PE,BI,PE,0.779,330.0,latest_human_R4_CORRELATIONS,false,false,true,true,true,true,ok,true,/Users/newhosung/Library/CloudStorage/OneDrive-SharedLibraries-ThePennsylvaniaStateUniversity/AI Adoption Meta Analysis - Documents/Meta/AI Adoption/PDFs/S172.pdf
S172,BI-UB,BI,UB,0.881,330.0,latest_human_R4_CORRELATIONS,false,false,true,true,true,true,ok,true,/Users/newhosung/Library/CloudStorage/OneDrive-SharedLibraries-ThePennsylvaniaStateUniversity/AI Adoption Meta Analysis - Documents/Meta/AI Adoption/PDFs/S172.pdf
S172,EE-PE,EE,PE,0.692,330.0,latest_human_R4_CORRELATIONS,false,false,true,true,true,true,ok,true,/Users/newhosung/Library/CloudStorage/OneDrive-SharedLibraries-ThePennsylvaniaStateUniversity/AI Adoption Meta Analysis - Documents/Meta/AI Adoption/PDFs/S172.pdf
S172,EE-UB,EE,UB,0.878,330.0,latest_human_R4_CORRELATIONS,false,false,true,true,true,true,ok,true,/Users/newhosung/Library/CloudStorage/OneDrive-SharedLibraries-ThePennsylvaniaStateUniversity/AI Adoption Meta Analysis - Documents/Meta/AI Adoption/PDFs/S172.pdf
S172,PE-UB,PE,UB,0.787,330.0,latest_human_R4_CORRELATIONS,false,false,true,true,true,true,ok,true,/Users/newhosung/Library/CloudStorage/OneDrive-SharedLibraries-ThePennsylvaniaStateUniversity/AI Adoption Meta Analysis - Documents/Meta/AI Adoption/PDFs/S172.pdf
S159,BI-EE,BI,EE,0.103,483.0,latest_human_R4_CORRELATIONS,false,false,true,true,true,true,ok,true,/Users/newhosung/Library/CloudStorage/OneDrive-SharedLibraries-ThePennsylvaniaStateUniversity/AI Adoption Meta Analysis - Documents/Meta/AI Adoption/PDFs/S159.pdf
S159,BI-PE,BI,PE,0.127,483.0,latest_human_R4_CORRELATIONS,false,false,true,true,true,true,ok,true,/Users/newhosung/Library/CloudStorage/OneDrive-SharedLibraries-ThePennsylvaniaStateUniversity/AI Adoption Meta Analysis - Documents/Meta/AI Adoption/PDFs/S159.pdf
S159,BI-SI,BI,SI,0.053,483.0,latest_human_R4_CORRELATIONS,false,false,true,true,true,true,ok,true,/Users/newhosung/Library/CloudStorage/OneDrive-SharedLibraries-ThePennsylvaniaStateUniversity/AI Adoption Meta Analysis - Documents/Meta/AI Adoption/PDFs/S159.pdf
S159,BI-TRU,BI,TRU,0.137,483.0,latest_human_R4_CORRELATIONS,false,false,true,true,true,true,ok,true,/Users/newhosung/Library/CloudStorage/OneDrive-SharedLibraries-ThePennsylvaniaStateUniversity/AI Adoption Meta Analysis - Documents/Meta/AI Adoption/PDFs/S159.pdf
S159,EE-PE,EE,PE,0.139,483.0,latest_human_R4_CORRELATIONS,false,false,true,true,true,true,ok,true,/Users/newhosung/Library/CloudStorage/OneDrive-SharedLibraries-ThePennsylvaniaStateUniversity/AI Adoption Meta Analysis - Documents/Meta/AI Adoption/PDFs/S159.pdf
S159,EE-SI,EE,SI,0.02,483.0,latest_human_R4_CORRELATIONS,false,false,true,true,true,true,ok,true,/Users/newhosung/Library/CloudStorage/OneDrive-SharedLibraries-ThePennsylvaniaStateUniversity/AI Adoption Meta Analysis - Documents/Meta/AI Adoption/PDFs/S159.pdf
S159,EE-TRU,EE,TRU,0.087,483.0,latest_human_R4_CORRELATIONS,false,false,true,true,true,true,ok,true,/Users/newhosung/Library/CloudStorage/OneDrive-SharedLibraries-ThePennsylvaniaStateUniversity/AI Adoption Meta Analysis - Documents/Meta/AI Adoption/PDFs/S159.pdf
S159,PE-SI,PE,SI,0.154,483.0,latest_human_R4_CORRELATIONS,false,false,true,true,true,true,ok,true,/Users/newhosung/Library/CloudStorage/OneDrive-SharedLibraries-ThePennsylvaniaStateUniversity/AI Adoption Meta Analysis - Documents/Meta/AI Adoption/PDFs/S159.pdf
S159,PE-TRU,PE,TRU,0.008,483.0,latest_human_R4_CORRELATIONS,false,false,true,true,true,true,ok,true,/Users/newhosung/Library/CloudStorage/OneDrive-SharedLibraries-ThePennsylvaniaStateUniversity/AI Adoption Meta Analysis - Documents/Meta/AI Adoption/PDFs/S159.pdf
S159,SI-TRU,SI,TRU,0.037,483.0,latest_human_R4_CORRELATIONS,false,false,true,true,true,true,ok,true,/Users/newhosung/Library/CloudStorage/OneDrive-SharedLibraries-ThePennsylvaniaStateUniversity/AI Adoption Meta Analysis - Documents/Meta/AI Adoption/PDFs/S159.pdf
S134,BI-EE,BI,EE,0.045,484.0,latest_human_R4_CORRELATIONS,false,false,true,true,true,true,ok,true,/Users/newhosung/Library/CloudStorage/OneDrive-SharedLibraries-ThePennsylvaniaStateUniversity/AI Adoption Meta Analysis - Documents/Meta/AI Adoption/PDFs/S134.pdf
S134,BI-FC,BI,FC,0.024,484.0,latest_human_R4_CORRELATIONS,false,false,true,true,true,true,ok,true,/Users/newhosung/Library/CloudStorage/OneDrive-SharedLibraries-ThePennsylvaniaStateUniversity/AI Adoption Meta Analysis - Documents/Meta/AI Adoption/PDFs/S134.pdf
S134,BI-PE,BI,PE,0.388,484.0,latest_human_R4_CORRELATIONS,false,false,true,true,true,true,ok,true,/Users/newhosung/Library/CloudStorage/OneDrive-SharedLibraries-ThePennsylvaniaStateUniversity/AI Adoption Meta Analysis - Documents/Meta/AI Adoption/PDFs/S134.pdf
S134,BI-SI,BI,SI,0.029,484.0,latest_human_R4_CORRELATIONS,false,false,true,true,true,true,ok,true,/Users/newhosung/Library/CloudStorage/OneDrive-SharedLibraries-ThePennsylvaniaStateUniversity/AI Adoption Meta Analysis - Documents/Meta/AI Adoption/PDFs/S134.pdf
S134,BI-UB,BI,UB,0.39,484.0,latest_human_R4_CORRELATIONS,false,false,true,true,true,true,ok,true,/Users/newhosung/Library/CloudStorage/OneDrive-SharedLibraries-ThePennsylvaniaStateUniversity/AI Adoption Meta Analysis - Documents/Meta/AI Adoption/PDFs/S134.pdf
S134,FC-UB,FC,UB,0.118,484.0,latest_human_R4_CORRELATIONS,false,false,true,true,true,true,ok,true,/Users/newhosung/Library/CloudStorage/OneDrive-SharedLibraries-ThePennsylvaniaStateUniversity/AI Adoption Meta Analysis - Documents/Meta/AI Adoption/PDFs/S134.pdf
S082,BI-EE,BI,EE,0.61,308.0,latest_human_R4_CORRELATIONS,false,false,true,true,true,true,ok,true,/Users/newhosung/Library/CloudStorage/OneDrive-SharedLibraries-ThePennsylvaniaStateUniversity/AI Adoption Meta Analysis - Documents/Meta/AI Adoption/PDFs/S082.pdf
S082,BI-FC,BI,FC,0.58,308.0,latest_human_R4_CORRELATIONS,false,false,true,true,true,true,ok,true,/Users/newhosung/Library/CloudStorage/OneDrive-SharedLibraries-ThePennsylvaniaStateUniversity/AI Adoption Meta Analysis - Documents/Meta/AI Adoption/PDFs/S082.pdf
S082,BI-PE,BI,PE,0.73,308.0,latest_human_R4_CORRELATIONS,false,false,true,true,true,true,ok,true,/Users/newhosung/Library/CloudStorage/OneDrive-SharedLibraries-ThePennsylvaniaStateUniversity/AI Adoption Meta Analysis - Documents/Meta/AI Adoption/PDFs/S082.pdf
S082,BI-SI,BI,SI,0.3,308.0,latest_human_R4_CORRELATIONS,false,false,true,true,true,true,ok,true,/Users/newhosung/Library/CloudStorage/OneDrive-SharedLibraries-ThePennsylvaniaStateUniversity/AI Adoption Meta Analysis - Documents/Meta/AI Adoption/PDFs/S082.pdf
S082,EE-FC,EE,FC,0.68,308.0,latest_human_R4_CORRELATIONS,false,false,true,true,true,true,ok,true,/Users/newhosung/Library/CloudStorage/OneDrive-SharedLibraries-ThePennsylvaniaStateUniversity/AI Adoption Meta Analysis - Documents/Meta/AI Adoption/PDFs/S082.pdf
S082,EE-PE,EE,PE,0.74,308.0,latest_human_R4_CORRELATIONS,false,false,true,true,true,true,ok,true,/Users/newhosung/Library/CloudStorage/OneDrive-SharedLibraries-ThePennsylvaniaStateUniversity/AI Adoption Meta Analysis - Documents/Meta/AI Adoption/PDFs/S082.pdf
S082,EE-SI,EE,SI,0.22,308.0,latest_human_R4_CORRELATIONS,false,false,true,true,true,true,ok,true,/Users/newhosung/Library/CloudStorage/OneDrive-SharedLibraries-ThePennsylvaniaStateUniversity/AI Adoption Meta Analysis - Documents/Meta/AI Adoption/PDFs/S082.pdf
S082,FC-PE,FC,PE,0.56,308.0,latest_human_R4_CORRELATIONS,false,false,true,true,true,true,ok,true,/Users/newhosung/Library/CloudStorage/OneDrive-SharedLibraries-ThePennsylvaniaStateUniversity/AI Adoption Meta Analysis - Documents/Meta/AI Adoption/PDFs/S082.pdf
S082,FC-SI,FC,SI,0.33,308.0,latest_human_R4_CORRELATIONS,false,false,true,true,true,true,ok,true,/Users/newhosung/Library/CloudStorage/OneDrive-SharedLibraries-ThePennsylvaniaStateUniversity/AI Adoption Meta Analysis - Documents/Meta/AI Adoption/PDFs/S082.pdf
S082,PE-SI,PE,SI,0.26,308.0,latest_human_R4_CORRELATIONS,false,false,true,true,true,true,ok,true,/Users/newhosung/Library/CloudStorage/OneDrive-SharedLibraries-ThePennsylvaniaStateUniversity/AI Adoption Meta Analysis - Documents/Meta/AI Adoption/PDFs/S082.pdf
S182,BI-EE,BI,EE,0.5,380.0,latest_human_R4_CORRELATIONS,false,false,true,true,true,true,ok,true,/Users/newhosung/Library/CloudStorage/OneDrive-SharedLibraries-ThePennsylvaniaStateUniversity/AI Adoption Meta Analysis - Documents/Meta/AI Adoption/PDFs/S182.pdf
S182,BI-FC,BI,FC,0.56,380.0,latest_human_R4_CORRELATIONS,false,false,true,true,true,true,ok,true,/Users/newhosung/Library/CloudStorage/OneDrive-SharedLibraries-ThePennsylvaniaStateUniversity/AI Adoption Meta Analysis - Documents/Meta/AI Adoption/PDFs/S182.pdf
S182,BI-PE,BI,PE,0.601,380.0,latest_human_R4_CORRELATIONS,false,false,true,true,true,true,ok,true,/Users/newhosung/Library/CloudStorage/OneDrive-SharedLibraries-ThePennsylvaniaStateUniversity/AI Adoption Meta Analysis - Documents/Meta/AI Adoption/PDFs/S182.pdf
S182,BI-SI,BI,SI,0.64,380.0,latest_human_R4_CORRELATIONS,false,false,true,true,true,true,ok,true,/Users/newhosung/Library/CloudStorage/OneDrive-SharedLibraries-ThePennsylvaniaStateUniversity/AI Adoption Meta Analysis - Documents/Meta/AI Adoption/PDFs/S182.pdf
S182,EE-FC,EE,FC,0.657,380.0,latest_human_R4_CORRELATIONS,false,false,true,true,true,true,ok,true,/Users/newhosung/Library/CloudStorage/OneDrive-SharedLibraries-ThePennsylvaniaStateUniversity/AI Adoption Meta Analysis - Documents/Meta/AI Adoption/PDFs/S182.pdf
S182,EE-PE,EE,PE,0.54,380.0,latest_human_R4_CORRELATIONS,false,false,true,true,true,true,ok,true,/Users/newhosung/Library/CloudStorage/OneDrive-SharedLibraries-ThePennsylvaniaStateUniversity/AI Adoption Meta Analysis - Documents/Meta/AI Adoption/PDFs/S182.pdf
S182,EE-SI,EE,SI,0.505,380.0,latest_human_R4_CORRELATIONS,false,false,true,true,true,true,ok,true,/Users/newhosung/Library/CloudStorage/OneDrive-SharedLibraries-ThePennsylvaniaStateUniversity/AI Adoption Meta Analysis - Documents/Meta/AI Adoption/PDFs/S182.pdf
S182,FC-PE,FC,PE,0.522,380.0,latest_human_R4_CORRELATIONS,false,false,true,true,true,true,ok,true,/Users/newhosung/Library/CloudStorage/OneDrive-SharedLibraries-ThePennsylvaniaStateUniversity/AI Adoption Meta Analysis - Documents/Meta/AI Adoption/PDFs/S182.pdf
S182,FC-SI,FC,SI,0.617,380.0,latest_human_R4_CORRELATIONS,false,false,true,true,true,true,ok,true,/Users/newhosung/Library/CloudStorage/OneDrive-SharedLibraries-ThePennsylvaniaStateUniversity/AI Adoption Meta Analysis - Documents/Meta/AI Adoption/PDFs/S182.pdf
S182,PE-SI,PE,SI,0.562,380.0,latest_human_R4_CORRELATIONS,false,false,true,true,true,true,ok,true,/Users/newhosung/Library/CloudStorage/OneDrive-SharedLibraries-ThePennsylvaniaStateUniversity/AI Adoption Meta Analysis - Documents/Meta/AI Adoption/PDFs/S182.pdf
S199,BI-EE,BI,EE,0.207,197.0,latest_human_R4_CORRELATIONS,false,false,true,true,true,true,ok,true,/Users/newhosung/Library/CloudStorage/OneDrive-SharedLibraries-ThePennsylvaniaStateUniversity/AI Adoption Meta Analysis - Documents/Meta/AI Adoption/PDFs/S199.pdf
S199,BI-FC,BI,FC,0.388,197.0,latest_human_R4_CORRELATIONS,false,false,true,true,true,true,ok,true,/Users/newhosung/Library/CloudStorage/OneDrive-SharedLibraries-ThePennsylvaniaStateUniversity/AI Adoption Meta Analysis - Documents/Meta/AI Adoption/PDFs/S199.pdf
S199,BI-PE,BI,PE,0.703,197.0,latest_human_R4_CORRELATIONS,false,false,true,true,true,true,ok,true,/Users/newhosung/Library/CloudStorage/OneDrive-SharedLibraries-ThePennsylvaniaStateUniversity/AI Adoption Meta Analysis - Documents/Meta/AI Adoption/PDFs/S199.pdf
S199,BI-SI,BI,SI,0.559,197.0,latest_human_R4_CORRELATIONS,false,false,true,true,true,true,ok,true,/Users/newhosung/Library/CloudStorage/OneDrive-SharedLibraries-ThePennsylvaniaStateUniversity/AI Adoption Meta Analysis - Documents/Meta/AI Adoption/PDFs/S199.pdf
S199,BI-UB,BI,UB,0.738,197.0,latest_human_R4_CORRELATIONS,false,false,true,true,true,true,ok,true,/Users/newhosung/Library/CloudStorage/OneDrive-SharedLibraries-ThePennsylvaniaStateUniversity/AI Adoption Meta Analysis - Documents/Meta/AI Adoption/PDFs/S199.pdf
S199,EE-FC,EE,FC,0.462,197.0,latest_human_R4_CORRELATIONS,false,false,true,true,true,true,ok,true,/Users/newhosung/Library/CloudStorage/OneDrive-SharedLibraries-ThePennsylvaniaStateUniversity/AI Adoption Meta Analysis - Documents/Meta/AI Adoption/PDFs/S199.pdf
S199,EE-PE,EE,PE,0.45,197.0,latest_human_R4_CORRELATIONS,false,false,true,true,true,true,ok,true,/Users/newhosung/Library/CloudStorage/OneDrive-SharedLibraries-ThePennsylvaniaStateUniversity/AI Adoption Meta Analysis - Documents/Meta/AI Adoption/PDFs/S199.pdf
S199,EE-SI,EE,SI,0.044,197.0,latest_human_R4_CORRELATIONS,false,false,true,true,true,true,ok,true,/Users/newhosung/Library/CloudStorage/OneDrive-SharedLibraries-ThePennsylvaniaStateUniversity/AI Adoption Meta Analysis - Documents/Meta/AI Adoption/PDFs/S199.pdf
S199,EE-UB,EE,UB,0.179,197.0,latest_human_R4_CORRELATIONS,false,false,true,true,true,true,ok,true,/Users/newhosung/Library/CloudStorage/OneDrive-SharedLibraries-ThePennsylvaniaStateUniversity/AI Adoption Meta Analysis - Documents/Meta/AI Adoption/PDFs/S199.pdf
S199,FC-PE,FC,PE,0.502,197.0,latest_human_R4_CORRELATIONS,false,false,true,true,true,true,ok,true,/Users/newhosung/Library/CloudStorage/OneDrive-SharedLibraries-ThePennsylvaniaStateUniversity/AI Adoption Meta Analysis - Documents/Meta/AI Adoption/PDFs/S199.pdf
S199,FC-SI,FC,SI,0.352,197.0,latest_human_R4_CORRELATIONS,false,false,true,true,true,true,ok,true,/Users/newhosung/Library/CloudStorage/OneDrive-SharedLibraries-ThePennsylvaniaStateUniversity/AI Adoption Meta Analysis - Documents/Meta/AI Adoption/PDFs/S199.pdf
S199,FC-UB,FC,UB,0.434,197.0,latest_human_R4_CORRELATIONS,false,false,true,true,true,true,ok,true,/Users/newhosung/Library/CloudStorage/OneDrive-SharedLibraries-ThePennsylvaniaStateUniversity/AI Adoption Meta Analysis - Documents/Meta/AI Adoption/PDFs/S199.pdf
S199,PE-SI,PE,SI,0.489,197.0,latest_human_R4_CORRELATIONS,false,false,true,true,true,true,ok,true,/Users/newhosung/Library/CloudStorage/OneDrive-SharedLibraries-ThePennsylvaniaStateUniversity/AI Adoption Meta Analysis - Documents/Meta/AI Adoption/PDFs/S199.pdf
S199,PE-UB,PE,UB,0.614,197.0,latest_human_R4_CORRELATIONS,false,false,true,true,true,true,ok,true,/Users/newhosung/Library/CloudStorage/OneDrive-SharedLibraries-ThePennsylvaniaStateUniversity/AI Adoption Meta Analysis - Documents/Meta/AI Adoption/PDFs/S199.pdf
S199,SI-UB,SI,UB,0.498,197.0,latest_human_R4_CORRELATIONS,false,false,true,true,true,true,ok,true,/Users/newhosung/Library/CloudStorage/OneDrive-SharedLibraries-ThePennsylvaniaStateUniversity/AI Adoption Meta Analysis - Documents/Meta/AI Adoption/PDFs/S199.pdf
S148,ATT-BI,ATT,BI,0.69,603.0,latest_human_R4_CORRELATIONS,false,false,true,true,true,true,ok,true,/Users/newhosung/Library/CloudStorage/OneDrive-SharedLibraries-ThePennsylvaniaStateUniversity/AI Adoption Meta Analysis - Documents/Meta/AI Adoption/PDFs/S148.pdf
S148,ATT-EE,ATT,EE,0.46,603.0,latest_human_R4_CORRELATIONS,false,false,true,true,true,true,ok,true,/Users/newhosung/Library/CloudStorage/OneDrive-SharedLibraries-ThePennsylvaniaStateUniversity/AI Adoption Meta Analysis - Documents/Meta/AI Adoption/PDFs/S148.pdf
S148,ATT-PE,ATT,PE,0.48,603.0,latest_human_R4_CORRELATIONS,false,false,true,true,true,true,ok,true,/Users/newhosung/Library/CloudStorage/OneDrive-SharedLibraries-ThePennsylvaniaStateUniversity/AI Adoption Meta Analysis - Documents/Meta/AI Adoption/PDFs/S148.pdf
S148,BI-UB,BI,UB,0.66,603.0,latest_human_R4_CORRELATIONS,false,false,true,true,true,true,ok,true,/Users/newhosung/Library/CloudStorage/OneDrive-SharedLibraries-ThePennsylvaniaStateUniversity/AI Adoption Meta Analysis - Documents/Meta/AI Adoption/PDFs/S148.pdf
S148,EE-PE,EE,PE,0.58,603.0,latest_human_R4_CORRELATIONS,false,false,true,true,false,true,ok,false,/Users/newhosung/Library/CloudStorage/OneDrive-SharedLibraries-ThePennsylvaniaStateUniversity/AI Adoption Meta Analysis - Documents/Meta/AI Adoption/PDFs/S148.pdf
S122,BI-EE,BI,EE,0.806,842.0,latest_human_R4_CORRELATIONS,false,false,true,true,true,true,ok,true,/Users/newhosung/Library/CloudStorage/OneDrive-SharedLibraries-ThePennsylvaniaStateUniversity/AI Adoption Meta Analysis - Documents/Meta/AI Adoption/PDFs/S122.pdf
S122,BI-FC,BI,FC,0.722,842.0,latest_human_R4_CORRELATIONS,false,false,true,true,true,true,ok,true,/Users/newhosung/Library/CloudStorage/OneDrive-SharedLibraries-ThePennsylvaniaStateUniversity/AI Adoption Meta Analysis - Documents/Meta/AI Adoption/PDFs/S122.pdf
S122,BI-PE,BI,PE,0.746,842.0,latest_human_R4_CORRELATIONS,false,false,true,true,true,true,ok,true,/Users/newhosung/Library/CloudStorage/OneDrive-SharedLibraries-ThePennsylvaniaStateUniversity/AI Adoption Meta Analysis - Documents/Meta/AI Adoption/PDFs/S122.pdf
S122,BI-SI,BI,SI,0.56,842.0,latest_human_R4_CORRELATIONS,false,false,true,true,true,true,ok,true,/Users/newhosung/Library/CloudStorage/OneDrive-SharedLibraries-ThePennsylvaniaStateUniversity/AI Adoption Meta Analysis - Documents/Meta/AI Adoption/PDFs/S122.pdf
S122,EE-FC,EE,FC,0.717,842.0,latest_human_R4_CORRELATIONS,false,false,true,true,true,true,ok,true,/Users/newhosung/Library/CloudStorage/OneDrive-SharedLibraries-ThePennsylvaniaStateUniversity/AI Adoption Meta Analysis - Documents/Meta/AI Adoption/PDFs/S122.pdf
S122,EE-PE,EE,PE,0.687,842.0,latest_human_R4_CORRELATIONS,false,false,true,true,true,true,ok,true,/Users/newhosung/Library/CloudStorage/OneDrive-SharedLibraries-ThePennsylvaniaStateUniversity/AI Adoption Meta Analysis - Documents/Meta/AI Adoption/PDFs/S122.pdf
S122,EE-SI,EE,SI,0.577,842.0,latest_human_R4_CORRELATIONS,false,false,true,true,true,true,ok,true,/Users/newhosung/Library/CloudStorage/OneDrive-SharedLibraries-ThePennsylvaniaStateUniversity/AI Adoption Meta Analysis - Documents/Meta/AI Adoption/PDFs/S122.pdf
S122,FC-PE,FC,PE,0.708,842.0,latest_human_R4_CORRELATIONS,false,false,true,true,true,true,ok,true,/Users/newhosung/Library/CloudStorage/OneDrive-SharedLibraries-ThePennsylvaniaStateUniversity/AI Adoption Meta Analysis - Documents/Meta/AI Adoption/PDFs/S122.pdf
S122,FC-SI,FC,SI,0.728,842.0,latest_human_R4_CORRELATIONS,false,false,true,true,true,true,ok,true,/Users/newhosung/Library/CloudStorage/OneDrive-SharedLibraries-ThePennsylvaniaStateUniversity/AI Adoption Meta Analysis - Documents/Meta/AI Adoption/PDFs/S122.pdf
S122,PE-SI,PE,SI,0.594,842.0,latest_human_R4_CORRELATIONS,false,false,true,true,true,true,ok,true,/Users/newhosung/Library/CloudStorage/OneDrive-SharedLibraries-ThePennsylvaniaStateUniversity/AI Adoption Meta Analysis - Documents/Meta/AI Adoption/PDFs/S122.pdf
S034,BI-EE,BI,EE,0.62,148.0,latest_human_R4_CORRELATIONS,false,false,true,true,false,true,ok,true,/Users/newhosung/Library/CloudStorage/OneDrive-SharedLibraries-ThePennsylvaniaStateUniversity/AI Adoption Meta Analysis - Documents/Meta/AI Adoption/PDFs/S034.pdf
S034,BI-PE,BI,PE,0.65,148.0,latest_human_R4_CORRELATIONS,false,false,true,true,true,true,ok,true,/Users/newhosung/Library/CloudStorage/OneDrive-SharedLibraries-ThePennsylvaniaStateUniversity/AI Adoption Meta Analysis - Documents/Meta/AI Adoption/PDFs/S034.pdf
S034,EE-PE,EE,PE,0.68,148.0,latest_human_R4_CORRELATIONS,false,false,true,true,true,true,ok,true,/Users/newhosung/Library/CloudStorage/OneDrive-SharedLibraries-ThePennsylvaniaStateUniversity/AI Adoption Meta Analysis - Documents/Meta/AI Adoption/PDFs/S034.pdf
S062,ATT-EE,ATT,EE,0.208,729.0,latest_human_R4_CORRELATIONS,false,false,true,true,true,true,ok,true,/Users/newhosung/Library/CloudStorage/OneDrive-SharedLibraries-ThePennsylvaniaStateUniversity/AI Adoption Meta Analysis - Documents/Meta/AI Adoption/PDFs/S062.pdf
S062,ATT-PE,ATT,PE,0.179,729.0,latest_human_R4_CORRELATIONS,false,false,true,true,true,true,ok,true,/Users/newhosung/Library/CloudStorage/OneDrive-SharedLibraries-ThePennsylvaniaStateUniversity/AI Adoption Meta Analysis - Documents/Meta/AI Adoption/PDFs/S062.pdf
S062,ATT-UB,ATT,UB,0.322,729.0,latest_human_R4_CORRELATIONS,false,false,true,true,true,true,ok,true,/Users/newhosung/Library/CloudStorage/OneDrive-SharedLibraries-ThePennsylvaniaStateUniversity/AI Adoption Meta Analysis - Documents/Meta/AI Adoption/PDFs/S062.pdf
S062,EE-PE,EE,PE,0.167,729.0,latest_human_R4_CORRELATIONS,false,false,true,true,true,true,ok,true,/Users/newhosung/Library/CloudStorage/OneDrive-SharedLibraries-ThePennsylvaniaStateUniversity/AI Adoption Meta Analysis - Documents/Meta/AI Adoption/PDFs/S062.pdf
S062,EE-UB,EE,UB,0.494,729.0,latest_human_R4_CORRELATIONS,false,false,true,true,true,true,ok,true,/Users/newhosung/Library/CloudStorage/OneDrive-SharedLibraries-ThePennsylvaniaStateUniversity/AI Adoption Meta Analysis - Documents/Meta/AI Adoption/PDFs/S062.pdf
S062,PE-UB,PE,UB,0.554,729.0,latest_human_R4_CORRELATIONS,false,false,true,true,true,true,ok,true,/Users/newhosung/Library/CloudStorage/OneDrive-SharedLibraries-ThePennsylvaniaStateUniversity/AI Adoption Meta Analysis - Documents/Meta/AI Adoption/PDFs/S062.pdf
S129,BI-EE,BI,EE,0.243,300.0,latest_human_R4_CORRELATIONS,false,false,true,true,true,true,ok,true,/Users/newhosung/Library/CloudStorage/OneDrive-SharedLibraries-ThePennsylvaniaStateUniversity/AI Adoption Meta Analysis - Documents/Meta/AI Adoption/PDFs/S129.pdf
S129,BI-PE,BI,PE,0.446,300.0,latest_human_R4_CORRELATIONS,false,false,true,true,true,true,ok,true,/Users/newhosung/Library/CloudStorage/OneDrive-SharedLibraries-ThePennsylvaniaStateUniversity/AI Adoption Meta Analysis - Documents/Meta/AI Adoption/PDFs/S129.pdf
S129,BI-SI,BI,SI,-0.087,300.0,latest_human_R4_CORRELATIONS,false,false,true,true,false,true,ok,false,/Users/newhosung/Library/CloudStorage/OneDrive-SharedLibraries-ThePennsylvaniaStateUniversity/AI Adoption Meta Analysis - Documents/Meta/AI Adoption/PDFs/S129.pdf
S129,BI-UB,BI,UB,0.406,300.0,latest_human_R4_CORRELATIONS,false,false,true,true,true,true,ok,true,/Users/newhosung/Library/CloudStorage/OneDrive-SharedLibraries-ThePennsylvaniaStateUniversity/AI Adoption Meta Analysis - Documents/Meta/AI Adoption/PDFs/S129.pdf
S129,EE-FC,EE,FC,0.225,300.0,latest_human_R4_CORRELATIONS,false,false,true,true,true,true,ok,true,/Users/newhosung/Library/CloudStorage/OneDrive-SharedLibraries-ThePennsylvaniaStateUniversity/AI Adoption Meta Analysis - Documents/Meta/AI Adoption/PDFs/S129.pdf
S129,EE-PE,EE,PE,0.467,300.0,latest_human_R4_CORRELATIONS,false,false,true,true,true,true,ok,true,/Users/newhosung/Library/CloudStorage/OneDrive-SharedLibraries-ThePennsylvaniaStateUniversity/AI Adoption Meta Analysis - Documents/Meta/AI Adoption/PDFs/S129.pdf
S129,EE-SI,EE,SI,-0.064,300.0,latest_human_R4_CORRELATIONS,false,false,true,true,false,true,ok,false,/Users/newhosung/Library/CloudStorage/OneDrive-SharedLibraries-ThePennsylvaniaStateUniversity/AI Adoption Meta Analysis - Documents/Meta/AI Adoption/PDFs/S129.pdf
S129,EE-TRU,EE,TRU,0.354,300.0,latest_human_R4_CORRELATIONS,false,false,true,true,true,true,ok,true,/Users/newhosung/Library/CloudStorage/OneDrive-SharedLibraries-ThePennsylvaniaStateUniversity/AI Adoption Meta Analysis - Documents/Meta/AI Adoption/PDFs/S129.pdf
S129,PE-SI,PE,SI,0.369,300.0,latest_human_R4_CORRELATIONS,false,false,true,true,true,true,ok,true,/Users/newhosung/Library/CloudStorage/OneDrive-SharedLibraries-ThePennsylvaniaStateUniversity/AI Adoption Meta Analysis - Documents/Meta/AI Adoption/PDFs/S129.pdf
S205,BI-EE,BI,EE,0.539,136.0,latest_human_R4_CORRELATIONS,false,false,true,true,true,true,ok,true,/Users/newhosung/Library/CloudStorage/OneDrive-SharedLibraries-ThePennsylvaniaStateUniversity/AI Adoption Meta Analysis - Documents/Meta/AI Adoption/PDFs/S205.pdf
S205,BI-FC,BI,FC,0.623,136.0,latest_human_R4_CORRELATIONS,false,false,true,true,true,true,ok,true,/Users/newhosung/Library/CloudStorage/OneDrive-SharedLibraries-ThePennsylvaniaStateUniversity/AI Adoption Meta Analysis - Documents/Meta/AI Adoption/PDFs/S205.pdf
S205,BI-PE,BI,PE,0.729,136.0,latest_human_R4_CORRELATIONS,false,false,true,true,true,true,ok,true,/Users/newhosung/Library/CloudStorage/OneDrive-SharedLibraries-ThePennsylvaniaStateUniversity/AI Adoption Meta Analysis - Documents/Meta/AI Adoption/PDFs/S205.pdf
S205,BI-SI,BI,SI,0.55,136.0,latest_human_R4_CORRELATIONS,false,false,true,true,true,true,ok,true,/Users/newhosung/Library/CloudStorage/OneDrive-SharedLibraries-ThePennsylvaniaStateUniversity/AI Adoption Meta Analysis - Documents/Meta/AI Adoption/PDFs/S205.pdf
S205,EE-FC,EE,FC,0.822,136.0,latest_human_R4_CORRELATIONS,false,false,true,true,true,true,ok,true,/Users/newhosung/Library/CloudStorage/OneDrive-SharedLibraries-ThePennsylvaniaStateUniversity/AI Adoption Meta Analysis - Documents/Meta/AI Adoption/PDFs/S205.pdf
S205,EE-PE,EE,PE,0.463,136.0,latest_human_R4_CORRELATIONS,false,false,true,true,true,true,ok,true,/Users/newhosung/Library/CloudStorage/OneDrive-SharedLibraries-ThePennsylvaniaStateUniversity/AI Adoption Meta Analysis - Documents/Meta/AI Adoption/PDFs/S205.pdf
S205,EE-SI,EE,SI,0.442,136.0,latest_human_R4_CORRELATIONS,false,false,true,true,true,true,ok,true,/Users/newhosung/Library/CloudStorage/OneDrive-SharedLibraries-ThePennsylvaniaStateUniversity/AI Adoption Meta Analysis - Documents/Meta/AI Adoption/PDFs/S205.pdf
S205,FC-PE,FC,PE,0.465,136.0,latest_human_R4_CORRELATIONS,false,false,true,true,true,true,ok,true,/Users/newhosung/Library/CloudStorage/OneDrive-SharedLibraries-ThePennsylvaniaStateUniversity/AI Adoption Meta Analysis - Documents/Meta/AI Adoption/PDFs/S205.pdf
S205,FC-SI,FC,SI,0.531,136.0,latest_human_R4_CORRELATIONS,false,false,true,true,true,true,ok,true,/Users/newhosung/Library/CloudStorage/OneDrive-SharedLibraries-ThePennsylvaniaStateUniversity/AI Adoption Meta Analysis - Documents/Meta/AI Adoption/PDFs/S205.pdf
S205,PE-SI,PE,SI,0.541,136.0,latest_human_R4_CORRELATIONS,false,false,true,true,true,true,ok,true,/Users/newhosung/Library/CloudStorage/OneDrive-SharedLibraries-ThePennsylvaniaStateUniversity/AI Adoption Meta Analysis - Documents/Meta/AI Adoption/PDFs/S205.pdf
S126,BI-EE,BI,EE,0.58,194.0,latest_human_R4_CORRELATIONS,false,false,true,true,true,true,ok,true,/Users/newhosung/Library/CloudStorage/OneDrive-SharedLibraries-ThePennsylvaniaStateUniversity/AI Adoption Meta Analysis - Documents/Meta/AI Adoption/PDFs/S126.pdf
S126,BI-FC,BI,FC,0.511,194.0,latest_human_R4_CORRELATIONS,false,false,true,true,true,true,ok,true,/Users/newhosung/Library/CloudStorage/OneDrive-SharedLibraries-ThePennsylvaniaStateUniversity/AI Adoption Meta Analysis - Documents/Meta/AI Adoption/PDFs/S126.pdf
S126,BI-PE,BI,PE,0.757,194.0,latest_human_R4_CORRELATIONS,false,false,true,true,true,true,ok,true,/Users/newhosung/Library/CloudStorage/OneDrive-SharedLibraries-ThePennsylvaniaStateUniversity/AI Adoption Meta Analysis - Documents/Meta/AI Adoption/PDFs/S126.pdf
S126,BI-SI,BI,SI,0.483,194.0,latest_human_R4_CORRELATIONS,false,false,true,true,true,true,ok,true,/Users/newhosung/Library/CloudStorage/OneDrive-SharedLibraries-ThePennsylvaniaStateUniversity/AI Adoption Meta Analysis - Documents/Meta/AI Adoption/PDFs/S126.pdf
S126,BI-UB,BI,UB,0.613,194.0,latest_human_R4_CORRELATIONS,false,false,true,true,true,true,ok,true,/Users/newhosung/Library/CloudStorage/OneDrive-SharedLibraries-ThePennsylvaniaStateUniversity/AI Adoption Meta Analysis - Documents/Meta/AI Adoption/PDFs/S126.pdf
S126,EE-FC,EE,FC,0.662,194.0,latest_human_R4_CORRELATIONS,false,false,true,true,true,true,ok,true,/Users/newhosung/Library/CloudStorage/OneDrive-SharedLibraries-ThePennsylvaniaStateUniversity/AI Adoption Meta Analysis - Documents/Meta/AI Adoption/PDFs/S126.pdf
S126,EE-PE,EE,PE,0.55,194.0,latest_human_R4_CORRELATIONS,false,false,true,true,true,true,ok,true,/Users/newhosung/Library/CloudStorage/OneDrive-SharedLibraries-ThePennsylvaniaStateUniversity/AI Adoption Meta Analysis - Documents/Meta/AI Adoption/PDFs/S126.pdf
S126,EE-SI,EE,SI,0.381,194.0,latest_human_R4_CORRELATIONS,false,false,true,true,true,true,ok,true,/Users/newhosung/Library/CloudStorage/OneDrive-SharedLibraries-ThePennsylvaniaStateUniversity/AI Adoption Meta Analysis - Documents/Meta/AI Adoption/PDFs/S126.pdf
S126,EE-UB,EE,UB,0.498,194.0,latest_human_R4_CORRELATIONS,false,false,true,true,true,true,ok,true,/Users/newhosung/Library/CloudStorage/OneDrive-SharedLibraries-ThePennsylvaniaStateUniversity/AI Adoption Meta Analysis - Documents/Meta/AI Adoption/PDFs/S126.pdf
S126,FC-PE,FC,PE,0.543,194.0,latest_human_R4_CORRELATIONS,false,false,true,true,true,true,ok,true,/Users/newhosung/Library/CloudStorage/OneDrive-SharedLibraries-ThePennsylvaniaStateUniversity/AI Adoption Meta Analysis - Documents/Meta/AI Adoption/PDFs/S126.pdf
S126,FC-SI,FC,SI,0.283,194.0,latest_human_R4_CORRELATIONS,false,false,true,true,true,true,ok,true,/Users/newhosung/Library/CloudStorage/OneDrive-SharedLibraries-ThePennsylvaniaStateUniversity/AI Adoption Meta Analysis - Documents/Meta/AI Adoption/PDFs/S126.pdf
S126,FC-UB,FC,UB,0.432,194.0,latest_human_R4_CORRELATIONS,false,false,true,true,true,true,ok,true,/Users/newhosung/Library/CloudStorage/OneDrive-SharedLibraries-ThePennsylvaniaStateUniversity/AI Adoption Meta Analysis - Documents/Meta/AI Adoption/PDFs/S126.pdf
S126,PE-SI,PE,SI,0.584,194.0,latest_human_R4_CORRELATIONS,false,false,true,true,true,true,ok,true,/Users/newhosung/Library/CloudStorage/OneDrive-SharedLibraries-ThePennsylvaniaStateUniversity/AI Adoption Meta Analysis - Documents/Meta/AI Adoption/PDFs/S126.pdf
S126,PE-UB,PE,UB,0.534,194.0,latest_human_R4_CORRELATIONS,false,false,true,true,true,true,ok,true,/Users/newhosung/Library/CloudStorage/OneDrive-SharedLibraries-ThePennsylvaniaStateUniversity/AI Adoption Meta Analysis - Documents/Meta/AI Adoption/PDFs/S126.pdf
S126,SI-UB,SI,UB,0.359,194.0,latest_human_R4_CORRELATIONS,false,false,true,true,true,true,ok,true,/Users/newhosung/Library/CloudStorage/OneDrive-SharedLibraries-ThePennsylvaniaStateUniversity/AI Adoption Meta Analysis - Documents/Meta/AI Adoption/PDFs/S126.pdf
S115,ATT-BI,ATT,BI,0.78,112.0,latest_human_R4_CORRELATIONS,false,false,true,true,true,true,ok,true,/Users/newhosung/Library/CloudStorage/OneDrive-SharedLibraries-ThePennsylvaniaStateUniversity/AI Adoption Meta Analysis - Documents/Meta/AI Adoption/PDFs/S115.pdf
S115,ATT-EE,ATT,EE,0.79,112.0,latest_human_R4_CORRELATIONS,false,false,true,true,false,true,ok,false,/Users/newhosung/Library/CloudStorage/OneDrive-SharedLibraries-ThePennsylvaniaStateUniversity/AI Adoption Meta Analysis - Documents/Meta/AI Adoption/PDFs/S115.pdf
S115,ATT-PE,ATT,PE,0.74,112.0,latest_human_R4_CORRELATIONS,false,false,true,true,false,true,ok,false,/Users/newhosung/Library/CloudStorage/OneDrive-SharedLibraries-ThePennsylvaniaStateUniversity/AI Adoption Meta Analysis - Documents/Meta/AI Adoption/PDFs/S115.pdf
S115,BI-EE,BI,EE,0.68,112.0,latest_human_R4_CORRELATIONS,false,false,true,true,true,true,ok,true,/Users/newhosung/Library/CloudStorage/OneDrive-SharedLibraries-ThePennsylvaniaStateUniversity/AI Adoption Meta Analysis - Documents/Meta/AI Adoption/PDFs/S115.pdf
S115,BI-PE,BI,PE,0.62,112.0,latest_human_R4_CORRELATIONS,false,false,true,true,true,true,ok,true,/Users/newhosung/Library/CloudStorage/OneDrive-SharedLibraries-ThePennsylvaniaStateUniversity/AI Adoption Meta Analysis - Documents/Meta/AI Adoption/PDFs/S115.pdf
S115,EE-PE,EE,PE,0.62,112.0,latest_human_R4_CORRELATIONS,false,false,true,true,true,true,ok,true,/Users/newhosung/Library/CloudStorage/OneDrive-SharedLibraries-ThePennsylvaniaStateUniversity/AI Adoption Meta Analysis - Documents/Meta/AI Adoption/PDFs/S115.pdf
S029,BI-EE,BI,EE,0.488,411.0,latest_human_R4_CORRELATIONS,false,false,true,true,true,true,ok,true,/Users/newhosung/Library/CloudStorage/OneDrive-SharedLibraries-ThePennsylvaniaStateUniversity/AI Adoption Meta Analysis - Documents/Meta/AI Adoption/PDFs/S029.pdf
S029,BI-PE,BI,PE,0.665,411.0,latest_human_R4_CORRELATIONS,false,false,true,true,true,true,ok,true,/Users/newhosung/Library/CloudStorage/OneDrive-SharedLibraries-ThePennsylvaniaStateUniversity/AI Adoption Meta Analysis - Documents/Meta/AI Adoption/PDFs/S029.pdf
S029,BI-SI,BI,SI,0.435,411.0,latest_human_R4_CORRELATIONS,false,false,true,true,true,true,ok,true,/Users/newhosung/Library/CloudStorage/OneDrive-SharedLibraries-ThePennsylvaniaStateUniversity/AI Adoption Meta Analysis - Documents/Meta/AI Adoption/PDFs/S029.pdf
S029,BI-TRU,BI,TRU,0.284,411.0,latest_human_R4_CORRELATIONS,false,false,true,true,true,true,ok,true,/Users/newhosung/Library/CloudStorage/OneDrive-SharedLibraries-ThePennsylvaniaStateUniversity/AI Adoption Meta Analysis - Documents/Meta/AI Adoption/PDFs/S029.pdf
S029,EE-PE,EE,PE,0.706,411.0,latest_human_R4_CORRELATIONS,false,false,true,true,true,true,ok,true,/Users/newhosung/Library/CloudStorage/OneDrive-SharedLibraries-ThePennsylvaniaStateUniversity/AI Adoption Meta Analysis - Documents/Meta/AI Adoption/PDFs/S029.pdf
S029,EE-SI,EE,SI,0.335,411.0,latest_human_R4_CORRELATIONS,false,false,true,true,true,true,ok,true,/Users/newhosung/Library/CloudStorage/OneDrive-SharedLibraries-ThePennsylvaniaStateUniversity/AI Adoption Meta Analysis - Documents/Meta/AI Adoption/PDFs/S029.pdf
S029,EE-TRU,EE,TRU,0.247,411.0,latest_human_R4_CORRELATIONS,false,false,true,true,true,true,ok,true,/Users/newhosung/Library/CloudStorage/OneDrive-SharedLibraries-ThePennsylvaniaStateUniversity/AI Adoption Meta Analysis - Documents/Meta/AI Adoption/PDFs/S029.pdf
S029,PE-SI,PE,SI,0.472,411.0,latest_human_R4_CORRELATIONS,false,false,true,true,true,true,ok,true,/Users/newhosung/Library/CloudStorage/OneDrive-SharedLibraries-ThePennsylvaniaStateUniversity/AI Adoption Meta Analysis - Documents/Meta/AI Adoption/PDFs/S029.pdf
S029,PE-TRU,PE,TRU,0.301,411.0,latest_human_R4_CORRELATIONS,false,false,true,true,true,true,ok,true,/Users/newhosung/Library/CloudStorage/OneDrive-SharedLibraries-ThePennsylvaniaStateUniversity/AI Adoption Meta Analysis - Documents/Meta/AI Adoption/PDFs/S029.pdf
S029,SI-TRU,SI,TRU,0.281,411.0,latest_human_R4_CORRELATIONS,false,false,true,true,true,true,ok,true,/Users/newhosung/Library/CloudStorage/OneDrive-SharedLibraries-ThePennsylvaniaStateUniversity/AI Adoption Meta Analysis - Documents/Meta/AI Adoption/PDFs/S029.pdf
S139,BI-EE,BI,EE,0.578,435.0,latest_human_R4_CORRELATIONS,false,false,true,true,true,true,ok,true,/Users/newhosung/Library/CloudStorage/OneDrive-SharedLibraries-ThePennsylvaniaStateUniversity/AI Adoption Meta Analysis - Documents/Meta/AI Adoption/PDFs/S139.pdf
S139,BI-PE,BI,PE,0.356,435.0,latest_human_R4_CORRELATIONS,false,false,true,true,true,true,ok,true,/Users/newhosung/Library/CloudStorage/OneDrive-SharedLibraries-ThePennsylvaniaStateUniversity/AI Adoption Meta Analysis - Documents/Meta/AI Adoption/PDFs/S139.pdf
S139,BI-TRU,BI,TRU,0.515,435.0,latest_human_R4_CORRELATIONS,false,false,true,true,true,true,ok,true,/Users/newhosung/Library/CloudStorage/OneDrive-SharedLibraries-ThePennsylvaniaStateUniversity/AI Adoption Meta Analysis - Documents/Meta/AI Adoption/PDFs/S139.pdf
S139,EE-PE,EE,PE,0.433,435.0,latest_human_R4_CORRELATIONS,false,false,true,true,true,true,ok,true,/Users/newhosung/Library/CloudStorage/OneDrive-SharedLibraries-ThePennsylvaniaStateUniversity/AI Adoption Meta Analysis - Documents/Meta/AI Adoption/PDFs/S139.pdf
S139,EE-TRU,EE,TRU,0.454,435.0,latest_human_R4_CORRELATIONS,false,false,true,true,true,true,ok,true,/Users/newhosung/Library/CloudStorage/OneDrive-SharedLibraries-ThePennsylvaniaStateUniversity/AI Adoption Meta Analysis - Documents/Meta/AI Adoption/PDFs/S139.pdf
S139,PE-TRU,PE,TRU,0.377,435.0,latest_human_R4_CORRELATIONS,false,false,true,true,true,true,ok,true,/Users/newhosung/Library/CloudStorage/OneDrive-SharedLibraries-ThePennsylvaniaStateUniversity/AI Adoption Meta Analysis - Documents/Meta/AI Adoption/PDFs/S139.pdf
S036,ANX-BI,ANX,BI,-0.336,480.0,latest_human_R4_CORRELATIONS,false,false,true,true,false,true,ok,false,/Users/newhosung/Library/CloudStorage/OneDrive-SharedLibraries-ThePennsylvaniaStateUniversity/AI Adoption Meta Analysis - Documents/Meta/AI Adoption/PDFs/S036.pdf
S036,ANX-EE,ANX,EE,-0.321,480.0,latest_human_R4_CORRELATIONS,false,false,true,true,false,true,ok,false,/Users/newhosung/Library/CloudStorage/OneDrive-SharedLibraries-ThePennsylvaniaStateUniversity/AI Adoption Meta Analysis - Documents/Meta/AI Adoption/PDFs/S036.pdf
S036,ANX-PE,ANX,PE,-0.366,480.0,latest_human_R4_CORRELATIONS,false,false,true,true,false,true,ok,false,/Users/newhosung/Library/CloudStorage/OneDrive-SharedLibraries-ThePennsylvaniaStateUniversity/AI Adoption Meta Analysis - Documents/Meta/AI Adoption/PDFs/S036.pdf
S036,ANX-SE,ANX,SE,-0.318,480.0,latest_human_R4_CORRELATIONS,false,false,true,true,false,true,ok,false,/Users/newhosung/Library/CloudStorage/OneDrive-SharedLibraries-ThePennsylvaniaStateUniversity/AI Adoption Meta Analysis - Documents/Meta/AI Adoption/PDFs/S036.pdf
S036,ANX-SI,ANX,SI,-0.374,480.0,latest_human_R4_CORRELATIONS,false,false,true,true,false,true,ok,false,/Users/newhosung/Library/CloudStorage/OneDrive-SharedLibraries-ThePennsylvaniaStateUniversity/AI Adoption Meta Analysis - Documents/Meta/AI Adoption/PDFs/S036.pdf
S036,ANX-TRU,ANX,TRU,-0.26,480.0,latest_human_R4_CORRELATIONS,false,false,true,true,false,true,ok,false,/Users/newhosung/Library/CloudStorage/OneDrive-SharedLibraries-ThePennsylvaniaStateUniversity/AI Adoption Meta Analysis - Documents/Meta/AI Adoption/PDFs/S036.pdf
S036,BI-EE,BI,EE,0.689,480.0,latest_human_R4_CORRELATIONS,false,false,true,true,true,true,ok,true,/Users/newhosung/Library/CloudStorage/OneDrive-SharedLibraries-ThePennsylvaniaStateUniversity/AI Adoption Meta Analysis - Documents/Meta/AI Adoption/PDFs/S036.pdf
S036,BI-PE,BI,PE,0.678,480.0,latest_human_R4_CORRELATIONS,false,false,true,true,true,true,ok,true,/Users/newhosung/Library/CloudStorage/OneDrive-SharedLibraries-ThePennsylvaniaStateUniversity/AI Adoption Meta Analysis - Documents/Meta/AI Adoption/PDFs/S036.pdf
S036,BI-SE,BI,SE,0.586,480.0,latest_human_R4_CORRELATIONS,false,false,true,true,true,true,ok,true,/Users/newhosung/Library/CloudStorage/OneDrive-SharedLibraries-ThePennsylvaniaStateUniversity/AI Adoption Meta Analysis - Documents/Meta/AI Adoption/PDFs/S036.pdf
S036,BI-SI,BI,SI,0.511,480.0,latest_human_R4_CORRELATIONS,false,false,true,true,true,true,ok,true,/Users/newhosung/Library/CloudStorage/OneDrive-SharedLibraries-ThePennsylvaniaStateUniversity/AI Adoption Meta Analysis - Documents/Meta/AI Adoption/PDFs/S036.pdf
S036,BI-TRU,BI,TRU,0.535,480.0,latest_human_R4_CORRELATIONS,false,false,true,true,true,true,ok,true,/Users/newhosung/Library/CloudStorage/OneDrive-SharedLibraries-ThePennsylvaniaStateUniversity/AI Adoption Meta Analysis - Documents/Meta/AI Adoption/PDFs/S036.pdf
S036,EE-PE,EE,PE,0.566,480.0,latest_human_R4_CORRELATIONS,false,false,true,true,true,true,ok,true,/Users/newhosung/Library/CloudStorage/OneDrive-SharedLibraries-ThePennsylvaniaStateUniversity/AI Adoption Meta Analysis - Documents/Meta/AI Adoption/PDFs/S036.pdf
S036,EE-SE,EE,SE,0.46,480.0,latest_human_R4_CORRELATIONS,false,false,true,true,true,true,ok,true,/Users/newhosung/Library/CloudStorage/OneDrive-SharedLibraries-ThePennsylvaniaStateUniversity/AI Adoption Meta Analysis - Documents/Meta/AI Adoption/PDFs/S036.pdf
S036,EE-SI,EE,SI,0.427,480.0,latest_human_R4_CORRELATIONS,false,false,true,true,true,true,ok,true,/Users/newhosung/Library/CloudStorage/OneDrive-SharedLibraries-ThePennsylvaniaStateUniversity/AI Adoption Meta Analysis - Documents/Meta/AI Adoption/PDFs/S036.pdf
S036,EE-TRU,EE,TRU,0.419,480.0,latest_human_R4_CORRELATIONS,false,false,true,true,true,true,ok,true,/Users/newhosung/Library/CloudStorage/OneDrive-SharedLibraries-ThePennsylvaniaStateUniversity/AI Adoption Meta Analysis - Documents/Meta/AI Adoption/PDFs/S036.pdf
S036,PE-SE,PE,SE,0.377,480.0,latest_human_R4_CORRELATIONS,false,false,true,true,true,true,ok,true,/Users/newhosung/Library/CloudStorage/OneDrive-SharedLibraries-ThePennsylvaniaStateUniversity/AI Adoption Meta Analysis - Documents/Meta/AI Adoption/PDFs/S036.pdf
S036,PE-SI,PE,SI,0.535,480.0,latest_human_R4_CORRELATIONS,false,false,true,true,true,true,ok,true,/Users/newhosung/Library/CloudStorage/OneDrive-SharedLibraries-ThePennsylvaniaStateUniversity/AI Adoption Meta Analysis - Documents/Meta/AI Adoption/PDFs/S036.pdf
S036,PE-TRU,PE,TRU,0.537,480.0,latest_human_R4_CORRELATIONS,false,false,true,true,true,true,ok,true,/Users/newhosung/Library/CloudStorage/OneDrive-SharedLibraries-ThePennsylvaniaStateUniversity/AI Adoption Meta Analysis - Documents/Meta/AI Adoption/PDFs/S036.pdf
S036,SE-SI,SE,SI,0.51,480.0,latest_human_R4_CORRELATIONS,false,false,true,true,true,true,ok,true,/Users/newhosung/Library/CloudStorage/OneDrive-SharedLibraries-ThePennsylvaniaStateUniversity/AI Adoption Meta Analysis - Documents/Meta/AI Adoption/PDFs/S036.pdf
S036,SE-TRU,SE,TRU,0.333,480.0,latest_human_R4_CORRELATIONS,false,false,true,true,true,true,ok,true,/Users/newhosung/Library/CloudStorage/OneDrive-SharedLibraries-ThePennsylvaniaStateUniversity/AI Adoption Meta Analysis - Documents/Meta/AI Adoption/PDFs/S036.pdf
S036,SI-TRU,SI,TRU,0.43,480.0,latest_human_R4_CORRELATIONS,false,false,true,true,true,true,ok,true,/Users/newhosung/Library/CloudStorage/OneDrive-SharedLibraries-ThePennsylvaniaStateUniversity/AI Adoption Meta Analysis - Documents/Meta/AI Adoption/PDFs/S036.pdf
S061,BI-EE,BI,EE,0.103,473.0,latest_human_R4_CORRELATIONS,false,false,true,true,true,true,ok,true,/Users/newhosung/Library/CloudStorage/OneDrive-SharedLibraries-ThePennsylvaniaStateUniversity/AI Adoption Meta Analysis - Documents/Meta/AI Adoption/PDFs/S061.pdf
S061,BI-PE,BI,PE,0.127,473.0,latest_human_R4_CORRELATIONS,false,false,true,true,true,true,ok,true,/Users/newhosung/Library/CloudStorage/OneDrive-SharedLibraries-ThePennsylvaniaStateUniversity/AI Adoption Meta Analysis - Documents/Meta/AI Adoption/PDFs/S061.pdf
S061,BI-SI,BI,SI,0.053,473.0,latest_human_R4_CORRELATIONS,false,false,true,true,true,true,ok,true,/Users/newhosung/Library/CloudStorage/OneDrive-SharedLibraries-ThePennsylvaniaStateUniversity/AI Adoption Meta Analysis - Documents/Meta/AI Adoption/PDFs/S061.pdf
S061,EE-PE,EE,PE,0.139,473.0,latest_human_R4_CORRELATIONS,false,false,true,true,true,true,ok,true,/Users/newhosung/Library/CloudStorage/OneDrive-SharedLibraries-ThePennsylvaniaStateUniversity/AI Adoption Meta Analysis - Documents/Meta/AI Adoption/PDFs/S061.pdf
S061,EE-SI,EE,SI,0.02,473.0,latest_human_R4_CORRELATIONS,false,false,true,true,true,true,ok,true,/Users/newhosung/Library/CloudStorage/OneDrive-SharedLibraries-ThePennsylvaniaStateUniversity/AI Adoption Meta Analysis - Documents/Meta/AI Adoption/PDFs/S061.pdf
S061,PE-SI,PE,SI,0.154,473.0,latest_human_R4_CORRELATIONS,false,false,true,true,true,true,ok,true,/Users/newhosung/Library/CloudStorage/OneDrive-SharedLibraries-ThePennsylvaniaStateUniversity/AI Adoption Meta Analysis - Documents/Meta/AI Adoption/PDFs/S061.pdf
S203,BI-EE,BI,EE,0.363,303.0,latest_human_R4_CORRELATIONS,false,false,true,true,true,true,ok,true,/Users/newhosung/Library/CloudStorage/OneDrive-SharedLibraries-ThePennsylvaniaStateUniversity/AI Adoption Meta Analysis - Documents/Meta/AI Adoption/PDFs/S203.pdf
S203,BI-PE,BI,PE,0.409,303.0,latest_human_R4_CORRELATIONS,false,false,true,true,true,true,ok,true,/Users/newhosung/Library/CloudStorage/OneDrive-SharedLibraries-ThePennsylvaniaStateUniversity/AI Adoption Meta Analysis - Documents/Meta/AI Adoption/PDFs/S203.pdf
S203,BI-SE,BI,SE,0.349,303.0,latest_human_R4_CORRELATIONS,false,false,true,true,true,true,ok,true,/Users/newhosung/Library/CloudStorage/OneDrive-SharedLibraries-ThePennsylvaniaStateUniversity/AI Adoption Meta Analysis - Documents/Meta/AI Adoption/PDFs/S203.pdf
S203,BI-TRU,BI,TRU,0.342,303.0,latest_human_R4_CORRELATIONS,false,false,true,true,true,true,ok,true,/Users/newhosung/Library/CloudStorage/OneDrive-SharedLibraries-ThePennsylvaniaStateUniversity/AI Adoption Meta Analysis - Documents/Meta/AI Adoption/PDFs/S203.pdf
S203,EE-PE,EE,PE,0.367,303.0,latest_human_R4_CORRELATIONS,false,false,true,true,true,true,ok,true,/Users/newhosung/Library/CloudStorage/OneDrive-SharedLibraries-ThePennsylvaniaStateUniversity/AI Adoption Meta Analysis - Documents/Meta/AI Adoption/PDFs/S203.pdf
S203,EE-SE,EE,SE,0.549,303.0,latest_human_R4_CORRELATIONS,false,false,true,true,true,true,ok,true,/Users/newhosung/Library/CloudStorage/OneDrive-SharedLibraries-ThePennsylvaniaStateUniversity/AI Adoption Meta Analysis - Documents/Meta/AI Adoption/PDFs/S203.pdf
S203,EE-TRU,EE,TRU,0.42,303.0,latest_human_R4_CORRELATIONS,false,false,true,true,true,true,ok,true,/Users/newhosung/Library/CloudStorage/OneDrive-SharedLibraries-ThePennsylvaniaStateUniversity/AI Adoption Meta Analysis - Documents/Meta/AI Adoption/PDFs/S203.pdf
S203,PE-SE,PE,SE,0.309,303.0,latest_human_R4_CORRELATIONS,false,false,true,true,true,true,ok,true,/Users/newhosung/Library/CloudStorage/OneDrive-SharedLibraries-ThePennsylvaniaStateUniversity/AI Adoption Meta Analysis - Documents/Meta/AI Adoption/PDFs/S203.pdf
S203,PE-TRU,PE,TRU,0.437,303.0,latest_human_R4_CORRELATIONS,false,false,true,true,true,true,ok,true,/Users/newhosung/Library/CloudStorage/OneDrive-SharedLibraries-ThePennsylvaniaStateUniversity/AI Adoption Meta Analysis - Documents/Meta/AI Adoption/PDFs/S203.pdf
S203,SE-TRU,SE,TRU,0.431,303.0,latest_human_R4_CORRELATIONS,false,false,true,true,true,true,ok,true,/Users/newhosung/Library/CloudStorage/OneDrive-SharedLibraries-ThePennsylvaniaStateUniversity/AI Adoption Meta Analysis - Documents/Meta/AI Adoption/PDFs/S203.pdf
S179,BI-EE,BI,EE,0.23,543.0,latest_human_R4_CORRELATIONS,false,false,true,true,true,true,ok,true,/Users/newhosung/Library/CloudStorage/OneDrive-SharedLibraries-ThePennsylvaniaStateUniversity/AI Adoption Meta Analysis - Documents/Meta/AI Adoption/PDFs/S179.pdf
S179,BI-PE,BI,PE,0.504,543.0,latest_human_R4_CORRELATIONS,false,false,true,true,true,true,ok,true,/Users/newhosung/Library/CloudStorage/OneDrive-SharedLibraries-ThePennsylvaniaStateUniversity/AI Adoption Meta Analysis - Documents/Meta/AI Adoption/PDFs/S179.pdf
S179,BI-SI,BI,SI,0.192,543.0,latest_human_R4_CORRELATIONS,false,false,true,true,true,true,ok,true,/Users/newhosung/Library/CloudStorage/OneDrive-SharedLibraries-ThePennsylvaniaStateUniversity/AI Adoption Meta Analysis - Documents/Meta/AI Adoption/PDFs/S179.pdf
S179,BI-UB,BI,UB,0.61,543.0,latest_human_R4_CORRELATIONS,false,false,true,true,true,true,ok,true,/Users/newhosung/Library/CloudStorage/OneDrive-SharedLibraries-ThePennsylvaniaStateUniversity/AI Adoption Meta Analysis - Documents/Meta/AI Adoption/PDFs/S179.pdf
S179,FC-UB,FC,UB,0.171,543.0,latest_human_R4_CORRELATIONS,false,false,true,true,true,true,ok,true,/Users/newhosung/Library/CloudStorage/OneDrive-SharedLibraries-ThePennsylvaniaStateUniversity/AI Adoption Meta Analysis - Documents/Meta/AI Adoption/PDFs/S179.pdf
S138,ATT-BI,ATT,BI,0.766,200.0,latest_human_R4_CORRELATIONS,false,false,true,true,true,true,ok,true,/Users/newhosung/Library/CloudStorage/OneDrive-SharedLibraries-ThePennsylvaniaStateUniversity/AI Adoption Meta Analysis - Documents/Meta/AI Adoption/PDFs/S138.pdf
S138,ATT-EE,ATT,EE,0.707,200.0,latest_human_R4_CORRELATIONS,false,false,true,true,true,true,ok,true,/Users/newhosung/Library/CloudStorage/OneDrive-SharedLibraries-ThePennsylvaniaStateUniversity/AI Adoption Meta Analysis - Documents/Meta/AI Adoption/PDFs/S138.pdf
S138,ATT-PE,ATT,PE,0.735,200.0,latest_human_R4_CORRELATIONS,false,false,true,true,true,true,ok,true,/Users/newhosung/Library/CloudStorage/OneDrive-SharedLibraries-ThePennsylvaniaStateUniversity/AI Adoption Meta Analysis - Documents/Meta/AI Adoption/PDFs/S138.pdf
S138,ATT-SE,ATT,SE,0.534,200.0,latest_human_R4_CORRELATIONS,false,false,true,true,true,true,ok,true,/Users/newhosung/Library/CloudStorage/OneDrive-SharedLibraries-ThePennsylvaniaStateUniversity/AI Adoption Meta Analysis - Documents/Meta/AI Adoption/PDFs/S138.pdf
S138,ATT-SI,ATT,SI,0.557,200.0,latest_human_R4_CORRELATIONS,false,false,true,true,true,true,ok,true,/Users/newhosung/Library/CloudStorage/OneDrive-SharedLibraries-ThePennsylvaniaStateUniversity/AI Adoption Meta Analysis - Documents/Meta/AI Adoption/PDFs/S138.pdf
S138,ATT-TRU,ATT,TRU,0.687,200.0,latest_human_R4_CORRELATIONS,false,false,true,true,true,true,ok,true,/Users/newhosung/Library/CloudStorage/OneDrive-SharedLibraries-ThePennsylvaniaStateUniversity/AI Adoption Meta Analysis - Documents/Meta/AI Adoption/PDFs/S138.pdf
S138,ATT-UB,ATT,UB,0.552,200.0,latest_human_R4_CORRELATIONS,false,false,true,true,true,true,ok,true,/Users/newhosung/Library/CloudStorage/OneDrive-SharedLibraries-ThePennsylvaniaStateUniversity/AI Adoption Meta Analysis - Documents/Meta/AI Adoption/PDFs/S138.pdf
S138,BI-EE,BI,EE,0.686,200.0,latest_human_R4_CORRELATIONS,false,false,true,true,true,true,ok,true,/Users/newhosung/Library/CloudStorage/OneDrive-SharedLibraries-ThePennsylvaniaStateUniversity/AI Adoption Meta Analysis - Documents/Meta/AI Adoption/PDFs/S138.pdf
S138,BI-PE,BI,PE,0.733,200.0,latest_human_R4_CORRELATIONS,false,false,true,true,true,true,ok,true,/Users/newhosung/Library/CloudStorage/OneDrive-SharedLibraries-ThePennsylvaniaStateUniversity/AI Adoption Meta Analysis - Documents/Meta/AI Adoption/PDFs/S138.pdf
S138,BI-SE,BI,SE,0.469,200.0,latest_human_R4_CORRELATIONS,false,false,true,true,true,true,ok,true,/Users/newhosung/Library/CloudStorage/OneDrive-SharedLibraries-ThePennsylvaniaStateUniversity/AI Adoption Meta Analysis - Documents/Meta/AI Adoption/PDFs/S138.pdf
S138,BI-SI,BI,SI,0.561,200.0,latest_human_R4_CORRELATIONS,false,false,true,true,true,true,ok,true,/Users/newhosung/Library/CloudStorage/OneDrive-SharedLibraries-ThePennsylvaniaStateUniversity/AI Adoption Meta Analysis - Documents/Meta/AI Adoption/PDFs/S138.pdf
S138,BI-TRU,BI,TRU,0.763,200.0,latest_human_R4_CORRELATIONS,false,false,true,true,true,true,ok,true,/Users/newhosung/Library/CloudStorage/OneDrive-SharedLibraries-ThePennsylvaniaStateUniversity/AI Adoption Meta Analysis - Documents/Meta/AI Adoption/PDFs/S138.pdf
S138,BI-UB,BI,UB,0.602,200.0,latest_human_R4_CORRELATIONS,false,false,true,true,true,true,ok,true,/Users/newhosung/Library/CloudStorage/OneDrive-SharedLibraries-ThePennsylvaniaStateUniversity/AI Adoption Meta Analysis - Documents/Meta/AI Adoption/PDFs/S138.pdf
S138,EE-PE,EE,PE,0.73,200.0,latest_human_R4_CORRELATIONS,false,false,true,true,true,true,ok,true,/Users/newhosung/Library/CloudStorage/OneDrive-SharedLibraries-ThePennsylvaniaStateUniversity/AI Adoption Meta Analysis - Documents/Meta/AI Adoption/PDFs/S138.pdf
S138,EE-SE,EE,SE,0.662,200.0,latest_human_R4_CORRELATIONS,false,false,true,true,true,true,ok,true,/Users/newhosung/Library/CloudStorage/OneDrive-SharedLibraries-ThePennsylvaniaStateUniversity/AI Adoption Meta Analysis - Documents/Meta/AI Adoption/PDFs/S138.pdf
S138,EE-SI,EE,SI,0.57,200.0,latest_human_R4_CORRELATIONS,false,false,true,true,true,true,ok,true,/Users/newhosung/Library/CloudStorage/OneDrive-SharedLibraries-ThePennsylvaniaStateUniversity/AI Adoption Meta Analysis - Documents/Meta/AI Adoption/PDFs/S138.pdf
S138,EE-TRU,EE,TRU,0.719,200.0,latest_human_R4_CORRELATIONS,false,false,true,true,true,true,ok,true,/Users/newhosung/Library/CloudStorage/OneDrive-SharedLibraries-ThePennsylvaniaStateUniversity/AI Adoption Meta Analysis - Documents/Meta/AI Adoption/PDFs/S138.pdf
S138,EE-UB,EE,UB,0.582,200.0,latest_human_R4_CORRELATIONS,false,false,true,true,true,true,ok,true,/Users/newhosung/Library/CloudStorage/OneDrive-SharedLibraries-ThePennsylvaniaStateUniversity/AI Adoption Meta Analysis - Documents/Meta/AI Adoption/PDFs/S138.pdf
S138,PE-SE,PE,SE,0.584,200.0,latest_human_R4_CORRELATIONS,false,false,true,true,true,true,ok,true,/Users/newhosung/Library/CloudStorage/OneDrive-SharedLibraries-ThePennsylvaniaStateUniversity/AI Adoption Meta Analysis - Documents/Meta/AI Adoption/PDFs/S138.pdf
S138,PE-SI,PE,SI,0.516,200.0,latest_human_R4_CORRELATIONS,false,false,true,true,true,true,ok,true,/Users/newhosung/Library/CloudStorage/OneDrive-SharedLibraries-ThePennsylvaniaStateUniversity/AI Adoption Meta Analysis - Documents/Meta/AI Adoption/PDFs/S138.pdf
S138,PE-TRU,PE,TRU,0.681,200.0,latest_human_R4_CORRELATIONS,false,false,true,true,true,true,ok,true,/Users/newhosung/Library/CloudStorage/OneDrive-SharedLibraries-ThePennsylvaniaStateUniversity/AI Adoption Meta Analysis - Documents/Meta/AI Adoption/PDFs/S138.pdf
S138,PE-UB,PE,UB,0.592,200.0,latest_human_R4_CORRELATIONS,false,false,true,true,true,true,ok,true,/Users/newhosung/Library/CloudStorage/OneDrive-SharedLibraries-ThePennsylvaniaStateUniversity/AI Adoption Meta Analysis - Documents/Meta/AI Adoption/PDFs/S138.pdf
S138,SE-SI,SE,SI,0.593,200.0,latest_human_R4_CORRELATIONS,false,false,true,true,true,true,ok,true,/Users/newhosung/Library/CloudStorage/OneDrive-SharedLibraries-ThePennsylvaniaStateUniversity/AI Adoption Meta Analysis - Documents/Meta/AI Adoption/PDFs/S138.pdf
S138,SE-TRU,SE,TRU,0.521,200.0,latest_human_R4_CORRELATIONS,false,false,true,true,true,true,ok,true,/Users/newhosung/Library/CloudStorage/OneDrive-SharedLibraries-ThePennsylvaniaStateUniversity/AI Adoption Meta Analysis - Documents/Meta/AI Adoption/PDFs/S138.pdf
S138,SE-UB,SE,UB,0.524,200.0,latest_human_R4_CORRELATIONS,false,false,true,true,true,true,ok,true,/Users/newhosung/Library/CloudStorage/OneDrive-SharedLibraries-ThePennsylvaniaStateUniversity/AI Adoption Meta Analysis - Documents/Meta/AI Adoption/PDFs/S138.pdf
S138,SI-TRU,SI,TRU,0.572,200.0,latest_human_R4_CORRELATIONS,false,false,true,true,true,true,ok,true,/Users/newhosung/Library/CloudStorage/OneDrive-SharedLibraries-ThePennsylvaniaStateUniversity/AI Adoption Meta Analysis - Documents/Meta/AI Adoption/PDFs/S138.pdf
S138,SI-UB,SI,UB,0.403,200.0,latest_human_R4_CORRELATIONS,false,false,true,true,true,true,ok,true,/Users/newhosung/Library/CloudStorage/OneDrive-SharedLibraries-ThePennsylvaniaStateUniversity/AI Adoption Meta Analysis - Documents/Meta/AI Adoption/PDFs/S138.pdf
S138,TRU-UB,TRU,UB,0.597,200.0,latest_human_R4_CORRELATIONS,false,false,true,true,true,true,ok,true,/Users/newhosung/Library/CloudStorage/OneDrive-SharedLibraries-ThePennsylvaniaStateUniversity/AI Adoption Meta Analysis - Documents/Meta/AI Adoption/PDFs/S138.pdf
S128,BI-EE,BI,EE,0.829,395.0,latest_human_R4_CORRELATIONS,false,false,true,true,true,true,ok,true,/Users/newhosung/Library/CloudStorage/OneDrive-SharedLibraries-ThePennsylvaniaStateUniversity/AI Adoption Meta Analysis - Documents/Meta/AI Adoption/PDFs/S128.pdf
S128,BI-FC,BI,FC,-0.216,395.0,latest_human_R4_CORRELATIONS,false,false,true,true,false,true,ok,false,/Users/newhosung/Library/CloudStorage/OneDrive-SharedLibraries-ThePennsylvaniaStateUniversity/AI Adoption Meta Analysis - Documents/Meta/AI Adoption/PDFs/S128.pdf
S128,BI-PE,BI,PE,0.124,395.0,latest_human_R4_CORRELATIONS,false,false,true,true,true,true,ok,true,/Users/newhosung/Library/CloudStorage/OneDrive-SharedLibraries-ThePennsylvaniaStateUniversity/AI Adoption Meta Analysis - Documents/Meta/AI Adoption/PDFs/S128.pdf
S128,BI-SI,BI,SI,0.357,395.0,latest_human_R4_CORRELATIONS,false,false,true,true,true,true,ok,true,/Users/newhosung/Library/CloudStorage/OneDrive-SharedLibraries-ThePennsylvaniaStateUniversity/AI Adoption Meta Analysis - Documents/Meta/AI Adoption/PDFs/S128.pdf
S128,BI-UB,BI,UB,0.432,395.0,latest_human_R4_CORRELATIONS,false,false,true,true,true,true,ok,true,/Users/newhosung/Library/CloudStorage/OneDrive-SharedLibraries-ThePennsylvaniaStateUniversity/AI Adoption Meta Analysis - Documents/Meta/AI Adoption/PDFs/S128.pdf
S128,EE-FC,EE,FC,-0.121,395.0,latest_human_R4_CORRELATIONS,false,false,true,true,false,true,ok,false,/Users/newhosung/Library/CloudStorage/OneDrive-SharedLibraries-ThePennsylvaniaStateUniversity/AI Adoption Meta Analysis - Documents/Meta/AI Adoption/PDFs/S128.pdf
S128,EE-PE,EE,PE,0.007,395.0,latest_human_R4_CORRELATIONS,false,false,true,true,true,true,ok,true,/Users/newhosung/Library/CloudStorage/OneDrive-SharedLibraries-ThePennsylvaniaStateUniversity/AI Adoption Meta Analysis - Documents/Meta/AI Adoption/PDFs/S128.pdf
S128,EE-SI,EE,SI,0.374,395.0,latest_human_R4_CORRELATIONS,false,false,true,true,true,true,ok,true,/Users/newhosung/Library/CloudStorage/OneDrive-SharedLibraries-ThePennsylvaniaStateUniversity/AI Adoption Meta Analysis - Documents/Meta/AI Adoption/PDFs/S128.pdf
S128,EE-UB,EE,UB,0.378,395.0,latest_human_R4_CORRELATIONS,false,false,true,true,true,true,ok,true,/Users/newhosung/Library/CloudStorage/OneDrive-SharedLibraries-ThePennsylvaniaStateUniversity/AI Adoption Meta Analysis - Documents/Meta/AI Adoption/PDFs/S128.pdf
S128,FC-PE,FC,PE,-0.065,395.0,latest_human_R4_CORRELATIONS,false,false,true,true,false,true,ok,false,/Users/newhosung/Library/CloudStorage/OneDrive-SharedLibraries-ThePennsylvaniaStateUniversity/AI Adoption Meta Analysis - Documents/Meta/AI Adoption/PDFs/S128.pdf
S128,FC-SI,FC,SI,-0.063,395.0,latest_human_R4_CORRELATIONS,false,false,true,true,false,true,ok,false,/Users/newhosung/Library/CloudStorage/OneDrive-SharedLibraries-ThePennsylvaniaStateUniversity/AI Adoption Meta Analysis - Documents/Meta/AI Adoption/PDFs/S128.pdf
S128,FC-UB,FC,UB,-0.101,395.0,latest_human_R4_CORRELATIONS,false,false,true,true,false,true,ok,false,/Users/newhosung/Library/CloudStorage/OneDrive-SharedLibraries-ThePennsylvaniaStateUniversity/AI Adoption Meta Analysis - Documents/Meta/AI Adoption/PDFs/S128.pdf
S128,PE-SI,PE,SI,-0.22,395.0,latest_human_R4_CORRELATIONS,false,false,true,true,false,true,ok,false,/Users/newhosung/Library/CloudStorage/OneDrive-SharedLibraries-ThePennsylvaniaStateUniversity/AI Adoption Meta Analysis - Documents/Meta/AI Adoption/PDFs/S128.pdf
S128,PE-UB,PE,UB,0.074,395.0,latest_human_R4_CORRELATIONS,false,false,true,true,true,true,ok,true,/Users/newhosung/Library/CloudStorage/OneDrive-SharedLibraries-ThePennsylvaniaStateUniversity/AI Adoption Meta Analysis - Documents/Meta/AI Adoption/PDFs/S128.pdf
S128,SI-UB,SI,UB,0.385,395.0,latest_human_R4_CORRELATIONS,false,false,true,true,true,true,ok,true,/Users/newhosung/Library/CloudStorage/OneDrive-SharedLibraries-ThePennsylvaniaStateUniversity/AI Adoption Meta Analysis - Documents/Meta/AI Adoption/PDFs/S128.pdf
S152,ATT-BI,ATT,BI,0.156,604.0,latest_human_R4_CORRELATIONS,false,false,true,true,true,true,ok,true,/Users/newhosung/Library/CloudStorage/OneDrive-SharedLibraries-ThePennsylvaniaStateUniversity/AI Adoption Meta Analysis - Documents/Meta/AI Adoption/PDFs/S152.pdf
S152,BI-PE,BI,PE,0.057,604.0,latest_human_R4_CORRELATIONS,false,false,true,true,true,true,ok,true,/Users/newhosung/Library/CloudStorage/OneDrive-SharedLibraries-ThePennsylvaniaStateUniversity/AI Adoption Meta Analysis - Documents/Meta/AI Adoption/PDFs/S152.pdf
S152,BI-SE,BI,SE,0.107,604.0,latest_human_R4_CORRELATIONS,false,false,true,true,true,true,ok,true,/Users/newhosung/Library/CloudStorage/OneDrive-SharedLibraries-ThePennsylvaniaStateUniversity/AI Adoption Meta Analysis - Documents/Meta/AI Adoption/PDFs/S152.pdf
S113,BI-EE,BI,EE,0.398,118.0,latest_human_R4_CORRELATIONS,false,false,true,true,true,true,ok,true,/Users/newhosung/Library/CloudStorage/OneDrive-SharedLibraries-ThePennsylvaniaStateUniversity/AI Adoption Meta Analysis - Documents/Meta/AI Adoption/PDFs/S113.pdf
S113,BI-PE,BI,PE,0.484,118.0,latest_human_R4_CORRELATIONS,false,false,true,true,true,true,ok,true,/Users/newhosung/Library/CloudStorage/OneDrive-SharedLibraries-ThePennsylvaniaStateUniversity/AI Adoption Meta Analysis - Documents/Meta/AI Adoption/PDFs/S113.pdf
S113,EE-SE,EE,SE,0.497,118.0,latest_human_R4_CORRELATIONS,false,false,true,true,true,true,ok,true,/Users/newhosung/Library/CloudStorage/OneDrive-SharedLibraries-ThePennsylvaniaStateUniversity/AI Adoption Meta Analysis - Documents/Meta/AI Adoption/PDFs/S113.pdf
S070,BI-EE,BI,EE,-0.058,245.0,latest_human_R4_CORRELATIONS,false,false,true,true,false,true,ok,false,/Users/newhosung/Library/CloudStorage/OneDrive-SharedLibraries-ThePennsylvaniaStateUniversity/AI Adoption Meta Analysis - Documents/Meta/AI Adoption/PDFs/S070.pdf
S070,BI-PE,BI,PE,0.228,245.0,latest_human_R4_CORRELATIONS,false,false,true,true,true,true,ok,true,/Users/newhosung/Library/CloudStorage/OneDrive-SharedLibraries-ThePennsylvaniaStateUniversity/AI Adoption Meta Analysis - Documents/Meta/AI Adoption/PDFs/S070.pdf
S070,BI-SI,BI,SI,0.566,245.0,latest_human_R4_CORRELATIONS,false,false,true,true,true,true,ok,true,/Users/newhosung/Library/CloudStorage/OneDrive-SharedLibraries-ThePennsylvaniaStateUniversity/AI Adoption Meta Analysis - Documents/Meta/AI Adoption/PDFs/S070.pdf
S070,BI-UB,BI,UB,0.777,245.0,latest_human_R4_CORRELATIONS,false,false,true,true,true,true,ok,true,/Users/newhosung/Library/CloudStorage/OneDrive-SharedLibraries-ThePennsylvaniaStateUniversity/AI Adoption Meta Analysis - Documents/Meta/AI Adoption/PDFs/S070.pdf
S070,EE-FC,EE,FC,0.576,245.0,latest_human_R4_CORRELATIONS,false,false,true,true,false,true,ok,false,/Users/newhosung/Library/CloudStorage/OneDrive-SharedLibraries-ThePennsylvaniaStateUniversity/AI Adoption Meta Analysis - Documents/Meta/AI Adoption/PDFs/S070.pdf
S070,EE-PE,EE,PE,0.502,245.0,latest_human_R4_CORRELATIONS,false,false,true,true,false,true,ok,false,/Users/newhosung/Library/CloudStorage/OneDrive-SharedLibraries-ThePennsylvaniaStateUniversity/AI Adoption Meta Analysis - Documents/Meta/AI Adoption/PDFs/S070.pdf
S070,EE-SI,EE,SI,0.84,245.0,latest_human_R4_CORRELATIONS,false,false,true,true,true,true,ok,true,/Users/newhosung/Library/CloudStorage/OneDrive-SharedLibraries-ThePennsylvaniaStateUniversity/AI Adoption Meta Analysis - Documents/Meta/AI Adoption/PDFs/S070.pdf
S070,FC-PE,FC,PE,0.346,245.0,latest_human_R4_CORRELATIONS,false,false,true,true,false,true,ok,false,/Users/newhosung/Library/CloudStorage/OneDrive-SharedLibraries-ThePennsylvaniaStateUniversity/AI Adoption Meta Analysis - Documents/Meta/AI Adoption/PDFs/S070.pdf
S070,FC-SI,FC,SI,0.611,245.0,latest_human_R4_CORRELATIONS,false,false,true,true,false,true,ok,false,/Users/newhosung/Library/CloudStorage/OneDrive-SharedLibraries-ThePennsylvaniaStateUniversity/AI Adoption Meta Analysis - Documents/Meta/AI Adoption/PDFs/S070.pdf
S070,FC-UB,FC,UB,0.11,245.0,latest_human_R4_CORRELATIONS,false,false,true,true,true,true,ok,true,/Users/newhosung/Library/CloudStorage/OneDrive-SharedLibraries-ThePennsylvaniaStateUniversity/AI Adoption Meta Analysis - Documents/Meta/AI Adoption/PDFs/S070.pdf
S070,PE-SI,PE,SI,0.471,245.0,latest_human_R4_CORRELATIONS,false,false,true,true,false,true,ok,false,/Users/newhosung/Library/CloudStorage/OneDrive-SharedLibraries-ThePennsylvaniaStateUniversity/AI Adoption Meta Analysis - Documents/Meta/AI Adoption/PDFs/S070.pdf
S140,BI-TRU,BI,TRU,0.495,823.0,latest_human_R4_CORRELATIONS,false,false,true,true,true,true,ok,true,/Users/newhosung/Library/CloudStorage/OneDrive-SharedLibraries-ThePennsylvaniaStateUniversity/AI Adoption Meta Analysis - Documents/Meta/AI Adoption/PDFs/S140.pdf
S200,BI-EE,BI,EE,0.156,431.0,latest_human_R4_CORRELATIONS,false,false,true,true,true,true,ok,true,/Users/newhosung/Library/CloudStorage/OneDrive-SharedLibraries-ThePennsylvaniaStateUniversity/AI Adoption Meta Analysis - Documents/Meta/AI Adoption/PDFs/S200.pdf
S200,BI-FC,BI,FC,-0.122,431.0,latest_human_R4_CORRELATIONS,false,false,true,true,false,true,ok,false,/Users/newhosung/Library/CloudStorage/OneDrive-SharedLibraries-ThePennsylvaniaStateUniversity/AI Adoption Meta Analysis - Documents/Meta/AI Adoption/PDFs/S200.pdf
S200,BI-PE,BI,PE,0.395,431.0,latest_human_R4_CORRELATIONS,false,false,true,true,true,true,ok,true,/Users/newhosung/Library/CloudStorage/OneDrive-SharedLibraries-ThePennsylvaniaStateUniversity/AI Adoption Meta Analysis - Documents/Meta/AI Adoption/PDFs/S200.pdf
S200,BI-SI,BI,SI,0.036,431.0,latest_human_R4_CORRELATIONS,false,false,true,true,true,true,ok,true,/Users/newhosung/Library/CloudStorage/OneDrive-SharedLibraries-ThePennsylvaniaStateUniversity/AI Adoption Meta Analysis - Documents/Meta/AI Adoption/PDFs/S200.pdf
S200,BI-UB,BI,UB,0.341,431.0,latest_human_R4_CORRELATIONS,false,false,true,true,true,true,ok,true,/Users/newhosung/Library/CloudStorage/OneDrive-SharedLibraries-ThePennsylvaniaStateUniversity/AI Adoption Meta Analysis - Documents/Meta/AI Adoption/PDFs/S200.pdf
S179b,BI-EE,BI,EE,0.013,385.0,latest_human_R4_CORRELATIONS,false,false,true,false,false,false,missing_pdf,false,
S179b,BI-PE,BI,PE,0.285,385.0,latest_human_R4_CORRELATIONS,false,false,true,false,false,false,missing_pdf,false,
S179b,BI-SI,BI,SI,0.398,385.0,latest_human_R4_CORRELATIONS,false,false,true,false,false,false,missing_pdf,false,
S179b,BI-UB,BI,UB,0.338,385.0,latest_human_R4_CORRELATIONS,false,false,true,false,false,false,missing_pdf,false,
S179b,FC-UB,FC,UB,0.206,385.0,latest_human_R4_CORRELATIONS,false,false,true,false,false,false,missing_pdf,false,
