decision_tier,study_id,pair,candidate_or_human_value,source_location,pdf_text_status,source_packet_exists,pdf_exists,recommended_action,decision_boundary,rationale
A_fast_confirm_existing_human_value,S007,BI-FC,-0.086,,ok,true,true,human_confirm_source_table_before_any_use,candidate_only_not_analytic_input_until_human_confirmed,human-coded value is exactly visible in available source/PDF text; confirm source location and evidence type before use
A_fast_confirm_existing_human_value,S007,BI-SE,-0.029,,ok,true,true,human_confirm_source_table_before_any_use,candidate_only_not_analytic_input_until_human_confirmed,human-coded value is exactly visible in available source/PDF text; confirm source location and evidence type before use
A_fast_confirm_existing_human_value,S007,BI-SI,-0.054,,ok,true,true,human_confirm_source_table_before_any_use,candidate_only_not_analytic_input_until_human_confirmed,human-coded value is exactly visible in available source/PDF text; confirm source location and evidence type before use
A_fast_confirm_existing_human_value,S010,BI-FC,0.113,,ok,true,true,human_confirm_source_table_before_any_use,candidate_only_not_analytic_input_until_human_confirmed,human-coded value is exactly visible in available source/PDF text; confirm source location and evidence type before use
A_fast_confirm_existing_human_value,S011,ATT-PE,0.28,Table 6,ok,true,true,human_confirm_source_table_before_any_use,candidate_only_not_analytic_input_until_human_confirmed,human-coded value is exactly visible in available source/PDF text; confirm source location and evidence type before use
A_fast_confirm_existing_human_value,S012,EE-SI,0.335,,ok,true,true,human_confirm_source_table_before_any_use,candidate_only_not_analytic_input_until_human_confirmed,human-coded value is exactly visible in available source/PDF text; confirm source location and evidence type before use
A_fast_confirm_existing_human_value,S012,FC-SI,0.366,,ok,true,true,human_confirm_source_table_before_any_use,candidate_only_not_analytic_input_until_human_confirmed,human-coded value is exactly visible in available source/PDF text; confirm source location and evidence type before use
A_fast_confirm_existing_human_value,S014,PE-UB,0.31,Table 4,ok,false,true,human_confirm_source_table_before_any_use,candidate_only_not_analytic_input_until_human_confirmed,human-coded value is exactly visible in available source/PDF text; confirm source location and evidence type before use
A_fast_confirm_existing_human_value,S014,SI-UB,0.3,Table 4,ok,false,true,human_confirm_source_table_before_any_use,candidate_only_not_analytic_input_until_human_confirmed,human-coded value is exactly visible in available source/PDF text; confirm source location and evidence type before use
A_fast_confirm_existing_human_value,S025,BI-SI,-0.187,,ok,true,true,human_confirm_source_table_before_any_use,candidate_only_not_analytic_input_until_human_confirmed,human-coded value is exactly visible in available source/PDF text; confirm source location and evidence type before use
A_fast_confirm_existing_human_value,S025,BI-SI,-0.187,,ok,true,true,human_confirm_source_table_before_any_use,candidate_only_not_analytic_input_until_human_confirmed,human-coded value is exactly visible in available source/PDF text; confirm source location and evidence type before use
A_fast_confirm_existing_human_value,S028,ATT-BI,0.88,"Table 4, p.7",ok,false,true,human_confirm_source_table_before_any_use,candidate_only_not_analytic_input_until_human_confirmed,human-coded value is exactly visible in available source/PDF text; confirm source location and evidence type before use
A_fast_confirm_existing_human_value,S028,ATT-BI,0.877,Table4,ok,false,true,human_confirm_source_table_before_any_use,candidate_only_not_analytic_input_until_human_confirmed,human-coded value is exactly visible in available source/PDF text; confirm source location and evidence type before use
A_fast_confirm_existing_human_value,S028,ATT-BI,0.877,Table4,ok,false,true,human_confirm_source_table_before_any_use,candidate_only_not_analytic_input_until_human_confirmed,human-coded value is exactly visible in available source/PDF text; confirm source location and evidence type before use
A_fast_confirm_existing_human_value,S028,ATT-EE,0.63,"Table 4, p.7",ok,false,true,human_confirm_source_table_before_any_use,candidate_only_not_analytic_input_until_human_confirmed,human-coded value is exactly visible in available source/PDF text; confirm source location and evidence type before use
A_fast_confirm_existing_human_value,S028,ATT-EE,0.63,"Table 4, p.7",ok,false,true,human_confirm_source_table_before_any_use,candidate_only_not_analytic_input_until_human_confirmed,human-coded value is exactly visible in available source/PDF text; confirm source location and evidence type before use
A_fast_confirm_existing_human_value,S028,ATT-EE,0.63,"Table 4, p.7",ok,false,true,human_confirm_source_table_before_any_use,candidate_only_not_analytic_input_until_human_confirmed,human-coded value is exactly visible in available source/PDF text; confirm source location and evidence type before use
A_fast_confirm_existing_human_value,S028,ATT-EE,0.63,"Table 4, p.7",ok,false,true,human_confirm_source_table_before_any_use,candidate_only_not_analytic_input_until_human_confirmed,human-coded value is exactly visible in available source/PDF text; confirm source location and evidence type before use
A_fast_confirm_existing_human_value,S028,ATT-EE,0.63,"Table 4, p.7",ok,false,true,human_confirm_source_table_before_any_use,candidate_only_not_analytic_input_until_human_confirmed,human-coded value is exactly visible in available source/PDF text; confirm source location and evidence type before use
A_fast_confirm_existing_human_value,S028,ATT-PE,0.81,"Table 4, p.7",ok,false,true,human_confirm_source_table_before_any_use,candidate_only_not_analytic_input_until_human_confirmed,human-coded value is exactly visible in available source/PDF text; confirm source location and evidence type before use
A_fast_confirm_existing_human_value,S028,ATT-PE,0.809,Table4,ok,false,true,human_confirm_source_table_before_any_use,candidate_only_not_analytic_input_until_human_confirmed,human-coded value is exactly visible in available source/PDF text; confirm source location and evidence type before use
A_fast_confirm_existing_human_value,S028,ATT-PE,0.809,Table4,ok,false,true,human_confirm_source_table_before_any_use,candidate_only_not_analytic_input_until_human_confirmed,human-coded value is exactly visible in available source/PDF text; confirm source location and evidence type before use
A_fast_confirm_existing_human_value,S028,ATT-SE,0.721,Table4,ok,false,true,human_confirm_source_table_before_any_use,candidate_only_not_analytic_input_until_human_confirmed,human-coded value is exactly visible in available source/PDF text; confirm source location and evidence type before use
A_fast_confirm_existing_human_value,S028,ATT-SE,0.721,Table4,ok,false,true,human_confirm_source_table_before_any_use,candidate_only_not_analytic_input_until_human_confirmed,human-coded value is exactly visible in available source/PDF text; confirm source location and evidence type before use
A_fast_confirm_existing_human_value,S028,BI-EE,0.63,"Table 4, p.7",ok,false,true,human_confirm_source_table_before_any_use,candidate_only_not_analytic_input_until_human_confirmed,human-coded value is exactly visible in available source/PDF text; confirm source location and evidence type before use
A_fast_confirm_existing_human_value,S028,BI-EE,0.627,Table4,ok,false,true,human_confirm_source_table_before_any_use,candidate_only_not_analytic_input_until_human_confirmed,human-coded value is exactly visible in available source/PDF text; confirm source location and evidence type before use
A_fast_confirm_existing_human_value,S028,BI-EE,0.627,Table4,ok,false,true,human_confirm_source_table_before_any_use,candidate_only_not_analytic_input_until_human_confirmed,human-coded value is exactly visible in available source/PDF text; confirm source location and evidence type before use
A_fast_confirm_existing_human_value,S028,BI-PE,0.82,"Table 4, p.7",ok,false,true,human_confirm_source_table_before_any_use,candidate_only_not_analytic_input_until_human_confirmed,human-coded value is exactly visible in available source/PDF text; confirm source location and evidence type before use
A_fast_confirm_existing_human_value,S028,BI-PE,0.823,Table4,ok,false,true,human_confirm_source_table_before_any_use,candidate_only_not_analytic_input_until_human_confirmed,human-coded value is exactly visible in available source/PDF text; confirm source location and evidence type before use
A_fast_confirm_existing_human_value,S028,BI-PE,0.82,"Table 4, p.7",ok,false,true,human_confirm_source_table_before_any_use,candidate_only_not_analytic_input_until_human_confirmed,human-coded value is exactly visible in available source/PDF text; confirm source location and evidence type before use
A_fast_confirm_existing_human_value,S028,BI-PE,0.82,"Table 4, p.7",ok,false,true,human_confirm_source_table_before_any_use,candidate_only_not_analytic_input_until_human_confirmed,human-coded value is exactly visible in available source/PDF text; confirm source location and evidence type before use
A_fast_confirm_existing_human_value,S028,BI-PE,0.823,Table4,ok,false,true,human_confirm_source_table_before_any_use,candidate_only_not_analytic_input_until_human_confirmed,human-coded value is exactly visible in available source/PDF text; confirm source location and evidence type before use
A_fast_confirm_existing_human_value,S028,BI-SE,0.685,Table4,ok,false,true,human_confirm_source_table_before_any_use,candidate_only_not_analytic_input_until_human_confirmed,human-coded value is exactly visible in available source/PDF text; confirm source location and evidence type before use
A_fast_confirm_existing_human_value,S028,BI-SE,0.685,Table4,ok,false,true,human_confirm_source_table_before_any_use,candidate_only_not_analytic_input_until_human_confirmed,human-coded value is exactly visible in available source/PDF text; confirm source location and evidence type before use
A_fast_confirm_existing_human_value,S028,EE-PE,0.667,Table4,ok,false,true,human_confirm_source_table_before_any_use,candidate_only_not_analytic_input_until_human_confirmed,human-coded value is exactly visible in available source/PDF text; confirm source location and evidence type before use
A_fast_confirm_existing_human_value,S028,EE-PE,0.667,Table4,ok,false,true,human_confirm_source_table_before_any_use,candidate_only_not_analytic_input_until_human_confirmed,human-coded value is exactly visible in available source/PDF text; confirm source location and evidence type before use
A_fast_confirm_existing_human_value,S028,EE-SE,0.792,Table4,ok,false,true,human_confirm_source_table_before_any_use,candidate_only_not_analytic_input_until_human_confirmed,human-coded value is exactly visible in available source/PDF text; confirm source location and evidence type before use
A_fast_confirm_existing_human_value,S028,EE-SE,0.792,Table4,ok,false,true,human_confirm_source_table_before_any_use,candidate_only_not_analytic_input_until_human_confirmed,human-coded value is exactly visible in available source/PDF text; confirm source location and evidence type before use
A_fast_confirm_existing_human_value,S028,PE-SE,0.744,Table4,ok,false,true,human_confirm_source_table_before_any_use,candidate_only_not_analytic_input_until_human_confirmed,human-coded value is exactly visible in available source/PDF text; confirm source location and evidence type before use
A_fast_confirm_existing_human_value,S028,PE-SE,0.74,"Table 4, p. 7",ok,false,true,human_confirm_source_table_before_any_use,candidate_only_not_analytic_input_until_human_confirmed,human-coded value is exactly visible in available source/PDF text; confirm source location and evidence type before use
A_fast_confirm_existing_human_value,S028,PE-SE,0.74,"Table 4, p. 7",ok,false,true,human_confirm_source_table_before_any_use,candidate_only_not_analytic_input_until_human_confirmed,human-coded value is exactly visible in available source/PDF text; confirm source location and evidence type before use
A_fast_confirm_existing_human_value,S028,PE-SE,0.744,Table4,ok,false,true,human_confirm_source_table_before_any_use,candidate_only_not_analytic_input_until_human_confirmed,human-coded value is exactly visible in available source/PDF text; confirm source location and evidence type before use
A_fast_confirm_existing_human_value,S033,ATT-PE,0.84,Table 5,ok,true,true,human_confirm_source_table_before_any_use,candidate_only_not_analytic_input_until_human_confirmed,human-coded value is exactly visible in available source/PDF text; confirm source location and evidence type before use
A_fast_confirm_existing_human_value,S035,FC-PE,0.57,Table 4,ok,true,true,human_confirm_source_table_before_any_use,candidate_only_not_analytic_input_until_human_confirmed,human-coded value is exactly visible in available source/PDF text; confirm source location and evidence type before use
A_fast_confirm_existing_human_value,S035,FC-SI,0.66,Table 4,ok,true,true,human_confirm_source_table_before_any_use,candidate_only_not_analytic_input_until_human_confirmed,human-coded value is exactly visible in available source/PDF text; confirm source location and evidence type before use
A_fast_confirm_existing_human_value,S035,PE-TRU,0.56,Table 4,ok,true,true,human_confirm_source_table_before_any_use,candidate_only_not_analytic_input_until_human_confirmed,human-coded value is exactly visible in available source/PDF text; confirm source location and evidence type before use
A_fast_confirm_existing_human_value,S035,PE-UB,0.67,Table 4,ok,true,true,human_confirm_source_table_before_any_use,candidate_only_not_analytic_input_until_human_confirmed,human-coded value is exactly visible in available source/PDF text; confirm source location and evidence type before use
A_fast_confirm_existing_human_value,S036,ANX-BI,-0.336,Table 4,ok,true,true,human_confirm_source_table_before_any_use,candidate_only_not_analytic_input_until_human_confirmed,human-coded value is exactly visible in available source/PDF text; confirm source location and evidence type before use
A_fast_confirm_existing_human_value,S036,ANX-BI,-0.336,Table 4,ok,true,true,human_confirm_source_table_before_any_use,candidate_only_not_analytic_input_until_human_confirmed,human-coded value is exactly visible in available source/PDF text; confirm source location and evidence type before use
A_fast_confirm_existing_human_value,S036,ANX-EE,-0.321,Table 4,ok,true,true,human_confirm_source_table_before_any_use,candidate_only_not_analytic_input_until_human_confirmed,human-coded value is exactly visible in available source/PDF text; confirm source location and evidence type before use
A_fast_confirm_existing_human_value,S036,ANX-EE,-0.321,Table 4,ok,true,true,human_confirm_source_table_before_any_use,candidate_only_not_analytic_input_until_human_confirmed,human-coded value is exactly visible in available source/PDF text; confirm source location and evidence type before use
A_fast_confirm_existing_human_value,S036,ANX-PE,-0.366,Table 4,ok,true,true,human_confirm_source_table_before_any_use,candidate_only_not_analytic_input_until_human_confirmed,human-coded value is exactly visible in available source/PDF text; confirm source location and evidence type before use
A_fast_confirm_existing_human_value,S036,ANX-PE,-0.366,Table 4,ok,true,true,human_confirm_source_table_before_any_use,candidate_only_not_analytic_input_until_human_confirmed,human-coded value is exactly visible in available source/PDF text; confirm source location and evidence type before use
A_fast_confirm_existing_human_value,S036,ANX-SE,-0.318,Table 4,ok,true,true,human_confirm_source_table_before_any_use,candidate_only_not_analytic_input_until_human_confirmed,human-coded value is exactly visible in available source/PDF text; confirm source location and evidence type before use
A_fast_confirm_existing_human_value,S036,ANX-SE,-0.318,Table 4,ok,true,true,human_confirm_source_table_before_any_use,candidate_only_not_analytic_input_until_human_confirmed,human-coded value is exactly visible in available source/PDF text; confirm source location and evidence type before use
A_fast_confirm_existing_human_value,S036,ANX-SI,-0.374,Table 4,ok,true,true,human_confirm_source_table_before_any_use,candidate_only_not_analytic_input_until_human_confirmed,human-coded value is exactly visible in available source/PDF text; confirm source location and evidence type before use
A_fast_confirm_existing_human_value,S036,ANX-SI,-0.374,Table 4,ok,true,true,human_confirm_source_table_before_any_use,candidate_only_not_analytic_input_until_human_confirmed,human-coded value is exactly visible in available source/PDF text; confirm source location and evidence type before use
A_fast_confirm_existing_human_value,S036,ANX-TRU,-0.26,Table 4,ok,true,true,human_confirm_source_table_before_any_use,candidate_only_not_analytic_input_until_human_confirmed,human-coded value is exactly visible in available source/PDF text; confirm source location and evidence type before use
A_fast_confirm_existing_human_value,S036,ANX-TRU,-0.26,Table 4,ok,true,true,human_confirm_source_table_before_any_use,candidate_only_not_analytic_input_until_human_confirmed,human-coded value is exactly visible in available source/PDF text; confirm source location and evidence type before use
A_fast_confirm_existing_human_value,S044,EE-PE,0.66,Table 2,ok,true,true,human_confirm_source_table_before_any_use,candidate_only_not_analytic_input_until_human_confirmed,human-coded value is exactly visible in available source/PDF text; confirm source location and evidence type before use
A_fast_confirm_existing_human_value,S044,FC-SI,0.57,Table 2,ok,true,true,human_confirm_source_table_before_any_use,candidate_only_not_analytic_input_until_human_confirmed,human-coded value is exactly visible in available source/PDF text; confirm source location and evidence type before use
A_fast_confirm_existing_human_value,S046,ANX-BI,-0.377,"Table 5 (Fornell-Larcker), p.12",ok,true,true,human_confirm_source_table_before_any_use,candidate_only_not_analytic_input_until_human_confirmed,human-coded value is exactly visible in available source/PDF text; confirm source location and evidence type before use
A_fast_confirm_existing_human_value,S046,ANX-EE,-0.423,"Table 5 (Fornell-Larcker), p.12",ok,true,true,human_confirm_source_table_before_any_use,candidate_only_not_analytic_input_until_human_confirmed,human-coded value is exactly visible in available source/PDF text; confirm source location and evidence type before use
A_fast_confirm_existing_human_value,S046,ANX-PE,-0.462,"Table 5 (Fornell-Larcker), p.12",ok,true,true,human_confirm_source_table_before_any_use,candidate_only_not_analytic_input_until_human_confirmed,human-coded value is exactly visible in available source/PDF text; confirm source location and evidence type before use
A_fast_confirm_existing_human_value,S046,ANX-SI,-0.032,"Table 5 (Fornell-Larcker), p.12",ok,true,true,human_confirm_source_table_before_any_use,candidate_only_not_analytic_input_until_human_confirmed,human-coded value is exactly visible in available source/PDF text; confirm source location and evidence type before use
A_fast_confirm_existing_human_value,S048,FC-TRU,-0.035,,ok,true,true,human_confirm_source_table_before_any_use,candidate_only_not_analytic_input_until_human_confirmed,human-coded value is exactly visible in available source/PDF text; confirm source location and evidence type before use
A_fast_confirm_existing_human_value,S051,ANX-EE,-0.14,Table 2,ok,true,true,human_confirm_source_table_before_any_use,candidate_only_not_analytic_input_until_human_confirmed,human-coded value is exactly visible in available source/PDF text; confirm source location and evidence type before use
A_fast_confirm_existing_human_value,S051,ANX-FC,-0.34,Table 2,ok,true,true,human_confirm_source_table_before_any_use,candidate_only_not_analytic_input_until_human_confirmed,human-coded value is exactly visible in available source/PDF text; confirm source location and evidence type before use
A_fast_confirm_existing_human_value,S051,ANX-PE,-0.16,Table 2,ok,true,true,human_confirm_source_table_before_any_use,candidate_only_not_analytic_input_until_human_confirmed,human-coded value is exactly visible in available source/PDF text; confirm source location and evidence type before use
A_fast_confirm_existing_human_value,S051,ANX-SI,-0.21,Table 2,ok,true,true,human_confirm_source_table_before_any_use,candidate_only_not_analytic_input_until_human_confirmed,human-coded value is exactly visible in available source/PDF text; confirm source location and evidence type before use
A_fast_confirm_existing_human_value,S052,FC-SI,0.41,,ok,true,true,human_confirm_source_table_before_any_use,candidate_only_not_analytic_input_until_human_confirmed,human-coded value is exactly visible in available source/PDF text; confirm source location and evidence type before use
A_fast_confirm_existing_human_value,S052,FC-SI,0.41,,ok,true,true,human_confirm_source_table_before_any_use,candidate_only_not_analytic_input_until_human_confirmed,human-coded value is exactly visible in available source/PDF text; confirm source location and evidence type before use
A_fast_confirm_existing_human_value,S052,PE-SI,0.65,,ok,true,true,human_confirm_source_table_before_any_use,candidate_only_not_analytic_input_until_human_confirmed,human-coded value is exactly visible in available source/PDF text; confirm source location and evidence type before use
A_fast_confirm_existing_human_value,S052,PE-SI,0.65,,ok,true,true,human_confirm_source_table_before_any_use,candidate_only_not_analytic_input_until_human_confirmed,human-coded value is exactly visible in available source/PDF text; confirm source location and evidence type before use
A_fast_confirm_existing_human_value,S053,EE-UB,-0.032,"Table 5 (Fornell-Larcker), p.5676",ok,true,true,human_confirm_source_table_before_any_use,candidate_only_not_analytic_input_until_human_confirmed,human-coded value is exactly visible in available source/PDF text; confirm source location and evidence type before use
A_fast_confirm_existing_human_value,S058,ATT-EE,0.42,Table 4,ok,true,true,human_confirm_source_table_before_any_use,candidate_only_not_analytic_input_until_human_confirmed,human-coded value is exactly visible in available source/PDF text; confirm source location and evidence type before use
A_fast_confirm_existing_human_value,S058,ATT-PE,0.53,Table 4,ok,true,true,human_confirm_source_table_before_any_use,candidate_only_not_analytic_input_until_human_confirmed,human-coded value is exactly visible in available source/PDF text; confirm source location and evidence type before use
A_fast_confirm_existing_human_value,S059,ATT-BI,0.9,"Table 4, p.9",ok,false,true,human_confirm_source_table_before_any_use,candidate_only_not_analytic_input_until_human_confirmed,human-coded value is exactly visible in available source/PDF text; confirm source location and evidence type before use
A_fast_confirm_existing_human_value,S059,ATT-BI,0.9,"Table 4, p.9",ok,false,true,human_confirm_source_table_before_any_use,candidate_only_not_analytic_input_until_human_confirmed,human-coded value is exactly visible in available source/PDF text; confirm source location and evidence type before use
A_fast_confirm_existing_human_value,S059,ATT-BI,0.9,"Table 4, p.9",ok,false,true,human_confirm_source_table_before_any_use,candidate_only_not_analytic_input_until_human_confirmed,human-coded value is exactly visible in available source/PDF text; confirm source location and evidence type before use
A_fast_confirm_existing_human_value,S059,ATT-EE,0.26,"Table 4, p.9",ok,false,true,human_confirm_source_table_before_any_use,candidate_only_not_analytic_input_until_human_confirmed,human-coded value is exactly visible in available source/PDF text; confirm source location and evidence type before use
A_fast_confirm_existing_human_value,S059,ATT-EE,0.26,"Table 4, p.9",ok,false,true,human_confirm_source_table_before_any_use,candidate_only_not_analytic_input_until_human_confirmed,human-coded value is exactly visible in available source/PDF text; confirm source location and evidence type before use
A_fast_confirm_existing_human_value,S059,ATT-EE,0.26,"Table 4, p.9",ok,false,true,human_confirm_source_table_before_any_use,candidate_only_not_analytic_input_until_human_confirmed,human-coded value is exactly visible in available source/PDF text; confirm source location and evidence type before use
A_fast_confirm_existing_human_value,S059,ATT-PE,0.29,"Table 4, p.9",ok,false,true,human_confirm_source_table_before_any_use,candidate_only_not_analytic_input_until_human_confirmed,human-coded value is exactly visible in available source/PDF text; confirm source location and evidence type before use
A_fast_confirm_existing_human_value,S059,ATT-PE,0.29,"Table 4, p.9",ok,false,true,human_confirm_source_table_before_any_use,candidate_only_not_analytic_input_until_human_confirmed,human-coded value is exactly visible in available source/PDF text; confirm source location and evidence type before use
A_fast_confirm_existing_human_value,S059,ATT-PE,0.29,"Table 4, p.9",ok,false,true,human_confirm_source_table_before_any_use,candidate_only_not_analytic_input_until_human_confirmed,human-coded value is exactly visible in available source/PDF text; confirm source location and evidence type before use
A_fast_confirm_existing_human_value,S059,BI-FC,0.13,"Table 4, p. 9",ok,false,true,human_confirm_source_table_before_any_use,candidate_only_not_analytic_input_until_human_confirmed,human-coded value is exactly visible in available source/PDF text; confirm source location and evidence type before use
A_fast_confirm_existing_human_value,S059,BI-FC,0.13,"Table 4, p. 9",ok,false,true,human_confirm_source_table_before_any_use,candidate_only_not_analytic_input_until_human_confirmed,human-coded value is exactly visible in available source/PDF text; confirm source location and evidence type before use
A_fast_confirm_existing_human_value,S059,EE-FC,0.93,"Table 4, p. 9",ok,false,true,human_confirm_source_table_before_any_use,candidate_only_not_analytic_input_until_human_confirmed,human-coded value is exactly visible in available source/PDF text; confirm source location and evidence type before use
A_fast_confirm_existing_human_value,S059,EE-FC,0.93,"Table 4, p. 9",ok,false,true,human_confirm_source_table_before_any_use,candidate_only_not_analytic_input_until_human_confirmed,human-coded value is exactly visible in available source/PDF text; confirm source location and evidence type before use
A_fast_confirm_existing_human_value,S059,EE-PE,0.18,"Table 4, p.9",ok,false,true,human_confirm_source_table_before_any_use,candidate_only_not_analytic_input_until_human_confirmed,human-coded value is exactly visible in available source/PDF text; confirm source location and evidence type before use
A_fast_confirm_existing_human_value,S061,BI-FC,-0.1,Table 6,ok,true,true,human_confirm_source_table_before_any_use,candidate_only_not_analytic_input_until_human_confirmed,human-coded value is exactly visible in available source/PDF text; confirm source location and evidence type before use
A_fast_confirm_existing_human_value,S066,ANX-BI,0.12,Table 7,ok,true,true,human_confirm_source_table_before_any_use,candidate_only_not_analytic_input_until_human_confirmed,human-coded value is exactly visible in available source/PDF text; confirm source location and evidence type before use
A_fast_confirm_existing_human_value,S066,ANX-FC,0.18,Table 7,ok,true,true,human_confirm_source_table_before_any_use,candidate_only_not_analytic_input_until_human_confirmed,human-coded value is exactly visible in available source/PDF text; confirm source location and evidence type before use
A_fast_confirm_existing_human_value,S066,ANX-TRU,0.19,Table 7,ok,true,true,human_confirm_source_table_before_any_use,candidate_only_not_analytic_input_until_human_confirmed,human-coded value is exactly visible in available source/PDF text; confirm source location and evidence type before use
A_fast_confirm_existing_human_value,S066,BI-EE,0.23,Table 7,ok,true,true,human_confirm_source_table_before_any_use,candidate_only_not_analytic_input_until_human_confirmed,human-coded value is exactly visible in available source/PDF text; confirm source location and evidence type before use
A_fast_confirm_existing_human_value,S070,BI-EE,0.581,Figure 3 / results text,ok,true,true,human_confirm_source_table_before_any_use,candidate_only_not_analytic_input_until_human_confirmed,human-coded value is exactly visible in available source/PDF text; confirm source location and evidence type before use
A_fast_confirm_existing_human_value,S070,BI-EE,-0.058,,ok,true,true,human_confirm_source_table_before_any_use,candidate_only_not_analytic_input_until_human_confirmed,human-coded value is exactly visible in available source/PDF text; confirm source location and evidence type before use
A_fast_confirm_existing_human_value,S070,BI-FC,0.469,Figure 3 / results text,ok,true,true,human_confirm_source_table_before_any_use,candidate_only_not_analytic_input_until_human_confirmed,human-coded value is exactly visible in available source/PDF text; confirm source location and evidence type before use
A_fast_confirm_existing_human_value,S070,BI-PE,0.502,Figure 3 / results text,ok,true,true,human_confirm_source_table_before_any_use,candidate_only_not_analytic_input_until_human_confirmed,human-coded value is exactly visible in available source/PDF text; confirm source location and evidence type before use
A_fast_confirm_existing_human_value,S070,EE-FC,0.576,Figure 4 / results text,ok,true,true,human_confirm_source_table_before_any_use,candidate_only_not_analytic_input_until_human_confirmed,human-coded value is exactly visible in available source/PDF text; confirm source location and evidence type before use
A_fast_confirm_existing_human_value,S070,EE-FC,0.576,Figure 4 / results text,ok,true,true,human_confirm_source_table_before_any_use,candidate_only_not_analytic_input_until_human_confirmed,human-coded value is exactly visible in available source/PDF text; confirm source location and evidence type before use
A_fast_confirm_existing_human_value,S070,EE-PE,0.502,Figure 4 / results text,ok,true,true,human_confirm_source_table_before_any_use,candidate_only_not_analytic_input_until_human_confirmed,human-coded value is exactly visible in available source/PDF text; confirm source location and evidence type before use
A_fast_confirm_existing_human_value,S070,EE-PE,0.502,Figure 4 / results text,ok,true,true,human_confirm_source_table_before_any_use,candidate_only_not_analytic_input_until_human_confirmed,human-coded value is exactly visible in available source/PDF text; confirm source location and evidence type before use
A_fast_confirm_existing_human_value,S070,EE-UB,0.563,Figure 3 / results text,ok,true,true,human_confirm_source_table_before_any_use,candidate_only_not_analytic_input_until_human_confirmed,human-coded value is exactly visible in available source/PDF text; confirm source location and evidence type before use
A_fast_confirm_existing_human_value,S070,FC-PE,0.346,Figure 4 / results text,ok,true,true,human_confirm_source_table_before_any_use,candidate_only_not_analytic_input_until_human_confirmed,human-coded value is exactly visible in available source/PDF text; confirm source location and evidence type before use
A_fast_confirm_existing_human_value,S070,FC-PE,0.346,Figure 4 / results text,ok,true,true,human_confirm_source_table_before_any_use,candidate_only_not_analytic_input_until_human_confirmed,human-coded value is exactly visible in available source/PDF text; confirm source location and evidence type before use
A_fast_confirm_existing_human_value,S070,FC-SI,0.611,Figure 4 / results text,ok,true,true,human_confirm_source_table_before_any_use,candidate_only_not_analytic_input_until_human_confirmed,human-coded value is exactly visible in available source/PDF text; confirm source location and evidence type before use
A_fast_confirm_existing_human_value,S070,FC-SI,0.611,Figure 4 / results text,ok,true,true,human_confirm_source_table_before_any_use,candidate_only_not_analytic_input_until_human_confirmed,human-coded value is exactly visible in available source/PDF text; confirm source location and evidence type before use
A_fast_confirm_existing_human_value,S070,FC-UB,0.488,Figure 3 / results text,ok,true,true,human_confirm_source_table_before_any_use,candidate_only_not_analytic_input_until_human_confirmed,human-coded value is exactly visible in available source/PDF text; confirm source location and evidence type before use
A_fast_confirm_existing_human_value,S070,PE-SI,0.471,Figure 4 / results text,ok,true,true,human_confirm_source_table_before_any_use,candidate_only_not_analytic_input_until_human_confirmed,human-coded value is exactly visible in available source/PDF text; confirm source location and evidence type before use
A_fast_confirm_existing_human_value,S070,PE-SI,0.471,Figure 4 / results text,ok,true,true,human_confirm_source_table_before_any_use,candidate_only_not_analytic_input_until_human_confirmed,human-coded value is exactly visible in available source/PDF text; confirm source location and evidence type before use
A_fast_confirm_existing_human_value,S070,SI-UB,0.675,Figure 3 / results text,ok,true,true,human_confirm_source_table_before_any_use,candidate_only_not_analytic_input_until_human_confirmed,human-coded value is exactly visible in available source/PDF text; confirm source location and evidence type before use
A_fast_confirm_existing_human_value,S072,ANX-BI,-0.623,,ok,true,true,human_confirm_source_table_before_any_use,candidate_only_not_analytic_input_until_human_confirmed,human-coded value is exactly visible in available source/PDF text; confirm source location and evidence type before use
A_fast_confirm_existing_human_value,S072,ANX-EE,-0.592,,ok,true,true,human_confirm_source_table_before_any_use,candidate_only_not_analytic_input_until_human_confirmed,human-coded value is exactly visible in available source/PDF text; confirm source location and evidence type before use
A_fast_confirm_existing_human_value,S072,ANX-FC,-0.568,,ok,true,true,human_confirm_source_table_before_any_use,candidate_only_not_analytic_input_until_human_confirmed,human-coded value is exactly visible in available source/PDF text; confirm source location and evidence type before use
A_fast_confirm_existing_human_value,S072,ANX-PE,-0.522,,ok,true,true,human_confirm_source_table_before_any_use,candidate_only_not_analytic_input_until_human_confirmed,human-coded value is exactly visible in available source/PDF text; confirm source location and evidence type before use
A_fast_confirm_existing_human_value,S072,ANX-SI,-0.571,,ok,true,true,human_confirm_source_table_before_any_use,candidate_only_not_analytic_input_until_human_confirmed,human-coded value is exactly visible in available source/PDF text; confirm source location and evidence type before use
A_fast_confirm_existing_human_value,S072,ANX-UB,-0.506,,ok,true,true,human_confirm_source_table_before_any_use,candidate_only_not_analytic_input_until_human_confirmed,human-coded value is exactly visible in available source/PDF text; confirm source location and evidence type before use
A_fast_confirm_existing_human_value,S072,ATT-PE,0.31,,ok,true,true,human_confirm_source_table_before_any_use,candidate_only_not_analytic_input_until_human_confirmed,human-coded value is exactly visible in available source/PDF text; confirm source location and evidence type before use
A_fast_confirm_existing_human_value,S072,ATT-PE,0.31,,ok,true,true,human_confirm_source_table_before_any_use,candidate_only_not_analytic_input_until_human_confirmed,human-coded value is exactly visible in available source/PDF text; confirm source location and evidence type before use
A_fast_confirm_existing_human_value,S074,ANX-BI,0.6,Table 3,ok,true,true,human_confirm_source_table_before_any_use,candidate_only_not_analytic_input_until_human_confirmed,human-coded value is exactly visible in available source/PDF text; confirm source location and evidence type before use
A_fast_confirm_existing_human_value,S074,ANX-EE,0.18,Table 3,ok,true,true,human_confirm_source_table_before_any_use,candidate_only_not_analytic_input_until_human_confirmed,human-coded value is exactly visible in available source/PDF text; confirm source location and evidence type before use
A_fast_confirm_existing_human_value,S074,ATT-EE,0.27,Table 3,ok,true,true,human_confirm_source_table_before_any_use,candidate_only_not_analytic_input_until_human_confirmed,human-coded value is exactly visible in available source/PDF text; confirm source location and evidence type before use
A_fast_confirm_existing_human_value,S074,BI-EE,0.33,Table 3,ok,true,true,human_confirm_source_table_before_any_use,candidate_only_not_analytic_input_until_human_confirmed,human-coded value is exactly visible in available source/PDF text; confirm source location and evidence type before use
A_fast_confirm_existing_human_value,S074,BI-PE,0.59,Table 3,ok,true,true,human_confirm_source_table_before_any_use,candidate_only_not_analytic_input_until_human_confirmed,human-coded value is exactly visible in available source/PDF text; confirm source location and evidence type before use
A_fast_confirm_existing_human_value,S074,EE-PE,0.34,Table 3,ok,true,true,human_confirm_source_table_before_any_use,candidate_only_not_analytic_input_until_human_confirmed,human-coded value is exactly visible in available source/PDF text; confirm source location and evidence type before use
A_fast_confirm_existing_human_value,S074,EE-SE,0.3,Table 3,ok,true,true,human_confirm_source_table_before_any_use,candidate_only_not_analytic_input_until_human_confirmed,human-coded value is exactly visible in available source/PDF text; confirm source location and evidence type before use
A_fast_confirm_existing_human_value,S077,ATT-EE,0.62,,ok,true,true,human_confirm_source_table_before_any_use,candidate_only_not_analytic_input_until_human_confirmed,human-coded value is exactly visible in available source/PDF text; confirm source location and evidence type before use
A_fast_confirm_existing_human_value,S077,ATT-EE,0.62,,ok,true,true,human_confirm_source_table_before_any_use,candidate_only_not_analytic_input_until_human_confirmed,human-coded value is exactly visible in available source/PDF text; confirm source location and evidence type before use
A_fast_confirm_existing_human_value,S077,ATT-PE,0.75,,ok,true,true,human_confirm_source_table_before_any_use,candidate_only_not_analytic_input_until_human_confirmed,human-coded value is exactly visible in available source/PDF text; confirm source location and evidence type before use
A_fast_confirm_existing_human_value,S077,ATT-PE,0.75,,ok,true,true,human_confirm_source_table_before_any_use,candidate_only_not_analytic_input_until_human_confirmed,human-coded value is exactly visible in available source/PDF text; confirm source location and evidence type before use
A_fast_confirm_existing_human_value,S077,ATT-SI,0.6,,ok,true,true,human_confirm_source_table_before_any_use,candidate_only_not_analytic_input_until_human_confirmed,human-coded value is exactly visible in available source/PDF text; confirm source location and evidence type before use
A_fast_confirm_existing_human_value,S077,ATT-SI,0.6,,ok,true,true,human_confirm_source_table_before_any_use,candidate_only_not_analytic_input_until_human_confirmed,human-coded value is exactly visible in available source/PDF text; confirm source location and evidence type before use
A_fast_confirm_existing_human_value,S077,BI-EE,0.62,,ok,true,true,human_confirm_source_table_before_any_use,candidate_only_not_analytic_input_until_human_confirmed,human-coded value is exactly visible in available source/PDF text; confirm source location and evidence type before use
A_fast_confirm_existing_human_value,S077,BI-EE,0.62,,ok,true,true,human_confirm_source_table_before_any_use,candidate_only_not_analytic_input_until_human_confirmed,human-coded value is exactly visible in available source/PDF text; confirm source location and evidence type before use
A_fast_confirm_existing_human_value,S077,BI-PE,0.63,,ok,true,true,human_confirm_source_table_before_any_use,candidate_only_not_analytic_input_until_human_confirmed,human-coded value is exactly visible in available source/PDF text; confirm source location and evidence type before use
A_fast_confirm_existing_human_value,S077,BI-PE,0.63,,ok,true,true,human_confirm_source_table_before_any_use,candidate_only_not_analytic_input_until_human_confirmed,human-coded value is exactly visible in available source/PDF text; confirm source location and evidence type before use
A_fast_confirm_existing_human_value,S077,BI-SI,0.63,,ok,true,true,human_confirm_source_table_before_any_use,candidate_only_not_analytic_input_until_human_confirmed,human-coded value is exactly visible in available source/PDF text; confirm source location and evidence type before use
A_fast_confirm_existing_human_value,S077,BI-SI,0.63,,ok,true,true,human_confirm_source_table_before_any_use,candidate_only_not_analytic_input_until_human_confirmed,human-coded value is exactly visible in available source/PDF text; confirm source location and evidence type before use
A_fast_confirm_existing_human_value,S078,ATT-SI,0.608,,ok,true,true,human_confirm_source_table_before_any_use,candidate_only_not_analytic_input_until_human_confirmed,human-coded value is exactly visible in available source/PDF text; confirm source location and evidence type before use
A_fast_confirm_existing_human_value,S078,ATT-SI,0.608,,ok,true,true,human_confirm_source_table_before_any_use,candidate_only_not_analytic_input_until_human_confirmed,human-coded value is exactly visible in available source/PDF text; confirm source location and evidence type before use
A_fast_confirm_existing_human_value,S078,BI-SE,0.491,,ok,true,true,human_confirm_source_table_before_any_use,candidate_only_not_analytic_input_until_human_confirmed,human-coded value is exactly visible in available source/PDF text; confirm source location and evidence type before use
A_fast_confirm_existing_human_value,S078,BI-SI,0.542,,ok,true,true,human_confirm_source_table_before_any_use,candidate_only_not_analytic_input_until_human_confirmed,human-coded value is exactly visible in available source/PDF text; confirm source location and evidence type before use
A_fast_confirm_existing_human_value,S078,BI-SI,0.542,,ok,true,true,human_confirm_source_table_before_any_use,candidate_only_not_analytic_input_until_human_confirmed,human-coded value is exactly visible in available source/PDF text; confirm source location and evidence type before use
A_fast_confirm_existing_human_value,S078,SE-SI,0.486,,ok,true,true,human_confirm_source_table_before_any_use,candidate_only_not_analytic_input_until_human_confirmed,human-coded value is exactly visible in available source/PDF text; confirm source location and evidence type before use
A_fast_confirm_existing_human_value,S080,BI-FC,-0.11,Table III,ok,true,true,human_confirm_source_table_before_any_use,candidate_only_not_analytic_input_until_human_confirmed,human-coded value is exactly visible in available source/PDF text; confirm source location and evidence type before use
A_fast_confirm_existing_human_value,S080,BI-FC,-0.058,Table III,ok,true,true,human_confirm_source_table_before_any_use,candidate_only_not_analytic_input_until_human_confirmed,human-coded value is exactly visible in available source/PDF text; confirm source location and evidence type before use
A_fast_confirm_existing_human_value,S080,BI-PE,0.26,Table III,ok,true,true,human_confirm_source_table_before_any_use,candidate_only_not_analytic_input_until_human_confirmed,human-coded value is exactly visible in available source/PDF text; confirm source location and evidence type before use
A_fast_confirm_existing_human_value,S081,BI-FC,0.43,Table 4,ok,true,true,human_confirm_source_table_before_any_use,candidate_only_not_analytic_input_until_human_confirmed,human-coded value is exactly visible in available source/PDF text; confirm source location and evidence type before use
A_fast_confirm_existing_human_value,S081,BI-PE,0.41,Table 4,ok,true,true,human_confirm_source_table_before_any_use,candidate_only_not_analytic_input_until_human_confirmed,human-coded value is exactly visible in available source/PDF text; confirm source location and evidence type before use
A_fast_confirm_existing_human_value,S081,EE-PE,0.4,Table 4,ok,true,true,human_confirm_source_table_before_any_use,candidate_only_not_analytic_input_until_human_confirmed,human-coded value is exactly visible in available source/PDF text; confirm source location and evidence type before use
A_fast_confirm_existing_human_value,S081,EE-SI,0.43,Table 4,ok,true,true,human_confirm_source_table_before_any_use,candidate_only_not_analytic_input_until_human_confirmed,human-coded value is exactly visible in available source/PDF text; confirm source location and evidence type before use
A_fast_confirm_existing_human_value,S086,BI-FC,0.32,Table 2,ok,true,true,human_confirm_source_table_before_any_use,candidate_only_not_analytic_input_until_human_confirmed,human-coded value is exactly visible in available source/PDF text; confirm source location and evidence type before use
A_fast_confirm_existing_human_value,S086,EE-SI,0.39,Table 2,ok,true,true,human_confirm_source_table_before_any_use,candidate_only_not_analytic_input_until_human_confirmed,human-coded value is exactly visible in available source/PDF text; confirm source location and evidence type before use
A_fast_confirm_existing_human_value,S086,FC-TRU,0.41,Table 2,ok,true,true,human_confirm_source_table_before_any_use,candidate_only_not_analytic_input_until_human_confirmed,human-coded value is exactly visible in available source/PDF text; confirm source location and evidence type before use
A_fast_confirm_existing_human_value,S086,PE-SI,0.44,Table 2,ok,true,true,human_confirm_source_table_before_any_use,candidate_only_not_analytic_input_until_human_confirmed,human-coded value is exactly visible in available source/PDF text; confirm source location and evidence type before use
A_fast_confirm_existing_human_value,S086,SI-UB,0.41,Table 2,ok,true,true,human_confirm_source_table_before_any_use,candidate_only_not_analytic_input_until_human_confirmed,human-coded value is exactly visible in available source/PDF text; confirm source location and evidence type before use
A_fast_confirm_existing_human_value,S093,ATT-EE,0.48,Table 3,ok,true,true,human_confirm_source_table_before_any_use,candidate_only_not_analytic_input_until_human_confirmed,human-coded value is exactly visible in available source/PDF text; confirm source location and evidence type before use
A_fast_confirm_existing_human_value,S093,ATT-PE,0.39,Table 3,ok,true,true,human_confirm_source_table_before_any_use,candidate_only_not_analytic_input_until_human_confirmed,human-coded value is exactly visible in available source/PDF text; confirm source location and evidence type before use
A_fast_confirm_existing_human_value,S093,EE-FC,0.15,Table 3,ok,true,true,human_confirm_source_table_before_any_use,candidate_only_not_analytic_input_until_human_confirmed,human-coded value is exactly visible in available source/PDF text; confirm source location and evidence type before use
A_fast_confirm_existing_human_value,S108,EE-PE,0.61,,ok,false,true,human_confirm_source_table_before_any_use,candidate_only_not_analytic_input_until_human_confirmed,human-coded value is exactly visible in available source/PDF text; confirm source location and evidence type before use
A_fast_confirm_existing_human_value,S110,BI-EE,0.623,Figure3,ok,false,true,human_confirm_source_table_before_any_use,candidate_only_not_analytic_input_until_human_confirmed,human-coded value is exactly visible in available source/PDF text; confirm source location and evidence type before use
A_fast_confirm_existing_human_value,S110,BI-EE,0.17,"Table 4, p. 627",ok,false,true,human_confirm_source_table_before_any_use,candidate_only_not_analytic_input_until_human_confirmed,human-coded value is exactly visible in available source/PDF text; confirm source location and evidence type before use
A_fast_confirm_existing_human_value,S110,BI-EE,0.17,"Table 4, p. 627",ok,false,true,human_confirm_source_table_before_any_use,candidate_only_not_analytic_input_until_human_confirmed,human-coded value is exactly visible in available source/PDF text; confirm source location and evidence type before use
A_fast_confirm_existing_human_value,S110,BI-EE,0.623,Figure3,ok,false,true,human_confirm_source_table_before_any_use,candidate_only_not_analytic_input_until_human_confirmed,human-coded value is exactly visible in available source/PDF text; confirm source location and evidence type before use
A_fast_confirm_existing_human_value,S110,BI-PE,0.681,Figure3,ok,false,true,human_confirm_source_table_before_any_use,candidate_only_not_analytic_input_until_human_confirmed,human-coded value is exactly visible in available source/PDF text; confirm source location and evidence type before use
A_fast_confirm_existing_human_value,S110,BI-PE,0.19,"Table 4, p. 627",ok,false,true,human_confirm_source_table_before_any_use,candidate_only_not_analytic_input_until_human_confirmed,human-coded value is exactly visible in available source/PDF text; confirm source location and evidence type before use
A_fast_confirm_existing_human_value,S110,BI-PE,0.19,"Table 4, p. 627",ok,false,true,human_confirm_source_table_before_any_use,candidate_only_not_analytic_input_until_human_confirmed,human-coded value is exactly visible in available source/PDF text; confirm source location and evidence type before use
A_fast_confirm_existing_human_value,S110,BI-PE,0.681,Figure3,ok,false,true,human_confirm_source_table_before_any_use,candidate_only_not_analytic_input_until_human_confirmed,human-coded value is exactly visible in available source/PDF text; confirm source location and evidence type before use
A_fast_confirm_existing_human_value,S110,BI-SI,0.52,"Table 4, p.627",ok,false,true,human_confirm_source_table_before_any_use,candidate_only_not_analytic_input_until_human_confirmed,human-coded value is exactly visible in available source/PDF text; confirm source location and evidence type before use
A_fast_confirm_existing_human_value,S110,BI-SI,0.52,"Table 4, p.627",ok,false,true,human_confirm_source_table_before_any_use,candidate_only_not_analytic_input_until_human_confirmed,human-coded value is exactly visible in available source/PDF text; confirm source location and evidence type before use
A_fast_confirm_existing_human_value,S110,BI-SI,0.05,"Table 4, p. 627",ok,false,true,human_confirm_source_table_before_any_use,candidate_only_not_analytic_input_until_human_confirmed,human-coded value is exactly visible in available source/PDF text; confirm source location and evidence type before use
A_fast_confirm_existing_human_value,S110,BI-SI,0.05,"Table 4, p. 627",ok,false,true,human_confirm_source_table_before_any_use,candidate_only_not_analytic_input_until_human_confirmed,human-coded value is exactly visible in available source/PDF text; confirm source location and evidence type before use
A_fast_confirm_existing_human_value,S110,BI-SI,0.52,"Table 4, p.627",ok,false,true,human_confirm_source_table_before_any_use,candidate_only_not_analytic_input_until_human_confirmed,human-coded value is exactly visible in available source/PDF text; confirm source location and evidence type before use
A_fast_confirm_existing_human_value,S112,BI-EE,0.16,Table 9,ok,true,true,human_confirm_source_table_before_any_use,candidate_only_not_analytic_input_until_human_confirmed,human-coded value is exactly visible in available source/PDF text; confirm source location and evidence type before use
A_fast_confirm_existing_human_value,S112,BI-FC,0.16,Table 9,ok,true,true,human_confirm_source_table_before_any_use,candidate_only_not_analytic_input_until_human_confirmed,human-coded value is exactly visible in available source/PDF text; confirm source location and evidence type before use
A_fast_confirm_existing_human_value,S112,BI-PE,0.23,Table 9,ok,true,true,human_confirm_source_table_before_any_use,candidate_only_not_analytic_input_until_human_confirmed,human-coded value is exactly visible in available source/PDF text; confirm source location and evidence type before use
A_fast_confirm_existing_human_value,S113,BI-EE,0.45,Table 7,ok,true,true,human_confirm_source_table_before_any_use,candidate_only_not_analytic_input_until_human_confirmed,human-coded value is exactly visible in available source/PDF text; confirm source location and evidence type before use
A_fast_confirm_existing_human_value,S113,BI-PE,0.53,Table 7,ok,true,true,human_confirm_source_table_before_any_use,candidate_only_not_analytic_input_until_human_confirmed,human-coded value is exactly visible in available source/PDF text; confirm source location and evidence type before use
A_fast_confirm_existing_human_value,S115,ATT-EE,0.79,,ok,true,true,human_confirm_source_table_before_any_use,candidate_only_not_analytic_input_until_human_confirmed,human-coded value is exactly visible in available source/PDF text; confirm source location and evidence type before use
A_fast_confirm_existing_human_value,S120,BI-PE,0.32,Table 10,ok,true,true,human_confirm_source_table_before_any_use,candidate_only_not_analytic_input_until_human_confirmed,human-coded value is exactly visible in available source/PDF text; confirm source location and evidence type before use
A_fast_confirm_existing_human_value,S121-1,BI-EE,0.67,Figure 2 student,ok,true,true,human_confirm_source_table_before_any_use,candidate_only_not_analytic_input_until_human_confirmed,human-coded value is exactly visible in available source/PDF text; confirm source location and evidence type before use
A_fast_confirm_existing_human_value,S121-1,BI-EE,0.67,Figure 2 student,ok,true,true,human_confirm_source_table_before_any_use,candidate_only_not_analytic_input_until_human_confirmed,human-coded value is exactly visible in available source/PDF text; confirm source location and evidence type before use
A_fast_confirm_existing_human_value,S121-1,BI-FC,0.59,,ok,true,true,human_confirm_source_table_before_any_use,candidate_only_not_analytic_input_until_human_confirmed,human-coded value is exactly visible in available source/PDF text; confirm source location and evidence type before use
A_fast_confirm_existing_human_value,S121-1,BI-FC,0.59,,ok,true,true,human_confirm_source_table_before_any_use,candidate_only_not_analytic_input_until_human_confirmed,human-coded value is exactly visible in available source/PDF text; confirm source location and evidence type before use
A_fast_confirm_existing_human_value,S121-1,BI-PE,0.84,,ok,true,true,human_confirm_source_table_before_any_use,candidate_only_not_analytic_input_until_human_confirmed,human-coded value is exactly visible in available source/PDF text; confirm source location and evidence type before use
A_fast_confirm_existing_human_value,S121-1,BI-PE,0.84,,ok,true,true,human_confirm_source_table_before_any_use,candidate_only_not_analytic_input_until_human_confirmed,human-coded value is exactly visible in available source/PDF text; confirm source location and evidence type before use
A_fast_confirm_existing_human_value,S121-1,BI-SI,0.66,,ok,true,true,human_confirm_source_table_before_any_use,candidate_only_not_analytic_input_until_human_confirmed,human-coded value is exactly visible in available source/PDF text; confirm source location and evidence type before use
A_fast_confirm_existing_human_value,S121-1,BI-SI,0.66,,ok,true,true,human_confirm_source_table_before_any_use,candidate_only_not_analytic_input_until_human_confirmed,human-coded value is exactly visible in available source/PDF text; confirm source location and evidence type before use
A_fast_confirm_existing_human_value,S121-1,BI-TRU,0.34,,ok,true,true,human_confirm_source_table_before_any_use,candidate_only_not_analytic_input_until_human_confirmed,human-coded value is exactly visible in available source/PDF text; confirm source location and evidence type before use
A_fast_confirm_existing_human_value,S121-1,BI-TRU,0.34,,ok,true,true,human_confirm_source_table_before_any_use,candidate_only_not_analytic_input_until_human_confirmed,human-coded value is exactly visible in available source/PDF text; confirm source location and evidence type before use
A_fast_confirm_existing_human_value,S121-1,BI-UB,0.58,,ok,true,true,human_confirm_source_table_before_any_use,candidate_only_not_analytic_input_until_human_confirmed,human-coded value is exactly visible in available source/PDF text; confirm source location and evidence type before use
A_fast_confirm_existing_human_value,S121-1,BI-UB,0.58,,ok,true,true,human_confirm_source_table_before_any_use,candidate_only_not_analytic_input_until_human_confirmed,human-coded value is exactly visible in available source/PDF text; confirm source location and evidence type before use
A_fast_confirm_existing_human_value,S121-1,EE-FC,0.72,,ok,true,true,human_confirm_source_table_before_any_use,candidate_only_not_analytic_input_until_human_confirmed,human-coded value is exactly visible in available source/PDF text; confirm source location and evidence type before use
A_fast_confirm_existing_human_value,S121-1,EE-FC,0.72,,ok,true,true,human_confirm_source_table_before_any_use,candidate_only_not_analytic_input_until_human_confirmed,human-coded value is exactly visible in available source/PDF text; confirm source location and evidence type before use
A_fast_confirm_existing_human_value,S121-1,EE-PE,0.62,,ok,true,true,human_confirm_source_table_before_any_use,candidate_only_not_analytic_input_until_human_confirmed,human-coded value is exactly visible in available source/PDF text; confirm source location and evidence type before use
A_fast_confirm_existing_human_value,S121-1,EE-PE,0.62,,ok,true,true,human_confirm_source_table_before_any_use,candidate_only_not_analytic_input_until_human_confirmed,human-coded value is exactly visible in available source/PDF text; confirm source location and evidence type before use
A_fast_confirm_existing_human_value,S121-1,EE-SI,0.53,,ok,true,true,human_confirm_source_table_before_any_use,candidate_only_not_analytic_input_until_human_confirmed,human-coded value is exactly visible in available source/PDF text; confirm source location and evidence type before use
A_fast_confirm_existing_human_value,S121-1,EE-SI,0.53,,ok,true,true,human_confirm_source_table_before_any_use,candidate_only_not_analytic_input_until_human_confirmed,human-coded value is exactly visible in available source/PDF text; confirm source location and evidence type before use
A_fast_confirm_existing_human_value,S121-1,EE-TRU,0.22,,ok,true,true,human_confirm_source_table_before_any_use,candidate_only_not_analytic_input_until_human_confirmed,human-coded value is exactly visible in available source/PDF text; confirm source location and evidence type before use
A_fast_confirm_existing_human_value,S121-1,EE-TRU,0.22,,ok,true,true,human_confirm_source_table_before_any_use,candidate_only_not_analytic_input_until_human_confirmed,human-coded value is exactly visible in available source/PDF text; confirm source location and evidence type before use
A_fast_confirm_existing_human_value,S121-1,EE-UB,0.39,,ok,true,true,human_confirm_source_table_before_any_use,candidate_only_not_analytic_input_until_human_confirmed,human-coded value is exactly visible in available source/PDF text; confirm source location and evidence type before use
A_fast_confirm_existing_human_value,S121-1,EE-UB,0.39,,ok,true,true,human_confirm_source_table_before_any_use,candidate_only_not_analytic_input_until_human_confirmed,human-coded value is exactly visible in available source/PDF text; confirm source location and evidence type before use
A_fast_confirm_existing_human_value,S121-1,FC-PE,0.53,,ok,true,true,human_confirm_source_table_before_any_use,candidate_only_not_analytic_input_until_human_confirmed,human-coded value is exactly visible in available source/PDF text; confirm source location and evidence type before use
A_fast_confirm_existing_human_value,S121-1,FC-PE,0.53,,ok,true,true,human_confirm_source_table_before_any_use,candidate_only_not_analytic_input_until_human_confirmed,human-coded value is exactly visible in available source/PDF text; confirm source location and evidence type before use
A_fast_confirm_existing_human_value,S121-1,FC-SI,0.49,,ok,true,true,human_confirm_source_table_before_any_use,candidate_only_not_analytic_input_until_human_confirmed,human-coded value is exactly visible in available source/PDF text; confirm source location and evidence type before use
A_fast_confirm_existing_human_value,S121-1,FC-SI,0.49,,ok,true,true,human_confirm_source_table_before_any_use,candidate_only_not_analytic_input_until_human_confirmed,human-coded value is exactly visible in available source/PDF text; confirm source location and evidence type before use
A_fast_confirm_existing_human_value,S121-1,FC-TRU,0.16,,ok,true,true,human_confirm_source_table_before_any_use,candidate_only_not_analytic_input_until_human_confirmed,human-coded value is exactly visible in available source/PDF text; confirm source location and evidence type before use
A_fast_confirm_existing_human_value,S121-1,FC-TRU,0.16,,ok,true,true,human_confirm_source_table_before_any_use,candidate_only_not_analytic_input_until_human_confirmed,human-coded value is exactly visible in available source/PDF text; confirm source location and evidence type before use
A_fast_confirm_existing_human_value,S121-1,FC-UB,0.29,,ok,true,true,human_confirm_source_table_before_any_use,candidate_only_not_analytic_input_until_human_confirmed,human-coded value is exactly visible in available source/PDF text; confirm source location and evidence type before use
A_fast_confirm_existing_human_value,S121-1,FC-UB,0.29,,ok,true,true,human_confirm_source_table_before_any_use,candidate_only_not_analytic_input_until_human_confirmed,human-coded value is exactly visible in available source/PDF text; confirm source location and evidence type before use
A_fast_confirm_existing_human_value,S121-1,PE-SI,0.64,,ok,true,true,human_confirm_source_table_before_any_use,candidate_only_not_analytic_input_until_human_confirmed,human-coded value is exactly visible in available source/PDF text; confirm source location and evidence type before use
A_fast_confirm_existing_human_value,S121-1,PE-SI,0.64,,ok,true,true,human_confirm_source_table_before_any_use,candidate_only_not_analytic_input_until_human_confirmed,human-coded value is exactly visible in available source/PDF text; confirm source location and evidence type before use
A_fast_confirm_existing_human_value,S121-1,PE-TRU,0.36,,ok,true,true,human_confirm_source_table_before_any_use,candidate_only_not_analytic_input_until_human_confirmed,human-coded value is exactly visible in available source/PDF text; confirm source location and evidence type before use
A_fast_confirm_existing_human_value,S121-1,PE-TRU,0.36,,ok,true,true,human_confirm_source_table_before_any_use,candidate_only_not_analytic_input_until_human_confirmed,human-coded value is exactly visible in available source/PDF text; confirm source location and evidence type before use
A_fast_confirm_existing_human_value,S121-1,PE-UB,0.47,,ok,true,true,human_confirm_source_table_before_any_use,candidate_only_not_analytic_input_until_human_confirmed,human-coded value is exactly visible in available source/PDF text; confirm source location and evidence type before use
A_fast_confirm_existing_human_value,S121-1,PE-UB,0.47,,ok,true,true,human_confirm_source_table_before_any_use,candidate_only_not_analytic_input_until_human_confirmed,human-coded value is exactly visible in available source/PDF text; confirm source location and evidence type before use
A_fast_confirm_existing_human_value,S121-1,SI-TRU,0.23,,ok,true,true,human_confirm_source_table_before_any_use,candidate_only_not_analytic_input_until_human_confirmed,human-coded value is exactly visible in available source/PDF text; confirm source location and evidence type before use
A_fast_confirm_existing_human_value,S121-1,SI-TRU,0.23,,ok,true,true,human_confirm_source_table_before_any_use,candidate_only_not_analytic_input_until_human_confirmed,human-coded value is exactly visible in available source/PDF text; confirm source location and evidence type before use
A_fast_confirm_existing_human_value,S121-1,SI-UB,0.32,,ok,true,true,human_confirm_source_table_before_any_use,candidate_only_not_analytic_input_until_human_confirmed,human-coded value is exactly visible in available source/PDF text; confirm source location and evidence type before use
A_fast_confirm_existing_human_value,S121-1,SI-UB,0.32,,ok,true,true,human_confirm_source_table_before_any_use,candidate_only_not_analytic_input_until_human_confirmed,human-coded value is exactly visible in available source/PDF text; confirm source location and evidence type before use
A_fast_confirm_existing_human_value,S121-1,TRU-UB,0.36,,ok,true,true,human_confirm_source_table_before_any_use,candidate_only_not_analytic_input_until_human_confirmed,human-coded value is exactly visible in available source/PDF text; confirm source location and evidence type before use
A_fast_confirm_existing_human_value,S121-1,TRU-UB,0.36,,ok,true,true,human_confirm_source_table_before_any_use,candidate_only_not_analytic_input_until_human_confirmed,human-coded value is exactly visible in available source/PDF text; confirm source location and evidence type before use
A_fast_confirm_existing_human_value,S121-2,BI-EE,0.69,Figure 2 teacher,ok,true,true,human_confirm_source_table_before_any_use,candidate_only_not_analytic_input_until_human_confirmed,human-coded value is exactly visible in available source/PDF text; confirm source location and evidence type before use
A_fast_confirm_existing_human_value,S121-2,BI-EE,0.69,Figure 2 teacher,ok,true,true,human_confirm_source_table_before_any_use,candidate_only_not_analytic_input_until_human_confirmed,human-coded value is exactly visible in available source/PDF text; confirm source location and evidence type before use
A_fast_confirm_existing_human_value,S121-2,BI-FC,0.58,,ok,true,true,human_confirm_source_table_before_any_use,candidate_only_not_analytic_input_until_human_confirmed,human-coded value is exactly visible in available source/PDF text; confirm source location and evidence type before use
A_fast_confirm_existing_human_value,S121-2,BI-FC,0.58,,ok,true,true,human_confirm_source_table_before_any_use,candidate_only_not_analytic_input_until_human_confirmed,human-coded value is exactly visible in available source/PDF text; confirm source location and evidence type before use
A_fast_confirm_existing_human_value,S121-2,BI-PE,0.81,,ok,true,true,human_confirm_source_table_before_any_use,candidate_only_not_analytic_input_until_human_confirmed,human-coded value is exactly visible in available source/PDF text; confirm source location and evidence type before use
A_fast_confirm_existing_human_value,S121-2,BI-PE,0.81,,ok,true,true,human_confirm_source_table_before_any_use,candidate_only_not_analytic_input_until_human_confirmed,human-coded value is exactly visible in available source/PDF text; confirm source location and evidence type before use
A_fast_confirm_existing_human_value,S121-2,BI-SI,0.58,,ok,true,true,human_confirm_source_table_before_any_use,candidate_only_not_analytic_input_until_human_confirmed,human-coded value is exactly visible in available source/PDF text; confirm source location and evidence type before use
A_fast_confirm_existing_human_value,S121-2,BI-SI,0.58,,ok,true,true,human_confirm_source_table_before_any_use,candidate_only_not_analytic_input_until_human_confirmed,human-coded value is exactly visible in available source/PDF text; confirm source location and evidence type before use
A_fast_confirm_existing_human_value,S121-2,BI-TRU,0.27,,ok,true,true,human_confirm_source_table_before_any_use,candidate_only_not_analytic_input_until_human_confirmed,human-coded value is exactly visible in available source/PDF text; confirm source location and evidence type before use
A_fast_confirm_existing_human_value,S121-2,BI-TRU,0.27,,ok,true,true,human_confirm_source_table_before_any_use,candidate_only_not_analytic_input_until_human_confirmed,human-coded value is exactly visible in available source/PDF text; confirm source location and evidence type before use
A_fast_confirm_existing_human_value,S121-2,BI-UB,0.48,,ok,true,true,human_confirm_source_table_before_any_use,candidate_only_not_analytic_input_until_human_confirmed,human-coded value is exactly visible in available source/PDF text; confirm source location and evidence type before use
A_fast_confirm_existing_human_value,S121-2,BI-UB,0.48,,ok,true,true,human_confirm_source_table_before_any_use,candidate_only_not_analytic_input_until_human_confirmed,human-coded value is exactly visible in available source/PDF text; confirm source location and evidence type before use
A_fast_confirm_existing_human_value,S121-2,EE-FC,0.7,,ok,true,true,human_confirm_source_table_before_any_use,candidate_only_not_analytic_input_until_human_confirmed,human-coded value is exactly visible in available source/PDF text; confirm source location and evidence type before use
A_fast_confirm_existing_human_value,S121-2,EE-FC,0.7,,ok,true,true,human_confirm_source_table_before_any_use,candidate_only_not_analytic_input_until_human_confirmed,human-coded value is exactly visible in available source/PDF text; confirm source location and evidence type before use
A_fast_confirm_existing_human_value,S121-2,EE-PE,0.57,,ok,true,true,human_confirm_source_table_before_any_use,candidate_only_not_analytic_input_until_human_confirmed,human-coded value is exactly visible in available source/PDF text; confirm source location and evidence type before use
A_fast_confirm_existing_human_value,S121-2,EE-PE,0.57,,ok,true,true,human_confirm_source_table_before_any_use,candidate_only_not_analytic_input_until_human_confirmed,human-coded value is exactly visible in available source/PDF text; confirm source location and evidence type before use
A_fast_confirm_existing_human_value,S121-2,EE-SI,0.45,,ok,true,true,human_confirm_source_table_before_any_use,candidate_only_not_analytic_input_until_human_confirmed,human-coded value is exactly visible in available source/PDF text; confirm source location and evidence type before use
A_fast_confirm_existing_human_value,S121-2,EE-SI,0.45,,ok,true,true,human_confirm_source_table_before_any_use,candidate_only_not_analytic_input_until_human_confirmed,human-coded value is exactly visible in available source/PDF text; confirm source location and evidence type before use
A_fast_confirm_existing_human_value,S121-2,EE-TRU,0.19,,ok,true,true,human_confirm_source_table_before_any_use,candidate_only_not_analytic_input_until_human_confirmed,human-coded value is exactly visible in available source/PDF text; confirm source location and evidence type before use
A_fast_confirm_existing_human_value,S121-2,EE-TRU,0.19,,ok,true,true,human_confirm_source_table_before_any_use,candidate_only_not_analytic_input_until_human_confirmed,human-coded value is exactly visible in available source/PDF text; confirm source location and evidence type before use
A_fast_confirm_existing_human_value,S121-2,EE-UB,0.44,,ok,true,true,human_confirm_source_table_before_any_use,candidate_only_not_analytic_input_until_human_confirmed,human-coded value is exactly visible in available source/PDF text; confirm source location and evidence type before use
A_fast_confirm_existing_human_value,S121-2,EE-UB,0.44,,ok,true,true,human_confirm_source_table_before_any_use,candidate_only_not_analytic_input_until_human_confirmed,human-coded value is exactly visible in available source/PDF text; confirm source location and evidence type before use
A_fast_confirm_existing_human_value,S121-2,FC-PE,0.47,,ok,true,true,human_confirm_source_table_before_any_use,candidate_only_not_analytic_input_until_human_confirmed,human-coded value is exactly visible in available source/PDF text; confirm source location and evidence type before use
A_fast_confirm_existing_human_value,S121-2,FC-PE,0.47,,ok,true,true,human_confirm_source_table_before_any_use,candidate_only_not_analytic_input_until_human_confirmed,human-coded value is exactly visible in available source/PDF text; confirm source location and evidence type before use
A_fast_confirm_existing_human_value,S121-2,FC-SI,0.44,,ok,true,true,human_confirm_source_table_before_any_use,candidate_only_not_analytic_input_until_human_confirmed,human-coded value is exactly visible in available source/PDF text; confirm source location and evidence type before use
A_fast_confirm_existing_human_value,S121-2,FC-SI,0.44,,ok,true,true,human_confirm_source_table_before_any_use,candidate_only_not_analytic_input_until_human_confirmed,human-coded value is exactly visible in available source/PDF text; confirm source location and evidence type before use
A_fast_confirm_existing_human_value,S121-2,FC-TRU,0.13,,ok,true,true,human_confirm_source_table_before_any_use,candidate_only_not_analytic_input_until_human_confirmed,human-coded value is exactly visible in available source/PDF text; confirm source location and evidence type before use
A_fast_confirm_existing_human_value,S121-2,FC-TRU,0.13,,ok,true,true,human_confirm_source_table_before_any_use,candidate_only_not_analytic_input_until_human_confirmed,human-coded value is exactly visible in available source/PDF text; confirm source location and evidence type before use
A_fast_confirm_existing_human_value,S121-2,FC-UB,0.34,,ok,true,true,human_confirm_source_table_before_any_use,candidate_only_not_analytic_input_until_human_confirmed,human-coded value is exactly visible in available source/PDF text; confirm source location and evidence type before use
A_fast_confirm_existing_human_value,S121-2,FC-UB,0.34,,ok,true,true,human_confirm_source_table_before_any_use,candidate_only_not_analytic_input_until_human_confirmed,human-coded value is exactly visible in available source/PDF text; confirm source location and evidence type before use
A_fast_confirm_existing_human_value,S121-2,PE-SI,0.59,,ok,true,true,human_confirm_source_table_before_any_use,candidate_only_not_analytic_input_until_human_confirmed,human-coded value is exactly visible in available source/PDF text; confirm source location and evidence type before use
A_fast_confirm_existing_human_value,S121-2,PE-SI,0.59,,ok,true,true,human_confirm_source_table_before_any_use,candidate_only_not_analytic_input_until_human_confirmed,human-coded value is exactly visible in available source/PDF text; confirm source location and evidence type before use
A_fast_confirm_existing_human_value,S121-2,PE-TRU,0.31,,ok,true,true,human_confirm_source_table_before_any_use,candidate_only_not_analytic_input_until_human_confirmed,human-coded value is exactly visible in available source/PDF text; confirm source location and evidence type before use
A_fast_confirm_existing_human_value,S121-2,PE-TRU,0.31,,ok,true,true,human_confirm_source_table_before_any_use,candidate_only_not_analytic_input_until_human_confirmed,human-coded value is exactly visible in available source/PDF text; confirm source location and evidence type before use
A_fast_confirm_existing_human_value,S121-2,PE-UB,0.35,,ok,true,true,human_confirm_source_table_before_any_use,candidate_only_not_analytic_input_until_human_confirmed,human-coded value is exactly visible in available source/PDF text; confirm source location and evidence type before use
A_fast_confirm_existing_human_value,S121-2,PE-UB,0.35,,ok,true,true,human_confirm_source_table_before_any_use,candidate_only_not_analytic_input_until_human_confirmed,human-coded value is exactly visible in available source/PDF text; confirm source location and evidence type before use
A_fast_confirm_existing_human_value,S121-2,SI-TRU,0.16,,ok,true,true,human_confirm_source_table_before_any_use,candidate_only_not_analytic_input_until_human_confirmed,human-coded value is exactly visible in available source/PDF text; confirm source location and evidence type before use
A_fast_confirm_existing_human_value,S121-2,SI-TRU,0.16,,ok,true,true,human_confirm_source_table_before_any_use,candidate_only_not_analytic_input_until_human_confirmed,human-coded value is exactly visible in available source/PDF text; confirm source location and evidence type before use
A_fast_confirm_existing_human_value,S121-2,SI-UB,0.21,,ok,true,true,human_confirm_source_table_before_any_use,candidate_only_not_analytic_input_until_human_confirmed,human-coded value is exactly visible in available source/PDF text; confirm source location and evidence type before use
A_fast_confirm_existing_human_value,S121-2,SI-UB,0.21,,ok,true,true,human_confirm_source_table_before_any_use,candidate_only_not_analytic_input_until_human_confirmed,human-coded value is exactly visible in available source/PDF text; confirm source location and evidence type before use
A_fast_confirm_existing_human_value,S121-2,TRU-UB,0.31,,ok,true,true,human_confirm_source_table_before_any_use,candidate_only_not_analytic_input_until_human_confirmed,human-coded value is exactly visible in available source/PDF text; confirm source location and evidence type before use
A_fast_confirm_existing_human_value,S121-2,TRU-UB,0.31,,ok,true,true,human_confirm_source_table_before_any_use,candidate_only_not_analytic_input_until_human_confirmed,human-coded value is exactly visible in available source/PDF text; confirm source location and evidence type before use
A_fast_confirm_existing_human_value,S127,ANX-BI,-0.302,,ok,true,true,human_confirm_source_table_before_any_use,candidate_only_not_analytic_input_until_human_confirmed,human-coded value is exactly visible in available source/PDF text; confirm source location and evidence type before use
A_fast_confirm_existing_human_value,S127,ANX-EE,-0.351,,ok,true,true,human_confirm_source_table_before_any_use,candidate_only_not_analytic_input_until_human_confirmed,human-coded value is exactly visible in available source/PDF text; confirm source location and evidence type before use
A_fast_confirm_existing_human_value,S127,ANX-PE,-0.273,,ok,true,true,human_confirm_source_table_before_any_use,candidate_only_not_analytic_input_until_human_confirmed,human-coded value is exactly visible in available source/PDF text; confirm source location and evidence type before use
A_fast_confirm_existing_human_value,S127,ANX-SE,-0.319,,ok,true,true,human_confirm_source_table_before_any_use,candidate_only_not_analytic_input_until_human_confirmed,human-coded value is exactly visible in available source/PDF text; confirm source location and evidence type before use
A_fast_confirm_existing_human_value,S127,ANX-SI,-0.105,,ok,true,true,human_confirm_source_table_before_any_use,candidate_only_not_analytic_input_until_human_confirmed,human-coded value is exactly visible in available source/PDF text; confirm source location and evidence type before use
A_fast_confirm_existing_human_value,S128,BI-FC,-0.216,Table 3,ok,true,true,human_confirm_source_table_before_any_use,candidate_only_not_analytic_input_until_human_confirmed,human-coded value is exactly visible in available source/PDF text; confirm source location and evidence type before use
A_fast_confirm_existing_human_value,S128,BI-FC,-0.216,Table 3,ok,true,true,human_confirm_source_table_before_any_use,candidate_only_not_analytic_input_until_human_confirmed,human-coded value is exactly visible in available source/PDF text; confirm source location and evidence type before use
A_fast_confirm_existing_human_value,S128,EE-FC,-0.121,Table 3,ok,true,true,human_confirm_source_table_before_any_use,candidate_only_not_analytic_input_until_human_confirmed,human-coded value is exactly visible in available source/PDF text; confirm source location and evidence type before use
A_fast_confirm_existing_human_value,S128,EE-FC,-0.121,Table 3,ok,true,true,human_confirm_source_table_before_any_use,candidate_only_not_analytic_input_until_human_confirmed,human-coded value is exactly visible in available source/PDF text; confirm source location and evidence type before use
A_fast_confirm_existing_human_value,S128,FC-UB,-0.101,Table 3,ok,true,true,human_confirm_source_table_before_any_use,candidate_only_not_analytic_input_until_human_confirmed,human-coded value is exactly visible in available source/PDF text; confirm source location and evidence type before use
A_fast_confirm_existing_human_value,S128,FC-UB,-0.101,Table 3,ok,true,true,human_confirm_source_table_before_any_use,candidate_only_not_analytic_input_until_human_confirmed,human-coded value is exactly visible in available source/PDF text; confirm source location and evidence type before use
A_fast_confirm_existing_human_value,S128,PE-SI,-0.22,Table 3,ok,true,true,human_confirm_source_table_before_any_use,candidate_only_not_analytic_input_until_human_confirmed,human-coded value is exactly visible in available source/PDF text; confirm source location and evidence type before use
A_fast_confirm_existing_human_value,S128,PE-SI,-0.22,Table 3,ok,true,true,human_confirm_source_table_before_any_use,candidate_only_not_analytic_input_until_human_confirmed,human-coded value is exactly visible in available source/PDF text; confirm source location and evidence type before use
A_fast_confirm_existing_human_value,S129,BI-EE,0.29,Table 5,ok,true,true,human_confirm_source_table_before_any_use,candidate_only_not_analytic_input_until_human_confirmed,human-coded value is exactly visible in available source/PDF text; confirm source location and evidence type before use
A_fast_confirm_existing_human_value,S129,BI-SI,-0.14,Table 5,ok,true,true,human_confirm_source_table_before_any_use,candidate_only_not_analytic_input_until_human_confirmed,human-coded value is exactly visible in available source/PDF text; confirm source location and evidence type before use
A_fast_confirm_existing_human_value,S129,BI-UB,0.46,Table 5,ok,true,true,human_confirm_source_table_before_any_use,candidate_only_not_analytic_input_until_human_confirmed,human-coded value is exactly visible in available source/PDF text; confirm source location and evidence type before use
A_fast_confirm_existing_human_value,S129,EE-FC,0.28,Table 5,ok,true,true,human_confirm_source_table_before_any_use,candidate_only_not_analytic_input_until_human_confirmed,human-coded value is exactly visible in available source/PDF text; confirm source location and evidence type before use
A_fast_confirm_existing_human_value,S129,EE-PE,0.52,Table 5,ok,true,true,human_confirm_source_table_before_any_use,candidate_only_not_analytic_input_until_human_confirmed,human-coded value is exactly visible in available source/PDF text; confirm source location and evidence type before use
A_fast_confirm_existing_human_value,S129,EE-SI,-0.11,Table 5,ok,true,true,human_confirm_source_table_before_any_use,candidate_only_not_analytic_input_until_human_confirmed,human-coded value is exactly visible in available source/PDF text; confirm source location and evidence type before use
A_fast_confirm_existing_human_value,S129,EE-SI,-0.064,,ok,true,true,human_confirm_source_table_before_any_use,candidate_only_not_analytic_input_until_human_confirmed,human-coded value is exactly visible in available source/PDF text; confirm source location and evidence type before use
A_fast_confirm_existing_human_value,S129,EE-TRU,0.4,Table 5,ok,true,true,human_confirm_source_table_before_any_use,candidate_only_not_analytic_input_until_human_confirmed,human-coded value is exactly visible in available source/PDF text; confirm source location and evidence type before use
A_fast_confirm_existing_human_value,S129,PE-SI,0.42,Table 5,ok,true,true,human_confirm_source_table_before_any_use,candidate_only_not_analytic_input_until_human_confirmed,human-coded value is exactly visible in available source/PDF text; confirm source location and evidence type before use
A_fast_confirm_existing_human_value,S130,ANX-EE,-0.52,,ok,true,true,human_confirm_source_table_before_any_use,candidate_only_not_analytic_input_until_human_confirmed,human-coded value is exactly visible in available source/PDF text; confirm source location and evidence type before use
A_fast_confirm_existing_human_value,S130,ANX-FC,-0.49,,ok,true,true,human_confirm_source_table_before_any_use,candidate_only_not_analytic_input_until_human_confirmed,human-coded value is exactly visible in available source/PDF text; confirm source location and evidence type before use
A_fast_confirm_existing_human_value,S130,ANX-UB,-0.5,,ok,true,true,human_confirm_source_table_before_any_use,candidate_only_not_analytic_input_until_human_confirmed,human-coded value is exactly visible in available source/PDF text; confirm source location and evidence type before use
A_fast_confirm_existing_human_value,S134,BI-EE,0.1,Tables 8-9,ok,true,true,human_confirm_source_table_before_any_use,candidate_only_not_analytic_input_until_human_confirmed,human-coded value is exactly visible in available source/PDF text; confirm source location and evidence type before use
A_fast_confirm_existing_human_value,S145,ATT-BI,0.17,"Table 3, p. 24",ok,false,true,human_confirm_source_table_before_any_use,candidate_only_not_analytic_input_until_human_confirmed,human-coded value is exactly visible in available source/PDF text; confirm source location and evidence type before use
A_fast_confirm_existing_human_value,S145,ATT-BI,0.17,"Table 3, p. 24",ok,false,true,human_confirm_source_table_before_any_use,candidate_only_not_analytic_input_until_human_confirmed,human-coded value is exactly visible in available source/PDF text; confirm source location and evidence type before use
A_fast_confirm_existing_human_value,S145,ATT-UB,0.15,"Table 3, p. 24",ok,false,true,human_confirm_source_table_before_any_use,candidate_only_not_analytic_input_until_human_confirmed,human-coded value is exactly visible in available source/PDF text; confirm source location and evidence type before use
A_fast_confirm_existing_human_value,S145,ATT-UB,0.15,"Table 3, p. 24",ok,false,true,human_confirm_source_table_before_any_use,candidate_only_not_analytic_input_until_human_confirmed,human-coded value is exactly visible in available source/PDF text; confirm source location and evidence type before use
A_fast_confirm_existing_human_value,S145,BI-EE,0.2,"Table 3, p.24",ok,false,true,human_confirm_source_table_before_any_use,candidate_only_not_analytic_input_until_human_confirmed,human-coded value is exactly visible in available source/PDF text; confirm source location and evidence type before use
A_fast_confirm_existing_human_value,S145,BI-EE,0.201,Table3,ok,false,true,human_confirm_source_table_before_any_use,candidate_only_not_analytic_input_until_human_confirmed,human-coded value is exactly visible in available source/PDF text; confirm source location and evidence type before use
A_fast_confirm_existing_human_value,S145,BI-EE,0.2,"Table 3, p.24",ok,false,true,human_confirm_source_table_before_any_use,candidate_only_not_analytic_input_until_human_confirmed,human-coded value is exactly visible in available source/PDF text; confirm source location and evidence type before use
A_fast_confirm_existing_human_value,S145,BI-EE,0.2,"Table 3, p.24",ok,false,true,human_confirm_source_table_before_any_use,candidate_only_not_analytic_input_until_human_confirmed,human-coded value is exactly visible in available source/PDF text; confirm source location and evidence type before use
A_fast_confirm_existing_human_value,S145,BI-EE,0.201,Table3,ok,false,true,human_confirm_source_table_before_any_use,candidate_only_not_analytic_input_until_human_confirmed,human-coded value is exactly visible in available source/PDF text; confirm source location and evidence type before use
A_fast_confirm_existing_human_value,S145,BI-UB,0.34,"Table 3, p.24",ok,false,true,human_confirm_source_table_before_any_use,candidate_only_not_analytic_input_until_human_confirmed,human-coded value is exactly visible in available source/PDF text; confirm source location and evidence type before use
A_fast_confirm_existing_human_value,S145,BI-UB,0.338,Table3,ok,false,true,human_confirm_source_table_before_any_use,candidate_only_not_analytic_input_until_human_confirmed,human-coded value is exactly visible in available source/PDF text; confirm source location and evidence type before use
A_fast_confirm_existing_human_value,S145,BI-UB,0.33,"Table 3, p. 24",ok,false,true,human_confirm_source_table_before_any_use,candidate_only_not_analytic_input_until_human_confirmed,human-coded value is exactly visible in available source/PDF text; confirm source location and evidence type before use
A_fast_confirm_existing_human_value,S145,BI-UB,0.33,"Table 3, p. 24",ok,false,true,human_confirm_source_table_before_any_use,candidate_only_not_analytic_input_until_human_confirmed,human-coded value is exactly visible in available source/PDF text; confirm source location and evidence type before use
A_fast_confirm_existing_human_value,S145,BI-UB,0.338,Table3,ok,false,true,human_confirm_source_table_before_any_use,candidate_only_not_analytic_input_until_human_confirmed,human-coded value is exactly visible in available source/PDF text; confirm source location and evidence type before use
A_fast_confirm_existing_human_value,S145,EE-UB,0.2,"Table 3, p.24",ok,false,true,human_confirm_source_table_before_any_use,candidate_only_not_analytic_input_until_human_confirmed,human-coded value is exactly visible in available source/PDF text; confirm source location and evidence type before use
A_fast_confirm_existing_human_value,S145,EE-UB,0.204,Table3,ok,false,true,human_confirm_source_table_before_any_use,candidate_only_not_analytic_input_until_human_confirmed,human-coded value is exactly visible in available source/PDF text; confirm source location and evidence type before use
A_fast_confirm_existing_human_value,S145,EE-UB,0.2,"Table 3, p.24",ok,false,true,human_confirm_source_table_before_any_use,candidate_only_not_analytic_input_until_human_confirmed,human-coded value is exactly visible in available source/PDF text; confirm source location and evidence type before use
A_fast_confirm_existing_human_value,S145,EE-UB,0.2,"Table 3, p.24",ok,false,true,human_confirm_source_table_before_any_use,candidate_only_not_analytic_input_until_human_confirmed,human-coded value is exactly visible in available source/PDF text; confirm source location and evidence type before use
A_fast_confirm_existing_human_value,S145,EE-UB,0.204,Table3,ok,false,true,human_confirm_source_table_before_any_use,candidate_only_not_analytic_input_until_human_confirmed,human-coded value is exactly visible in available source/PDF text; confirm source location and evidence type before use
A_fast_confirm_existing_human_value,S152,ATT-BI,0.21,Table 3,ok,true,true,human_confirm_source_table_before_any_use,candidate_only_not_analytic_input_until_human_confirmed,human-coded value is exactly visible in available source/PDF text; confirm source location and evidence type before use
A_fast_confirm_existing_human_value,S152,BI-PE,0.11,Table 3,ok,true,true,human_confirm_source_table_before_any_use,candidate_only_not_analytic_input_until_human_confirmed,human-coded value is exactly visible in available source/PDF text; confirm source location and evidence type before use
A_fast_confirm_existing_human_value,S152,BI-SE,0.16,Table 3,ok,true,true,human_confirm_source_table_before_any_use,candidate_only_not_analytic_input_until_human_confirmed,human-coded value is exactly visible in available source/PDF text; confirm source location and evidence type before use
A_fast_confirm_existing_human_value,S160,PE-UB,-0.014,,ok,true,true,human_confirm_source_table_before_any_use,candidate_only_not_analytic_input_until_human_confirmed,human-coded value is exactly visible in available source/PDF text; confirm source location and evidence type before use
A_fast_confirm_existing_human_value,S162,ANX-ATT,-0.323,Table 3,ok,true,true,human_confirm_source_table_before_any_use,candidate_only_not_analytic_input_until_human_confirmed,human-coded value is exactly visible in available source/PDF text; confirm source location and evidence type before use
A_fast_confirm_existing_human_value,S162,ANX-ATT,-0.323,Table 3,ok,true,true,human_confirm_source_table_before_any_use,candidate_only_not_analytic_input_until_human_confirmed,human-coded value is exactly visible in available source/PDF text; confirm source location and evidence type before use
A_fast_confirm_existing_human_value,S164,ATT-SI,-0.031,"Table 4 (Fornell-Larcker), p.8",ok,true,true,human_confirm_source_table_before_any_use,candidate_only_not_analytic_input_until_human_confirmed,human-coded value is exactly visible in available source/PDF text; confirm source location and evidence type before use
A_fast_confirm_existing_human_value,S164,BI-SI,-0.03,"Table 4 (Fornell-Larcker), p.8",ok,true,true,human_confirm_source_table_before_any_use,candidate_only_not_analytic_input_until_human_confirmed,human-coded value is exactly visible in available source/PDF text; confirm source location and evidence type before use
A_fast_confirm_existing_human_value,S164,FC-SI,-0.011,"Table 4 (Fornell-Larcker), p.8",ok,true,true,human_confirm_source_table_before_any_use,candidate_only_not_analytic_input_until_human_confirmed,human-coded value is exactly visible in available source/PDF text; confirm source location and evidence type before use
A_fast_confirm_existing_human_value,S164,PE-UB,-0.031,"Table 4 (Fornell-Larcker), p.8",ok,true,true,human_confirm_source_table_before_any_use,candidate_only_not_analytic_input_until_human_confirmed,human-coded value is exactly visible in available source/PDF text; confirm source location and evidence type before use
A_fast_confirm_existing_human_value,S164,SI-UB,-0.005,"Table 4 (Fornell-Larcker), p.8",ok,true,true,human_confirm_source_table_before_any_use,candidate_only_not_analytic_input_until_human_confirmed,human-coded value is exactly visible in available source/PDF text; confirm source location and evidence type before use
A_fast_confirm_existing_human_value,S166,BI-EE,-0.15,Table 4,ok,true,true,human_confirm_source_table_before_any_use,candidate_only_not_analytic_input_until_human_confirmed,human-coded value is exactly visible in available source/PDF text; confirm source location and evidence type before use
A_fast_confirm_existing_human_value,S166,FC-UB,-0.14,Table 4,ok,true,true,human_confirm_source_table_before_any_use,candidate_only_not_analytic_input_until_human_confirmed,human-coded value is exactly visible in available source/PDF text; confirm source location and evidence type before use
A_fast_confirm_existing_human_value,S168,BI-EE,0.14,Table 4,ok,true,true,human_confirm_source_table_before_any_use,candidate_only_not_analytic_input_until_human_confirmed,human-coded value is exactly visible in available source/PDF text; confirm source location and evidence type before use
A_fast_confirm_existing_human_value,S170,ATT-PE,0.43,,ok,true,true,human_confirm_source_table_before_any_use,candidate_only_not_analytic_input_until_human_confirmed,human-coded value is exactly visible in available source/PDF text; confirm source location and evidence type before use
A_fast_confirm_existing_human_value,S170,ATT-SI,0.485,,ok,true,true,human_confirm_source_table_before_any_use,candidate_only_not_analytic_input_until_human_confirmed,human-coded value is exactly visible in available source/PDF text; confirm source location and evidence type before use
A_fast_confirm_existing_human_value,S170,BI-PE,-0.101,,ok,true,true,human_confirm_source_table_before_any_use,candidate_only_not_analytic_input_until_human_confirmed,human-coded value is exactly visible in available source/PDF text; confirm source location and evidence type before use
A_fast_confirm_existing_human_value,S179b,BI-EE,0.013,,ok,true,true,human_confirm_source_table_before_any_use,candidate_only_not_analytic_input_until_human_confirmed,human-coded value is exactly visible in available source/PDF text; confirm source location and evidence type before use
A_fast_confirm_existing_human_value,S179b,BI-PE,0.285,,ok,true,true,human_confirm_source_table_before_any_use,candidate_only_not_analytic_input_until_human_confirmed,human-coded value is exactly visible in available source/PDF text; confirm source location and evidence type before use
A_fast_confirm_existing_human_value,S179b,BI-SI,0.398,,ok,true,true,human_confirm_source_table_before_any_use,candidate_only_not_analytic_input_until_human_confirmed,human-coded value is exactly visible in available source/PDF text; confirm source location and evidence type before use
A_fast_confirm_existing_human_value,S179b,BI-UB,0.338,,ok,true,true,human_confirm_source_table_before_any_use,candidate_only_not_analytic_input_until_human_confirmed,human-coded value is exactly visible in available source/PDF text; confirm source location and evidence type before use
A_fast_confirm_existing_human_value,S179b,FC-UB,0.206,,ok,true,true,human_confirm_source_table_before_any_use,candidate_only_not_analytic_input_until_human_confirmed,human-coded value is exactly visible in available source/PDF text; confirm source location and evidence type before use
A_fast_confirm_existing_human_value,S185,ANX-ATT,0.46,"Table 3, p.7",ok,false,true,human_confirm_source_table_before_any_use,candidate_only_not_analytic_input_until_human_confirmed,human-coded value is exactly visible in available source/PDF text; confirm source location and evidence type before use
A_fast_confirm_existing_human_value,S185,ANX-ATT,0.46,"Table 3, p.7",ok,false,true,human_confirm_source_table_before_any_use,candidate_only_not_analytic_input_until_human_confirmed,human-coded value is exactly visible in available source/PDF text; confirm source location and evidence type before use
A_fast_confirm_existing_human_value,S185,ANX-ATT,0.46,"Table 3, p.7",ok,false,true,human_confirm_source_table_before_any_use,candidate_only_not_analytic_input_until_human_confirmed,human-coded value is exactly visible in available source/PDF text; confirm source location and evidence type before use
A_fast_confirm_existing_human_value,S185,ANX-ATT,0.46,"Table 3, p.7",ok,false,true,human_confirm_source_table_before_any_use,candidate_only_not_analytic_input_until_human_confirmed,human-coded value is exactly visible in available source/PDF text; confirm source location and evidence type before use
A_fast_confirm_existing_human_value,S185,ANX-BI,0.47,"Table 3, p.7",ok,false,true,human_confirm_source_table_before_any_use,candidate_only_not_analytic_input_until_human_confirmed,human-coded value is exactly visible in available source/PDF text; confirm source location and evidence type before use
A_fast_confirm_existing_human_value,S185,ANX-BI,0.47,"Table 3, p.7",ok,false,true,human_confirm_source_table_before_any_use,candidate_only_not_analytic_input_until_human_confirmed,human-coded value is exactly visible in available source/PDF text; confirm source location and evidence type before use
A_fast_confirm_existing_human_value,S185,ANX-EE,0.47,"Table 3, p.7",ok,false,true,human_confirm_source_table_before_any_use,candidate_only_not_analytic_input_until_human_confirmed,human-coded value is exactly visible in available source/PDF text; confirm source location and evidence type before use
A_fast_confirm_existing_human_value,S185,ANX-EE,0.473,,ok,false,true,human_confirm_source_table_before_any_use,candidate_only_not_analytic_input_until_human_confirmed,human-coded value is exactly visible in available source/PDF text; confirm source location and evidence type before use
A_fast_confirm_existing_human_value,S185,ANX-EE,0.473,,ok,false,true,human_confirm_source_table_before_any_use,candidate_only_not_analytic_input_until_human_confirmed,human-coded value is exactly visible in available source/PDF text; confirm source location and evidence type before use
A_fast_confirm_existing_human_value,S185,ANX-EE,0.47,"Table 3, p.7",ok,false,true,human_confirm_source_table_before_any_use,candidate_only_not_analytic_input_until_human_confirmed,human-coded value is exactly visible in available source/PDF text; confirm source location and evidence type before use
A_fast_confirm_existing_human_value,S185,ANX-FC,0.218,,ok,false,true,human_confirm_source_table_before_any_use,candidate_only_not_analytic_input_until_human_confirmed,human-coded value is exactly visible in available source/PDF text; confirm source location and evidence type before use
A_fast_confirm_existing_human_value,S185,ANX-PE,0.44,"Table 3, p.7",ok,false,true,human_confirm_source_table_before_any_use,candidate_only_not_analytic_input_until_human_confirmed,human-coded value is exactly visible in available source/PDF text; confirm source location and evidence type before use
A_fast_confirm_existing_human_value,S185,ANX-PE,0.435,,ok,false,true,human_confirm_source_table_before_any_use,candidate_only_not_analytic_input_until_human_confirmed,human-coded value is exactly visible in available source/PDF text; confirm source location and evidence type before use
A_fast_confirm_existing_human_value,S185,ANX-PE,0.435,,ok,false,true,human_confirm_source_table_before_any_use,candidate_only_not_analytic_input_until_human_confirmed,human-coded value is exactly visible in available source/PDF text; confirm source location and evidence type before use
A_fast_confirm_existing_human_value,S185,ANX-PE,0.44,"Table 3, p.7",ok,false,true,human_confirm_source_table_before_any_use,candidate_only_not_analytic_input_until_human_confirmed,human-coded value is exactly visible in available source/PDF text; confirm source location and evidence type before use
A_fast_confirm_existing_human_value,S185,ANX-SI,0.216,,ok,false,true,human_confirm_source_table_before_any_use,candidate_only_not_analytic_input_until_human_confirmed,human-coded value is exactly visible in available source/PDF text; confirm source location and evidence type before use
A_fast_confirm_existing_human_value,S185,ANX-SI,0.216,,ok,false,true,human_confirm_source_table_before_any_use,candidate_only_not_analytic_input_until_human_confirmed,human-coded value is exactly visible in available source/PDF text; confirm source location and evidence type before use
A_fast_confirm_existing_human_value,S185,ANX-SI,0.216,,ok,false,true,human_confirm_source_table_before_any_use,candidate_only_not_analytic_input_until_human_confirmed,human-coded value is exactly visible in available source/PDF text; confirm source location and evidence type before use
A_fast_confirm_existing_human_value,S185,ATT-BI,0.45,"Table 3, p.7",ok,false,true,human_confirm_source_table_before_any_use,candidate_only_not_analytic_input_until_human_confirmed,human-coded value is exactly visible in available source/PDF text; confirm source location and evidence type before use
A_fast_confirm_existing_human_value,S185,ATT-BI,0.453,Table3,ok,false,true,human_confirm_source_table_before_any_use,candidate_only_not_analytic_input_until_human_confirmed,human-coded value is exactly visible in available source/PDF text; confirm source location and evidence type before use
A_fast_confirm_existing_human_value,S185,ATT-BI,0.453,Table3,ok,false,true,human_confirm_source_table_before_any_use,candidate_only_not_analytic_input_until_human_confirmed,human-coded value is exactly visible in available source/PDF text; confirm source location and evidence type before use
A_fast_confirm_existing_human_value,S185,ATT-BI,0.453,Table3,ok,false,true,human_confirm_source_table_before_any_use,candidate_only_not_analytic_input_until_human_confirmed,human-coded value is exactly visible in available source/PDF text; confirm source location and evidence type before use
A_fast_confirm_existing_human_value,S185,ATT-BI,0.453,Table3,ok,false,true,human_confirm_source_table_before_any_use,candidate_only_not_analytic_input_until_human_confirmed,human-coded value is exactly visible in available source/PDF text; confirm source location and evidence type before use
A_fast_confirm_existing_human_value,S185,ATT-EE,0.47,"Table 3, p.7",ok,false,true,human_confirm_source_table_before_any_use,candidate_only_not_analytic_input_until_human_confirmed,human-coded value is exactly visible in available source/PDF text; confirm source location and evidence type before use
A_fast_confirm_existing_human_value,S185,ATT-EE,0.473,Table3,ok,false,true,human_confirm_source_table_before_any_use,candidate_only_not_analytic_input_until_human_confirmed,human-coded value is exactly visible in available source/PDF text; confirm source location and evidence type before use
A_fast_confirm_existing_human_value,S185,ATT-EE,0.473,Table3,ok,false,true,human_confirm_source_table_before_any_use,candidate_only_not_analytic_input_until_human_confirmed,human-coded value is exactly visible in available source/PDF text; confirm source location and evidence type before use
A_fast_confirm_existing_human_value,S185,ATT-EE,0.473,Table3,ok,false,true,human_confirm_source_table_before_any_use,candidate_only_not_analytic_input_until_human_confirmed,human-coded value is exactly visible in available source/PDF text; confirm source location and evidence type before use
A_fast_confirm_existing_human_value,S185,ATT-EE,0.473,Table3,ok,false,true,human_confirm_source_table_before_any_use,candidate_only_not_analytic_input_until_human_confirmed,human-coded value is exactly visible in available source/PDF text; confirm source location and evidence type before use
A_fast_confirm_existing_human_value,S185,ATT-FC,0.162,,ok,false,true,human_confirm_source_table_before_any_use,candidate_only_not_analytic_input_until_human_confirmed,human-coded value is exactly visible in available source/PDF text; confirm source location and evidence type before use
A_fast_confirm_existing_human_value,S185,ATT-PE,0.5,"Table 3, p.7",ok,false,true,human_confirm_source_table_before_any_use,candidate_only_not_analytic_input_until_human_confirmed,human-coded value is exactly visible in available source/PDF text; confirm source location and evidence type before use
A_fast_confirm_existing_human_value,S185,ATT-PE,0.504,Table3,ok,false,true,human_confirm_source_table_before_any_use,candidate_only_not_analytic_input_until_human_confirmed,human-coded value is exactly visible in available source/PDF text; confirm source location and evidence type before use
A_fast_confirm_existing_human_value,S185,ATT-PE,0.504,Table3,ok,false,true,human_confirm_source_table_before_any_use,candidate_only_not_analytic_input_until_human_confirmed,human-coded value is exactly visible in available source/PDF text; confirm source location and evidence type before use
A_fast_confirm_existing_human_value,S185,ATT-PE,0.504,Table3,ok,false,true,human_confirm_source_table_before_any_use,candidate_only_not_analytic_input_until_human_confirmed,human-coded value is exactly visible in available source/PDF text; confirm source location and evidence type before use
A_fast_confirm_existing_human_value,S185,ATT-PE,0.504,Table3,ok,false,true,human_confirm_source_table_before_any_use,candidate_only_not_analytic_input_until_human_confirmed,human-coded value is exactly visible in available source/PDF text; confirm source location and evidence type before use
A_fast_confirm_existing_human_value,S185,ATT-SI,0.207,Table3,ok,false,true,human_confirm_source_table_before_any_use,candidate_only_not_analytic_input_until_human_confirmed,human-coded value is exactly visible in available source/PDF text; confirm source location and evidence type before use
A_fast_confirm_existing_human_value,S185,ATT-SI,0.207,Table3,ok,false,true,human_confirm_source_table_before_any_use,candidate_only_not_analytic_input_until_human_confirmed,human-coded value is exactly visible in available source/PDF text; confirm source location and evidence type before use
A_fast_confirm_existing_human_value,S185,ATT-SI,0.207,Table3,ok,false,true,human_confirm_source_table_before_any_use,candidate_only_not_analytic_input_until_human_confirmed,human-coded value is exactly visible in available source/PDF text; confirm source location and evidence type before use
A_fast_confirm_existing_human_value,S185,ATT-SI,0.207,Table3,ok,false,true,human_confirm_source_table_before_any_use,candidate_only_not_analytic_input_until_human_confirmed,human-coded value is exactly visible in available source/PDF text; confirm source location and evidence type before use
A_fast_confirm_existing_human_value,S185,BI-EE,0.52,"Table 3, p.7",ok,false,true,human_confirm_source_table_before_any_use,candidate_only_not_analytic_input_until_human_confirmed,human-coded value is exactly visible in available source/PDF text; confirm source location and evidence type before use
A_fast_confirm_existing_human_value,S185,BI-EE,0.524,Table3,ok,false,true,human_confirm_source_table_before_any_use,candidate_only_not_analytic_input_until_human_confirmed,human-coded value is exactly visible in available source/PDF text; confirm source location and evidence type before use
A_fast_confirm_existing_human_value,S185,BI-EE,0.524,Table3,ok,false,true,human_confirm_source_table_before_any_use,candidate_only_not_analytic_input_until_human_confirmed,human-coded value is exactly visible in available source/PDF text; confirm source location and evidence type before use
A_fast_confirm_existing_human_value,S185,BI-EE,0.524,Table3,ok,false,true,human_confirm_source_table_before_any_use,candidate_only_not_analytic_input_until_human_confirmed,human-coded value is exactly visible in available source/PDF text; confirm source location and evidence type before use
A_fast_confirm_existing_human_value,S185,BI-EE,0.524,Table3,ok,false,true,human_confirm_source_table_before_any_use,candidate_only_not_analytic_input_until_human_confirmed,human-coded value is exactly visible in available source/PDF text; confirm source location and evidence type before use
A_fast_confirm_existing_human_value,S185,BI-FC,0.419,,ok,false,true,human_confirm_source_table_before_any_use,candidate_only_not_analytic_input_until_human_confirmed,human-coded value is exactly visible in available source/PDF text; confirm source location and evidence type before use
A_fast_confirm_existing_human_value,S185,BI-PE,0.46,"Table 3, p.7",ok,false,true,human_confirm_source_table_before_any_use,candidate_only_not_analytic_input_until_human_confirmed,human-coded value is exactly visible in available source/PDF text; confirm source location and evidence type before use
A_fast_confirm_existing_human_value,S185,BI-PE,0.459,Table3,ok,false,true,human_confirm_source_table_before_any_use,candidate_only_not_analytic_input_until_human_confirmed,human-coded value is exactly visible in available source/PDF text; confirm source location and evidence type before use
A_fast_confirm_existing_human_value,S185,BI-PE,0.459,Table3,ok,false,true,human_confirm_source_table_before_any_use,candidate_only_not_analytic_input_until_human_confirmed,human-coded value is exactly visible in available source/PDF text; confirm source location and evidence type before use
A_fast_confirm_existing_human_value,S185,BI-PE,0.459,Table3,ok,false,true,human_confirm_source_table_before_any_use,candidate_only_not_analytic_input_until_human_confirmed,human-coded value is exactly visible in available source/PDF text; confirm source location and evidence type before use
A_fast_confirm_existing_human_value,S185,BI-PE,0.459,Table3,ok,false,true,human_confirm_source_table_before_any_use,candidate_only_not_analytic_input_until_human_confirmed,human-coded value is exactly visible in available source/PDF text; confirm source location and evidence type before use
A_fast_confirm_existing_human_value,S185,BI-SI,0.216,Table3,ok,false,true,human_confirm_source_table_before_any_use,candidate_only_not_analytic_input_until_human_confirmed,human-coded value is exactly visible in available source/PDF text; confirm source location and evidence type before use
A_fast_confirm_existing_human_value,S185,BI-SI,0.433,,ok,false,true,human_confirm_source_table_before_any_use,candidate_only_not_analytic_input_until_human_confirmed,human-coded value is exactly visible in available source/PDF text; confirm source location and evidence type before use
A_fast_confirm_existing_human_value,S185,BI-SI,0.433,,ok,false,true,human_confirm_source_table_before_any_use,candidate_only_not_analytic_input_until_human_confirmed,human-coded value is exactly visible in available source/PDF text; confirm source location and evidence type before use
A_fast_confirm_existing_human_value,S185,BI-SI,0.433,,ok,false,true,human_confirm_source_table_before_any_use,candidate_only_not_analytic_input_until_human_confirmed,human-coded value is exactly visible in available source/PDF text; confirm source location and evidence type before use
A_fast_confirm_existing_human_value,S185,EE-FC,0.156,,ok,false,true,human_confirm_source_table_before_any_use,candidate_only_not_analytic_input_until_human_confirmed,human-coded value is exactly visible in available source/PDF text; confirm source location and evidence type before use
A_fast_confirm_existing_human_value,S185,EE-PE,0.48,"Table 3, p.7",ok,false,true,human_confirm_source_table_before_any_use,candidate_only_not_analytic_input_until_human_confirmed,human-coded value is exactly visible in available source/PDF text; confirm source location and evidence type before use
A_fast_confirm_existing_human_value,S185,EE-PE,0.482,Table3,ok,false,true,human_confirm_source_table_before_any_use,candidate_only_not_analytic_input_until_human_confirmed,human-coded value is exactly visible in available source/PDF text; confirm source location and evidence type before use
A_fast_confirm_existing_human_value,S185,EE-PE,0.482,Table3,ok,false,true,human_confirm_source_table_before_any_use,candidate_only_not_analytic_input_until_human_confirmed,human-coded value is exactly visible in available source/PDF text; confirm source location and evidence type before use
A_fast_confirm_existing_human_value,S185,EE-PE,0.482,Table3,ok,false,true,human_confirm_source_table_before_any_use,candidate_only_not_analytic_input_until_human_confirmed,human-coded value is exactly visible in available source/PDF text; confirm source location and evidence type before use
A_fast_confirm_existing_human_value,S185,EE-PE,0.482,Table3,ok,false,true,human_confirm_source_table_before_any_use,candidate_only_not_analytic_input_until_human_confirmed,human-coded value is exactly visible in available source/PDF text; confirm source location and evidence type before use
A_fast_confirm_existing_human_value,S185,EE-SI,0.279,Table3,ok,false,true,human_confirm_source_table_before_any_use,candidate_only_not_analytic_input_until_human_confirmed,human-coded value is exactly visible in available source/PDF text; confirm source location and evidence type before use
A_fast_confirm_existing_human_value,S185,EE-SI,0.279,Table3,ok,false,true,human_confirm_source_table_before_any_use,candidate_only_not_analytic_input_until_human_confirmed,human-coded value is exactly visible in available source/PDF text; confirm source location and evidence type before use
A_fast_confirm_existing_human_value,S185,EE-SI,0.279,Table3,ok,false,true,human_confirm_source_table_before_any_use,candidate_only_not_analytic_input_until_human_confirmed,human-coded value is exactly visible in available source/PDF text; confirm source location and evidence type before use
A_fast_confirm_existing_human_value,S185,EE-SI,0.279,Table3,ok,false,true,human_confirm_source_table_before_any_use,candidate_only_not_analytic_input_until_human_confirmed,human-coded value is exactly visible in available source/PDF text; confirm source location and evidence type before use
A_fast_confirm_existing_human_value,S185,FC-PE,0.173,,ok,false,true,human_confirm_source_table_before_any_use,candidate_only_not_analytic_input_until_human_confirmed,human-coded value is exactly visible in available source/PDF text; confirm source location and evidence type before use
A_fast_confirm_existing_human_value,S185,FC-SI,0.164,,ok,false,true,human_confirm_source_table_before_any_use,candidate_only_not_analytic_input_until_human_confirmed,human-coded value is exactly visible in available source/PDF text; confirm source location and evidence type before use
A_fast_confirm_existing_human_value,S185,PE-SI,0.28,Table3,ok,false,true,human_confirm_source_table_before_any_use,candidate_only_not_analytic_input_until_human_confirmed,human-coded value is exactly visible in available source/PDF text; confirm source location and evidence type before use
A_fast_confirm_existing_human_value,S185,PE-SI,0.28,Table3,ok,false,true,human_confirm_source_table_before_any_use,candidate_only_not_analytic_input_until_human_confirmed,human-coded value is exactly visible in available source/PDF text; confirm source location and evidence type before use
A_fast_confirm_existing_human_value,S185,PE-SI,0.28,Table3,ok,false,true,human_confirm_source_table_before_any_use,candidate_only_not_analytic_input_until_human_confirmed,human-coded value is exactly visible in available source/PDF text; confirm source location and evidence type before use
A_fast_confirm_existing_human_value,S185,PE-SI,0.28,Table3,ok,false,true,human_confirm_source_table_before_any_use,candidate_only_not_analytic_input_until_human_confirmed,human-coded value is exactly visible in available source/PDF text; confirm source location and evidence type before use
A_fast_confirm_existing_human_value,S186,BI-EE,0.32,,ok,true,true,human_confirm_source_table_before_any_use,candidate_only_not_analytic_input_until_human_confirmed,human-coded value is exactly visible in available source/PDF text; confirm source location and evidence type before use
A_fast_confirm_existing_human_value,S186,BI-EE,0.32,,ok,true,true,human_confirm_source_table_before_any_use,candidate_only_not_analytic_input_until_human_confirmed,human-coded value is exactly visible in available source/PDF text; confirm source location and evidence type before use
A_fast_confirm_existing_human_value,S186,BI-UB,0.23,,ok,true,true,human_confirm_source_table_before_any_use,candidate_only_not_analytic_input_until_human_confirmed,human-coded value is exactly visible in available source/PDF text; confirm source location and evidence type before use
A_fast_confirm_existing_human_value,S186,BI-UB,0.23,,ok,true,true,human_confirm_source_table_before_any_use,candidate_only_not_analytic_input_until_human_confirmed,human-coded value is exactly visible in available source/PDF text; confirm source location and evidence type before use
A_fast_confirm_existing_human_value,S189,ATT-BI,0.4,Table 7,ok,true,true,human_confirm_source_table_before_any_use,candidate_only_not_analytic_input_until_human_confirmed,human-coded value is exactly visible in available source/PDF text; confirm source location and evidence type before use
A_fast_confirm_existing_human_value,S189,ATT-EE,0.36,Table 7,ok,true,true,human_confirm_source_table_before_any_use,candidate_only_not_analytic_input_until_human_confirmed,human-coded value is exactly visible in available source/PDF text; confirm source location and evidence type before use
A_fast_confirm_existing_human_value,S189,ATT-PE,0.39,Table 7,ok,true,true,human_confirm_source_table_before_any_use,candidate_only_not_analytic_input_until_human_confirmed,human-coded value is exactly visible in available source/PDF text; confirm source location and evidence type before use
A_fast_confirm_existing_human_value,S191,BI-PE,0.76,Table 2,ok,true,true,human_confirm_source_table_before_any_use,candidate_only_not_analytic_input_until_human_confirmed,human-coded value is exactly visible in available source/PDF text; confirm source location and evidence type before use
A_fast_confirm_existing_human_value,S191,BI-SE,0.58,Table 2,ok,true,true,human_confirm_source_table_before_any_use,candidate_only_not_analytic_input_until_human_confirmed,human-coded value is exactly visible in available source/PDF text; confirm source location and evidence type before use
A_fast_confirm_existing_human_value,S191,EE-SI,0.59,Table 2,ok,true,true,human_confirm_source_table_before_any_use,candidate_only_not_analytic_input_until_human_confirmed,human-coded value is exactly visible in available source/PDF text; confirm source location and evidence type before use
A_fast_confirm_existing_human_value,S191,PE-SE,0.26,Table 2,ok,true,true,human_confirm_source_table_before_any_use,candidate_only_not_analytic_input_until_human_confirmed,human-coded value is exactly visible in available source/PDF text; confirm source location and evidence type before use
A_fast_confirm_existing_human_value,S191,SE-UB,0.58,Table 2,ok,true,true,human_confirm_source_table_before_any_use,candidate_only_not_analytic_input_until_human_confirmed,human-coded value is exactly visible in available source/PDF text; confirm source location and evidence type before use
A_fast_confirm_existing_human_value,S194,BI-EE,0.44,"Table 3, p.825",ok,false,true,human_confirm_source_table_before_any_use,candidate_only_not_analytic_input_until_human_confirmed,human-coded value is exactly visible in available source/PDF text; confirm source location and evidence type before use
A_fast_confirm_existing_human_value,S194,BI-EE,0.44,"Table 3, p.825",ok,false,true,human_confirm_source_table_before_any_use,candidate_only_not_analytic_input_until_human_confirmed,human-coded value is exactly visible in available source/PDF text; confirm source location and evidence type before use
A_fast_confirm_existing_human_value,S194,BI-EE,0.44,"Table 3, p.825",ok,false,true,human_confirm_source_table_before_any_use,candidate_only_not_analytic_input_until_human_confirmed,human-coded value is exactly visible in available source/PDF text; confirm source location and evidence type before use
A_fast_confirm_existing_human_value,S194,BI-EE,0.44,"Table 3, p.825",ok,false,true,human_confirm_source_table_before_any_use,candidate_only_not_analytic_input_until_human_confirmed,human-coded value is exactly visible in available source/PDF text; confirm source location and evidence type before use
A_fast_confirm_existing_human_value,S194,BI-EE,0.44,"Table 3, p.825",ok,false,true,human_confirm_source_table_before_any_use,candidate_only_not_analytic_input_until_human_confirmed,human-coded value is exactly visible in available source/PDF text; confirm source location and evidence type before use
A_fast_confirm_existing_human_value,S194,BI-FC,0.49,"Table 3, p.825",ok,false,true,human_confirm_source_table_before_any_use,candidate_only_not_analytic_input_until_human_confirmed,human-coded value is exactly visible in available source/PDF text; confirm source location and evidence type before use
A_fast_confirm_existing_human_value,S194,BI-FC,0.49,"Table 3, p.825",ok,false,true,human_confirm_source_table_before_any_use,candidate_only_not_analytic_input_until_human_confirmed,human-coded value is exactly visible in available source/PDF text; confirm source location and evidence type before use
A_fast_confirm_existing_human_value,S194,BI-FC,0.49,"Table 3, p.825",ok,false,true,human_confirm_source_table_before_any_use,candidate_only_not_analytic_input_until_human_confirmed,human-coded value is exactly visible in available source/PDF text; confirm source location and evidence type before use
A_fast_confirm_existing_human_value,S194,BI-FC,0.49,"Table 3, p.825",ok,false,true,human_confirm_source_table_before_any_use,candidate_only_not_analytic_input_until_human_confirmed,human-coded value is exactly visible in available source/PDF text; confirm source location and evidence type before use
A_fast_confirm_existing_human_value,S194,BI-FC,0.49,"Table 3, p.825",ok,false,true,human_confirm_source_table_before_any_use,candidate_only_not_analytic_input_until_human_confirmed,human-coded value is exactly visible in available source/PDF text; confirm source location and evidence type before use
A_fast_confirm_existing_human_value,S194,BI-PE,-0.08,"Table 3, p.825",ok,false,true,human_confirm_source_table_before_any_use,candidate_only_not_analytic_input_until_human_confirmed,human-coded value is exactly visible in available source/PDF text; confirm source location and evidence type before use
A_fast_confirm_existing_human_value,S194,BI-PE,-0.08,"Table 3, p.825",ok,false,true,human_confirm_source_table_before_any_use,candidate_only_not_analytic_input_until_human_confirmed,human-coded value is exactly visible in available source/PDF text; confirm source location and evidence type before use
A_fast_confirm_existing_human_value,S194,BI-PE,-0.08,"Table 3, p.825",ok,false,true,human_confirm_source_table_before_any_use,candidate_only_not_analytic_input_until_human_confirmed,human-coded value is exactly visible in available source/PDF text; confirm source location and evidence type before use
A_fast_confirm_existing_human_value,S194,BI-PE,-0.08,"Table 3, p.825",ok,false,true,human_confirm_source_table_before_any_use,candidate_only_not_analytic_input_until_human_confirmed,human-coded value is exactly visible in available source/PDF text; confirm source location and evidence type before use
A_fast_confirm_existing_human_value,S194,BI-PE,-0.08,"Table 3, p.825",ok,false,true,human_confirm_source_table_before_any_use,candidate_only_not_analytic_input_until_human_confirmed,human-coded value is exactly visible in available source/PDF text; confirm source location and evidence type before use
A_fast_confirm_existing_human_value,S194,BI-SI,0.62,"Table 3, p.825",ok,false,true,human_confirm_source_table_before_any_use,candidate_only_not_analytic_input_until_human_confirmed,human-coded value is exactly visible in available source/PDF text; confirm source location and evidence type before use
A_fast_confirm_existing_human_value,S194,BI-SI,0.62,"Table 3, p.825",ok,false,true,human_confirm_source_table_before_any_use,candidate_only_not_analytic_input_until_human_confirmed,human-coded value is exactly visible in available source/PDF text; confirm source location and evidence type before use
A_fast_confirm_existing_human_value,S194,BI-SI,0.62,"Table 3, p.825",ok,false,true,human_confirm_source_table_before_any_use,candidate_only_not_analytic_input_until_human_confirmed,human-coded value is exactly visible in available source/PDF text; confirm source location and evidence type before use
A_fast_confirm_existing_human_value,S194,BI-SI,0.62,"Table 3, p.825",ok,false,true,human_confirm_source_table_before_any_use,candidate_only_not_analytic_input_until_human_confirmed,human-coded value is exactly visible in available source/PDF text; confirm source location and evidence type before use
A_fast_confirm_existing_human_value,S194,BI-SI,0.62,"Table 3, p.825",ok,false,true,human_confirm_source_table_before_any_use,candidate_only_not_analytic_input_until_human_confirmed,human-coded value is exactly visible in available source/PDF text; confirm source location and evidence type before use
A_fast_confirm_existing_human_value,S194,BI-UB,0.64,"Table 3, p.825",ok,false,true,human_confirm_source_table_before_any_use,candidate_only_not_analytic_input_until_human_confirmed,human-coded value is exactly visible in available source/PDF text; confirm source location and evidence type before use
A_fast_confirm_existing_human_value,S194,BI-UB,0.64,"Table 3, p.825",ok,false,true,human_confirm_source_table_before_any_use,candidate_only_not_analytic_input_until_human_confirmed,human-coded value is exactly visible in available source/PDF text; confirm source location and evidence type before use
A_fast_confirm_existing_human_value,S194,BI-UB,0.64,"Table 3, p.825",ok,false,true,human_confirm_source_table_before_any_use,candidate_only_not_analytic_input_until_human_confirmed,human-coded value is exactly visible in available source/PDF text; confirm source location and evidence type before use
A_fast_confirm_existing_human_value,S194,BI-UB,0.64,"Table 3, p.825",ok,false,true,human_confirm_source_table_before_any_use,candidate_only_not_analytic_input_until_human_confirmed,human-coded value is exactly visible in available source/PDF text; confirm source location and evidence type before use
A_fast_confirm_existing_human_value,S194,BI-UB,0.64,"Table 3, p.825",ok,false,true,human_confirm_source_table_before_any_use,candidate_only_not_analytic_input_until_human_confirmed,human-coded value is exactly visible in available source/PDF text; confirm source location and evidence type before use
A_fast_confirm_existing_human_value,S194,EE-FC,0.55,"Table 3, p.825",ok,false,true,human_confirm_source_table_before_any_use,candidate_only_not_analytic_input_until_human_confirmed,human-coded value is exactly visible in available source/PDF text; confirm source location and evidence type before use
A_fast_confirm_existing_human_value,S194,EE-FC,0.55,"Table 3, p.825",ok,false,true,human_confirm_source_table_before_any_use,candidate_only_not_analytic_input_until_human_confirmed,human-coded value is exactly visible in available source/PDF text; confirm source location and evidence type before use
A_fast_confirm_existing_human_value,S194,EE-FC,0.55,"Table 3, p.825",ok,false,true,human_confirm_source_table_before_any_use,candidate_only_not_analytic_input_until_human_confirmed,human-coded value is exactly visible in available source/PDF text; confirm source location and evidence type before use
A_fast_confirm_existing_human_value,S194,EE-FC,0.55,"Table 3, p.825",ok,false,true,human_confirm_source_table_before_any_use,candidate_only_not_analytic_input_until_human_confirmed,human-coded value is exactly visible in available source/PDF text; confirm source location and evidence type before use
A_fast_confirm_existing_human_value,S194,EE-FC,0.55,"Table 3, p.825",ok,false,true,human_confirm_source_table_before_any_use,candidate_only_not_analytic_input_until_human_confirmed,human-coded value is exactly visible in available source/PDF text; confirm source location and evidence type before use
A_fast_confirm_existing_human_value,S194,EE-PE,-0.1,"Table 3, p.825",ok,false,true,human_confirm_source_table_before_any_use,candidate_only_not_analytic_input_until_human_confirmed,human-coded value is exactly visible in available source/PDF text; confirm source location and evidence type before use
A_fast_confirm_existing_human_value,S194,EE-PE,-0.1,"Table 3, p.825",ok,false,true,human_confirm_source_table_before_any_use,candidate_only_not_analytic_input_until_human_confirmed,human-coded value is exactly visible in available source/PDF text; confirm source location and evidence type before use
A_fast_confirm_existing_human_value,S194,EE-PE,-0.1,"Table 3, p.825",ok,false,true,human_confirm_source_table_before_any_use,candidate_only_not_analytic_input_until_human_confirmed,human-coded value is exactly visible in available source/PDF text; confirm source location and evidence type before use
A_fast_confirm_existing_human_value,S194,EE-PE,-0.1,"Table 3, p.825",ok,false,true,human_confirm_source_table_before_any_use,candidate_only_not_analytic_input_until_human_confirmed,human-coded value is exactly visible in available source/PDF text; confirm source location and evidence type before use
A_fast_confirm_existing_human_value,S194,EE-PE,-0.1,"Table 3, p.825",ok,false,true,human_confirm_source_table_before_any_use,candidate_only_not_analytic_input_until_human_confirmed,human-coded value is exactly visible in available source/PDF text; confirm source location and evidence type before use
A_fast_confirm_existing_human_value,S194,EE-SI,0.52,"Table 3, p.825",ok,false,true,human_confirm_source_table_before_any_use,candidate_only_not_analytic_input_until_human_confirmed,human-coded value is exactly visible in available source/PDF text; confirm source location and evidence type before use
A_fast_confirm_existing_human_value,S194,EE-SI,0.52,"Table 3, p.825",ok,false,true,human_confirm_source_table_before_any_use,candidate_only_not_analytic_input_until_human_confirmed,human-coded value is exactly visible in available source/PDF text; confirm source location and evidence type before use
A_fast_confirm_existing_human_value,S194,EE-SI,0.52,"Table 3, p.825",ok,false,true,human_confirm_source_table_before_any_use,candidate_only_not_analytic_input_until_human_confirmed,human-coded value is exactly visible in available source/PDF text; confirm source location and evidence type before use
A_fast_confirm_existing_human_value,S194,EE-SI,0.52,"Table 3, p.825",ok,false,true,human_confirm_source_table_before_any_use,candidate_only_not_analytic_input_until_human_confirmed,human-coded value is exactly visible in available source/PDF text; confirm source location and evidence type before use
A_fast_confirm_existing_human_value,S194,EE-SI,0.52,"Table 3, p.825",ok,false,true,human_confirm_source_table_before_any_use,candidate_only_not_analytic_input_until_human_confirmed,human-coded value is exactly visible in available source/PDF text; confirm source location and evidence type before use
A_fast_confirm_existing_human_value,S194,EE-UB,0.49,"Table 3, p.825",ok,false,true,human_confirm_source_table_before_any_use,candidate_only_not_analytic_input_until_human_confirmed,human-coded value is exactly visible in available source/PDF text; confirm source location and evidence type before use
A_fast_confirm_existing_human_value,S194,EE-UB,0.49,"Table 3, p.825",ok,false,true,human_confirm_source_table_before_any_use,candidate_only_not_analytic_input_until_human_confirmed,human-coded value is exactly visible in available source/PDF text; confirm source location and evidence type before use
A_fast_confirm_existing_human_value,S194,EE-UB,0.49,"Table 3, p.825",ok,false,true,human_confirm_source_table_before_any_use,candidate_only_not_analytic_input_until_human_confirmed,human-coded value is exactly visible in available source/PDF text; confirm source location and evidence type before use
A_fast_confirm_existing_human_value,S194,EE-UB,0.49,"Table 3, p.825",ok,false,true,human_confirm_source_table_before_any_use,candidate_only_not_analytic_input_until_human_confirmed,human-coded value is exactly visible in available source/PDF text; confirm source location and evidence type before use
A_fast_confirm_existing_human_value,S194,EE-UB,0.49,"Table 3, p.825",ok,false,true,human_confirm_source_table_before_any_use,candidate_only_not_analytic_input_until_human_confirmed,human-coded value is exactly visible in available source/PDF text; confirm source location and evidence type before use
A_fast_confirm_existing_human_value,S194,FC-PE,-0.12,"Table 3, p.825",ok,false,true,human_confirm_source_table_before_any_use,candidate_only_not_analytic_input_until_human_confirmed,human-coded value is exactly visible in available source/PDF text; confirm source location and evidence type before use
A_fast_confirm_existing_human_value,S194,FC-PE,-0.12,"Table 3, p.825",ok,false,true,human_confirm_source_table_before_any_use,candidate_only_not_analytic_input_until_human_confirmed,human-coded value is exactly visible in available source/PDF text; confirm source location and evidence type before use
A_fast_confirm_existing_human_value,S194,FC-PE,-0.12,"Table 3, p.825",ok,false,true,human_confirm_source_table_before_any_use,candidate_only_not_analytic_input_until_human_confirmed,human-coded value is exactly visible in available source/PDF text; confirm source location and evidence type before use
A_fast_confirm_existing_human_value,S194,FC-PE,-0.12,"Table 3, p.825",ok,false,true,human_confirm_source_table_before_any_use,candidate_only_not_analytic_input_until_human_confirmed,human-coded value is exactly visible in available source/PDF text; confirm source location and evidence type before use
A_fast_confirm_existing_human_value,S194,FC-PE,-0.12,"Table 3, p.825",ok,false,true,human_confirm_source_table_before_any_use,candidate_only_not_analytic_input_until_human_confirmed,human-coded value is exactly visible in available source/PDF text; confirm source location and evidence type before use
A_fast_confirm_existing_human_value,S194,FC-SI,0.59,"Table 3, p.825",ok,false,true,human_confirm_source_table_before_any_use,candidate_only_not_analytic_input_until_human_confirmed,human-coded value is exactly visible in available source/PDF text; confirm source location and evidence type before use
A_fast_confirm_existing_human_value,S194,FC-SI,0.59,"Table 3, p.825",ok,false,true,human_confirm_source_table_before_any_use,candidate_only_not_analytic_input_until_human_confirmed,human-coded value is exactly visible in available source/PDF text; confirm source location and evidence type before use
A_fast_confirm_existing_human_value,S194,FC-SI,0.59,"Table 3, p.825",ok,false,true,human_confirm_source_table_before_any_use,candidate_only_not_analytic_input_until_human_confirmed,human-coded value is exactly visible in available source/PDF text; confirm source location and evidence type before use
A_fast_confirm_existing_human_value,S194,FC-SI,0.59,"Table 3, p.825",ok,false,true,human_confirm_source_table_before_any_use,candidate_only_not_analytic_input_until_human_confirmed,human-coded value is exactly visible in available source/PDF text; confirm source location and evidence type before use
A_fast_confirm_existing_human_value,S194,FC-SI,0.59,"Table 3, p.825",ok,false,true,human_confirm_source_table_before_any_use,candidate_only_not_analytic_input_until_human_confirmed,human-coded value is exactly visible in available source/PDF text; confirm source location and evidence type before use
A_fast_confirm_existing_human_value,S194,FC-UB,0.52,"Table 3, p.825",ok,false,true,human_confirm_source_table_before_any_use,candidate_only_not_analytic_input_until_human_confirmed,human-coded value is exactly visible in available source/PDF text; confirm source location and evidence type before use
A_fast_confirm_existing_human_value,S194,FC-UB,0.52,"Table 3, p.825",ok,false,true,human_confirm_source_table_before_any_use,candidate_only_not_analytic_input_until_human_confirmed,human-coded value is exactly visible in available source/PDF text; confirm source location and evidence type before use
A_fast_confirm_existing_human_value,S194,FC-UB,0.52,"Table 3, p.825",ok,false,true,human_confirm_source_table_before_any_use,candidate_only_not_analytic_input_until_human_confirmed,human-coded value is exactly visible in available source/PDF text; confirm source location and evidence type before use
A_fast_confirm_existing_human_value,S194,FC-UB,0.52,"Table 3, p.825",ok,false,true,human_confirm_source_table_before_any_use,candidate_only_not_analytic_input_until_human_confirmed,human-coded value is exactly visible in available source/PDF text; confirm source location and evidence type before use
A_fast_confirm_existing_human_value,S194,FC-UB,0.52,"Table 3, p.825",ok,false,true,human_confirm_source_table_before_any_use,candidate_only_not_analytic_input_until_human_confirmed,human-coded value is exactly visible in available source/PDF text; confirm source location and evidence type before use
A_fast_confirm_existing_human_value,S194,PE-SI,-0.12,"Table 3, p.825",ok,false,true,human_confirm_source_table_before_any_use,candidate_only_not_analytic_input_until_human_confirmed,human-coded value is exactly visible in available source/PDF text; confirm source location and evidence type before use
A_fast_confirm_existing_human_value,S194,PE-SI,-0.12,"Table 3, p.825",ok,false,true,human_confirm_source_table_before_any_use,candidate_only_not_analytic_input_until_human_confirmed,human-coded value is exactly visible in available source/PDF text; confirm source location and evidence type before use
A_fast_confirm_existing_human_value,S194,PE-SI,-0.12,"Table 3, p.825",ok,false,true,human_confirm_source_table_before_any_use,candidate_only_not_analytic_input_until_human_confirmed,human-coded value is exactly visible in available source/PDF text; confirm source location and evidence type before use
A_fast_confirm_existing_human_value,S194,PE-SI,-0.12,"Table 3, p.825",ok,false,true,human_confirm_source_table_before_any_use,candidate_only_not_analytic_input_until_human_confirmed,human-coded value is exactly visible in available source/PDF text; confirm source location and evidence type before use
A_fast_confirm_existing_human_value,S194,PE-SI,-0.12,"Table 3, p.825",ok,false,true,human_confirm_source_table_before_any_use,candidate_only_not_analytic_input_until_human_confirmed,human-coded value is exactly visible in available source/PDF text; confirm source location and evidence type before use
A_fast_confirm_existing_human_value,S194,PE-UB,-0.05,"Table 3, p.825",ok,false,true,human_confirm_source_table_before_any_use,candidate_only_not_analytic_input_until_human_confirmed,human-coded value is exactly visible in available source/PDF text; confirm source location and evidence type before use
A_fast_confirm_existing_human_value,S194,PE-UB,-0.05,"Table 3, p.825",ok,false,true,human_confirm_source_table_before_any_use,candidate_only_not_analytic_input_until_human_confirmed,human-coded value is exactly visible in available source/PDF text; confirm source location and evidence type before use
A_fast_confirm_existing_human_value,S194,PE-UB,-0.05,"Table 3, p.825",ok,false,true,human_confirm_source_table_before_any_use,candidate_only_not_analytic_input_until_human_confirmed,human-coded value is exactly visible in available source/PDF text; confirm source location and evidence type before use
A_fast_confirm_existing_human_value,S194,PE-UB,-0.05,"Table 3, p.825",ok,false,true,human_confirm_source_table_before_any_use,candidate_only_not_analytic_input_until_human_confirmed,human-coded value is exactly visible in available source/PDF text; confirm source location and evidence type before use
A_fast_confirm_existing_human_value,S194,PE-UB,-0.05,"Table 3, p.825",ok,false,true,human_confirm_source_table_before_any_use,candidate_only_not_analytic_input_until_human_confirmed,human-coded value is exactly visible in available source/PDF text; confirm source location and evidence type before use
A_fast_confirm_existing_human_value,S194,SI-UB,0.56,"Table 3, p.825",ok,false,true,human_confirm_source_table_before_any_use,candidate_only_not_analytic_input_until_human_confirmed,human-coded value is exactly visible in available source/PDF text; confirm source location and evidence type before use
A_fast_confirm_existing_human_value,S194,SI-UB,0.56,"Table 3, p.825",ok,false,true,human_confirm_source_table_before_any_use,candidate_only_not_analytic_input_until_human_confirmed,human-coded value is exactly visible in available source/PDF text; confirm source location and evidence type before use
A_fast_confirm_existing_human_value,S194,SI-UB,0.56,"Table 3, p.825",ok,false,true,human_confirm_source_table_before_any_use,candidate_only_not_analytic_input_until_human_confirmed,human-coded value is exactly visible in available source/PDF text; confirm source location and evidence type before use
A_fast_confirm_existing_human_value,S194,SI-UB,0.56,"Table 3, p.825",ok,false,true,human_confirm_source_table_before_any_use,candidate_only_not_analytic_input_until_human_confirmed,human-coded value is exactly visible in available source/PDF text; confirm source location and evidence type before use
A_fast_confirm_existing_human_value,S194,SI-UB,0.56,"Table 3, p.825",ok,false,true,human_confirm_source_table_before_any_use,candidate_only_not_analytic_input_until_human_confirmed,human-coded value is exactly visible in available source/PDF text; confirm source location and evidence type before use
A_fast_confirm_existing_human_value,S198,BI-FC,-0.171,,ok,true,true,human_confirm_source_table_before_any_use,candidate_only_not_analytic_input_until_human_confirmed,human-coded value is exactly visible in available source/PDF text; confirm source location and evidence type before use
A_fast_confirm_existing_human_value,S198,BI-FC,-0.171,,ok,true,true,human_confirm_source_table_before_any_use,candidate_only_not_analytic_input_until_human_confirmed,human-coded value is exactly visible in available source/PDF text; confirm source location and evidence type before use
A_fast_confirm_existing_human_value,S198,BI-FC,-0.171,,ok,true,true,human_confirm_source_table_before_any_use,candidate_only_not_analytic_input_until_human_confirmed,human-coded value is exactly visible in available source/PDF text; confirm source location and evidence type before use
A_fast_confirm_existing_human_value,S198,EE-SI,-0.136,,ok,true,true,human_confirm_source_table_before_any_use,candidate_only_not_analytic_input_until_human_confirmed,human-coded value is exactly visible in available source/PDF text; confirm source location and evidence type before use
A_fast_confirm_existing_human_value,S198,EE-SI,-0.136,,ok,true,true,human_confirm_source_table_before_any_use,candidate_only_not_analytic_input_until_human_confirmed,human-coded value is exactly visible in available source/PDF text; confirm source location and evidence type before use
A_fast_confirm_existing_human_value,S198,EE-SI,-0.136,,ok,true,true,human_confirm_source_table_before_any_use,candidate_only_not_analytic_input_until_human_confirmed,human-coded value is exactly visible in available source/PDF text; confirm source location and evidence type before use
A_fast_confirm_existing_human_value,S198,FC-SI,-0.046,,ok,true,true,human_confirm_source_table_before_any_use,candidate_only_not_analytic_input_until_human_confirmed,human-coded value is exactly visible in available source/PDF text; confirm source location and evidence type before use
A_fast_confirm_existing_human_value,S198,FC-SI,-0.046,,ok,true,true,human_confirm_source_table_before_any_use,candidate_only_not_analytic_input_until_human_confirmed,human-coded value is exactly visible in available source/PDF text; confirm source location and evidence type before use
A_fast_confirm_existing_human_value,S198,FC-SI,-0.046,,ok,true,true,human_confirm_source_table_before_any_use,candidate_only_not_analytic_input_until_human_confirmed,human-coded value is exactly visible in available source/PDF text; confirm source location and evidence type before use
A_fast_confirm_existing_human_value,S198,FC-UB,-0.16,,ok,true,true,human_confirm_source_table_before_any_use,candidate_only_not_analytic_input_until_human_confirmed,human-coded value is exactly visible in available source/PDF text; confirm source location and evidence type before use
A_fast_confirm_existing_human_value,S198,FC-UB,-0.16,,ok,true,true,human_confirm_source_table_before_any_use,candidate_only_not_analytic_input_until_human_confirmed,human-coded value is exactly visible in available source/PDF text; confirm source location and evidence type before use
A_fast_confirm_existing_human_value,S198,FC-UB,-0.16,,ok,true,true,human_confirm_source_table_before_any_use,candidate_only_not_analytic_input_until_human_confirmed,human-coded value is exactly visible in available source/PDF text; confirm source location and evidence type before use
A_fast_confirm_existing_human_value,S198,PE-SI,-0.293,,ok,true,true,human_confirm_source_table_before_any_use,candidate_only_not_analytic_input_until_human_confirmed,human-coded value is exactly visible in available source/PDF text; confirm source location and evidence type before use
A_fast_confirm_existing_human_value,S198,PE-SI,-0.293,,ok,true,true,human_confirm_source_table_before_any_use,candidate_only_not_analytic_input_until_human_confirmed,human-coded value is exactly visible in available source/PDF text; confirm source location and evidence type before use
A_fast_confirm_existing_human_value,S198,PE-SI,-0.293,,ok,true,true,human_confirm_source_table_before_any_use,candidate_only_not_analytic_input_until_human_confirmed,human-coded value is exactly visible in available source/PDF text; confirm source location and evidence type before use
A_fast_confirm_existing_human_value,S200,BI-FC,-0.17,Table 6,ok,true,true,human_confirm_source_table_before_any_use,candidate_only_not_analytic_input_until_human_confirmed,human-coded value is exactly visible in available source/PDF text; confirm source location and evidence type before use
A_fast_confirm_existing_human_value,S200,BI-FC,-0.122,,ok,true,true,human_confirm_source_table_before_any_use,candidate_only_not_analytic_input_until_human_confirmed,human-coded value is exactly visible in available source/PDF text; confirm source location and evidence type before use
A_fast_confirm_existing_human_value,S208,BI-EE,0.43,"Table 2, p.829",ok,false,true,human_confirm_source_table_before_any_use,candidate_only_not_analytic_input_until_human_confirmed,human-coded value is exactly visible in available source/PDF text; confirm source location and evidence type before use
A_fast_confirm_existing_human_value,S208,BI-EE,0.434,Table2,ok,false,true,human_confirm_source_table_before_any_use,candidate_only_not_analytic_input_until_human_confirmed,human-coded value is exactly visible in available source/PDF text; confirm source location and evidence type before use
A_fast_confirm_existing_human_value,S208,BI-EE,0.43,"Table 2, p.829",ok,false,true,human_confirm_source_table_before_any_use,candidate_only_not_analytic_input_until_human_confirmed,human-coded value is exactly visible in available source/PDF text; confirm source location and evidence type before use
A_fast_confirm_existing_human_value,S208,BI-EE,0.43,"Table 2, p.829",ok,false,true,human_confirm_source_table_before_any_use,candidate_only_not_analytic_input_until_human_confirmed,human-coded value is exactly visible in available source/PDF text; confirm source location and evidence type before use
A_fast_confirm_existing_human_value,S208,BI-EE,0.434,Table2,ok,false,true,human_confirm_source_table_before_any_use,candidate_only_not_analytic_input_until_human_confirmed,human-coded value is exactly visible in available source/PDF text; confirm source location and evidence type before use
A_fast_confirm_existing_human_value,S208,BI-PE,0.24,"Table 2, p.829",ok,false,true,human_confirm_source_table_before_any_use,candidate_only_not_analytic_input_until_human_confirmed,human-coded value is exactly visible in available source/PDF text; confirm source location and evidence type before use
A_fast_confirm_existing_human_value,S208,BI-PE,0.241,Table2,ok,false,true,human_confirm_source_table_before_any_use,candidate_only_not_analytic_input_until_human_confirmed,human-coded value is exactly visible in available source/PDF text; confirm source location and evidence type before use
A_fast_confirm_existing_human_value,S208,BI-PE,0.24,"Table 2, p.829",ok,false,true,human_confirm_source_table_before_any_use,candidate_only_not_analytic_input_until_human_confirmed,human-coded value is exactly visible in available source/PDF text; confirm source location and evidence type before use
A_fast_confirm_existing_human_value,S208,BI-PE,0.24,"Table 2, p.829",ok,false,true,human_confirm_source_table_before_any_use,candidate_only_not_analytic_input_until_human_confirmed,human-coded value is exactly visible in available source/PDF text; confirm source location and evidence type before use
A_fast_confirm_existing_human_value,S208,BI-PE,0.241,Table2,ok,false,true,human_confirm_source_table_before_any_use,candidate_only_not_analytic_input_until_human_confirmed,human-coded value is exactly visible in available source/PDF text; confirm source location and evidence type before use
A_fast_confirm_existing_human_value,S208,BI-SI,0.46,"Table 2, p.829",ok,false,true,human_confirm_source_table_before_any_use,candidate_only_not_analytic_input_until_human_confirmed,human-coded value is exactly visible in available source/PDF text; confirm source location and evidence type before use
A_fast_confirm_existing_human_value,S208,BI-SI,0.462,Table2,ok,false,true,human_confirm_source_table_before_any_use,candidate_only_not_analytic_input_until_human_confirmed,human-coded value is exactly visible in available source/PDF text; confirm source location and evidence type before use
A_fast_confirm_existing_human_value,S208,BI-SI,0.46,"Table 2, p.829",ok,false,true,human_confirm_source_table_before_any_use,candidate_only_not_analytic_input_until_human_confirmed,human-coded value is exactly visible in available source/PDF text; confirm source location and evidence type before use
A_fast_confirm_existing_human_value,S208,BI-SI,0.46,"Table 2, p.829",ok,false,true,human_confirm_source_table_before_any_use,candidate_only_not_analytic_input_until_human_confirmed,human-coded value is exactly visible in available source/PDF text; confirm source location and evidence type before use
A_fast_confirm_existing_human_value,S208,BI-SI,0.462,Table2,ok,false,true,human_confirm_source_table_before_any_use,candidate_only_not_analytic_input_until_human_confirmed,human-coded value is exactly visible in available source/PDF text; confirm source location and evidence type before use
A_fast_confirm_existing_human_value,S208,BI-TRU,0.52,"Table 2, p.829",ok,false,true,human_confirm_source_table_before_any_use,candidate_only_not_analytic_input_until_human_confirmed,human-coded value is exactly visible in available source/PDF text; confirm source location and evidence type before use
A_fast_confirm_existing_human_value,S208,BI-TRU,0.524,Table2,ok,false,true,human_confirm_source_table_before_any_use,candidate_only_not_analytic_input_until_human_confirmed,human-coded value is exactly visible in available source/PDF text; confirm source location and evidence type before use
A_fast_confirm_existing_human_value,S208,BI-TRU,0.52,"Table 2, p.829",ok,false,true,human_confirm_source_table_before_any_use,candidate_only_not_analytic_input_until_human_confirmed,human-coded value is exactly visible in available source/PDF text; confirm source location and evidence type before use
A_fast_confirm_existing_human_value,S208,BI-TRU,0.52,"Table 2, p.829",ok,false,true,human_confirm_source_table_before_any_use,candidate_only_not_analytic_input_until_human_confirmed,human-coded value is exactly visible in available source/PDF text; confirm source location and evidence type before use
A_fast_confirm_existing_human_value,S208,BI-TRU,0.524,Table2,ok,false,true,human_confirm_source_table_before_any_use,candidate_only_not_analytic_input_until_human_confirmed,human-coded value is exactly visible in available source/PDF text; confirm source location and evidence type before use
A_fast_confirm_existing_human_value,S208,EE-PE,0.4,"Table 2, p.829",ok,false,true,human_confirm_source_table_before_any_use,candidate_only_not_analytic_input_until_human_confirmed,human-coded value is exactly visible in available source/PDF text; confirm source location and evidence type before use
A_fast_confirm_existing_human_value,S208,EE-PE,0.402,Table2,ok,false,true,human_confirm_source_table_before_any_use,candidate_only_not_analytic_input_until_human_confirmed,human-coded value is exactly visible in available source/PDF text; confirm source location and evidence type before use
A_fast_confirm_existing_human_value,S208,EE-PE,0.4,"Table 2, p.829",ok,false,true,human_confirm_source_table_before_any_use,candidate_only_not_analytic_input_until_human_confirmed,human-coded value is exactly visible in available source/PDF text; confirm source location and evidence type before use
A_fast_confirm_existing_human_value,S208,EE-PE,0.4,"Table 2, p.829",ok,false,true,human_confirm_source_table_before_any_use,candidate_only_not_analytic_input_until_human_confirmed,human-coded value is exactly visible in available source/PDF text; confirm source location and evidence type before use
A_fast_confirm_existing_human_value,S208,EE-PE,0.402,Table2,ok,false,true,human_confirm_source_table_before_any_use,candidate_only_not_analytic_input_until_human_confirmed,human-coded value is exactly visible in available source/PDF text; confirm source location and evidence type before use
A_fast_confirm_existing_human_value,S208,EE-SI,0.36,"Table 2, p.829",ok,false,true,human_confirm_source_table_before_any_use,candidate_only_not_analytic_input_until_human_confirmed,human-coded value is exactly visible in available source/PDF text; confirm source location and evidence type before use
A_fast_confirm_existing_human_value,S208,EE-SI,0.632,Table2,ok,false,true,human_confirm_source_table_before_any_use,candidate_only_not_analytic_input_until_human_confirmed,human-coded value is exactly visible in available source/PDF text; confirm source location and evidence type before use
A_fast_confirm_existing_human_value,S208,EE-SI,0.36,"Table 2, p.829",ok,false,true,human_confirm_source_table_before_any_use,candidate_only_not_analytic_input_until_human_confirmed,human-coded value is exactly visible in available source/PDF text; confirm source location and evidence type before use
A_fast_confirm_existing_human_value,S208,EE-SI,0.36,"Table 2, p.829",ok,false,true,human_confirm_source_table_before_any_use,candidate_only_not_analytic_input_until_human_confirmed,human-coded value is exactly visible in available source/PDF text; confirm source location and evidence type before use
A_fast_confirm_existing_human_value,S208,EE-SI,0.362,,ok,false,true,human_confirm_source_table_before_any_use,candidate_only_not_analytic_input_until_human_confirmed,human-coded value is exactly visible in available source/PDF text; confirm source location and evidence type before use
A_fast_confirm_existing_human_value,S208,EE-TRU,0.4,"Table 2, p.829",ok,false,true,human_confirm_source_table_before_any_use,candidate_only_not_analytic_input_until_human_confirmed,human-coded value is exactly visible in available source/PDF text; confirm source location and evidence type before use
A_fast_confirm_existing_human_value,S208,EE-TRU,0.395,Table2,ok,false,true,human_confirm_source_table_before_any_use,candidate_only_not_analytic_input_until_human_confirmed,human-coded value is exactly visible in available source/PDF text; confirm source location and evidence type before use
A_fast_confirm_existing_human_value,S208,EE-TRU,0.39,"Table 2, p. 829",ok,false,true,human_confirm_source_table_before_any_use,candidate_only_not_analytic_input_until_human_confirmed,human-coded value is exactly visible in available source/PDF text; confirm source location and evidence type before use
A_fast_confirm_existing_human_value,S208,EE-TRU,0.39,"Table 2, p. 829",ok,false,true,human_confirm_source_table_before_any_use,candidate_only_not_analytic_input_until_human_confirmed,human-coded value is exactly visible in available source/PDF text; confirm source location and evidence type before use
A_fast_confirm_existing_human_value,S208,EE-TRU,0.395,Table2,ok,false,true,human_confirm_source_table_before_any_use,candidate_only_not_analytic_input_until_human_confirmed,human-coded value is exactly visible in available source/PDF text; confirm source location and evidence type before use
A_fast_confirm_existing_human_value,S208,PE-SI,0.3,"Table 2, p.829",ok,false,true,human_confirm_source_table_before_any_use,candidate_only_not_analytic_input_until_human_confirmed,human-coded value is exactly visible in available source/PDF text; confirm source location and evidence type before use
A_fast_confirm_existing_human_value,S208,PE-SI,0.296,Table2,ok,false,true,human_confirm_source_table_before_any_use,candidate_only_not_analytic_input_until_human_confirmed,human-coded value is exactly visible in available source/PDF text; confirm source location and evidence type before use
A_fast_confirm_existing_human_value,S208,PE-SI,0.29,"Table 2, p. 829",ok,false,true,human_confirm_source_table_before_any_use,candidate_only_not_analytic_input_until_human_confirmed,human-coded value is exactly visible in available source/PDF text; confirm source location and evidence type before use
A_fast_confirm_existing_human_value,S208,PE-SI,0.29,"Table 2, p. 829",ok,false,true,human_confirm_source_table_before_any_use,candidate_only_not_analytic_input_until_human_confirmed,human-coded value is exactly visible in available source/PDF text; confirm source location and evidence type before use
A_fast_confirm_existing_human_value,S208,PE-SI,0.296,Table2,ok,false,true,human_confirm_source_table_before_any_use,candidate_only_not_analytic_input_until_human_confirmed,human-coded value is exactly visible in available source/PDF text; confirm source location and evidence type before use
A_fast_confirm_existing_human_value,S208,PE-TRU,0.3,"Table 2, p.829",ok,false,true,human_confirm_source_table_before_any_use,candidate_only_not_analytic_input_until_human_confirmed,human-coded value is exactly visible in available source/PDF text; confirm source location and evidence type before use
A_fast_confirm_existing_human_value,S208,PE-TRU,0.295,Table2,ok,false,true,human_confirm_source_table_before_any_use,candidate_only_not_analytic_input_until_human_confirmed,human-coded value is exactly visible in available source/PDF text; confirm source location and evidence type before use
A_fast_confirm_existing_human_value,S208,PE-TRU,0.29,"Table 2, p. 829",ok,false,true,human_confirm_source_table_before_any_use,candidate_only_not_analytic_input_until_human_confirmed,human-coded value is exactly visible in available source/PDF text; confirm source location and evidence type before use
A_fast_confirm_existing_human_value,S208,PE-TRU,0.29,"Table 2, p. 829",ok,false,true,human_confirm_source_table_before_any_use,candidate_only_not_analytic_input_until_human_confirmed,human-coded value is exactly visible in available source/PDF text; confirm source location and evidence type before use
A_fast_confirm_existing_human_value,S208,PE-TRU,0.295,Table2,ok,false,true,human_confirm_source_table_before_any_use,candidate_only_not_analytic_input_until_human_confirmed,human-coded value is exactly visible in available source/PDF text; confirm source location and evidence type before use
A_fast_confirm_existing_human_value,S208,SI-TRU,0.24,"Table 2, p.829",ok,false,true,human_confirm_source_table_before_any_use,candidate_only_not_analytic_input_until_human_confirmed,human-coded value is exactly visible in available source/PDF text; confirm source location and evidence type before use
A_fast_confirm_existing_human_value,S208,SI-TRU,0.241,Table2,ok,false,true,human_confirm_source_table_before_any_use,candidate_only_not_analytic_input_until_human_confirmed,human-coded value is exactly visible in available source/PDF text; confirm source location and evidence type before use
A_fast_confirm_existing_human_value,S208,SI-TRU,0.24,"Table 2, p.829",ok,false,true,human_confirm_source_table_before_any_use,candidate_only_not_analytic_input_until_human_confirmed,human-coded value is exactly visible in available source/PDF text; confirm source location and evidence type before use
A_fast_confirm_existing_human_value,S208,SI-TRU,0.24,"Table 2, p.829",ok,false,true,human_confirm_source_table_before_any_use,candidate_only_not_analytic_input_until_human_confirmed,human-coded value is exactly visible in available source/PDF text; confirm source location and evidence type before use
A_fast_confirm_existing_human_value,S208,SI-TRU,0.241,Table2,ok,false,true,human_confirm_source_table_before_any_use,candidate_only_not_analytic_input_until_human_confirmed,human-coded value is exactly visible in available source/PDF text; confirm source location and evidence type before use
A_fast_confirm_existing_human_value,S212,EE-PE,0.17,,ok,true,true,human_confirm_source_table_before_any_use,candidate_only_not_analytic_input_until_human_confirmed,human-coded value is exactly visible in available source/PDF text; confirm source location and evidence type before use
A_fast_confirm_existing_human_value,S212,EE-PE,0.17,,ok,true,true,human_confirm_source_table_before_any_use,candidate_only_not_analytic_input_until_human_confirmed,human-coded value is exactly visible in available source/PDF text; confirm source location and evidence type before use
A_fast_confirm_existing_human_value,S216,ANX-EE,0.14,Table 5,ok,true,true,human_confirm_source_table_before_any_use,candidate_only_not_analytic_input_until_human_confirmed,human-coded value is exactly visible in available source/PDF text; confirm source location and evidence type before use
A_fast_confirm_existing_human_value,S216,BI-EE,0.25,Table 5,ok,true,true,human_confirm_source_table_before_any_use,candidate_only_not_analytic_input_until_human_confirmed,human-coded value is exactly visible in available source/PDF text; confirm source location and evidence type before use
A_fast_confirm_existing_human_value,S216,BI-PE,0.25,Table 5,ok,true,true,human_confirm_source_table_before_any_use,candidate_only_not_analytic_input_until_human_confirmed,human-coded value is exactly visible in available source/PDF text; confirm source location and evidence type before use
A_fast_confirm_existing_human_value,S216,BI-SI,0.21,Table 5,ok,true,true,human_confirm_source_table_before_any_use,candidate_only_not_analytic_input_until_human_confirmed,human-coded value is exactly visible in available source/PDF text; confirm source location and evidence type before use
A_fast_confirm_existing_human_value,S216,EE-PE,0.28,Table 5,ok,true,true,human_confirm_source_table_before_any_use,candidate_only_not_analytic_input_until_human_confirmed,human-coded value is exactly visible in available source/PDF text; confirm source location and evidence type before use
A_fast_confirm_existing_human_value,S216,EE-SE,0.28,Table 5,ok,true,true,human_confirm_source_table_before_any_use,candidate_only_not_analytic_input_until_human_confirmed,human-coded value is exactly visible in available source/PDF text; confirm source location and evidence type before use
A_fast_confirm_existing_human_value,S217,BI-PE,0.75,Table 4,ok,true,true,human_confirm_source_table_before_any_use,candidate_only_not_analytic_input_until_human_confirmed,human-coded value is exactly visible in available source/PDF text; confirm source location and evidence type before use
A_fast_confirm_existing_human_value,S218,ATT-BI,0.784,Table1,ok,false,true,human_confirm_source_table_before_any_use,candidate_only_not_analytic_input_until_human_confirmed,human-coded value is exactly visible in available source/PDF text; confirm source location and evidence type before use
A_fast_confirm_existing_human_value,S218,ATT-BI,0.784,Table1,ok,false,true,human_confirm_source_table_before_any_use,candidate_only_not_analytic_input_until_human_confirmed,human-coded value is exactly visible in available source/PDF text; confirm source location and evidence type before use
A_fast_confirm_existing_human_value,S218,ATT-EE,0.688,Table1,ok,false,true,human_confirm_source_table_before_any_use,candidate_only_not_analytic_input_until_human_confirmed,human-coded value is exactly visible in available source/PDF text; confirm source location and evidence type before use
A_fast_confirm_existing_human_value,S218,ATT-EE,0.688,Table1,ok,false,true,human_confirm_source_table_before_any_use,candidate_only_not_analytic_input_until_human_confirmed,human-coded value is exactly visible in available source/PDF text; confirm source location and evidence type before use
A_fast_confirm_existing_human_value,S218,ATT-PE,0.7,"Table 1, p.5",ok,false,true,human_confirm_source_table_before_any_use,candidate_only_not_analytic_input_until_human_confirmed,human-coded value is exactly visible in available source/PDF text; confirm source location and evidence type before use
A_fast_confirm_existing_human_value,S218,ATT-PE,0.701,Table1,ok,false,true,human_confirm_source_table_before_any_use,candidate_only_not_analytic_input_until_human_confirmed,human-coded value is exactly visible in available source/PDF text; confirm source location and evidence type before use
A_fast_confirm_existing_human_value,S218,ATT-PE,0.7,"Table 1, p.5",ok,false,true,human_confirm_source_table_before_any_use,candidate_only_not_analytic_input_until_human_confirmed,human-coded value is exactly visible in available source/PDF text; confirm source location and evidence type before use
A_fast_confirm_existing_human_value,S218,ATT-PE,0.7,"Table 1, p.5",ok,false,true,human_confirm_source_table_before_any_use,candidate_only_not_analytic_input_until_human_confirmed,human-coded value is exactly visible in available source/PDF text; confirm source location and evidence type before use
A_fast_confirm_existing_human_value,S218,ATT-PE,0.701,Table1,ok,false,true,human_confirm_source_table_before_any_use,candidate_only_not_analytic_input_until_human_confirmed,human-coded value is exactly visible in available source/PDF text; confirm source location and evidence type before use
A_fast_confirm_existing_human_value,S218,BI-EE,0.59,"Table 1, p.5",ok,false,true,human_confirm_source_table_before_any_use,candidate_only_not_analytic_input_until_human_confirmed,human-coded value is exactly visible in available source/PDF text; confirm source location and evidence type before use
A_fast_confirm_existing_human_value,S218,BI-EE,0.59,"Table 1, p.5",ok,false,true,human_confirm_source_table_before_any_use,candidate_only_not_analytic_input_until_human_confirmed,human-coded value is exactly visible in available source/PDF text; confirm source location and evidence type before use
A_fast_confirm_existing_human_value,S218,BI-EE,0.59,"Table 1, p.5",ok,false,true,human_confirm_source_table_before_any_use,candidate_only_not_analytic_input_until_human_confirmed,human-coded value is exactly visible in available source/PDF text; confirm source location and evidence type before use
A_fast_confirm_existing_human_value,S218,BI-EE,0.59,"Table 1, p.5",ok,false,true,human_confirm_source_table_before_any_use,candidate_only_not_analytic_input_until_human_confirmed,human-coded value is exactly visible in available source/PDF text; confirm source location and evidence type before use
A_fast_confirm_existing_human_value,S218,BI-EE,0.59,"Table 1, p.5",ok,false,true,human_confirm_source_table_before_any_use,candidate_only_not_analytic_input_until_human_confirmed,human-coded value is exactly visible in available source/PDF text; confirm source location and evidence type before use
A_fast_confirm_existing_human_value,S218,BI-PE,0.632,Table1,ok,false,true,human_confirm_source_table_before_any_use,candidate_only_not_analytic_input_until_human_confirmed,human-coded value is exactly visible in available source/PDF text; confirm source location and evidence type before use
A_fast_confirm_existing_human_value,S218,BI-PE,0.632,Table1,ok,false,true,human_confirm_source_table_before_any_use,candidate_only_not_analytic_input_until_human_confirmed,human-coded value is exactly visible in available source/PDF text; confirm source location and evidence type before use
A_fast_confirm_existing_human_value,S218,EE-PE,0.66,"Table 1, p.5",ok,false,true,human_confirm_source_table_before_any_use,candidate_only_not_analytic_input_until_human_confirmed,human-coded value is exactly visible in available source/PDF text; confirm source location and evidence type before use
A_fast_confirm_existing_human_value,S218,EE-PE,0.66,"Table 1, p.5",ok,false,true,human_confirm_source_table_before_any_use,candidate_only_not_analytic_input_until_human_confirmed,human-coded value is exactly visible in available source/PDF text; confirm source location and evidence type before use
A_fast_confirm_existing_human_value,S218,EE-PE,0.66,"Table 1, p.5",ok,false,true,human_confirm_source_table_before_any_use,candidate_only_not_analytic_input_until_human_confirmed,human-coded value is exactly visible in available source/PDF text; confirm source location and evidence type before use
A_fast_confirm_existing_human_value,S218,EE-PE,0.66,"Table 1, p.5",ok,false,true,human_confirm_source_table_before_any_use,candidate_only_not_analytic_input_until_human_confirmed,human-coded value is exactly visible in available source/PDF text; confirm source location and evidence type before use
A_fast_confirm_existing_human_value,S218,EE-PE,0.66,"Table 1, p.5",ok,false,true,human_confirm_source_table_before_any_use,candidate_only_not_analytic_input_until_human_confirmed,human-coded value is exactly visible in available source/PDF text; confirm source location and evidence type before use
A_fast_confirm_existing_human_value,S218,PE-UB,0.032,,ok,false,true,human_confirm_source_table_before_any_use,candidate_only_not_analytic_input_until_human_confirmed,human-coded value is exactly visible in available source/PDF text; confirm source location and evidence type before use
A_fast_confirm_existing_human_value,S219,ANX-ATT,-0.08,,ok,true,true,human_confirm_source_table_before_any_use,candidate_only_not_analytic_input_until_human_confirmed,human-coded value is exactly visible in available source/PDF text; confirm source location and evidence type before use
A_fast_confirm_existing_human_value,S219,ANX-ATT,-0.08,,ok,true,true,human_confirm_source_table_before_any_use,candidate_only_not_analytic_input_until_human_confirmed,human-coded value is exactly visible in available source/PDF text; confirm source location and evidence type before use
A_fast_confirm_existing_human_value,S219,ANX-ATT,-0.08,,ok,true,true,human_confirm_source_table_before_any_use,candidate_only_not_analytic_input_until_human_confirmed,human-coded value is exactly visible in available source/PDF text; confirm source location and evidence type before use
A_fast_confirm_existing_human_value,S219,ANX-BI,-0.12,,ok,true,true,human_confirm_source_table_before_any_use,candidate_only_not_analytic_input_until_human_confirmed,human-coded value is exactly visible in available source/PDF text; confirm source location and evidence type before use
A_fast_confirm_existing_human_value,S219,ANX-BI,-0.12,,ok,true,true,human_confirm_source_table_before_any_use,candidate_only_not_analytic_input_until_human_confirmed,human-coded value is exactly visible in available source/PDF text; confirm source location and evidence type before use
A_fast_confirm_existing_human_value,S219,ANX-BI,-0.12,,ok,true,true,human_confirm_source_table_before_any_use,candidate_only_not_analytic_input_until_human_confirmed,human-coded value is exactly visible in available source/PDF text; confirm source location and evidence type before use
A_fast_confirm_existing_human_value,S219,ANX-EE,-0.1,,ok,true,true,human_confirm_source_table_before_any_use,candidate_only_not_analytic_input_until_human_confirmed,human-coded value is exactly visible in available source/PDF text; confirm source location and evidence type before use
A_fast_confirm_existing_human_value,S219,ANX-EE,-0.1,,ok,true,true,human_confirm_source_table_before_any_use,candidate_only_not_analytic_input_until_human_confirmed,human-coded value is exactly visible in available source/PDF text; confirm source location and evidence type before use
A_fast_confirm_existing_human_value,S219,ANX-EE,-0.1,,ok,true,true,human_confirm_source_table_before_any_use,candidate_only_not_analytic_input_until_human_confirmed,human-coded value is exactly visible in available source/PDF text; confirm source location and evidence type before use
A_fast_confirm_existing_human_value,S219,ANX-PE,-0.07,,ok,true,true,human_confirm_source_table_before_any_use,candidate_only_not_analytic_input_until_human_confirmed,human-coded value is exactly visible in available source/PDF text; confirm source location and evidence type before use
A_fast_confirm_existing_human_value,S219,ANX-PE,-0.07,,ok,true,true,human_confirm_source_table_before_any_use,candidate_only_not_analytic_input_until_human_confirmed,human-coded value is exactly visible in available source/PDF text; confirm source location and evidence type before use
A_fast_confirm_existing_human_value,S219,ANX-PE,-0.07,,ok,true,true,human_confirm_source_table_before_any_use,candidate_only_not_analytic_input_until_human_confirmed,human-coded value is exactly visible in available source/PDF text; confirm source location and evidence type before use
A_fast_confirm_existing_human_value,S222,BI-EE,0.46,"Table 6, p.2028",ok,false,true,human_confirm_source_table_before_any_use,candidate_only_not_analytic_input_until_human_confirmed,human-coded value is exactly visible in available source/PDF text; confirm source location and evidence type before use
A_fast_confirm_existing_human_value,S222,BI-EE,0.45,"Table 6, p. 2028",ok,false,true,human_confirm_source_table_before_any_use,candidate_only_not_analytic_input_until_human_confirmed,human-coded value is exactly visible in available source/PDF text; confirm source location and evidence type before use
A_fast_confirm_existing_human_value,S222,BI-EE,0.45,"Table 6, p. 2028",ok,false,true,human_confirm_source_table_before_any_use,candidate_only_not_analytic_input_until_human_confirmed,human-coded value is exactly visible in available source/PDF text; confirm source location and evidence type before use
A_fast_confirm_existing_human_value,S224,BI-EE,0.2,,ok,false,true,human_confirm_source_table_before_any_use,candidate_only_not_analytic_input_until_human_confirmed,human-coded value is exactly visible in available source/PDF text; confirm source location and evidence type before use
A_fast_confirm_existing_human_value,S224,BI-FC,0.073,,ok,false,true,human_confirm_source_table_before_any_use,candidate_only_not_analytic_input_until_human_confirmed,human-coded value is exactly visible in available source/PDF text; confirm source location and evidence type before use
A_fast_confirm_existing_human_value,S224,BI-PE,0.26,,ok,false,true,human_confirm_source_table_before_any_use,candidate_only_not_analytic_input_until_human_confirmed,human-coded value is exactly visible in available source/PDF text; confirm source location and evidence type before use
A_fast_confirm_existing_human_value,S224,BI-SI,0.27,,ok,false,true,human_confirm_source_table_before_any_use,candidate_only_not_analytic_input_until_human_confirmed,human-coded value is exactly visible in available source/PDF text; confirm source location and evidence type before use
A_fast_confirm_existing_human_value,S224,BI-UB,0.043,,ok,false,true,human_confirm_source_table_before_any_use,candidate_only_not_analytic_input_until_human_confirmed,human-coded value is exactly visible in available source/PDF text; confirm source location and evidence type before use
A_fast_confirm_existing_human_value,S225,BI-PE,0.184,,ok,true,true,human_confirm_source_table_before_any_use,candidate_only_not_analytic_input_until_human_confirmed,human-coded value is exactly visible in available source/PDF text; confirm source location and evidence type before use
A_fast_confirm_existing_human_value,S225,BI-TRU,0.435,,ok,true,true,human_confirm_source_table_before_any_use,candidate_only_not_analytic_input_until_human_confirmed,human-coded value is exactly visible in available source/PDF text; confirm source location and evidence type before use
B_check_possible_false_positive_existing_value,S010,FC-UB,0.067,,ok,true,true,human_check_broad_numeric_match_for_false_positive,candidate_only_not_analytic_input_until_human_confirmed,numeric broad match is visible but exact value was not found; check source table manually before deciding
B_check_possible_false_positive_existing_value,S012,BI-EE,0.776,,ok,true,true,human_check_broad_numeric_match_for_false_positive,candidate_only_not_analytic_input_until_human_confirmed,numeric broad match is visible but exact value was not found; check source table manually before deciding
B_check_possible_false_positive_existing_value,S012,BI-PE,0.787,,ok,true,true,human_check_broad_numeric_match_for_false_positive,candidate_only_not_analytic_input_until_human_confirmed,numeric broad match is visible but exact value was not found; check source table manually before deciding
B_check_possible_false_positive_existing_value,S012,EE-FC,0.79,,ok,true,true,human_check_broad_numeric_match_for_false_positive,candidate_only_not_analytic_input_until_human_confirmed,numeric broad match is visible but exact value was not found; check source table manually before deciding
B_check_possible_false_positive_existing_value,S012,EE-PE,0.787,,ok,true,true,human_check_broad_numeric_match_for_false_positive,candidate_only_not_analytic_input_until_human_confirmed,numeric broad match is visible but exact value was not found; check source table manually before deciding
B_check_possible_false_positive_existing_value,S012,PE-SI,0.383,,ok,true,true,human_check_broad_numeric_match_for_false_positive,candidate_only_not_analytic_input_until_human_confirmed,numeric broad match is visible but exact value was not found; check source table manually before deciding
B_check_possible_false_positive_existing_value,S015,BI-PE,0.816,"Table 1 (Fornell-Larcker Poland), p.8",ok,true,true,human_check_broad_numeric_match_for_false_positive,candidate_only_not_analytic_input_until_human_confirmed,numeric broad match is visible but exact value was not found; check source table manually before deciding
B_check_possible_false_positive_existing_value,S015,BI-SI,0.59,"Table 1 (Fornell-Larcker Poland), p.8",ok,true,true,human_check_broad_numeric_match_for_false_positive,candidate_only_not_analytic_input_until_human_confirmed,numeric broad match is visible but exact value was not found; check source table manually before deciding
B_check_possible_false_positive_existing_value,S028,ATT-BI,0.87,"Table 4, p. 7",ok,false,true,human_check_broad_numeric_match_for_false_positive,candidate_only_not_analytic_input_until_human_confirmed,numeric broad match is visible but exact value was not found; check source table manually before deciding
B_check_possible_false_positive_existing_value,S028,ATT-BI,0.87,"Table 4, p. 7",ok,false,true,human_check_broad_numeric_match_for_false_positive,candidate_only_not_analytic_input_until_human_confirmed,numeric broad match is visible but exact value was not found; check source table manually before deciding
B_check_possible_false_positive_existing_value,S028,ATT-PE,0.8,"Table 4, p. 7",ok,false,true,human_check_broad_numeric_match_for_false_positive,candidate_only_not_analytic_input_until_human_confirmed,numeric broad match is visible but exact value was not found; check source table manually before deciding
B_check_possible_false_positive_existing_value,S028,ATT-PE,0.8,"Table 4, p. 7",ok,false,true,human_check_broad_numeric_match_for_false_positive,candidate_only_not_analytic_input_until_human_confirmed,numeric broad match is visible but exact value was not found; check source table manually before deciding
B_check_possible_false_positive_existing_value,S028,ATT-SE,0.72,"Table 4, p.7",ok,false,true,human_check_broad_numeric_match_for_false_positive,candidate_only_not_analytic_input_until_human_confirmed,numeric broad match is visible but exact value was not found; check source table manually before deciding
B_check_possible_false_positive_existing_value,S028,ATT-SE,0.72,"Table 4, p.7",ok,false,true,human_check_broad_numeric_match_for_false_positive,candidate_only_not_analytic_input_until_human_confirmed,numeric broad match is visible but exact value was not found; check source table manually before deciding
B_check_possible_false_positive_existing_value,S028,ATT-SE,0.72,"Table 4, p.7",ok,false,true,human_check_broad_numeric_match_for_false_positive,candidate_only_not_analytic_input_until_human_confirmed,numeric broad match is visible but exact value was not found; check source table manually before deciding
B_check_possible_false_positive_existing_value,S028,BI-EE,0.62,"Table 4, p. 7",ok,false,true,human_check_broad_numeric_match_for_false_positive,candidate_only_not_analytic_input_until_human_confirmed,numeric broad match is visible but exact value was not found; check source table manually before deciding
B_check_possible_false_positive_existing_value,S028,BI-EE,0.62,"Table 4, p. 7",ok,false,true,human_check_broad_numeric_match_for_false_positive,candidate_only_not_analytic_input_until_human_confirmed,numeric broad match is visible but exact value was not found; check source table manually before deciding
B_check_possible_false_positive_existing_value,S028,BI-SE,0.69,"Table 4, p.7",ok,false,true,human_check_broad_numeric_match_for_false_positive,candidate_only_not_analytic_input_until_human_confirmed,numeric broad match is visible but exact value was not found; check source table manually before deciding
B_check_possible_false_positive_existing_value,S028,BI-SE,0.68,"Table 4, p. 7",ok,false,true,human_check_broad_numeric_match_for_false_positive,candidate_only_not_analytic_input_until_human_confirmed,numeric broad match is visible but exact value was not found; check source table manually before deciding
B_check_possible_false_positive_existing_value,S028,BI-SE,0.68,"Table 4, p. 7",ok,false,true,human_check_broad_numeric_match_for_false_positive,candidate_only_not_analytic_input_until_human_confirmed,numeric broad match is visible but exact value was not found; check source table manually before deciding
B_check_possible_false_positive_existing_value,S028,EE-PE,0.67,"Table 4, p.7",ok,false,true,human_check_broad_numeric_match_for_false_positive,candidate_only_not_analytic_input_until_human_confirmed,numeric broad match is visible but exact value was not found; check source table manually before deciding
B_check_possible_false_positive_existing_value,S028,EE-PE,0.66,"Table 4, p. 7",ok,false,true,human_check_broad_numeric_match_for_false_positive,candidate_only_not_analytic_input_until_human_confirmed,numeric broad match is visible but exact value was not found; check source table manually before deciding
B_check_possible_false_positive_existing_value,S028,EE-PE,0.66,"Table 4, p. 7",ok,false,true,human_check_broad_numeric_match_for_false_positive,candidate_only_not_analytic_input_until_human_confirmed,numeric broad match is visible but exact value was not found; check source table manually before deciding
B_check_possible_false_positive_existing_value,S028,EE-SE,0.79,"Table 4, p.7",ok,false,true,human_check_broad_numeric_match_for_false_positive,candidate_only_not_analytic_input_until_human_confirmed,numeric broad match is visible but exact value was not found; check source table manually before deciding
B_check_possible_false_positive_existing_value,S028,EE-SE,0.79,"Table 4, p.7",ok,false,true,human_check_broad_numeric_match_for_false_positive,candidate_only_not_analytic_input_until_human_confirmed,numeric broad match is visible but exact value was not found; check source table manually before deciding
B_check_possible_false_positive_existing_value,S028,EE-SE,0.79,"Table 4, p.7",ok,false,true,human_check_broad_numeric_match_for_false_positive,candidate_only_not_analytic_input_until_human_confirmed,numeric broad match is visible but exact value was not found; check source table manually before deciding
B_check_possible_false_positive_existing_value,S028,PE-SE,0.69,"Table 4, p.7",ok,false,true,human_check_broad_numeric_match_for_false_positive,candidate_only_not_analytic_input_until_human_confirmed,numeric broad match is visible but exact value was not found; check source table manually before deciding
B_check_possible_false_positive_existing_value,S035,BI-EE,0.74,Table 4,ok,true,true,human_check_broad_numeric_match_for_false_positive,candidate_only_not_analytic_input_until_human_confirmed,numeric broad match is visible but exact value was not found; check source table manually before deciding
B_check_possible_false_positive_existing_value,S035,BI-PE,0.68,Table 4,ok,true,true,human_check_broad_numeric_match_for_false_positive,candidate_only_not_analytic_input_until_human_confirmed,numeric broad match is visible but exact value was not found; check source table manually before deciding
B_check_possible_false_positive_existing_value,S035,BI-SI,0.74,Table 4,ok,true,true,human_check_broad_numeric_match_for_false_positive,candidate_only_not_analytic_input_until_human_confirmed,numeric broad match is visible but exact value was not found; check source table manually before deciding
B_check_possible_false_positive_existing_value,S035,BI-TRU,0.75,Table 4,ok,true,true,human_check_broad_numeric_match_for_false_positive,candidate_only_not_analytic_input_until_human_confirmed,numeric broad match is visible but exact value was not found; check source table manually before deciding
B_check_possible_false_positive_existing_value,S035,EE-SI,0.72,Table 4,ok,true,true,human_check_broad_numeric_match_for_false_positive,candidate_only_not_analytic_input_until_human_confirmed,numeric broad match is visible but exact value was not found; check source table manually before deciding
B_check_possible_false_positive_existing_value,S035,EE-TRU,0.63,Table 4,ok,true,true,human_check_broad_numeric_match_for_false_positive,candidate_only_not_analytic_input_until_human_confirmed,numeric broad match is visible but exact value was not found; check source table manually before deciding
B_check_possible_false_positive_existing_value,S035,EE-UB,0.64,Table 4,ok,true,true,human_check_broad_numeric_match_for_false_positive,candidate_only_not_analytic_input_until_human_confirmed,numeric broad match is visible but exact value was not found; check source table manually before deciding
B_check_possible_false_positive_existing_value,S035,FC-TRU,0.73,Table 4,ok,true,true,human_check_broad_numeric_match_for_false_positive,candidate_only_not_analytic_input_until_human_confirmed,numeric broad match is visible but exact value was not found; check source table manually before deciding
B_check_possible_false_positive_existing_value,S035,SI-TRU,0.68,Table 4,ok,true,true,human_check_broad_numeric_match_for_false_positive,candidate_only_not_analytic_input_until_human_confirmed,numeric broad match is visible but exact value was not found; check source table manually before deciding
B_check_possible_false_positive_existing_value,S035,SI-UB,0.68,Table 4,ok,true,true,human_check_broad_numeric_match_for_false_positive,candidate_only_not_analytic_input_until_human_confirmed,numeric broad match is visible but exact value was not found; check source table manually before deciding
B_check_possible_false_positive_existing_value,S035,TRU-UB,0.76,Table 4,ok,true,true,human_check_broad_numeric_match_for_false_positive,candidate_only_not_analytic_input_until_human_confirmed,numeric broad match is visible but exact value was not found; check source table manually before deciding
B_check_possible_false_positive_existing_value,S044,ATT-EE,0.64,Table 2,ok,true,true,human_check_broad_numeric_match_for_false_positive,candidate_only_not_analytic_input_until_human_confirmed,numeric broad match is visible but exact value was not found; check source table manually before deciding
B_check_possible_false_positive_existing_value,S044,ATT-SI,0.64,Table 2,ok,true,true,human_check_broad_numeric_match_for_false_positive,candidate_only_not_analytic_input_until_human_confirmed,numeric broad match is visible but exact value was not found; check source table manually before deciding
B_check_possible_false_positive_existing_value,S044,PE-SI,0.68,Table 2,ok,true,true,human_check_broad_numeric_match_for_false_positive,candidate_only_not_analytic_input_until_human_confirmed,numeric broad match is visible but exact value was not found; check source table manually before deciding
B_check_possible_false_positive_existing_value,S046,ANX-SE,-0.069,"Table 5 (Fornell-Larcker), p.12",ok,true,true,human_check_broad_numeric_match_for_false_positive,candidate_only_not_analytic_input_until_human_confirmed,numeric broad match is visible but exact value was not found; check source table manually before deciding
B_check_possible_false_positive_existing_value,S051,ANX-UB,-0.06,Table 2,ok,true,true,human_check_broad_numeric_match_for_false_positive,candidate_only_not_analytic_input_until_human_confirmed,numeric broad match is visible but exact value was not found; check source table manually before deciding
B_check_possible_false_positive_existing_value,S052,BI-SI,0.61,,ok,true,true,human_check_broad_numeric_match_for_false_positive,candidate_only_not_analytic_input_until_human_confirmed,numeric broad match is visible but exact value was not found; check source table manually before deciding
B_check_possible_false_positive_existing_value,S052,BI-SI,0.61,,ok,true,true,human_check_broad_numeric_match_for_false_positive,candidate_only_not_analytic_input_until_human_confirmed,numeric broad match is visible but exact value was not found; check source table manually before deciding
B_check_possible_false_positive_existing_value,S052,EE-FC,0.55,,ok,true,true,human_check_broad_numeric_match_for_false_positive,candidate_only_not_analytic_input_until_human_confirmed,numeric broad match is visible but exact value was not found; check source table manually before deciding
B_check_possible_false_positive_existing_value,S052,EE-FC,0.55,,ok,true,true,human_check_broad_numeric_match_for_false_positive,candidate_only_not_analytic_input_until_human_confirmed,numeric broad match is visible but exact value was not found; check source table manually before deciding
B_check_possible_false_positive_existing_value,S052,EE-PE,0.79,,ok,true,true,human_check_broad_numeric_match_for_false_positive,candidate_only_not_analytic_input_until_human_confirmed,numeric broad match is visible but exact value was not found; check source table manually before deciding
B_check_possible_false_positive_existing_value,S052,EE-PE,0.79,,ok,true,true,human_check_broad_numeric_match_for_false_positive,candidate_only_not_analytic_input_until_human_confirmed,numeric broad match is visible but exact value was not found; check source table manually before deciding
B_check_possible_false_positive_existing_value,S059,EE-PE,0.17,"Table 4, p. 9",ok,false,true,human_check_broad_numeric_match_for_false_positive,candidate_only_not_analytic_input_until_human_confirmed,numeric broad match is visible but exact value was not found; check source table manually before deciding
B_check_possible_false_positive_existing_value,S059,EE-PE,0.17,"Table 4, p. 9",ok,false,true,human_check_broad_numeric_match_for_false_positive,candidate_only_not_analytic_input_until_human_confirmed,numeric broad match is visible but exact value was not found; check source table manually before deciding
B_check_possible_false_positive_existing_value,S063,EE-PE,0.62,,ok,true,true,human_check_broad_numeric_match_for_false_positive,candidate_only_not_analytic_input_until_human_confirmed,numeric broad match is visible but exact value was not found; check source table manually before deciding
B_check_possible_false_positive_existing_value,S070,PE-UB,0.524,Figure 3 / results text,ok,true,true,human_check_broad_numeric_match_for_false_positive,candidate_only_not_analytic_input_until_human_confirmed,numeric broad match is visible but exact value was not found; check source table manually before deciding
B_check_possible_false_positive_existing_value,S074,ATT-BI,0.64,Table 3,ok,true,true,human_check_broad_numeric_match_for_false_positive,candidate_only_not_analytic_input_until_human_confirmed,numeric broad match is visible but exact value was not found; check source table manually before deciding
B_check_possible_false_positive_existing_value,S074,PE-SE,0.64,Table 3,ok,true,true,human_check_broad_numeric_match_for_false_positive,candidate_only_not_analytic_input_until_human_confirmed,numeric broad match is visible but exact value was not found; check source table manually before deciding
B_check_possible_false_positive_existing_value,S086,BI-PE,0.64,Table 2,ok,true,true,human_check_broad_numeric_match_for_false_positive,candidate_only_not_analytic_input_until_human_confirmed,numeric broad match is visible but exact value was not found; check source table manually before deciding
B_check_possible_false_positive_existing_value,S089,BI-PE,0.36,Table 8,ok,true,true,human_check_broad_numeric_match_for_false_positive,candidate_only_not_analytic_input_until_human_confirmed,numeric broad match is visible but exact value was not found; check source table manually before deciding
B_check_possible_false_positive_existing_value,S093,ATT-BI,0.89,Table 3,ok,true,true,human_check_broad_numeric_match_for_false_positive,candidate_only_not_analytic_input_until_human_confirmed,numeric broad match is visible but exact value was not found; check source table manually before deciding
B_check_possible_false_positive_existing_value,S093,BI-FC,-0.08,Table 3,ok,true,true,human_check_broad_numeric_match_for_false_positive,candidate_only_not_analytic_input_until_human_confirmed,numeric broad match is visible but exact value was not found; check source table manually before deciding
B_check_possible_false_positive_existing_value,S093,BI-UB,0.62,Table 3,ok,true,true,human_check_broad_numeric_match_for_false_positive,candidate_only_not_analytic_input_until_human_confirmed,numeric broad match is visible but exact value was not found; check source table manually before deciding
B_check_possible_false_positive_existing_value,S110,BI-EE,0.62,"Table 4, p.627",ok,false,true,human_check_broad_numeric_match_for_false_positive,candidate_only_not_analytic_input_until_human_confirmed,numeric broad match is visible but exact value was not found; check source table manually before deciding
B_check_possible_false_positive_existing_value,S110,BI-PE,0.68,"Table 4, p.627",ok,false,true,human_check_broad_numeric_match_for_false_positive,candidate_only_not_analytic_input_until_human_confirmed,numeric broad match is visible but exact value was not found; check source table manually before deciding
B_check_possible_false_positive_existing_value,S111,BI-SI,0.8,,ok,true,true,human_check_broad_numeric_match_for_false_positive,candidate_only_not_analytic_input_until_human_confirmed,numeric broad match is visible but exact value was not found; check source table manually before deciding
B_check_possible_false_positive_existing_value,S111,BI-SI,0.8,,ok,true,true,human_check_broad_numeric_match_for_false_positive,candidate_only_not_analytic_input_until_human_confirmed,numeric broad match is visible but exact value was not found; check source table manually before deciding
B_check_possible_false_positive_existing_value,S115,ATT-PE,0.74,,ok,true,true,human_check_broad_numeric_match_for_false_positive,candidate_only_not_analytic_input_until_human_confirmed,numeric broad match is visible but exact value was not found; check source table manually before deciding
B_check_possible_false_positive_existing_value,S128,FC-PE,-0.065,Table 3,ok,true,true,human_check_broad_numeric_match_for_false_positive,candidate_only_not_analytic_input_until_human_confirmed,numeric broad match is visible but exact value was not found; check source table manually before deciding
B_check_possible_false_positive_existing_value,S128,FC-PE,-0.065,Table 3,ok,true,true,human_check_broad_numeric_match_for_false_positive,candidate_only_not_analytic_input_until_human_confirmed,numeric broad match is visible but exact value was not found; check source table manually before deciding
B_check_possible_false_positive_existing_value,S128,FC-SI,-0.063,Table 3,ok,true,true,human_check_broad_numeric_match_for_false_positive,candidate_only_not_analytic_input_until_human_confirmed,numeric broad match is visible but exact value was not found; check source table manually before deciding
B_check_possible_false_positive_existing_value,S128,FC-SI,-0.063,Table 3,ok,true,true,human_check_broad_numeric_match_for_false_positive,candidate_only_not_analytic_input_until_human_confirmed,numeric broad match is visible but exact value was not found; check source table manually before deciding
B_check_possible_false_positive_existing_value,S129,BI-SI,-0.087,,ok,true,true,human_check_broad_numeric_match_for_false_positive,candidate_only_not_analytic_input_until_human_confirmed,numeric broad match is visible but exact value was not found; check source table manually before deciding
B_check_possible_false_positive_existing_value,S134,BI-FC,0.07,Tables 8-9,ok,true,true,human_check_broad_numeric_match_for_false_positive,candidate_only_not_analytic_input_until_human_confirmed,numeric broad match is visible but exact value was not found; check source table manually before deciding
B_check_possible_false_positive_existing_value,S145,ATT-EE,0.4,"Table 3, p. 24",ok,false,true,human_check_broad_numeric_match_for_false_positive,candidate_only_not_analytic_input_until_human_confirmed,numeric broad match is visible but exact value was not found; check source table manually before deciding
B_check_possible_false_positive_existing_value,S145,ATT-EE,0.4,"Table 3, p. 24",ok,false,true,human_check_broad_numeric_match_for_false_positive,candidate_only_not_analytic_input_until_human_confirmed,numeric broad match is visible but exact value was not found; check source table manually before deciding
B_check_possible_false_positive_existing_value,S148,ATT-BI,0.99,Table 4 / results text,ok,true,true,human_check_broad_numeric_match_for_false_positive,candidate_only_not_analytic_input_until_human_confirmed,numeric broad match is visible but exact value was not found; check source table manually before deciding
B_check_possible_false_positive_existing_value,S148,EE-PE,0.58,,ok,true,true,human_check_broad_numeric_match_for_false_positive,candidate_only_not_analytic_input_until_human_confirmed,numeric broad match is visible but exact value was not found; check source table manually before deciding
B_check_possible_false_positive_existing_value,S151,FC-UB,0.56,Table 2,ok,true,true,human_check_broad_numeric_match_for_false_positive,candidate_only_not_analytic_input_until_human_confirmed,numeric broad match is visible but exact value was not found; check source table manually before deciding
B_check_possible_false_positive_existing_value,S151,PE-UB,0.57,Table 2,ok,true,true,human_check_broad_numeric_match_for_false_positive,candidate_only_not_analytic_input_until_human_confirmed,numeric broad match is visible but exact value was not found; check source table manually before deciding
B_check_possible_false_positive_existing_value,S151,SE-UB,0.56,Table 2,ok,true,true,human_check_broad_numeric_match_for_false_positive,candidate_only_not_analytic_input_until_human_confirmed,numeric broad match is visible but exact value was not found; check source table manually before deciding
B_check_possible_false_positive_existing_value,S162,ATT-PE,-0.591,Table 3,ok,true,true,human_check_broad_numeric_match_for_false_positive,candidate_only_not_analytic_input_until_human_confirmed,numeric broad match is visible but exact value was not found; check source table manually before deciding
B_check_possible_false_positive_existing_value,S162,ATT-PE,-0.591,Table 3,ok,true,true,human_check_broad_numeric_match_for_false_positive,candidate_only_not_analytic_input_until_human_confirmed,numeric broad match is visible but exact value was not found; check source table manually before deciding
B_check_possible_false_positive_existing_value,S162,PE-UB,-0.079,Table 3,ok,true,true,human_check_broad_numeric_match_for_false_positive,candidate_only_not_analytic_input_until_human_confirmed,numeric broad match is visible but exact value was not found; check source table manually before deciding
B_check_possible_false_positive_existing_value,S162,PE-UB,-0.079,Table 3,ok,true,true,human_check_broad_numeric_match_for_false_positive,candidate_only_not_analytic_input_until_human_confirmed,numeric broad match is visible but exact value was not found; check source table manually before deciding
B_check_possible_false_positive_existing_value,S164,EE-SI,-0.024,"Table 4 (Fornell-Larcker), p.8",ok,true,true,human_check_broad_numeric_match_for_false_positive,candidate_only_not_analytic_input_until_human_confirmed,numeric broad match is visible but exact value was not found; check source table manually before deciding
B_check_possible_false_positive_existing_value,S164,PE-SI,-0.021,"Table 4 (Fornell-Larcker), p.8",ok,true,true,human_check_broad_numeric_match_for_false_positive,candidate_only_not_analytic_input_until_human_confirmed,numeric broad match is visible but exact value was not found; check source table manually before deciding
B_check_possible_false_positive_existing_value,S168,BI-FC,-0.05,Table 4,ok,true,true,human_check_broad_numeric_match_for_false_positive,candidate_only_not_analytic_input_until_human_confirmed,numeric broad match is visible but exact value was not found; check source table manually before deciding
B_check_possible_false_positive_existing_value,S168,BI-UB,0.47,Table 4,ok,true,true,human_check_broad_numeric_match_for_false_positive,candidate_only_not_analytic_input_until_human_confirmed,numeric broad match is visible but exact value was not found; check source table manually before deciding
B_check_possible_false_positive_existing_value,S191,BI-UB,0.72,Table 2,ok,true,true,human_check_broad_numeric_match_for_false_positive,candidate_only_not_analytic_input_until_human_confirmed,numeric broad match is visible but exact value was not found; check source table manually before deciding
B_check_possible_false_positive_existing_value,S191,EE-FC,0.62,Table 2,ok,true,true,human_check_broad_numeric_match_for_false_positive,candidate_only_not_analytic_input_until_human_confirmed,numeric broad match is visible but exact value was not found; check source table manually before deciding
B_check_possible_false_positive_existing_value,S191,EE-PE,0.71,Table 2,ok,true,true,human_check_broad_numeric_match_for_false_positive,candidate_only_not_analytic_input_until_human_confirmed,numeric broad match is visible but exact value was not found; check source table manually before deciding
B_check_possible_false_positive_existing_value,S191,FC-PE,0.56,Table 2,ok,true,true,human_check_broad_numeric_match_for_false_positive,candidate_only_not_analytic_input_until_human_confirmed,numeric broad match is visible but exact value was not found; check source table manually before deciding
B_check_possible_false_positive_existing_value,S191,FC-UB,0.67,Table 2,ok,true,true,human_check_broad_numeric_match_for_false_positive,candidate_only_not_analytic_input_until_human_confirmed,numeric broad match is visible but exact value was not found; check source table manually before deciding
B_check_possible_false_positive_existing_value,S192,BI-FC,0.34,Table 5,ok,true,true,human_check_broad_numeric_match_for_false_positive,candidate_only_not_analytic_input_until_human_confirmed,numeric broad match is visible but exact value was not found; check source table manually before deciding
B_check_possible_false_positive_existing_value,S198,FC-PE,-0.027,,ok,true,true,human_check_broad_numeric_match_for_false_positive,candidate_only_not_analytic_input_until_human_confirmed,numeric broad match is visible but exact value was not found; check source table manually before deciding
B_check_possible_false_positive_existing_value,S198,FC-PE,-0.027,,ok,true,true,human_check_broad_numeric_match_for_false_positive,candidate_only_not_analytic_input_until_human_confirmed,numeric broad match is visible but exact value was not found; check source table manually before deciding
B_check_possible_false_positive_existing_value,S198,FC-PE,-0.027,,ok,true,true,human_check_broad_numeric_match_for_false_positive,candidate_only_not_analytic_input_until_human_confirmed,numeric broad match is visible but exact value was not found; check source table manually before deciding
B_check_possible_false_positive_existing_value,S212,ATT-BI,0.52,,ok,true,true,human_check_broad_numeric_match_for_false_positive,candidate_only_not_analytic_input_until_human_confirmed,numeric broad match is visible but exact value was not found; check source table manually before deciding
B_check_possible_false_positive_existing_value,S212,ATT-BI,0.52,,ok,true,true,human_check_broad_numeric_match_for_false_positive,candidate_only_not_analytic_input_until_human_confirmed,numeric broad match is visible but exact value was not found; check source table manually before deciding
B_check_possible_false_positive_existing_value,S212,ATT-PE,0.19,,ok,true,true,human_check_broad_numeric_match_for_false_positive,candidate_only_not_analytic_input_until_human_confirmed,numeric broad match is visible but exact value was not found; check source table manually before deciding
B_check_possible_false_positive_existing_value,S212,ATT-PE,0.19,,ok,true,true,human_check_broad_numeric_match_for_false_positive,candidate_only_not_analytic_input_until_human_confirmed,numeric broad match is visible but exact value was not found; check source table manually before deciding
B_check_possible_false_positive_existing_value,S212,BI-PE,0.25,,ok,true,true,human_check_broad_numeric_match_for_false_positive,candidate_only_not_analytic_input_until_human_confirmed,numeric broad match is visible but exact value was not found; check source table manually before deciding
B_check_possible_false_positive_existing_value,S212,BI-PE,0.25,,ok,true,true,human_check_broad_numeric_match_for_false_positive,candidate_only_not_analytic_input_until_human_confirmed,numeric broad match is visible but exact value was not found; check source table manually before deciding
B_check_possible_false_positive_existing_value,S217,ATT-TRU,0.73,Table 4,ok,true,true,human_check_broad_numeric_match_for_false_positive,candidate_only_not_analytic_input_until_human_confirmed,numeric broad match is visible but exact value was not found; check source table manually before deciding
B_check_possible_false_positive_existing_value,S217,BI-TRU,0.78,Table 4,ok,true,true,human_check_broad_numeric_match_for_false_positive,candidate_only_not_analytic_input_until_human_confirmed,numeric broad match is visible but exact value was not found; check source table manually before deciding
B_check_possible_false_positive_existing_value,S217,EE-TRU,0.8,Table 4,ok,true,true,human_check_broad_numeric_match_for_false_positive,candidate_only_not_analytic_input_until_human_confirmed,numeric broad match is visible but exact value was not found; check source table manually before deciding
B_check_possible_false_positive_existing_value,S218,ATT-BI,0.78,"Table 1, p.5",ok,false,true,human_check_broad_numeric_match_for_false_positive,candidate_only_not_analytic_input_until_human_confirmed,numeric broad match is visible but exact value was not found; check source table manually before deciding
B_check_possible_false_positive_existing_value,S218,ATT-BI,0.78,"Table 1, p.5",ok,false,true,human_check_broad_numeric_match_for_false_positive,candidate_only_not_analytic_input_until_human_confirmed,numeric broad match is visible but exact value was not found; check source table manually before deciding
B_check_possible_false_positive_existing_value,S218,ATT-BI,0.78,"Table 1, p.5",ok,false,true,human_check_broad_numeric_match_for_false_positive,candidate_only_not_analytic_input_until_human_confirmed,numeric broad match is visible but exact value was not found; check source table manually before deciding
B_check_possible_false_positive_existing_value,S218,ATT-EE,0.69,"Table 1, p.5",ok,false,true,human_check_broad_numeric_match_for_false_positive,candidate_only_not_analytic_input_until_human_confirmed,numeric broad match is visible but exact value was not found; check source table manually before deciding
B_check_possible_false_positive_existing_value,S218,ATT-EE,0.68,"Table 1, p. 5",ok,false,true,human_check_broad_numeric_match_for_false_positive,candidate_only_not_analytic_input_until_human_confirmed,numeric broad match is visible but exact value was not found; check source table manually before deciding
B_check_possible_false_positive_existing_value,S218,ATT-EE,0.68,"Table 1, p. 5",ok,false,true,human_check_broad_numeric_match_for_false_positive,candidate_only_not_analytic_input_until_human_confirmed,numeric broad match is visible but exact value was not found; check source table manually before deciding
B_check_possible_false_positive_existing_value,S218,BI-PE,0.63,"Table 1, p.5",ok,false,true,human_check_broad_numeric_match_for_false_positive,candidate_only_not_analytic_input_until_human_confirmed,numeric broad match is visible but exact value was not found; check source table manually before deciding
B_check_possible_false_positive_existing_value,S218,BI-PE,0.63,"Table 1, p.5",ok,false,true,human_check_broad_numeric_match_for_false_positive,candidate_only_not_analytic_input_until_human_confirmed,numeric broad match is visible but exact value was not found; check source table manually before deciding
B_check_possible_false_positive_existing_value,S218,BI-PE,0.63,"Table 1, p.5",ok,false,true,human_check_broad_numeric_match_for_false_positive,candidate_only_not_analytic_input_until_human_confirmed,numeric broad match is visible but exact value was not found; check source table manually before deciding
B_check_possible_false_positive_existing_value,S222,BI-PE,0.58,"Table 6, p.2028",ok,false,true,human_check_broad_numeric_match_for_false_positive,candidate_only_not_analytic_input_until_human_confirmed,numeric broad match is visible but exact value was not found; check source table manually before deciding
B_check_possible_false_positive_existing_value,S222,BI-PE,0.58,"Table 6, p.2028",ok,false,true,human_check_broad_numeric_match_for_false_positive,candidate_only_not_analytic_input_until_human_confirmed,numeric broad match is visible but exact value was not found; check source table manually before deciding
B_check_possible_false_positive_existing_value,S222,BI-PE,0.58,"Table 6, p.2028",ok,false,true,human_check_broad_numeric_match_for_false_positive,candidate_only_not_analytic_input_until_human_confirmed,numeric broad match is visible but exact value was not found; check source table manually before deciding
B_check_possible_false_positive_existing_value,S225,BI-EE,-0.057,,ok,true,true,human_check_broad_numeric_match_for_false_positive,candidate_only_not_analytic_input_until_human_confirmed,numeric broad match is visible but exact value was not found; check source table manually before deciding
B_check_possible_false_positive_existing_value,S225,BI-SI,-0.076,,ok,true,true,human_check_broad_numeric_match_for_false_positive,candidate_only_not_analytic_input_until_human_confirmed,numeric broad match is visible but exact value was not found; check source table manually before deciding
C_open_table_for_possible_full10_densification,S004,ANX-ATT,,S004_source_packet_20260609.txt,ok,true,true,human_check_source_table_for_missing_pair_value,candidate_only_not_analytic_input_until_human_confirmed,both construct terms and table/correlation cues are visible; human must open source table and enter a value before promotion
C_open_table_for_possible_full10_densification,S004,ANX-BI,,S004_source_packet_20260609.txt,ok,true,true,human_check_source_table_for_missing_pair_value,candidate_only_not_analytic_input_until_human_confirmed,both construct terms and table/correlation cues are visible; human must open source table and enter a value before promotion
C_open_table_for_possible_full10_densification,S004,ANX-EE,,S004_source_packet_20260609.txt,ok,true,true,human_check_source_table_for_missing_pair_value,candidate_only_not_analytic_input_until_human_confirmed,both construct terms and table/correlation cues are visible; human must open source table and enter a value before promotion
C_open_table_for_possible_full10_densification,S004,ANX-FC,,S004_source_packet_20260609.txt,ok,true,true,human_check_source_table_for_missing_pair_value,candidate_only_not_analytic_input_until_human_confirmed,both construct terms and table/correlation cues are visible; human must open source table and enter a value before promotion
C_open_table_for_possible_full10_densification,S004,ANX-PE,,S004_source_packet_20260609.txt,ok,true,true,human_check_source_table_for_missing_pair_value,candidate_only_not_analytic_input_until_human_confirmed,both construct terms and table/correlation cues are visible; human must open source table and enter a value before promotion
C_open_table_for_possible_full10_densification,S004,ANX-SE,,S004_source_packet_20260609.txt,ok,true,true,human_check_source_table_for_missing_pair_value,candidate_only_not_analytic_input_until_human_confirmed,both construct terms and table/correlation cues are visible; human must open source table and enter a value before promotion
C_open_table_for_possible_full10_densification,S004,ANX-SI,,S004_source_packet_20260609.txt,ok,true,true,human_check_source_table_for_missing_pair_value,candidate_only_not_analytic_input_until_human_confirmed,both construct terms and table/correlation cues are visible; human must open source table and enter a value before promotion
C_open_table_for_possible_full10_densification,S004,ANX-TRU,,S004_source_packet_20260609.txt,ok,true,true,human_check_source_table_for_missing_pair_value,candidate_only_not_analytic_input_until_human_confirmed,both construct terms and table/correlation cues are visible; human must open source table and enter a value before promotion
C_open_table_for_possible_full10_densification,S004,ANX-UB,,S004_source_packet_20260609.txt,ok,true,true,human_check_source_table_for_missing_pair_value,candidate_only_not_analytic_input_until_human_confirmed,both construct terms and table/correlation cues are visible; human must open source table and enter a value before promotion
C_open_table_for_possible_full10_densification,S004,ATT-BI,,S004_source_packet_20260609.txt,ok,true,true,human_check_source_table_for_missing_pair_value,candidate_only_not_analytic_input_until_human_confirmed,both construct terms and table/correlation cues are visible; human must open source table and enter a value before promotion
C_open_table_for_possible_full10_densification,S004,ATT-EE,,S004_source_packet_20260609.txt,ok,true,true,human_check_source_table_for_missing_pair_value,candidate_only_not_analytic_input_until_human_confirmed,both construct terms and table/correlation cues are visible; human must open source table and enter a value before promotion
C_open_table_for_possible_full10_densification,S004,ATT-FC,,S004_source_packet_20260609.txt,ok,true,true,human_check_source_table_for_missing_pair_value,candidate_only_not_analytic_input_until_human_confirmed,both construct terms and table/correlation cues are visible; human must open source table and enter a value before promotion
C_open_table_for_possible_full10_densification,S004,ATT-PE,,S004_source_packet_20260609.txt,ok,true,true,human_check_source_table_for_missing_pair_value,candidate_only_not_analytic_input_until_human_confirmed,both construct terms and table/correlation cues are visible; human must open source table and enter a value before promotion
C_open_table_for_possible_full10_densification,S004,ATT-SE,,S004_source_packet_20260609.txt,ok,true,true,human_check_source_table_for_missing_pair_value,candidate_only_not_analytic_input_until_human_confirmed,both construct terms and table/correlation cues are visible; human must open source table and enter a value before promotion
C_open_table_for_possible_full10_densification,S004,ATT-SI,,S004_source_packet_20260609.txt,ok,true,true,human_check_source_table_for_missing_pair_value,candidate_only_not_analytic_input_until_human_confirmed,both construct terms and table/correlation cues are visible; human must open source table and enter a value before promotion
C_open_table_for_possible_full10_densification,S004,ATT-TRU,,S004_source_packet_20260609.txt,ok,true,true,human_check_source_table_for_missing_pair_value,candidate_only_not_analytic_input_until_human_confirmed,both construct terms and table/correlation cues are visible; human must open source table and enter a value before promotion
C_open_table_for_possible_full10_densification,S004,ATT-UB,,S004_source_packet_20260609.txt,ok,true,true,human_check_source_table_for_missing_pair_value,candidate_only_not_analytic_input_until_human_confirmed,both construct terms and table/correlation cues are visible; human must open source table and enter a value before promotion
C_open_table_for_possible_full10_densification,S004,BI-SE,,S004_source_packet_20260609.txt,ok,true,true,human_check_source_table_for_missing_pair_value,candidate_only_not_analytic_input_until_human_confirmed,both construct terms and table/correlation cues are visible; human must open source table and enter a value before promotion
C_open_table_for_possible_full10_densification,S004,EE-SE,,S004_source_packet_20260609.txt,ok,true,true,human_check_source_table_for_missing_pair_value,candidate_only_not_analytic_input_until_human_confirmed,both construct terms and table/correlation cues are visible; human must open source table and enter a value before promotion
C_open_table_for_possible_full10_densification,S004,FC-SE,,S004_source_packet_20260609.txt,ok,true,true,human_check_source_table_for_missing_pair_value,candidate_only_not_analytic_input_until_human_confirmed,both construct terms and table/correlation cues are visible; human must open source table and enter a value before promotion
C_open_table_for_possible_full10_densification,S004,PE-SE,,S004_source_packet_20260609.txt,ok,true,true,human_check_source_table_for_missing_pair_value,candidate_only_not_analytic_input_until_human_confirmed,both construct terms and table/correlation cues are visible; human must open source table and enter a value before promotion
C_open_table_for_possible_full10_densification,S004,SE-SI,,S004_source_packet_20260609.txt,ok,true,true,human_check_source_table_for_missing_pair_value,candidate_only_not_analytic_input_until_human_confirmed,both construct terms and table/correlation cues are visible; human must open source table and enter a value before promotion
C_open_table_for_possible_full10_densification,S004,SE-TRU,,S004_source_packet_20260609.txt,ok,true,true,human_check_source_table_for_missing_pair_value,candidate_only_not_analytic_input_until_human_confirmed,both construct terms and table/correlation cues are visible; human must open source table and enter a value before promotion
C_open_table_for_possible_full10_densification,S004,SE-UB,,S004_source_packet_20260609.txt,ok,true,true,human_check_source_table_for_missing_pair_value,candidate_only_not_analytic_input_until_human_confirmed,both construct terms and table/correlation cues are visible; human must open source table and enter a value before promotion
C_open_table_for_possible_full10_densification,S016,ANX-TRU,,S016_source_packet_20260609.txt,ok,true,true,human_check_source_table_for_missing_pair_value,candidate_only_not_analytic_input_until_human_confirmed,both construct terms and table/correlation cues are visible; human must open source table and enter a value before promotion
C_open_table_for_possible_full10_densification,S016,ANX-UB,,S016_source_packet_20260609.txt,ok,true,true,human_check_source_table_for_missing_pair_value,candidate_only_not_analytic_input_until_human_confirmed,both construct terms and table/correlation cues are visible; human must open source table and enter a value before promotion
C_open_table_for_possible_full10_densification,S016,ATT-TRU,,S016_source_packet_20260609.txt,ok,true,true,human_check_source_table_for_missing_pair_value,candidate_only_not_analytic_input_until_human_confirmed,both construct terms and table/correlation cues are visible; human must open source table and enter a value before promotion
C_open_table_for_possible_full10_densification,S016,ATT-UB,,S016_source_packet_20260609.txt,ok,true,true,human_check_source_table_for_missing_pair_value,candidate_only_not_analytic_input_until_human_confirmed,both construct terms and table/correlation cues are visible; human must open source table and enter a value before promotion
C_open_table_for_possible_full10_densification,S016,BI-TRU,,S016_source_packet_20260609.txt,ok,true,true,human_check_source_table_for_missing_pair_value,candidate_only_not_analytic_input_until_human_confirmed,both construct terms and table/correlation cues are visible; human must open source table and enter a value before promotion
C_open_table_for_possible_full10_densification,S016,BI-UB,,S016_source_packet_20260609.txt,ok,true,true,human_check_source_table_for_missing_pair_value,candidate_only_not_analytic_input_until_human_confirmed,both construct terms and table/correlation cues are visible; human must open source table and enter a value before promotion
C_open_table_for_possible_full10_densification,S016,EE-TRU,,S016_source_packet_20260609.txt,ok,true,true,human_check_source_table_for_missing_pair_value,candidate_only_not_analytic_input_until_human_confirmed,both construct terms and table/correlation cues are visible; human must open source table and enter a value before promotion
C_open_table_for_possible_full10_densification,S016,EE-UB,,S016_source_packet_20260609.txt,ok,true,true,human_check_source_table_for_missing_pair_value,candidate_only_not_analytic_input_until_human_confirmed,both construct terms and table/correlation cues are visible; human must open source table and enter a value before promotion
C_open_table_for_possible_full10_densification,S016,FC-TRU,,S016_source_packet_20260609.txt,ok,true,true,human_check_source_table_for_missing_pair_value,candidate_only_not_analytic_input_until_human_confirmed,both construct terms and table/correlation cues are visible; human must open source table and enter a value before promotion
C_open_table_for_possible_full10_densification,S016,FC-UB,,S016_source_packet_20260609.txt,ok,true,true,human_check_source_table_for_missing_pair_value,candidate_only_not_analytic_input_until_human_confirmed,both construct terms and table/correlation cues are visible; human must open source table and enter a value before promotion
C_open_table_for_possible_full10_densification,S016,PE-TRU,,S016_source_packet_20260609.txt,ok,true,true,human_check_source_table_for_missing_pair_value,candidate_only_not_analytic_input_until_human_confirmed,both construct terms and table/correlation cues are visible; human must open source table and enter a value before promotion
C_open_table_for_possible_full10_densification,S016,PE-UB,,S016_source_packet_20260609.txt,ok,true,true,human_check_source_table_for_missing_pair_value,candidate_only_not_analytic_input_until_human_confirmed,both construct terms and table/correlation cues are visible; human must open source table and enter a value before promotion
C_open_table_for_possible_full10_densification,S016,SE-TRU,,S016_source_packet_20260609.txt,ok,true,true,human_check_source_table_for_missing_pair_value,candidate_only_not_analytic_input_until_human_confirmed,both construct terms and table/correlation cues are visible; human must open source table and enter a value before promotion
C_open_table_for_possible_full10_densification,S016,SE-UB,,S016_source_packet_20260609.txt,ok,true,true,human_check_source_table_for_missing_pair_value,candidate_only_not_analytic_input_until_human_confirmed,both construct terms and table/correlation cues are visible; human must open source table and enter a value before promotion
C_open_table_for_possible_full10_densification,S016,TRU-UB,,S016_source_packet_20260609.txt,ok,true,true,human_check_source_table_for_missing_pair_value,candidate_only_not_analytic_input_until_human_confirmed,both construct terms and table/correlation cues are visible; human must open source table and enter a value before promotion
C_open_table_for_possible_full10_densification,S025,ATT-BI,,S025_source_packet_20260609.txt,ok,true,true,human_check_source_table_for_missing_pair_value,candidate_only_not_analytic_input_until_human_confirmed,both construct terms and table/correlation cues are visible; human must open source table and enter a value before promotion
C_open_table_for_possible_full10_densification,S025,ATT-EE,,S025_source_packet_20260609.txt,ok,true,true,human_check_source_table_for_missing_pair_value,candidate_only_not_analytic_input_until_human_confirmed,both construct terms and table/correlation cues are visible; human must open source table and enter a value before promotion
C_open_table_for_possible_full10_densification,S025,ATT-FC,,S025_source_packet_20260609.txt,ok,true,true,human_check_source_table_for_missing_pair_value,candidate_only_not_analytic_input_until_human_confirmed,both construct terms and table/correlation cues are visible; human must open source table and enter a value before promotion
C_open_table_for_possible_full10_densification,S025,ATT-PE,,S025_source_packet_20260609.txt,ok,true,true,human_check_source_table_for_missing_pair_value,candidate_only_not_analytic_input_until_human_confirmed,both construct terms and table/correlation cues are visible; human must open source table and enter a value before promotion
C_open_table_for_possible_full10_densification,S025,ATT-SE,,S025_source_packet_20260609.txt,ok,true,true,human_check_source_table_for_missing_pair_value,candidate_only_not_analytic_input_until_human_confirmed,both construct terms and table/correlation cues are visible; human must open source table and enter a value before promotion
C_open_table_for_possible_full10_densification,S025,ATT-SI,,S025_source_packet_20260609.txt,ok,true,true,human_check_source_table_for_missing_pair_value,candidate_only_not_analytic_input_until_human_confirmed,both construct terms and table/correlation cues are visible; human must open source table and enter a value before promotion
C_open_table_for_possible_full10_densification,S025,ATT-TRU,,S025_source_packet_20260609.txt,ok,true,true,human_check_source_table_for_missing_pair_value,candidate_only_not_analytic_input_until_human_confirmed,both construct terms and table/correlation cues are visible; human must open source table and enter a value before promotion
C_open_table_for_possible_full10_densification,S025,ATT-UB,,S025_source_packet_20260609.txt,ok,true,true,human_check_source_table_for_missing_pair_value,candidate_only_not_analytic_input_until_human_confirmed,both construct terms and table/correlation cues are visible; human must open source table and enter a value before promotion
C_open_table_for_possible_full10_densification,S025,BI-TRU,,S025_source_packet_20260609.txt,ok,true,true,human_check_source_table_for_missing_pair_value,candidate_only_not_analytic_input_until_human_confirmed,both construct terms and table/correlation cues are visible; human must open source table and enter a value before promotion
C_open_table_for_possible_full10_densification,S025,EE-TRU,,S025_source_packet_20260609.txt,ok,true,true,human_check_source_table_for_missing_pair_value,candidate_only_not_analytic_input_until_human_confirmed,both construct terms and table/correlation cues are visible; human must open source table and enter a value before promotion
C_open_table_for_possible_full10_densification,S025,FC-TRU,,S025_source_packet_20260609.txt,ok,true,true,human_check_source_table_for_missing_pair_value,candidate_only_not_analytic_input_until_human_confirmed,both construct terms and table/correlation cues are visible; human must open source table and enter a value before promotion
C_open_table_for_possible_full10_densification,S025,PE-TRU,,S025_source_packet_20260609.txt,ok,true,true,human_check_source_table_for_missing_pair_value,candidate_only_not_analytic_input_until_human_confirmed,both construct terms and table/correlation cues are visible; human must open source table and enter a value before promotion
C_open_table_for_possible_full10_densification,S025,SE-TRU,,S025_source_packet_20260609.txt,ok,true,true,human_check_source_table_for_missing_pair_value,candidate_only_not_analytic_input_until_human_confirmed,both construct terms and table/correlation cues are visible; human must open source table and enter a value before promotion
C_open_table_for_possible_full10_densification,S025,SI-TRU,,S025_source_packet_20260609.txt,ok,true,true,human_check_source_table_for_missing_pair_value,candidate_only_not_analytic_input_until_human_confirmed,both construct terms and table/correlation cues are visible; human must open source table and enter a value before promotion
C_open_table_for_possible_full10_densification,S025,TRU-UB,,S025_source_packet_20260609.txt,ok,true,true,human_check_source_table_for_missing_pair_value,candidate_only_not_analytic_input_until_human_confirmed,both construct terms and table/correlation cues are visible; human must open source table and enter a value before promotion
C_open_table_for_possible_full10_densification,S030,ANX-ATT,,S030_source_packet_20260609.txt,ok,true,true,human_check_source_table_for_missing_pair_value,candidate_only_not_analytic_input_until_human_confirmed,both construct terms and table/correlation cues are visible; human must open source table and enter a value before promotion
C_open_table_for_possible_full10_densification,S030,ANX-BI,,S030_source_packet_20260609.txt,ok,true,true,human_check_source_table_for_missing_pair_value,candidate_only_not_analytic_input_until_human_confirmed,both construct terms and table/correlation cues are visible; human must open source table and enter a value before promotion
C_open_table_for_possible_full10_densification,S030,ANX-EE,,S030_source_packet_20260609.txt,ok,true,true,human_check_source_table_for_missing_pair_value,candidate_only_not_analytic_input_until_human_confirmed,both construct terms and table/correlation cues are visible; human must open source table and enter a value before promotion
C_open_table_for_possible_full10_densification,S030,ANX-FC,,S030_source_packet_20260609.txt,ok,true,true,human_check_source_table_for_missing_pair_value,candidate_only_not_analytic_input_until_human_confirmed,both construct terms and table/correlation cues are visible; human must open source table and enter a value before promotion
C_open_table_for_possible_full10_densification,S030,ANX-PE,,S030_source_packet_20260609.txt,ok,true,true,human_check_source_table_for_missing_pair_value,candidate_only_not_analytic_input_until_human_confirmed,both construct terms and table/correlation cues are visible; human must open source table and enter a value before promotion
C_open_table_for_possible_full10_densification,S030,ANX-SE,,S030_source_packet_20260609.txt,ok,true,true,human_check_source_table_for_missing_pair_value,candidate_only_not_analytic_input_until_human_confirmed,both construct terms and table/correlation cues are visible; human must open source table and enter a value before promotion
C_open_table_for_possible_full10_densification,S030,ANX-SI,,S030_source_packet_20260609.txt,ok,true,true,human_check_source_table_for_missing_pair_value,candidate_only_not_analytic_input_until_human_confirmed,both construct terms and table/correlation cues are visible; human must open source table and enter a value before promotion
C_open_table_for_possible_full10_densification,S030,ANX-TRU,,S030_source_packet_20260609.txt,ok,true,true,human_check_source_table_for_missing_pair_value,candidate_only_not_analytic_input_until_human_confirmed,both construct terms and table/correlation cues are visible; human must open source table and enter a value before promotion
C_open_table_for_possible_full10_densification,S030,ANX-UB,,S030_source_packet_20260609.txt,ok,true,true,human_check_source_table_for_missing_pair_value,candidate_only_not_analytic_input_until_human_confirmed,both construct terms and table/correlation cues are visible; human must open source table and enter a value before promotion
C_open_table_for_possible_full10_densification,S030,ATT-SE,,S030_source_packet_20260609.txt,ok,true,true,human_check_source_table_for_missing_pair_value,candidate_only_not_analytic_input_until_human_confirmed,both construct terms and table/correlation cues are visible; human must open source table and enter a value before promotion
C_open_table_for_possible_full10_densification,S030,ATT-UB,,S030_source_packet_20260609.txt,ok,true,true,human_check_source_table_for_missing_pair_value,candidate_only_not_analytic_input_until_human_confirmed,both construct terms and table/correlation cues are visible; human must open source table and enter a value before promotion
C_open_table_for_possible_full10_densification,S030,BI-SE,,S030_source_packet_20260609.txt,ok,true,true,human_check_source_table_for_missing_pair_value,candidate_only_not_analytic_input_until_human_confirmed,both construct terms and table/correlation cues are visible; human must open source table and enter a value before promotion
C_open_table_for_possible_full10_densification,S030,BI-UB,,S030_source_packet_20260609.txt,ok,true,true,human_check_source_table_for_missing_pair_value,candidate_only_not_analytic_input_until_human_confirmed,both construct terms and table/correlation cues are visible; human must open source table and enter a value before promotion
C_open_table_for_possible_full10_densification,S030,EE-SE,,S030_source_packet_20260609.txt,ok,true,true,human_check_source_table_for_missing_pair_value,candidate_only_not_analytic_input_until_human_confirmed,both construct terms and table/correlation cues are visible; human must open source table and enter a value before promotion
C_open_table_for_possible_full10_densification,S030,EE-UB,,S030_source_packet_20260609.txt,ok,true,true,human_check_source_table_for_missing_pair_value,candidate_only_not_analytic_input_until_human_confirmed,both construct terms and table/correlation cues are visible; human must open source table and enter a value before promotion
C_open_table_for_possible_full10_densification,S030,FC-SE,,S030_source_packet_20260609.txt,ok,true,true,human_check_source_table_for_missing_pair_value,candidate_only_not_analytic_input_until_human_confirmed,both construct terms and table/correlation cues are visible; human must open source table and enter a value before promotion
C_open_table_for_possible_full10_densification,S030,FC-UB,,S030_source_packet_20260609.txt,ok,true,true,human_check_source_table_for_missing_pair_value,candidate_only_not_analytic_input_until_human_confirmed,both construct terms and table/correlation cues are visible; human must open source table and enter a value before promotion
C_open_table_for_possible_full10_densification,S030,PE-SE,,S030_source_packet_20260609.txt,ok,true,true,human_check_source_table_for_missing_pair_value,candidate_only_not_analytic_input_until_human_confirmed,both construct terms and table/correlation cues are visible; human must open source table and enter a value before promotion
C_open_table_for_possible_full10_densification,S030,PE-UB,,S030_source_packet_20260609.txt,ok,true,true,human_check_source_table_for_missing_pair_value,candidate_only_not_analytic_input_until_human_confirmed,both construct terms and table/correlation cues are visible; human must open source table and enter a value before promotion
C_open_table_for_possible_full10_densification,S030,SE-SI,,S030_source_packet_20260609.txt,ok,true,true,human_check_source_table_for_missing_pair_value,candidate_only_not_analytic_input_until_human_confirmed,both construct terms and table/correlation cues are visible; human must open source table and enter a value before promotion
C_open_table_for_possible_full10_densification,S030,SE-TRU,,S030_source_packet_20260609.txt,ok,true,true,human_check_source_table_for_missing_pair_value,candidate_only_not_analytic_input_until_human_confirmed,both construct terms and table/correlation cues are visible; human must open source table and enter a value before promotion
C_open_table_for_possible_full10_densification,S030,SE-UB,,S030_source_packet_20260609.txt,ok,true,true,human_check_source_table_for_missing_pair_value,candidate_only_not_analytic_input_until_human_confirmed,both construct terms and table/correlation cues are visible; human must open source table and enter a value before promotion
C_open_table_for_possible_full10_densification,S030,SI-UB,,S030_source_packet_20260609.txt,ok,true,true,human_check_source_table_for_missing_pair_value,candidate_only_not_analytic_input_until_human_confirmed,both construct terms and table/correlation cues are visible; human must open source table and enter a value before promotion
C_open_table_for_possible_full10_densification,S030,TRU-UB,,S030_source_packet_20260609.txt,ok,true,true,human_check_source_table_for_missing_pair_value,candidate_only_not_analytic_input_until_human_confirmed,both construct terms and table/correlation cues are visible; human must open source table and enter a value before promotion
C_open_table_for_possible_full10_densification,S035,ATT-BI,,S035_source_packet_20260609.txt,ok,true,true,human_check_source_table_for_missing_pair_value,candidate_only_not_analytic_input_until_human_confirmed,both construct terms and table/correlation cues are visible; human must open source table and enter a value before promotion
C_open_table_for_possible_full10_densification,S035,ATT-EE,,S035_source_packet_20260609.txt,ok,true,true,human_check_source_table_for_missing_pair_value,candidate_only_not_analytic_input_until_human_confirmed,both construct terms and table/correlation cues are visible; human must open source table and enter a value before promotion
C_open_table_for_possible_full10_densification,S035,ATT-FC,,S035_source_packet_20260609.txt,ok,true,true,human_check_source_table_for_missing_pair_value,candidate_only_not_analytic_input_until_human_confirmed,both construct terms and table/correlation cues are visible; human must open source table and enter a value before promotion
C_open_table_for_possible_full10_densification,S035,ATT-PE,,S035_source_packet_20260609.txt,ok,true,true,human_check_source_table_for_missing_pair_value,candidate_only_not_analytic_input_until_human_confirmed,both construct terms and table/correlation cues are visible; human must open source table and enter a value before promotion
C_open_table_for_possible_full10_densification,S035,ATT-SI,,S035_source_packet_20260609.txt,ok,true,true,human_check_source_table_for_missing_pair_value,candidate_only_not_analytic_input_until_human_confirmed,both construct terms and table/correlation cues are visible; human must open source table and enter a value before promotion
C_open_table_for_possible_full10_densification,S035,ATT-TRU,,S035_source_packet_20260609.txt,ok,true,true,human_check_source_table_for_missing_pair_value,candidate_only_not_analytic_input_until_human_confirmed,both construct terms and table/correlation cues are visible; human must open source table and enter a value before promotion
C_open_table_for_possible_full10_densification,S035,ATT-UB,,S035_source_packet_20260609.txt,ok,true,true,human_check_source_table_for_missing_pair_value,candidate_only_not_analytic_input_until_human_confirmed,both construct terms and table/correlation cues are visible; human must open source table and enter a value before promotion
C_open_table_for_possible_full10_densification,S036,ANX-ATT,,S036_source_packet_20260609.txt,ok,true,true,human_check_source_table_for_missing_pair_value,candidate_only_not_analytic_input_until_human_confirmed,both construct terms and table/correlation cues are visible; human must open source table and enter a value before promotion
C_open_table_for_possible_full10_densification,S036,ANX-FC,,S036_source_packet_20260609.txt,ok,true,true,human_check_source_table_for_missing_pair_value,candidate_only_not_analytic_input_until_human_confirmed,both construct terms and table/correlation cues are visible; human must open source table and enter a value before promotion
C_open_table_for_possible_full10_densification,S036,ANX-UB,,S036_source_packet_20260609.txt,ok,true,true,human_check_source_table_for_missing_pair_value,candidate_only_not_analytic_input_until_human_confirmed,both construct terms and table/correlation cues are visible; human must open source table and enter a value before promotion
C_open_table_for_possible_full10_densification,S036,ATT-BI,,S036_source_packet_20260609.txt,ok,true,true,human_check_source_table_for_missing_pair_value,candidate_only_not_analytic_input_until_human_confirmed,both construct terms and table/correlation cues are visible; human must open source table and enter a value before promotion
C_open_table_for_possible_full10_densification,S036,ATT-EE,,S036_source_packet_20260609.txt,ok,true,true,human_check_source_table_for_missing_pair_value,candidate_only_not_analytic_input_until_human_confirmed,both construct terms and table/correlation cues are visible; human must open source table and enter a value before promotion
C_open_table_for_possible_full10_densification,S036,ATT-FC,,S036_source_packet_20260609.txt,ok,true,true,human_check_source_table_for_missing_pair_value,candidate_only_not_analytic_input_until_human_confirmed,both construct terms and table/correlation cues are visible; human must open source table and enter a value before promotion
C_open_table_for_possible_full10_densification,S036,ATT-PE,,S036_source_packet_20260609.txt,ok,true,true,human_check_source_table_for_missing_pair_value,candidate_only_not_analytic_input_until_human_confirmed,both construct terms and table/correlation cues are visible; human must open source table and enter a value before promotion
C_open_table_for_possible_full10_densification,S036,ATT-SE,,S036_source_packet_20260609.txt,ok,true,true,human_check_source_table_for_missing_pair_value,candidate_only_not_analytic_input_until_human_confirmed,both construct terms and table/correlation cues are visible; human must open source table and enter a value before promotion
C_open_table_for_possible_full10_densification,S036,ATT-SI,,S036_source_packet_20260609.txt,ok,true,true,human_check_source_table_for_missing_pair_value,candidate_only_not_analytic_input_until_human_confirmed,both construct terms and table/correlation cues are visible; human must open source table and enter a value before promotion
C_open_table_for_possible_full10_densification,S036,ATT-TRU,,S036_source_packet_20260609.txt,ok,true,true,human_check_source_table_for_missing_pair_value,candidate_only_not_analytic_input_until_human_confirmed,both construct terms and table/correlation cues are visible; human must open source table and enter a value before promotion
C_open_table_for_possible_full10_densification,S036,ATT-UB,,S036_source_packet_20260609.txt,ok,true,true,human_check_source_table_for_missing_pair_value,candidate_only_not_analytic_input_until_human_confirmed,both construct terms and table/correlation cues are visible; human must open source table and enter a value before promotion
C_open_table_for_possible_full10_densification,S036,BI-FC,,S036_source_packet_20260609.txt,ok,true,true,human_check_source_table_for_missing_pair_value,candidate_only_not_analytic_input_until_human_confirmed,both construct terms and table/correlation cues are visible; human must open source table and enter a value before promotion
C_open_table_for_possible_full10_densification,S036,BI-UB,,S036_source_packet_20260609.txt,ok,true,true,human_check_source_table_for_missing_pair_value,candidate_only_not_analytic_input_until_human_confirmed,both construct terms and table/correlation cues are visible; human must open source table and enter a value before promotion
C_open_table_for_possible_full10_densification,S036,EE-FC,,S036_source_packet_20260609.txt,ok,true,true,human_check_source_table_for_missing_pair_value,candidate_only_not_analytic_input_until_human_confirmed,both construct terms and table/correlation cues are visible; human must open source table and enter a value before promotion
C_open_table_for_possible_full10_densification,S036,EE-UB,,S036_source_packet_20260609.txt,ok,true,true,human_check_source_table_for_missing_pair_value,candidate_only_not_analytic_input_until_human_confirmed,both construct terms and table/correlation cues are visible; human must open source table and enter a value before promotion
C_open_table_for_possible_full10_densification,S036,FC-PE,,S036_source_packet_20260609.txt,ok,true,true,human_check_source_table_for_missing_pair_value,candidate_only_not_analytic_input_until_human_confirmed,both construct terms and table/correlation cues are visible; human must open source table and enter a value before promotion
C_open_table_for_possible_full10_densification,S036,FC-SE,,S036_source_packet_20260609.txt,ok,true,true,human_check_source_table_for_missing_pair_value,candidate_only_not_analytic_input_until_human_confirmed,both construct terms and table/correlation cues are visible; human must open source table and enter a value before promotion
C_open_table_for_possible_full10_densification,S036,FC-SI,,S036_source_packet_20260609.txt,ok,true,true,human_check_source_table_for_missing_pair_value,candidate_only_not_analytic_input_until_human_confirmed,both construct terms and table/correlation cues are visible; human must open source table and enter a value before promotion
C_open_table_for_possible_full10_densification,S036,FC-TRU,,S036_source_packet_20260609.txt,ok,true,true,human_check_source_table_for_missing_pair_value,candidate_only_not_analytic_input_until_human_confirmed,both construct terms and table/correlation cues are visible; human must open source table and enter a value before promotion
C_open_table_for_possible_full10_densification,S036,FC-UB,,S036_source_packet_20260609.txt,ok,true,true,human_check_source_table_for_missing_pair_value,candidate_only_not_analytic_input_until_human_confirmed,both construct terms and table/correlation cues are visible; human must open source table and enter a value before promotion
C_open_table_for_possible_full10_densification,S036,PE-UB,,S036_source_packet_20260609.txt,ok,true,true,human_check_source_table_for_missing_pair_value,candidate_only_not_analytic_input_until_human_confirmed,both construct terms and table/correlation cues are visible; human must open source table and enter a value before promotion
C_open_table_for_possible_full10_densification,S036,SE-UB,,S036_source_packet_20260609.txt,ok,true,true,human_check_source_table_for_missing_pair_value,candidate_only_not_analytic_input_until_human_confirmed,both construct terms and table/correlation cues are visible; human must open source table and enter a value before promotion
C_open_table_for_possible_full10_densification,S036,SI-UB,,S036_source_packet_20260609.txt,ok,true,true,human_check_source_table_for_missing_pair_value,candidate_only_not_analytic_input_until_human_confirmed,both construct terms and table/correlation cues are visible; human must open source table and enter a value before promotion
C_open_table_for_possible_full10_densification,S036,TRU-UB,,S036_source_packet_20260609.txt,ok,true,true,human_check_source_table_for_missing_pair_value,candidate_only_not_analytic_input_until_human_confirmed,both construct terms and table/correlation cues are visible; human must open source table and enter a value before promotion
C_open_table_for_possible_full10_densification,S048,ANX-ATT,,S048_source_packet_20260609.txt,ok,true,true,human_check_source_table_for_missing_pair_value,candidate_only_not_analytic_input_until_human_confirmed,both construct terms and table/correlation cues are visible; human must open source table and enter a value before promotion
C_open_table_for_possible_full10_densification,S048,ANX-BI,,S048_source_packet_20260609.txt,ok,true,true,human_check_source_table_for_missing_pair_value,candidate_only_not_analytic_input_until_human_confirmed,both construct terms and table/correlation cues are visible; human must open source table and enter a value before promotion
C_open_table_for_possible_full10_densification,S048,ANX-EE,,S048_source_packet_20260609.txt,ok,true,true,human_check_source_table_for_missing_pair_value,candidate_only_not_analytic_input_until_human_confirmed,both construct terms and table/correlation cues are visible; human must open source table and enter a value before promotion
C_open_table_for_possible_full10_densification,S048,ANX-FC,,S048_source_packet_20260609.txt,ok,true,true,human_check_source_table_for_missing_pair_value,candidate_only_not_analytic_input_until_human_confirmed,both construct terms and table/correlation cues are visible; human must open source table and enter a value before promotion
C_open_table_for_possible_full10_densification,S048,ANX-PE,,S048_source_packet_20260609.txt,ok,true,true,human_check_source_table_for_missing_pair_value,candidate_only_not_analytic_input_until_human_confirmed,both construct terms and table/correlation cues are visible; human must open source table and enter a value before promotion
C_open_table_for_possible_full10_densification,S048,ANX-SI,,S048_source_packet_20260609.txt,ok,true,true,human_check_source_table_for_missing_pair_value,candidate_only_not_analytic_input_until_human_confirmed,both construct terms and table/correlation cues are visible; human must open source table and enter a value before promotion
C_open_table_for_possible_full10_densification,S048,ANX-TRU,,S048_source_packet_20260609.txt,ok,true,true,human_check_source_table_for_missing_pair_value,candidate_only_not_analytic_input_until_human_confirmed,both construct terms and table/correlation cues are visible; human must open source table and enter a value before promotion
C_open_table_for_possible_full10_densification,S048,ANX-UB,,S048_source_packet_20260609.txt,ok,true,true,human_check_source_table_for_missing_pair_value,candidate_only_not_analytic_input_until_human_confirmed,both construct terms and table/correlation cues are visible; human must open source table and enter a value before promotion
C_open_table_for_possible_full10_densification,S048,BI-FC,,S048_source_packet_20260609.txt,ok,true,true,human_check_source_table_for_missing_pair_value,candidate_only_not_analytic_input_until_human_confirmed,both construct terms and table/correlation cues are visible; human must open source table and enter a value before promotion
C_open_table_for_possible_full10_densification,S048,BI-PE,,S048_source_packet_20260609.txt,ok,true,true,human_check_source_table_for_missing_pair_value,candidate_only_not_analytic_input_until_human_confirmed,both construct terms and table/correlation cues are visible; human must open source table and enter a value before promotion
C_open_table_for_possible_full10_densification,S048,BI-SI,,S048_source_packet_20260609.txt,ok,true,true,human_check_source_table_for_missing_pair_value,candidate_only_not_analytic_input_until_human_confirmed,both construct terms and table/correlation cues are visible; human must open source table and enter a value before promotion
C_open_table_for_possible_full10_densification,S048,EE-UB,,S048_source_packet_20260609.txt,ok,true,true,human_check_source_table_for_missing_pair_value,candidate_only_not_analytic_input_until_human_confirmed,both construct terms and table/correlation cues are visible; human must open source table and enter a value before promotion
C_open_table_for_possible_full10_densification,S048,FC-UB,,S048_source_packet_20260609.txt,ok,true,true,human_check_source_table_for_missing_pair_value,candidate_only_not_analytic_input_until_human_confirmed,both construct terms and table/correlation cues are visible; human must open source table and enter a value before promotion
C_open_table_for_possible_full10_densification,S048,SI-UB,,S048_source_packet_20260609.txt,ok,true,true,human_check_source_table_for_missing_pair_value,candidate_only_not_analytic_input_until_human_confirmed,both construct terms and table/correlation cues are visible; human must open source table and enter a value before promotion
C_open_table_for_possible_full10_densification,S048,TRU-UB,,S048_source_packet_20260609.txt,ok,true,true,human_check_source_table_for_missing_pair_value,candidate_only_not_analytic_input_until_human_confirmed,both construct terms and table/correlation cues are visible; human must open source table and enter a value before promotion
C_open_table_for_possible_full10_densification,S051,ATT-BI,,S051_source_packet_20260609.txt,ok,true,true,human_check_source_table_for_missing_pair_value,candidate_only_not_analytic_input_until_human_confirmed,both construct terms and table/correlation cues are visible; human must open source table and enter a value before promotion
C_open_table_for_possible_full10_densification,S051,ATT-EE,,S051_source_packet_20260609.txt,ok,true,true,human_check_source_table_for_missing_pair_value,candidate_only_not_analytic_input_until_human_confirmed,both construct terms and table/correlation cues are visible; human must open source table and enter a value before promotion
C_open_table_for_possible_full10_densification,S051,ATT-FC,,S051_source_packet_20260609.txt,ok,true,true,human_check_source_table_for_missing_pair_value,candidate_only_not_analytic_input_until_human_confirmed,both construct terms and table/correlation cues are visible; human must open source table and enter a value before promotion
C_open_table_for_possible_full10_densification,S051,ATT-PE,,S051_source_packet_20260609.txt,ok,true,true,human_check_source_table_for_missing_pair_value,candidate_only_not_analytic_input_until_human_confirmed,both construct terms and table/correlation cues are visible; human must open source table and enter a value before promotion
C_open_table_for_possible_full10_densification,S051,ATT-SI,,S051_source_packet_20260609.txt,ok,true,true,human_check_source_table_for_missing_pair_value,candidate_only_not_analytic_input_until_human_confirmed,both construct terms and table/correlation cues are visible; human must open source table and enter a value before promotion
C_open_table_for_possible_full10_densification,S051,ATT-TRU,,S051_source_packet_20260609.txt,ok,true,true,human_check_source_table_for_missing_pair_value,candidate_only_not_analytic_input_until_human_confirmed,both construct terms and table/correlation cues are visible; human must open source table and enter a value before promotion
C_open_table_for_possible_full10_densification,S051,ATT-UB,,S051_source_packet_20260609.txt,ok,true,true,human_check_source_table_for_missing_pair_value,candidate_only_not_analytic_input_until_human_confirmed,both construct terms and table/correlation cues are visible; human must open source table and enter a value before promotion
C_open_table_for_possible_full10_densification,S051,BI-TRU,,S051_source_packet_20260609.txt,ok,true,true,human_check_source_table_for_missing_pair_value,candidate_only_not_analytic_input_until_human_confirmed,both construct terms and table/correlation cues are visible; human must open source table and enter a value before promotion
C_open_table_for_possible_full10_densification,S051,EE-TRU,,S051_source_packet_20260609.txt,ok,true,true,human_check_source_table_for_missing_pair_value,candidate_only_not_analytic_input_until_human_confirmed,both construct terms and table/correlation cues are visible; human must open source table and enter a value before promotion
C_open_table_for_possible_full10_densification,S051,FC-TRU,,S051_source_packet_20260609.txt,ok,true,true,human_check_source_table_for_missing_pair_value,candidate_only_not_analytic_input_until_human_confirmed,both construct terms and table/correlation cues are visible; human must open source table and enter a value before promotion
C_open_table_for_possible_full10_densification,S051,PE-TRU,,S051_source_packet_20260609.txt,ok,true,true,human_check_source_table_for_missing_pair_value,candidate_only_not_analytic_input_until_human_confirmed,both construct terms and table/correlation cues are visible; human must open source table and enter a value before promotion
C_open_table_for_possible_full10_densification,S051,SI-TRU,,S051_source_packet_20260609.txt,ok,true,true,human_check_source_table_for_missing_pair_value,candidate_only_not_analytic_input_until_human_confirmed,both construct terms and table/correlation cues are visible; human must open source table and enter a value before promotion
C_open_table_for_possible_full10_densification,S051,TRU-UB,,S051_source_packet_20260609.txt,ok,true,true,human_check_source_table_for_missing_pair_value,candidate_only_not_analytic_input_until_human_confirmed,both construct terms and table/correlation cues are visible; human must open source table and enter a value before promotion
C_open_table_for_possible_full10_densification,S055,ANX-ATT,,S055_source_packet_20260609.txt,ok,true,true,human_check_source_table_for_missing_pair_value,candidate_only_not_analytic_input_until_human_confirmed,both construct terms and table/correlation cues are visible; human must open source table and enter a value before promotion
C_open_table_for_possible_full10_densification,S055,ANX-BI,,S055_source_packet_20260609.txt,ok,true,true,human_check_source_table_for_missing_pair_value,candidate_only_not_analytic_input_until_human_confirmed,both construct terms and table/correlation cues are visible; human must open source table and enter a value before promotion
C_open_table_for_possible_full10_densification,S055,ANX-EE,,S055_source_packet_20260609.txt,ok,true,true,human_check_source_table_for_missing_pair_value,candidate_only_not_analytic_input_until_human_confirmed,both construct terms and table/correlation cues are visible; human must open source table and enter a value before promotion
C_open_table_for_possible_full10_densification,S055,ANX-FC,,S055_source_packet_20260609.txt,ok,true,true,human_check_source_table_for_missing_pair_value,candidate_only_not_analytic_input_until_human_confirmed,both construct terms and table/correlation cues are visible; human must open source table and enter a value before promotion
C_open_table_for_possible_full10_densification,S055,ANX-PE,,S055_source_packet_20260609.txt,ok,true,true,human_check_source_table_for_missing_pair_value,candidate_only_not_analytic_input_until_human_confirmed,both construct terms and table/correlation cues are visible; human must open source table and enter a value before promotion
C_open_table_for_possible_full10_densification,S055,ANX-SE,,S055_source_packet_20260609.txt,ok,true,true,human_check_source_table_for_missing_pair_value,candidate_only_not_analytic_input_until_human_confirmed,both construct terms and table/correlation cues are visible; human must open source table and enter a value before promotion
C_open_table_for_possible_full10_densification,S055,ANX-SI,,S055_source_packet_20260609.txt,ok,true,true,human_check_source_table_for_missing_pair_value,candidate_only_not_analytic_input_until_human_confirmed,both construct terms and table/correlation cues are visible; human must open source table and enter a value before promotion
C_open_table_for_possible_full10_densification,S055,ANX-TRU,,S055_source_packet_20260609.txt,ok,true,true,human_check_source_table_for_missing_pair_value,candidate_only_not_analytic_input_until_human_confirmed,both construct terms and table/correlation cues are visible; human must open source table and enter a value before promotion
C_open_table_for_possible_full10_densification,S055,ANX-UB,,S055_source_packet_20260609.txt,ok,true,true,human_check_source_table_for_missing_pair_value,candidate_only_not_analytic_input_until_human_confirmed,both construct terms and table/correlation cues are visible; human must open source table and enter a value before promotion
C_open_table_for_possible_full10_densification,S055,ATT-SE,,S055_source_packet_20260609.txt,ok,true,true,human_check_source_table_for_missing_pair_value,candidate_only_not_analytic_input_until_human_confirmed,both construct terms and table/correlation cues are visible; human must open source table and enter a value before promotion
C_open_table_for_possible_full10_densification,S055,ATT-TRU,,S055_source_packet_20260609.txt,ok,true,true,human_check_source_table_for_missing_pair_value,candidate_only_not_analytic_input_until_human_confirmed,both construct terms and table/correlation cues are visible; human must open source table and enter a value before promotion
C_open_table_for_possible_full10_densification,S055,BI-SE,,S055_source_packet_20260609.txt,ok,true,true,human_check_source_table_for_missing_pair_value,candidate_only_not_analytic_input_until_human_confirmed,both construct terms and table/correlation cues are visible; human must open source table and enter a value before promotion
C_open_table_for_possible_full10_densification,S055,BI-TRU,,S055_source_packet_20260609.txt,ok,true,true,human_check_source_table_for_missing_pair_value,candidate_only_not_analytic_input_until_human_confirmed,both construct terms and table/correlation cues are visible; human must open source table and enter a value before promotion
C_open_table_for_possible_full10_densification,S055,EE-SE,,S055_source_packet_20260609.txt,ok,true,true,human_check_source_table_for_missing_pair_value,candidate_only_not_analytic_input_until_human_confirmed,both construct terms and table/correlation cues are visible; human must open source table and enter a value before promotion
C_open_table_for_possible_full10_densification,S055,EE-TRU,,S055_source_packet_20260609.txt,ok,true,true,human_check_source_table_for_missing_pair_value,candidate_only_not_analytic_input_until_human_confirmed,both construct terms and table/correlation cues are visible; human must open source table and enter a value before promotion
C_open_table_for_possible_full10_densification,S055,FC-SE,,S055_source_packet_20260609.txt,ok,true,true,human_check_source_table_for_missing_pair_value,candidate_only_not_analytic_input_until_human_confirmed,both construct terms and table/correlation cues are visible; human must open source table and enter a value before promotion
C_open_table_for_possible_full10_densification,S055,FC-TRU,,S055_source_packet_20260609.txt,ok,true,true,human_check_source_table_for_missing_pair_value,candidate_only_not_analytic_input_until_human_confirmed,both construct terms and table/correlation cues are visible; human must open source table and enter a value before promotion
C_open_table_for_possible_full10_densification,S055,PE-SE,,S055_source_packet_20260609.txt,ok,true,true,human_check_source_table_for_missing_pair_value,candidate_only_not_analytic_input_until_human_confirmed,both construct terms and table/correlation cues are visible; human must open source table and enter a value before promotion
C_open_table_for_possible_full10_densification,S055,PE-TRU,,S055_source_packet_20260609.txt,ok,true,true,human_check_source_table_for_missing_pair_value,candidate_only_not_analytic_input_until_human_confirmed,both construct terms and table/correlation cues are visible; human must open source table and enter a value before promotion
C_open_table_for_possible_full10_densification,S055,SE-SI,,S055_source_packet_20260609.txt,ok,true,true,human_check_source_table_for_missing_pair_value,candidate_only_not_analytic_input_until_human_confirmed,both construct terms and table/correlation cues are visible; human must open source table and enter a value before promotion
C_open_table_for_possible_full10_densification,S055,SE-TRU,,S055_source_packet_20260609.txt,ok,true,true,human_check_source_table_for_missing_pair_value,candidate_only_not_analytic_input_until_human_confirmed,both construct terms and table/correlation cues are visible; human must open source table and enter a value before promotion
C_open_table_for_possible_full10_densification,S055,SE-UB,,S055_source_packet_20260609.txt,ok,true,true,human_check_source_table_for_missing_pair_value,candidate_only_not_analytic_input_until_human_confirmed,both construct terms and table/correlation cues are visible; human must open source table and enter a value before promotion
C_open_table_for_possible_full10_densification,S055,SI-TRU,,S055_source_packet_20260609.txt,ok,true,true,human_check_source_table_for_missing_pair_value,candidate_only_not_analytic_input_until_human_confirmed,both construct terms and table/correlation cues are visible; human must open source table and enter a value before promotion
C_open_table_for_possible_full10_densification,S055,TRU-UB,,S055_source_packet_20260609.txt,ok,true,true,human_check_source_table_for_missing_pair_value,candidate_only_not_analytic_input_until_human_confirmed,both construct terms and table/correlation cues are visible; human must open source table and enter a value before promotion
C_open_table_for_possible_full10_densification,S057,ANX-TRU,,S057_source_packet_20260609.txt,ok,true,true,human_check_source_table_for_missing_pair_value,candidate_only_not_analytic_input_until_human_confirmed,both construct terms and table/correlation cues are visible; human must open source table and enter a value before promotion
C_open_table_for_possible_full10_densification,S057,ANX-UB,,S057_source_packet_20260609.txt,ok,true,true,human_check_source_table_for_missing_pair_value,candidate_only_not_analytic_input_until_human_confirmed,both construct terms and table/correlation cues are visible; human must open source table and enter a value before promotion
C_open_table_for_possible_full10_densification,S057,ATT-TRU,,S057_source_packet_20260609.txt,ok,true,true,human_check_source_table_for_missing_pair_value,candidate_only_not_analytic_input_until_human_confirmed,both construct terms and table/correlation cues are visible; human must open source table and enter a value before promotion
C_open_table_for_possible_full10_densification,S057,ATT-UB,,S057_source_packet_20260609.txt,ok,true,true,human_check_source_table_for_missing_pair_value,candidate_only_not_analytic_input_until_human_confirmed,both construct terms and table/correlation cues are visible; human must open source table and enter a value before promotion
C_open_table_for_possible_full10_densification,S057,BI-TRU,,S057_source_packet_20260609.txt,ok,true,true,human_check_source_table_for_missing_pair_value,candidate_only_not_analytic_input_until_human_confirmed,both construct terms and table/correlation cues are visible; human must open source table and enter a value before promotion
C_open_table_for_possible_full10_densification,S057,BI-UB,,S057_source_packet_20260609.txt,ok,true,true,human_check_source_table_for_missing_pair_value,candidate_only_not_analytic_input_until_human_confirmed,both construct terms and table/correlation cues are visible; human must open source table and enter a value before promotion
C_open_table_for_possible_full10_densification,S057,EE-TRU,,S057_source_packet_20260609.txt,ok,true,true,human_check_source_table_for_missing_pair_value,candidate_only_not_analytic_input_until_human_confirmed,both construct terms and table/correlation cues are visible; human must open source table and enter a value before promotion
C_open_table_for_possible_full10_densification,S057,EE-UB,,S057_source_packet_20260609.txt,ok,true,true,human_check_source_table_for_missing_pair_value,candidate_only_not_analytic_input_until_human_confirmed,both construct terms and table/correlation cues are visible; human must open source table and enter a value before promotion
C_open_table_for_possible_full10_densification,S057,FC-TRU,,S057_source_packet_20260609.txt,ok,true,true,human_check_source_table_for_missing_pair_value,candidate_only_not_analytic_input_until_human_confirmed,both construct terms and table/correlation cues are visible; human must open source table and enter a value before promotion
C_open_table_for_possible_full10_densification,S057,FC-UB,,S057_source_packet_20260609.txt,ok,true,true,human_check_source_table_for_missing_pair_value,candidate_only_not_analytic_input_until_human_confirmed,both construct terms and table/correlation cues are visible; human must open source table and enter a value before promotion
C_open_table_for_possible_full10_densification,S057,PE-TRU,,S057_source_packet_20260609.txt,ok,true,true,human_check_source_table_for_missing_pair_value,candidate_only_not_analytic_input_until_human_confirmed,both construct terms and table/correlation cues are visible; human must open source table and enter a value before promotion
C_open_table_for_possible_full10_densification,S057,PE-UB,,S057_source_packet_20260609.txt,ok,true,true,human_check_source_table_for_missing_pair_value,candidate_only_not_analytic_input_until_human_confirmed,both construct terms and table/correlation cues are visible; human must open source table and enter a value before promotion
C_open_table_for_possible_full10_densification,S057,SE-TRU,,S057_source_packet_20260609.txt,ok,true,true,human_check_source_table_for_missing_pair_value,candidate_only_not_analytic_input_until_human_confirmed,both construct terms and table/correlation cues are visible; human must open source table and enter a value before promotion
C_open_table_for_possible_full10_densification,S057,SE-UB,,S057_source_packet_20260609.txt,ok,true,true,human_check_source_table_for_missing_pair_value,candidate_only_not_analytic_input_until_human_confirmed,both construct terms and table/correlation cues are visible; human must open source table and enter a value before promotion
C_open_table_for_possible_full10_densification,S057,SI-TRU,,S057_source_packet_20260609.txt,ok,true,true,human_check_source_table_for_missing_pair_value,candidate_only_not_analytic_input_until_human_confirmed,both construct terms and table/correlation cues are visible; human must open source table and enter a value before promotion
C_open_table_for_possible_full10_densification,S057,SI-UB,,S057_source_packet_20260609.txt,ok,true,true,human_check_source_table_for_missing_pair_value,candidate_only_not_analytic_input_until_human_confirmed,both construct terms and table/correlation cues are visible; human must open source table and enter a value before promotion
C_open_table_for_possible_full10_densification,S057,TRU-UB,,S057_source_packet_20260609.txt,ok,true,true,human_check_source_table_for_missing_pair_value,candidate_only_not_analytic_input_until_human_confirmed,both construct terms and table/correlation cues are visible; human must open source table and enter a value before promotion
C_open_table_for_possible_full10_densification,S072,ANX-ATT,,S072_source_packet_20260609.txt,ok,true,true,human_check_source_table_for_missing_pair_value,candidate_only_not_analytic_input_until_human_confirmed,both construct terms and table/correlation cues are visible; human must open source table and enter a value before promotion
C_open_table_for_possible_full10_densification,S072,ANX-SE,,S072_source_packet_20260609.txt,ok,true,true,human_check_source_table_for_missing_pair_value,candidate_only_not_analytic_input_until_human_confirmed,both construct terms and table/correlation cues are visible; human must open source table and enter a value before promotion
C_open_table_for_possible_full10_densification,S072,ANX-TRU,,S072_source_packet_20260609.txt,ok,true,true,human_check_source_table_for_missing_pair_value,candidate_only_not_analytic_input_until_human_confirmed,both construct terms and table/correlation cues are visible; human must open source table and enter a value before promotion
C_open_table_for_possible_full10_densification,S072,ATT-SE,,S072_source_packet_20260609.txt,ok,true,true,human_check_source_table_for_missing_pair_value,candidate_only_not_analytic_input_until_human_confirmed,both construct terms and table/correlation cues are visible; human must open source table and enter a value before promotion
C_open_table_for_possible_full10_densification,S072,ATT-TRU,,S072_source_packet_20260609.txt,ok,true,true,human_check_source_table_for_missing_pair_value,candidate_only_not_analytic_input_until_human_confirmed,both construct terms and table/correlation cues are visible; human must open source table and enter a value before promotion
C_open_table_for_possible_full10_densification,S072,ATT-UB,,S072_source_packet_20260609.txt,ok,true,true,human_check_source_table_for_missing_pair_value,candidate_only_not_analytic_input_until_human_confirmed,both construct terms and table/correlation cues are visible; human must open source table and enter a value before promotion
C_open_table_for_possible_full10_densification,S072,BI-SE,,S072_source_packet_20260609.txt,ok,true,true,human_check_source_table_for_missing_pair_value,candidate_only_not_analytic_input_until_human_confirmed,both construct terms and table/correlation cues are visible; human must open source table and enter a value before promotion
C_open_table_for_possible_full10_densification,S072,BI-TRU,,S072_source_packet_20260609.txt,ok,true,true,human_check_source_table_for_missing_pair_value,candidate_only_not_analytic_input_until_human_confirmed,both construct terms and table/correlation cues are visible; human must open source table and enter a value before promotion
C_open_table_for_possible_full10_densification,S072,EE-SE,,S072_source_packet_20260609.txt,ok,true,true,human_check_source_table_for_missing_pair_value,candidate_only_not_analytic_input_until_human_confirmed,both construct terms and table/correlation cues are visible; human must open source table and enter a value before promotion
C_open_table_for_possible_full10_densification,S072,EE-TRU,,S072_source_packet_20260609.txt,ok,true,true,human_check_source_table_for_missing_pair_value,candidate_only_not_analytic_input_until_human_confirmed,both construct terms and table/correlation cues are visible; human must open source table and enter a value before promotion
C_open_table_for_possible_full10_densification,S072,FC-SE,,S072_source_packet_20260609.txt,ok,true,true,human_check_source_table_for_missing_pair_value,candidate_only_not_analytic_input_until_human_confirmed,both construct terms and table/correlation cues are visible; human must open source table and enter a value before promotion
C_open_table_for_possible_full10_densification,S072,FC-TRU,,S072_source_packet_20260609.txt,ok,true,true,human_check_source_table_for_missing_pair_value,candidate_only_not_analytic_input_until_human_confirmed,both construct terms and table/correlation cues are visible; human must open source table and enter a value before promotion
C_open_table_for_possible_full10_densification,S072,PE-SE,,S072_source_packet_20260609.txt,ok,true,true,human_check_source_table_for_missing_pair_value,candidate_only_not_analytic_input_until_human_confirmed,both construct terms and table/correlation cues are visible; human must open source table and enter a value before promotion
C_open_table_for_possible_full10_densification,S072,PE-TRU,,S072_source_packet_20260609.txt,ok,true,true,human_check_source_table_for_missing_pair_value,candidate_only_not_analytic_input_until_human_confirmed,both construct terms and table/correlation cues are visible; human must open source table and enter a value before promotion
C_open_table_for_possible_full10_densification,S072,SE-SI,,S072_source_packet_20260609.txt,ok,true,true,human_check_source_table_for_missing_pair_value,candidate_only_not_analytic_input_until_human_confirmed,both construct terms and table/correlation cues are visible; human must open source table and enter a value before promotion
C_open_table_for_possible_full10_densification,S072,SE-TRU,,S072_source_packet_20260609.txt,ok,true,true,human_check_source_table_for_missing_pair_value,candidate_only_not_analytic_input_until_human_confirmed,both construct terms and table/correlation cues are visible; human must open source table and enter a value before promotion
C_open_table_for_possible_full10_densification,S072,SE-UB,,S072_source_packet_20260609.txt,ok,true,true,human_check_source_table_for_missing_pair_value,candidate_only_not_analytic_input_until_human_confirmed,both construct terms and table/correlation cues are visible; human must open source table and enter a value before promotion
C_open_table_for_possible_full10_densification,S072,SI-TRU,,S072_source_packet_20260609.txt,ok,true,true,human_check_source_table_for_missing_pair_value,candidate_only_not_analytic_input_until_human_confirmed,both construct terms and table/correlation cues are visible; human must open source table and enter a value before promotion
C_open_table_for_possible_full10_densification,S072,TRU-UB,,S072_source_packet_20260609.txt,ok,true,true,human_check_source_table_for_missing_pair_value,candidate_only_not_analytic_input_until_human_confirmed,both construct terms and table/correlation cues are visible; human must open source table and enter a value before promotion
C_open_table_for_possible_full10_densification,S086,ANX-ATT,,S086_source_packet_20260609.txt,ok,true,true,human_check_source_table_for_missing_pair_value,candidate_only_not_analytic_input_until_human_confirmed,both construct terms and table/correlation cues are visible; human must open source table and enter a value before promotion
C_open_table_for_possible_full10_densification,S086,ANX-BI,,S086_source_packet_20260609.txt,ok,true,true,human_check_source_table_for_missing_pair_value,candidate_only_not_analytic_input_until_human_confirmed,both construct terms and table/correlation cues are visible; human must open source table and enter a value before promotion
C_open_table_for_possible_full10_densification,S086,ANX-EE,,S086_source_packet_20260609.txt,ok,true,true,human_check_source_table_for_missing_pair_value,candidate_only_not_analytic_input_until_human_confirmed,both construct terms and table/correlation cues are visible; human must open source table and enter a value before promotion
C_open_table_for_possible_full10_densification,S086,ANX-FC,,S086_source_packet_20260609.txt,ok,true,true,human_check_source_table_for_missing_pair_value,candidate_only_not_analytic_input_until_human_confirmed,both construct terms and table/correlation cues are visible; human must open source table and enter a value before promotion
C_open_table_for_possible_full10_densification,S086,ANX-PE,,S086_source_packet_20260609.txt,ok,true,true,human_check_source_table_for_missing_pair_value,candidate_only_not_analytic_input_until_human_confirmed,both construct terms and table/correlation cues are visible; human must open source table and enter a value before promotion
C_open_table_for_possible_full10_densification,S086,ANX-SI,,S086_source_packet_20260609.txt,ok,true,true,human_check_source_table_for_missing_pair_value,candidate_only_not_analytic_input_until_human_confirmed,both construct terms and table/correlation cues are visible; human must open source table and enter a value before promotion
C_open_table_for_possible_full10_densification,S086,ANX-TRU,,S086_source_packet_20260609.txt,ok,true,true,human_check_source_table_for_missing_pair_value,candidate_only_not_analytic_input_until_human_confirmed,both construct terms and table/correlation cues are visible; human must open source table and enter a value before promotion
C_open_table_for_possible_full10_densification,S086,ANX-UB,,S086_source_packet_20260609.txt,ok,true,true,human_check_source_table_for_missing_pair_value,candidate_only_not_analytic_input_until_human_confirmed,both construct terms and table/correlation cues are visible; human must open source table and enter a value before promotion
C_open_table_for_possible_full10_densification,S086,ATT-BI,,S086_source_packet_20260609.txt,ok,true,true,human_check_source_table_for_missing_pair_value,candidate_only_not_analytic_input_until_human_confirmed,both construct terms and table/correlation cues are visible; human must open source table and enter a value before promotion
C_open_table_for_possible_full10_densification,S086,ATT-EE,,S086_source_packet_20260609.txt,ok,true,true,human_check_source_table_for_missing_pair_value,candidate_only_not_analytic_input_until_human_confirmed,both construct terms and table/correlation cues are visible; human must open source table and enter a value before promotion
C_open_table_for_possible_full10_densification,S086,ATT-FC,,S086_source_packet_20260609.txt,ok,true,true,human_check_source_table_for_missing_pair_value,candidate_only_not_analytic_input_until_human_confirmed,both construct terms and table/correlation cues are visible; human must open source table and enter a value before promotion
C_open_table_for_possible_full10_densification,S086,ATT-PE,,S086_source_packet_20260609.txt,ok,true,true,human_check_source_table_for_missing_pair_value,candidate_only_not_analytic_input_until_human_confirmed,both construct terms and table/correlation cues are visible; human must open source table and enter a value before promotion
C_open_table_for_possible_full10_densification,S086,ATT-SI,,S086_source_packet_20260609.txt,ok,true,true,human_check_source_table_for_missing_pair_value,candidate_only_not_analytic_input_until_human_confirmed,both construct terms and table/correlation cues are visible; human must open source table and enter a value before promotion
C_open_table_for_possible_full10_densification,S086,ATT-TRU,,S086_source_packet_20260609.txt,ok,true,true,human_check_source_table_for_missing_pair_value,candidate_only_not_analytic_input_until_human_confirmed,both construct terms and table/correlation cues are visible; human must open source table and enter a value before promotion
C_open_table_for_possible_full10_densification,S086,ATT-UB,,S086_source_packet_20260609.txt,ok,true,true,human_check_source_table_for_missing_pair_value,candidate_only_not_analytic_input_until_human_confirmed,both construct terms and table/correlation cues are visible; human must open source table and enter a value before promotion
C_open_table_for_possible_full10_densification,S088,ANX-ATT,,S088_source_packet_20260609.txt,ok,true,true,human_check_source_table_for_missing_pair_value,candidate_only_not_analytic_input_until_human_confirmed,both construct terms and table/correlation cues are visible; human must open source table and enter a value before promotion
C_open_table_for_possible_full10_densification,S088,ANX-BI,,S088_source_packet_20260609.txt,ok,true,true,human_check_source_table_for_missing_pair_value,candidate_only_not_analytic_input_until_human_confirmed,both construct terms and table/correlation cues are visible; human must open source table and enter a value before promotion
C_open_table_for_possible_full10_densification,S088,ANX-EE,,S088_source_packet_20260609.txt,ok,true,true,human_check_source_table_for_missing_pair_value,candidate_only_not_analytic_input_until_human_confirmed,both construct terms and table/correlation cues are visible; human must open source table and enter a value before promotion
C_open_table_for_possible_full10_densification,S088,ANX-FC,,S088_source_packet_20260609.txt,ok,true,true,human_check_source_table_for_missing_pair_value,candidate_only_not_analytic_input_until_human_confirmed,both construct terms and table/correlation cues are visible; human must open source table and enter a value before promotion
C_open_table_for_possible_full10_densification,S088,ANX-PE,,S088_source_packet_20260609.txt,ok,true,true,human_check_source_table_for_missing_pair_value,candidate_only_not_analytic_input_until_human_confirmed,both construct terms and table/correlation cues are visible; human must open source table and enter a value before promotion
C_open_table_for_possible_full10_densification,S088,ANX-SE,,S088_source_packet_20260609.txt,ok,true,true,human_check_source_table_for_missing_pair_value,candidate_only_not_analytic_input_until_human_confirmed,both construct terms and table/correlation cues are visible; human must open source table and enter a value before promotion
C_open_table_for_possible_full10_densification,S088,ANX-SI,,S088_source_packet_20260609.txt,ok,true,true,human_check_source_table_for_missing_pair_value,candidate_only_not_analytic_input_until_human_confirmed,both construct terms and table/correlation cues are visible; human must open source table and enter a value before promotion
C_open_table_for_possible_full10_densification,S088,ANX-TRU,,S088_source_packet_20260609.txt,ok,true,true,human_check_source_table_for_missing_pair_value,candidate_only_not_analytic_input_until_human_confirmed,both construct terms and table/correlation cues are visible; human must open source table and enter a value before promotion
C_open_table_for_possible_full10_densification,S088,ANX-UB,,S088_source_packet_20260609.txt,ok,true,true,human_check_source_table_for_missing_pair_value,candidate_only_not_analytic_input_until_human_confirmed,both construct terms and table/correlation cues are visible; human must open source table and enter a value before promotion
C_open_table_for_possible_full10_densification,S088,ATT-BI,,S088_source_packet_20260609.txt,ok,true,true,human_check_source_table_for_missing_pair_value,candidate_only_not_analytic_input_until_human_confirmed,both construct terms and table/correlation cues are visible; human must open source table and enter a value before promotion
C_open_table_for_possible_full10_densification,S088,ATT-EE,,S088_source_packet_20260609.txt,ok,true,true,human_check_source_table_for_missing_pair_value,candidate_only_not_analytic_input_until_human_confirmed,both construct terms and table/correlation cues are visible; human must open source table and enter a value before promotion
C_open_table_for_possible_full10_densification,S088,ATT-FC,,S088_source_packet_20260609.txt,ok,true,true,human_check_source_table_for_missing_pair_value,candidate_only_not_analytic_input_until_human_confirmed,both construct terms and table/correlation cues are visible; human must open source table and enter a value before promotion
C_open_table_for_possible_full10_densification,S088,ATT-PE,,S088_source_packet_20260609.txt,ok,true,true,human_check_source_table_for_missing_pair_value,candidate_only_not_analytic_input_until_human_confirmed,both construct terms and table/correlation cues are visible; human must open source table and enter a value before promotion
C_open_table_for_possible_full10_densification,S088,ATT-SE,,S088_source_packet_20260609.txt,ok,true,true,human_check_source_table_for_missing_pair_value,candidate_only_not_analytic_input_until_human_confirmed,both construct terms and table/correlation cues are visible; human must open source table and enter a value before promotion
C_open_table_for_possible_full10_densification,S088,ATT-SI,,S088_source_packet_20260609.txt,ok,true,true,human_check_source_table_for_missing_pair_value,candidate_only_not_analytic_input_until_human_confirmed,both construct terms and table/correlation cues are visible; human must open source table and enter a value before promotion
C_open_table_for_possible_full10_densification,S088,ATT-TRU,,S088_source_packet_20260609.txt,ok,true,true,human_check_source_table_for_missing_pair_value,candidate_only_not_analytic_input_until_human_confirmed,both construct terms and table/correlation cues are visible; human must open source table and enter a value before promotion
C_open_table_for_possible_full10_densification,S088,ATT-UB,,S088_source_packet_20260609.txt,ok,true,true,human_check_source_table_for_missing_pair_value,candidate_only_not_analytic_input_until_human_confirmed,both construct terms and table/correlation cues are visible; human must open source table and enter a value before promotion
C_open_table_for_possible_full10_densification,S088,BI-SE,,S088_source_packet_20260609.txt,ok,true,true,human_check_source_table_for_missing_pair_value,candidate_only_not_analytic_input_until_human_confirmed,both construct terms and table/correlation cues are visible; human must open source table and enter a value before promotion
C_open_table_for_possible_full10_densification,S088,EE-SE,,S088_source_packet_20260609.txt,ok,true,true,human_check_source_table_for_missing_pair_value,candidate_only_not_analytic_input_until_human_confirmed,both construct terms and table/correlation cues are visible; human must open source table and enter a value before promotion
C_open_table_for_possible_full10_densification,S088,FC-SE,,S088_source_packet_20260609.txt,ok,true,true,human_check_source_table_for_missing_pair_value,candidate_only_not_analytic_input_until_human_confirmed,both construct terms and table/correlation cues are visible; human must open source table and enter a value before promotion
C_open_table_for_possible_full10_densification,S088,PE-SE,,S088_source_packet_20260609.txt,ok,true,true,human_check_source_table_for_missing_pair_value,candidate_only_not_analytic_input_until_human_confirmed,both construct terms and table/correlation cues are visible; human must open source table and enter a value before promotion
C_open_table_for_possible_full10_densification,S088,SE-SI,,S088_source_packet_20260609.txt,ok,true,true,human_check_source_table_for_missing_pair_value,candidate_only_not_analytic_input_until_human_confirmed,both construct terms and table/correlation cues are visible; human must open source table and enter a value before promotion
C_open_table_for_possible_full10_densification,S088,SE-TRU,,S088_source_packet_20260609.txt,ok,true,true,human_check_source_table_for_missing_pair_value,candidate_only_not_analytic_input_until_human_confirmed,both construct terms and table/correlation cues are visible; human must open source table and enter a value before promotion
C_open_table_for_possible_full10_densification,S088,SE-UB,,S088_source_packet_20260609.txt,ok,true,true,human_check_source_table_for_missing_pair_value,candidate_only_not_analytic_input_until_human_confirmed,both construct terms and table/correlation cues are visible; human must open source table and enter a value before promotion
C_open_table_for_possible_full10_densification,S121-1,ANX-ATT,,S121_source_packet_20260609.txt,ok,true,true,human_check_source_table_for_missing_pair_value,candidate_only_not_analytic_input_until_human_confirmed,both construct terms and table/correlation cues are visible; human must open source table and enter a value before promotion
C_open_table_for_possible_full10_densification,S121-1,ANX-BI,,S121_source_packet_20260609.txt,ok,true,true,human_check_source_table_for_missing_pair_value,candidate_only_not_analytic_input_until_human_confirmed,both construct terms and table/correlation cues are visible; human must open source table and enter a value before promotion
C_open_table_for_possible_full10_densification,S121-1,ANX-EE,,S121_source_packet_20260609.txt,ok,true,true,human_check_source_table_for_missing_pair_value,candidate_only_not_analytic_input_until_human_confirmed,both construct terms and table/correlation cues are visible; human must open source table and enter a value before promotion
C_open_table_for_possible_full10_densification,S121-1,ANX-FC,,S121_source_packet_20260609.txt,ok,true,true,human_check_source_table_for_missing_pair_value,candidate_only_not_analytic_input_until_human_confirmed,both construct terms and table/correlation cues are visible; human must open source table and enter a value before promotion
C_open_table_for_possible_full10_densification,S121-1,ANX-PE,,S121_source_packet_20260609.txt,ok,true,true,human_check_source_table_for_missing_pair_value,candidate_only_not_analytic_input_until_human_confirmed,both construct terms and table/correlation cues are visible; human must open source table and enter a value before promotion
C_open_table_for_possible_full10_densification,S121-1,ANX-SE,,S121_source_packet_20260609.txt,ok,true,true,human_check_source_table_for_missing_pair_value,candidate_only_not_analytic_input_until_human_confirmed,both construct terms and table/correlation cues are visible; human must open source table and enter a value before promotion
C_open_table_for_possible_full10_densification,S121-1,ANX-SI,,S121_source_packet_20260609.txt,ok,true,true,human_check_source_table_for_missing_pair_value,candidate_only_not_analytic_input_until_human_confirmed,both construct terms and table/correlation cues are visible; human must open source table and enter a value before promotion
C_open_table_for_possible_full10_densification,S121-1,ANX-TRU,,S121_source_packet_20260609.txt,ok,true,true,human_check_source_table_for_missing_pair_value,candidate_only_not_analytic_input_until_human_confirmed,both construct terms and table/correlation cues are visible; human must open source table and enter a value before promotion
C_open_table_for_possible_full10_densification,S121-1,ANX-UB,,S121_source_packet_20260609.txt,ok,true,true,human_check_source_table_for_missing_pair_value,candidate_only_not_analytic_input_until_human_confirmed,both construct terms and table/correlation cues are visible; human must open source table and enter a value before promotion
C_open_table_for_possible_full10_densification,S121-1,ATT-BI,,S121_source_packet_20260609.txt,ok,true,true,human_check_source_table_for_missing_pair_value,candidate_only_not_analytic_input_until_human_confirmed,both construct terms and table/correlation cues are visible; human must open source table and enter a value before promotion
C_open_table_for_possible_full10_densification,S121-1,ATT-EE,,S121_source_packet_20260609.txt,ok,true,true,human_check_source_table_for_missing_pair_value,candidate_only_not_analytic_input_until_human_confirmed,both construct terms and table/correlation cues are visible; human must open source table and enter a value before promotion
C_open_table_for_possible_full10_densification,S121-1,ATT-FC,,S121_source_packet_20260609.txt,ok,true,true,human_check_source_table_for_missing_pair_value,candidate_only_not_analytic_input_until_human_confirmed,both construct terms and table/correlation cues are visible; human must open source table and enter a value before promotion
C_open_table_for_possible_full10_densification,S121-1,ATT-PE,,S121_source_packet_20260609.txt,ok,true,true,human_check_source_table_for_missing_pair_value,candidate_only_not_analytic_input_until_human_confirmed,both construct terms and table/correlation cues are visible; human must open source table and enter a value before promotion
C_open_table_for_possible_full10_densification,S121-1,ATT-SE,,S121_source_packet_20260609.txt,ok,true,true,human_check_source_table_for_missing_pair_value,candidate_only_not_analytic_input_until_human_confirmed,both construct terms and table/correlation cues are visible; human must open source table and enter a value before promotion
C_open_table_for_possible_full10_densification,S121-1,ATT-SI,,S121_source_packet_20260609.txt,ok,true,true,human_check_source_table_for_missing_pair_value,candidate_only_not_analytic_input_until_human_confirmed,both construct terms and table/correlation cues are visible; human must open source table and enter a value before promotion
C_open_table_for_possible_full10_densification,S121-1,ATT-TRU,,S121_source_packet_20260609.txt,ok,true,true,human_check_source_table_for_missing_pair_value,candidate_only_not_analytic_input_until_human_confirmed,both construct terms and table/correlation cues are visible; human must open source table and enter a value before promotion
C_open_table_for_possible_full10_densification,S121-1,ATT-UB,,S121_source_packet_20260609.txt,ok,true,true,human_check_source_table_for_missing_pair_value,candidate_only_not_analytic_input_until_human_confirmed,both construct terms and table/correlation cues are visible; human must open source table and enter a value before promotion
C_open_table_for_possible_full10_densification,S121-1,BI-SE,,S121_source_packet_20260609.txt,ok,true,true,human_check_source_table_for_missing_pair_value,candidate_only_not_analytic_input_until_human_confirmed,both construct terms and table/correlation cues are visible; human must open source table and enter a value before promotion
C_open_table_for_possible_full10_densification,S121-1,EE-SE,,S121_source_packet_20260609.txt,ok,true,true,human_check_source_table_for_missing_pair_value,candidate_only_not_analytic_input_until_human_confirmed,both construct terms and table/correlation cues are visible; human must open source table and enter a value before promotion
C_open_table_for_possible_full10_densification,S121-1,FC-SE,,S121_source_packet_20260609.txt,ok,true,true,human_check_source_table_for_missing_pair_value,candidate_only_not_analytic_input_until_human_confirmed,both construct terms and table/correlation cues are visible; human must open source table and enter a value before promotion
C_open_table_for_possible_full10_densification,S121-1,PE-SE,,S121_source_packet_20260609.txt,ok,true,true,human_check_source_table_for_missing_pair_value,candidate_only_not_analytic_input_until_human_confirmed,both construct terms and table/correlation cues are visible; human must open source table and enter a value before promotion
C_open_table_for_possible_full10_densification,S121-1,SE-SI,,S121_source_packet_20260609.txt,ok,true,true,human_check_source_table_for_missing_pair_value,candidate_only_not_analytic_input_until_human_confirmed,both construct terms and table/correlation cues are visible; human must open source table and enter a value before promotion
C_open_table_for_possible_full10_densification,S121-1,SE-TRU,,S121_source_packet_20260609.txt,ok,true,true,human_check_source_table_for_missing_pair_value,candidate_only_not_analytic_input_until_human_confirmed,both construct terms and table/correlation cues are visible; human must open source table and enter a value before promotion
C_open_table_for_possible_full10_densification,S121-1,SE-UB,,S121_source_packet_20260609.txt,ok,true,true,human_check_source_table_for_missing_pair_value,candidate_only_not_analytic_input_until_human_confirmed,both construct terms and table/correlation cues are visible; human must open source table and enter a value before promotion
C_open_table_for_possible_full10_densification,S121-2,ANX-ATT,,S121_source_packet_20260609.txt,ok,true,true,human_check_source_table_for_missing_pair_value,candidate_only_not_analytic_input_until_human_confirmed,both construct terms and table/correlation cues are visible; human must open source table and enter a value before promotion
C_open_table_for_possible_full10_densification,S121-2,ANX-BI,,S121_source_packet_20260609.txt,ok,true,true,human_check_source_table_for_missing_pair_value,candidate_only_not_analytic_input_until_human_confirmed,both construct terms and table/correlation cues are visible; human must open source table and enter a value before promotion
C_open_table_for_possible_full10_densification,S121-2,ANX-EE,,S121_source_packet_20260609.txt,ok,true,true,human_check_source_table_for_missing_pair_value,candidate_only_not_analytic_input_until_human_confirmed,both construct terms and table/correlation cues are visible; human must open source table and enter a value before promotion
C_open_table_for_possible_full10_densification,S121-2,ANX-FC,,S121_source_packet_20260609.txt,ok,true,true,human_check_source_table_for_missing_pair_value,candidate_only_not_analytic_input_until_human_confirmed,both construct terms and table/correlation cues are visible; human must open source table and enter a value before promotion
C_open_table_for_possible_full10_densification,S121-2,ANX-PE,,S121_source_packet_20260609.txt,ok,true,true,human_check_source_table_for_missing_pair_value,candidate_only_not_analytic_input_until_human_confirmed,both construct terms and table/correlation cues are visible; human must open source table and enter a value before promotion
C_open_table_for_possible_full10_densification,S121-2,ANX-SE,,S121_source_packet_20260609.txt,ok,true,true,human_check_source_table_for_missing_pair_value,candidate_only_not_analytic_input_until_human_confirmed,both construct terms and table/correlation cues are visible; human must open source table and enter a value before promotion
C_open_table_for_possible_full10_densification,S121-2,ANX-SI,,S121_source_packet_20260609.txt,ok,true,true,human_check_source_table_for_missing_pair_value,candidate_only_not_analytic_input_until_human_confirmed,both construct terms and table/correlation cues are visible; human must open source table and enter a value before promotion
C_open_table_for_possible_full10_densification,S121-2,ANX-TRU,,S121_source_packet_20260609.txt,ok,true,true,human_check_source_table_for_missing_pair_value,candidate_only_not_analytic_input_until_human_confirmed,both construct terms and table/correlation cues are visible; human must open source table and enter a value before promotion
C_open_table_for_possible_full10_densification,S121-2,ANX-UB,,S121_source_packet_20260609.txt,ok,true,true,human_check_source_table_for_missing_pair_value,candidate_only_not_analytic_input_until_human_confirmed,both construct terms and table/correlation cues are visible; human must open source table and enter a value before promotion
C_open_table_for_possible_full10_densification,S121-2,ATT-BI,,S121_source_packet_20260609.txt,ok,true,true,human_check_source_table_for_missing_pair_value,candidate_only_not_analytic_input_until_human_confirmed,both construct terms and table/correlation cues are visible; human must open source table and enter a value before promotion
C_open_table_for_possible_full10_densification,S121-2,ATT-EE,,S121_source_packet_20260609.txt,ok,true,true,human_check_source_table_for_missing_pair_value,candidate_only_not_analytic_input_until_human_confirmed,both construct terms and table/correlation cues are visible; human must open source table and enter a value before promotion
C_open_table_for_possible_full10_densification,S121-2,ATT-FC,,S121_source_packet_20260609.txt,ok,true,true,human_check_source_table_for_missing_pair_value,candidate_only_not_analytic_input_until_human_confirmed,both construct terms and table/correlation cues are visible; human must open source table and enter a value before promotion
C_open_table_for_possible_full10_densification,S121-2,ATT-PE,,S121_source_packet_20260609.txt,ok,true,true,human_check_source_table_for_missing_pair_value,candidate_only_not_analytic_input_until_human_confirmed,both construct terms and table/correlation cues are visible; human must open source table and enter a value before promotion
C_open_table_for_possible_full10_densification,S121-2,ATT-SE,,S121_source_packet_20260609.txt,ok,true,true,human_check_source_table_for_missing_pair_value,candidate_only_not_analytic_input_until_human_confirmed,both construct terms and table/correlation cues are visible; human must open source table and enter a value before promotion
C_open_table_for_possible_full10_densification,S121-2,ATT-SI,,S121_source_packet_20260609.txt,ok,true,true,human_check_source_table_for_missing_pair_value,candidate_only_not_analytic_input_until_human_confirmed,both construct terms and table/correlation cues are visible; human must open source table and enter a value before promotion
C_open_table_for_possible_full10_densification,S121-2,ATT-TRU,,S121_source_packet_20260609.txt,ok,true,true,human_check_source_table_for_missing_pair_value,candidate_only_not_analytic_input_until_human_confirmed,both construct terms and table/correlation cues are visible; human must open source table and enter a value before promotion
C_open_table_for_possible_full10_densification,S121-2,ATT-UB,,S121_source_packet_20260609.txt,ok,true,true,human_check_source_table_for_missing_pair_value,candidate_only_not_analytic_input_until_human_confirmed,both construct terms and table/correlation cues are visible; human must open source table and enter a value before promotion
C_open_table_for_possible_full10_densification,S121-2,BI-SE,,S121_source_packet_20260609.txt,ok,true,true,human_check_source_table_for_missing_pair_value,candidate_only_not_analytic_input_until_human_confirmed,both construct terms and table/correlation cues are visible; human must open source table and enter a value before promotion
C_open_table_for_possible_full10_densification,S121-2,EE-SE,,S121_source_packet_20260609.txt,ok,true,true,human_check_source_table_for_missing_pair_value,candidate_only_not_analytic_input_until_human_confirmed,both construct terms and table/correlation cues are visible; human must open source table and enter a value before promotion
C_open_table_for_possible_full10_densification,S121-2,FC-SE,,S121_source_packet_20260609.txt,ok,true,true,human_check_source_table_for_missing_pair_value,candidate_only_not_analytic_input_until_human_confirmed,both construct terms and table/correlation cues are visible; human must open source table and enter a value before promotion
C_open_table_for_possible_full10_densification,S121-2,PE-SE,,S121_source_packet_20260609.txt,ok,true,true,human_check_source_table_for_missing_pair_value,candidate_only_not_analytic_input_until_human_confirmed,both construct terms and table/correlation cues are visible; human must open source table and enter a value before promotion
C_open_table_for_possible_full10_densification,S121-2,SE-SI,,S121_source_packet_20260609.txt,ok,true,true,human_check_source_table_for_missing_pair_value,candidate_only_not_analytic_input_until_human_confirmed,both construct terms and table/correlation cues are visible; human must open source table and enter a value before promotion
C_open_table_for_possible_full10_densification,S121-2,SE-TRU,,S121_source_packet_20260609.txt,ok,true,true,human_check_source_table_for_missing_pair_value,candidate_only_not_analytic_input_until_human_confirmed,both construct terms and table/correlation cues are visible; human must open source table and enter a value before promotion
C_open_table_for_possible_full10_densification,S121-2,SE-UB,,S121_source_packet_20260609.txt,ok,true,true,human_check_source_table_for_missing_pair_value,candidate_only_not_analytic_input_until_human_confirmed,both construct terms and table/correlation cues are visible; human must open source table and enter a value before promotion
C_open_table_for_possible_full10_densification,S138,ANX-ATT,,S138_source_packet_20260609.txt,ok,true,true,human_check_source_table_for_missing_pair_value,candidate_only_not_analytic_input_until_human_confirmed,both construct terms and table/correlation cues are visible; human must open source table and enter a value before promotion
C_open_table_for_possible_full10_densification,S138,ANX-BI,,S138_source_packet_20260609.txt,ok,true,true,human_check_source_table_for_missing_pair_value,candidate_only_not_analytic_input_until_human_confirmed,both construct terms and table/correlation cues are visible; human must open source table and enter a value before promotion
C_open_table_for_possible_full10_densification,S138,ANX-EE,,S138_source_packet_20260609.txt,ok,true,true,human_check_source_table_for_missing_pair_value,candidate_only_not_analytic_input_until_human_confirmed,both construct terms and table/correlation cues are visible; human must open source table and enter a value before promotion
C_open_table_for_possible_full10_densification,S138,ANX-FC,,S138_source_packet_20260609.txt,ok,true,true,human_check_source_table_for_missing_pair_value,candidate_only_not_analytic_input_until_human_confirmed,both construct terms and table/correlation cues are visible; human must open source table and enter a value before promotion
C_open_table_for_possible_full10_densification,S138,ANX-PE,,S138_source_packet_20260609.txt,ok,true,true,human_check_source_table_for_missing_pair_value,candidate_only_not_analytic_input_until_human_confirmed,both construct terms and table/correlation cues are visible; human must open source table and enter a value before promotion
C_open_table_for_possible_full10_densification,S138,ANX-SE,,S138_source_packet_20260609.txt,ok,true,true,human_check_source_table_for_missing_pair_value,candidate_only_not_analytic_input_until_human_confirmed,both construct terms and table/correlation cues are visible; human must open source table and enter a value before promotion
C_open_table_for_possible_full10_densification,S138,ANX-SI,,S138_source_packet_20260609.txt,ok,true,true,human_check_source_table_for_missing_pair_value,candidate_only_not_analytic_input_until_human_confirmed,both construct terms and table/correlation cues are visible; human must open source table and enter a value before promotion
C_open_table_for_possible_full10_densification,S138,ANX-TRU,,S138_source_packet_20260609.txt,ok,true,true,human_check_source_table_for_missing_pair_value,candidate_only_not_analytic_input_until_human_confirmed,both construct terms and table/correlation cues are visible; human must open source table and enter a value before promotion
C_open_table_for_possible_full10_densification,S138,ANX-UB,,S138_source_packet_20260609.txt,ok,true,true,human_check_source_table_for_missing_pair_value,candidate_only_not_analytic_input_until_human_confirmed,both construct terms and table/correlation cues are visible; human must open source table and enter a value before promotion
C_open_table_for_possible_full10_densification,S138,ATT-FC,,S138_source_packet_20260609.txt,ok,true,true,human_check_source_table_for_missing_pair_value,candidate_only_not_analytic_input_until_human_confirmed,both construct terms and table/correlation cues are visible; human must open source table and enter a value before promotion
C_open_table_for_possible_full10_densification,S138,BI-FC,,S138_source_packet_20260609.txt,ok,true,true,human_check_source_table_for_missing_pair_value,candidate_only_not_analytic_input_until_human_confirmed,both construct terms and table/correlation cues are visible; human must open source table and enter a value before promotion
C_open_table_for_possible_full10_densification,S138,EE-FC,,S138_source_packet_20260609.txt,ok,true,true,human_check_source_table_for_missing_pair_value,candidate_only_not_analytic_input_until_human_confirmed,both construct terms and table/correlation cues are visible; human must open source table and enter a value before promotion
C_open_table_for_possible_full10_densification,S138,FC-PE,,S138_source_packet_20260609.txt,ok,true,true,human_check_source_table_for_missing_pair_value,candidate_only_not_analytic_input_until_human_confirmed,both construct terms and table/correlation cues are visible; human must open source table and enter a value before promotion
C_open_table_for_possible_full10_densification,S138,FC-SE,,S138_source_packet_20260609.txt,ok,true,true,human_check_source_table_for_missing_pair_value,candidate_only_not_analytic_input_until_human_confirmed,both construct terms and table/correlation cues are visible; human must open source table and enter a value before promotion
C_open_table_for_possible_full10_densification,S138,FC-SI,,S138_source_packet_20260609.txt,ok,true,true,human_check_source_table_for_missing_pair_value,candidate_only_not_analytic_input_until_human_confirmed,both construct terms and table/correlation cues are visible; human must open source table and enter a value before promotion
C_open_table_for_possible_full10_densification,S138,FC-TRU,,S138_source_packet_20260609.txt,ok,true,true,human_check_source_table_for_missing_pair_value,candidate_only_not_analytic_input_until_human_confirmed,both construct terms and table/correlation cues are visible; human must open source table and enter a value before promotion
C_open_table_for_possible_full10_densification,S138,FC-UB,,S138_source_packet_20260609.txt,ok,true,true,human_check_source_table_for_missing_pair_value,candidate_only_not_analytic_input_until_human_confirmed,both construct terms and table/correlation cues are visible; human must open source table and enter a value before promotion
C_open_table_for_possible_full10_densification,S157,ATT-BI,,S157_source_packet_20260609.txt,ok,true,true,human_check_source_table_for_missing_pair_value,candidate_only_not_analytic_input_until_human_confirmed,both construct terms and table/correlation cues are visible; human must open source table and enter a value before promotion
C_open_table_for_possible_full10_densification,S157,ATT-EE,,S157_source_packet_20260609.txt,ok,true,true,human_check_source_table_for_missing_pair_value,candidate_only_not_analytic_input_until_human_confirmed,both construct terms and table/correlation cues are visible; human must open source table and enter a value before promotion
C_open_table_for_possible_full10_densification,S157,ATT-FC,,S157_source_packet_20260609.txt,ok,true,true,human_check_source_table_for_missing_pair_value,candidate_only_not_analytic_input_until_human_confirmed,both construct terms and table/correlation cues are visible; human must open source table and enter a value before promotion
C_open_table_for_possible_full10_densification,S157,ATT-PE,,S157_source_packet_20260609.txt,ok,true,true,human_check_source_table_for_missing_pair_value,candidate_only_not_analytic_input_until_human_confirmed,both construct terms and table/correlation cues are visible; human must open source table and enter a value before promotion
C_open_table_for_possible_full10_densification,S157,ATT-SE,,S157_source_packet_20260609.txt,ok,true,true,human_check_source_table_for_missing_pair_value,candidate_only_not_analytic_input_until_human_confirmed,both construct terms and table/correlation cues are visible; human must open source table and enter a value before promotion
C_open_table_for_possible_full10_densification,S157,ATT-SI,,S157_source_packet_20260609.txt,ok,true,true,human_check_source_table_for_missing_pair_value,candidate_only_not_analytic_input_until_human_confirmed,both construct terms and table/correlation cues are visible; human must open source table and enter a value before promotion
C_open_table_for_possible_full10_densification,S157,ATT-TRU,,S157_source_packet_20260609.txt,ok,true,true,human_check_source_table_for_missing_pair_value,candidate_only_not_analytic_input_until_human_confirmed,both construct terms and table/correlation cues are visible; human must open source table and enter a value before promotion
C_open_table_for_possible_full10_densification,S157,ATT-UB,,S157_source_packet_20260609.txt,ok,true,true,human_check_source_table_for_missing_pair_value,candidate_only_not_analytic_input_until_human_confirmed,both construct terms and table/correlation cues are visible; human must open source table and enter a value before promotion
C_open_table_for_possible_full10_densification,S157,BI-TRU,,S157_source_packet_20260609.txt,ok,true,true,human_check_source_table_for_missing_pair_value,candidate_only_not_analytic_input_until_human_confirmed,both construct terms and table/correlation cues are visible; human must open source table and enter a value before promotion
C_open_table_for_possible_full10_densification,S157,EE-TRU,,S157_source_packet_20260609.txt,ok,true,true,human_check_source_table_for_missing_pair_value,candidate_only_not_analytic_input_until_human_confirmed,both construct terms and table/correlation cues are visible; human must open source table and enter a value before promotion
C_open_table_for_possible_full10_densification,S157,FC-TRU,,S157_source_packet_20260609.txt,ok,true,true,human_check_source_table_for_missing_pair_value,candidate_only_not_analytic_input_until_human_confirmed,both construct terms and table/correlation cues are visible; human must open source table and enter a value before promotion
C_open_table_for_possible_full10_densification,S157,PE-TRU,,S157_source_packet_20260609.txt,ok,true,true,human_check_source_table_for_missing_pair_value,candidate_only_not_analytic_input_until_human_confirmed,both construct terms and table/correlation cues are visible; human must open source table and enter a value before promotion
C_open_table_for_possible_full10_densification,S157,SE-TRU,,S157_source_packet_20260609.txt,ok,true,true,human_check_source_table_for_missing_pair_value,candidate_only_not_analytic_input_until_human_confirmed,both construct terms and table/correlation cues are visible; human must open source table and enter a value before promotion
C_open_table_for_possible_full10_densification,S157,SI-TRU,,S157_source_packet_20260609.txt,ok,true,true,human_check_source_table_for_missing_pair_value,candidate_only_not_analytic_input_until_human_confirmed,both construct terms and table/correlation cues are visible; human must open source table and enter a value before promotion
C_open_table_for_possible_full10_densification,S157,TRU-UB,,S157_source_packet_20260609.txt,ok,true,true,human_check_source_table_for_missing_pair_value,candidate_only_not_analytic_input_until_human_confirmed,both construct terms and table/correlation cues are visible; human must open source table and enter a value before promotion
C_open_table_for_possible_full10_densification,S164,ANX-ATT,,S164_source_packet_20260609.txt,ok,true,true,human_check_source_table_for_missing_pair_value,candidate_only_not_analytic_input_until_human_confirmed,both construct terms and table/correlation cues are visible; human must open source table and enter a value before promotion
C_open_table_for_possible_full10_densification,S164,ANX-BI,,S164_source_packet_20260609.txt,ok,true,true,human_check_source_table_for_missing_pair_value,candidate_only_not_analytic_input_until_human_confirmed,both construct terms and table/correlation cues are visible; human must open source table and enter a value before promotion
C_open_table_for_possible_full10_densification,S164,ANX-EE,,S164_source_packet_20260609.txt,ok,true,true,human_check_source_table_for_missing_pair_value,candidate_only_not_analytic_input_until_human_confirmed,both construct terms and table/correlation cues are visible; human must open source table and enter a value before promotion
C_open_table_for_possible_full10_densification,S164,ANX-FC,,S164_source_packet_20260609.txt,ok,true,true,human_check_source_table_for_missing_pair_value,candidate_only_not_analytic_input_until_human_confirmed,both construct terms and table/correlation cues are visible; human must open source table and enter a value before promotion
C_open_table_for_possible_full10_densification,S164,ANX-PE,,S164_source_packet_20260609.txt,ok,true,true,human_check_source_table_for_missing_pair_value,candidate_only_not_analytic_input_until_human_confirmed,both construct terms and table/correlation cues are visible; human must open source table and enter a value before promotion
C_open_table_for_possible_full10_densification,S164,ANX-SI,,S164_source_packet_20260609.txt,ok,true,true,human_check_source_table_for_missing_pair_value,candidate_only_not_analytic_input_until_human_confirmed,both construct terms and table/correlation cues are visible; human must open source table and enter a value before promotion
C_open_table_for_possible_full10_densification,S164,ANX-TRU,,S164_source_packet_20260609.txt,ok,true,true,human_check_source_table_for_missing_pair_value,candidate_only_not_analytic_input_until_human_confirmed,both construct terms and table/correlation cues are visible; human must open source table and enter a value before promotion
C_open_table_for_possible_full10_densification,S164,ANX-UB,,S164_source_packet_20260609.txt,ok,true,true,human_check_source_table_for_missing_pair_value,candidate_only_not_analytic_input_until_human_confirmed,both construct terms and table/correlation cues are visible; human must open source table and enter a value before promotion
C_open_table_for_possible_full10_densification,S164,ATT-TRU,,S164_source_packet_20260609.txt,ok,true,true,human_check_source_table_for_missing_pair_value,candidate_only_not_analytic_input_until_human_confirmed,both construct terms and table/correlation cues are visible; human must open source table and enter a value before promotion
C_open_table_for_possible_full10_densification,S164,BI-TRU,,S164_source_packet_20260609.txt,ok,true,true,human_check_source_table_for_missing_pair_value,candidate_only_not_analytic_input_until_human_confirmed,both construct terms and table/correlation cues are visible; human must open source table and enter a value before promotion
C_open_table_for_possible_full10_densification,S164,EE-TRU,,S164_source_packet_20260609.txt,ok,true,true,human_check_source_table_for_missing_pair_value,candidate_only_not_analytic_input_until_human_confirmed,both construct terms and table/correlation cues are visible; human must open source table and enter a value before promotion
C_open_table_for_possible_full10_densification,S164,FC-TRU,,S164_source_packet_20260609.txt,ok,true,true,human_check_source_table_for_missing_pair_value,candidate_only_not_analytic_input_until_human_confirmed,both construct terms and table/correlation cues are visible; human must open source table and enter a value before promotion
C_open_table_for_possible_full10_densification,S164,PE-TRU,,S164_source_packet_20260609.txt,ok,true,true,human_check_source_table_for_missing_pair_value,candidate_only_not_analytic_input_until_human_confirmed,both construct terms and table/correlation cues are visible; human must open source table and enter a value before promotion
C_open_table_for_possible_full10_densification,S164,SI-TRU,,S164_source_packet_20260609.txt,ok,true,true,human_check_source_table_for_missing_pair_value,candidate_only_not_analytic_input_until_human_confirmed,both construct terms and table/correlation cues are visible; human must open source table and enter a value before promotion
C_open_table_for_possible_full10_densification,S164,TRU-UB,,S164_source_packet_20260609.txt,ok,true,true,human_check_source_table_for_missing_pair_value,candidate_only_not_analytic_input_until_human_confirmed,both construct terms and table/correlation cues are visible; human must open source table and enter a value before promotion
C_open_table_for_possible_full10_densification,S173,ANX-ATT,,S173_source_packet_20260609.txt,ok,true,true,human_check_source_table_for_missing_pair_value,candidate_only_not_analytic_input_until_human_confirmed,both construct terms and table/correlation cues are visible; human must open source table and enter a value before promotion
C_open_table_for_possible_full10_densification,S173,ANX-BI,,S173_source_packet_20260609.txt,ok,true,true,human_check_source_table_for_missing_pair_value,candidate_only_not_analytic_input_until_human_confirmed,both construct terms and table/correlation cues are visible; human must open source table and enter a value before promotion
C_open_table_for_possible_full10_densification,S173,ANX-EE,,S173_source_packet_20260609.txt,ok,true,true,human_check_source_table_for_missing_pair_value,candidate_only_not_analytic_input_until_human_confirmed,both construct terms and table/correlation cues are visible; human must open source table and enter a value before promotion
C_open_table_for_possible_full10_densification,S173,ANX-FC,,S173_source_packet_20260609.txt,ok,true,true,human_check_source_table_for_missing_pair_value,candidate_only_not_analytic_input_until_human_confirmed,both construct terms and table/correlation cues are visible; human must open source table and enter a value before promotion
C_open_table_for_possible_full10_densification,S173,ANX-PE,,S173_source_packet_20260609.txt,ok,true,true,human_check_source_table_for_missing_pair_value,candidate_only_not_analytic_input_until_human_confirmed,both construct terms and table/correlation cues are visible; human must open source table and enter a value before promotion
C_open_table_for_possible_full10_densification,S173,ANX-SE,,S173_source_packet_20260609.txt,ok,true,true,human_check_source_table_for_missing_pair_value,candidate_only_not_analytic_input_until_human_confirmed,both construct terms and table/correlation cues are visible; human must open source table and enter a value before promotion
C_open_table_for_possible_full10_densification,S173,ANX-SI,,S173_source_packet_20260609.txt,ok,true,true,human_check_source_table_for_missing_pair_value,candidate_only_not_analytic_input_until_human_confirmed,both construct terms and table/correlation cues are visible; human must open source table and enter a value before promotion
C_open_table_for_possible_full10_densification,S173,ANX-TRU,,S173_source_packet_20260609.txt,ok,true,true,human_check_source_table_for_missing_pair_value,candidate_only_not_analytic_input_until_human_confirmed,both construct terms and table/correlation cues are visible; human must open source table and enter a value before promotion
C_open_table_for_possible_full10_densification,S173,ANX-UB,,S173_source_packet_20260609.txt,ok,true,true,human_check_source_table_for_missing_pair_value,candidate_only_not_analytic_input_until_human_confirmed,both construct terms and table/correlation cues are visible; human must open source table and enter a value before promotion
C_open_table_for_possible_full10_densification,S173,ATT-BI,,S173_source_packet_20260609.txt,ok,true,true,human_check_source_table_for_missing_pair_value,candidate_only_not_analytic_input_until_human_confirmed,both construct terms and table/correlation cues are visible; human must open source table and enter a value before promotion
C_open_table_for_possible_full10_densification,S173,ATT-EE,,S173_source_packet_20260609.txt,ok,true,true,human_check_source_table_for_missing_pair_value,candidate_only_not_analytic_input_until_human_confirmed,both construct terms and table/correlation cues are visible; human must open source table and enter a value before promotion
C_open_table_for_possible_full10_densification,S173,ATT-FC,,S173_source_packet_20260609.txt,ok,true,true,human_check_source_table_for_missing_pair_value,candidate_only_not_analytic_input_until_human_confirmed,both construct terms and table/correlation cues are visible; human must open source table and enter a value before promotion
C_open_table_for_possible_full10_densification,S173,ATT-PE,,S173_source_packet_20260609.txt,ok,true,true,human_check_source_table_for_missing_pair_value,candidate_only_not_analytic_input_until_human_confirmed,both construct terms and table/correlation cues are visible; human must open source table and enter a value before promotion
C_open_table_for_possible_full10_densification,S173,ATT-SE,,S173_source_packet_20260609.txt,ok,true,true,human_check_source_table_for_missing_pair_value,candidate_only_not_analytic_input_until_human_confirmed,both construct terms and table/correlation cues are visible; human must open source table and enter a value before promotion
C_open_table_for_possible_full10_densification,S173,ATT-SI,,S173_source_packet_20260609.txt,ok,true,true,human_check_source_table_for_missing_pair_value,candidate_only_not_analytic_input_until_human_confirmed,both construct terms and table/correlation cues are visible; human must open source table and enter a value before promotion
C_open_table_for_possible_full10_densification,S173,ATT-TRU,,S173_source_packet_20260609.txt,ok,true,true,human_check_source_table_for_missing_pair_value,candidate_only_not_analytic_input_until_human_confirmed,both construct terms and table/correlation cues are visible; human must open source table and enter a value before promotion
C_open_table_for_possible_full10_densification,S173,ATT-UB,,S173_source_packet_20260609.txt,ok,true,true,human_check_source_table_for_missing_pair_value,candidate_only_not_analytic_input_until_human_confirmed,both construct terms and table/correlation cues are visible; human must open source table and enter a value before promotion
C_open_table_for_possible_full10_densification,S173,BI-SE,,S173_source_packet_20260609.txt,ok,true,true,human_check_source_table_for_missing_pair_value,candidate_only_not_analytic_input_until_human_confirmed,both construct terms and table/correlation cues are visible; human must open source table and enter a value before promotion
C_open_table_for_possible_full10_densification,S173,EE-SE,,S173_source_packet_20260609.txt,ok,true,true,human_check_source_table_for_missing_pair_value,candidate_only_not_analytic_input_until_human_confirmed,both construct terms and table/correlation cues are visible; human must open source table and enter a value before promotion
C_open_table_for_possible_full10_densification,S173,FC-SE,,S173_source_packet_20260609.txt,ok,true,true,human_check_source_table_for_missing_pair_value,candidate_only_not_analytic_input_until_human_confirmed,both construct terms and table/correlation cues are visible; human must open source table and enter a value before promotion
C_open_table_for_possible_full10_densification,S173,PE-SE,,S173_source_packet_20260609.txt,ok,true,true,human_check_source_table_for_missing_pair_value,candidate_only_not_analytic_input_until_human_confirmed,both construct terms and table/correlation cues are visible; human must open source table and enter a value before promotion
C_open_table_for_possible_full10_densification,S173,SE-SI,,S173_source_packet_20260609.txt,ok,true,true,human_check_source_table_for_missing_pair_value,candidate_only_not_analytic_input_until_human_confirmed,both construct terms and table/correlation cues are visible; human must open source table and enter a value before promotion
C_open_table_for_possible_full10_densification,S173,SE-TRU,,S173_source_packet_20260609.txt,ok,true,true,human_check_source_table_for_missing_pair_value,candidate_only_not_analytic_input_until_human_confirmed,both construct terms and table/correlation cues are visible; human must open source table and enter a value before promotion
C_open_table_for_possible_full10_densification,S173,SE-UB,,S173_source_packet_20260609.txt,ok,true,true,human_check_source_table_for_missing_pair_value,candidate_only_not_analytic_input_until_human_confirmed,both construct terms and table/correlation cues are visible; human must open source table and enter a value before promotion
C_open_table_for_possible_full10_densification,S176,ANX-ATT,,S176_source_packet_20260609.txt,ok,true,true,human_check_source_table_for_missing_pair_value,candidate_only_not_analytic_input_until_human_confirmed,both construct terms and table/correlation cues are visible; human must open source table and enter a value before promotion
C_open_table_for_possible_full10_densification,S176,ANX-BI,,S176_source_packet_20260609.txt,ok,true,true,human_check_source_table_for_missing_pair_value,candidate_only_not_analytic_input_until_human_confirmed,both construct terms and table/correlation cues are visible; human must open source table and enter a value before promotion
C_open_table_for_possible_full10_densification,S176,ANX-EE,,S176_source_packet_20260609.txt,ok,true,true,human_check_source_table_for_missing_pair_value,candidate_only_not_analytic_input_until_human_confirmed,both construct terms and table/correlation cues are visible; human must open source table and enter a value before promotion
C_open_table_for_possible_full10_densification,S176,ANX-FC,,S176_source_packet_20260609.txt,ok,true,true,human_check_source_table_for_missing_pair_value,candidate_only_not_analytic_input_until_human_confirmed,both construct terms and table/correlation cues are visible; human must open source table and enter a value before promotion
C_open_table_for_possible_full10_densification,S176,ANX-PE,,S176_source_packet_20260609.txt,ok,true,true,human_check_source_table_for_missing_pair_value,candidate_only_not_analytic_input_until_human_confirmed,both construct terms and table/correlation cues are visible; human must open source table and enter a value before promotion
C_open_table_for_possible_full10_densification,S176,ANX-SE,,S176_source_packet_20260609.txt,ok,true,true,human_check_source_table_for_missing_pair_value,candidate_only_not_analytic_input_until_human_confirmed,both construct terms and table/correlation cues are visible; human must open source table and enter a value before promotion
C_open_table_for_possible_full10_densification,S176,ANX-SI,,S176_source_packet_20260609.txt,ok,true,true,human_check_source_table_for_missing_pair_value,candidate_only_not_analytic_input_until_human_confirmed,both construct terms and table/correlation cues are visible; human must open source table and enter a value before promotion
C_open_table_for_possible_full10_densification,S176,ANX-TRU,,S176_source_packet_20260609.txt,ok,true,true,human_check_source_table_for_missing_pair_value,candidate_only_not_analytic_input_until_human_confirmed,both construct terms and table/correlation cues are visible; human must open source table and enter a value before promotion
C_open_table_for_possible_full10_densification,S176,ANX-UB,,S176_source_packet_20260609.txt,ok,true,true,human_check_source_table_for_missing_pair_value,candidate_only_not_analytic_input_until_human_confirmed,both construct terms and table/correlation cues are visible; human must open source table and enter a value before promotion
C_open_table_for_possible_full10_densification,S176,ATT-SE,,S176_source_packet_20260609.txt,ok,true,true,human_check_source_table_for_missing_pair_value,candidate_only_not_analytic_input_until_human_confirmed,both construct terms and table/correlation cues are visible; human must open source table and enter a value before promotion
C_open_table_for_possible_full10_densification,S176,BI-SE,,S176_source_packet_20260609.txt,ok,true,true,human_check_source_table_for_missing_pair_value,candidate_only_not_analytic_input_until_human_confirmed,both construct terms and table/correlation cues are visible; human must open source table and enter a value before promotion
C_open_table_for_possible_full10_densification,S176,EE-SE,,S176_source_packet_20260609.txt,ok,true,true,human_check_source_table_for_missing_pair_value,candidate_only_not_analytic_input_until_human_confirmed,both construct terms and table/correlation cues are visible; human must open source table and enter a value before promotion
C_open_table_for_possible_full10_densification,S176,FC-SE,,S176_source_packet_20260609.txt,ok,true,true,human_check_source_table_for_missing_pair_value,candidate_only_not_analytic_input_until_human_confirmed,both construct terms and table/correlation cues are visible; human must open source table and enter a value before promotion
C_open_table_for_possible_full10_densification,S176,PE-SE,,S176_source_packet_20260609.txt,ok,true,true,human_check_source_table_for_missing_pair_value,candidate_only_not_analytic_input_until_human_confirmed,both construct terms and table/correlation cues are visible; human must open source table and enter a value before promotion
C_open_table_for_possible_full10_densification,S176,SE-SI,,S176_source_packet_20260609.txt,ok,true,true,human_check_source_table_for_missing_pair_value,candidate_only_not_analytic_input_until_human_confirmed,both construct terms and table/correlation cues are visible; human must open source table and enter a value before promotion
C_open_table_for_possible_full10_densification,S176,SE-TRU,,S176_source_packet_20260609.txt,ok,true,true,human_check_source_table_for_missing_pair_value,candidate_only_not_analytic_input_until_human_confirmed,both construct terms and table/correlation cues are visible; human must open source table and enter a value before promotion
C_open_table_for_possible_full10_densification,S176,SE-UB,,S176_source_packet_20260609.txt,ok,true,true,human_check_source_table_for_missing_pair_value,candidate_only_not_analytic_input_until_human_confirmed,both construct terms and table/correlation cues are visible; human must open source table and enter a value before promotion
C_open_table_for_possible_full10_densification,S185,ANX-SE,,S185,ok,false,true,human_check_source_table_for_missing_pair_value,candidate_only_not_analytic_input_until_human_confirmed,both construct terms and table/correlation cues are visible; human must open source table and enter a value before promotion
C_open_table_for_possible_full10_densification,S185,ANX-TRU,,S185,ok,false,true,human_check_source_table_for_missing_pair_value,candidate_only_not_analytic_input_until_human_confirmed,both construct terms and table/correlation cues are visible; human must open source table and enter a value before promotion
C_open_table_for_possible_full10_densification,S185,ANX-UB,,S185,ok,false,true,human_check_source_table_for_missing_pair_value,candidate_only_not_analytic_input_until_human_confirmed,both construct terms and table/correlation cues are visible; human must open source table and enter a value before promotion
C_open_table_for_possible_full10_densification,S185,ATT-SE,,S185,ok,false,true,human_check_source_table_for_missing_pair_value,candidate_only_not_analytic_input_until_human_confirmed,both construct terms and table/correlation cues are visible; human must open source table and enter a value before promotion
C_open_table_for_possible_full10_densification,S185,ATT-TRU,,S185,ok,false,true,human_check_source_table_for_missing_pair_value,candidate_only_not_analytic_input_until_human_confirmed,both construct terms and table/correlation cues are visible; human must open source table and enter a value before promotion
C_open_table_for_possible_full10_densification,S185,ATT-UB,,S185,ok,false,true,human_check_source_table_for_missing_pair_value,candidate_only_not_analytic_input_until_human_confirmed,both construct terms and table/correlation cues are visible; human must open source table and enter a value before promotion
C_open_table_for_possible_full10_densification,S185,BI-SE,,S185,ok,false,true,human_check_source_table_for_missing_pair_value,candidate_only_not_analytic_input_until_human_confirmed,both construct terms and table/correlation cues are visible; human must open source table and enter a value before promotion
C_open_table_for_possible_full10_densification,S185,BI-TRU,,S185,ok,false,true,human_check_source_table_for_missing_pair_value,candidate_only_not_analytic_input_until_human_confirmed,both construct terms and table/correlation cues are visible; human must open source table and enter a value before promotion
C_open_table_for_possible_full10_densification,S185,BI-UB,,S185,ok,false,true,human_check_source_table_for_missing_pair_value,candidate_only_not_analytic_input_until_human_confirmed,both construct terms and table/correlation cues are visible; human must open source table and enter a value before promotion
C_open_table_for_possible_full10_densification,S185,EE-SE,,S185,ok,false,true,human_check_source_table_for_missing_pair_value,candidate_only_not_analytic_input_until_human_confirmed,both construct terms and table/correlation cues are visible; human must open source table and enter a value before promotion
C_open_table_for_possible_full10_densification,S185,EE-TRU,,S185,ok,false,true,human_check_source_table_for_missing_pair_value,candidate_only_not_analytic_input_until_human_confirmed,both construct terms and table/correlation cues are visible; human must open source table and enter a value before promotion
C_open_table_for_possible_full10_densification,S185,EE-UB,,S185,ok,false,true,human_check_source_table_for_missing_pair_value,candidate_only_not_analytic_input_until_human_confirmed,both construct terms and table/correlation cues are visible; human must open source table and enter a value before promotion
C_open_table_for_possible_full10_densification,S185,FC-SE,,S185,ok,false,true,human_check_source_table_for_missing_pair_value,candidate_only_not_analytic_input_until_human_confirmed,both construct terms and table/correlation cues are visible; human must open source table and enter a value before promotion
C_open_table_for_possible_full10_densification,S185,FC-TRU,,S185,ok,false,true,human_check_source_table_for_missing_pair_value,candidate_only_not_analytic_input_until_human_confirmed,both construct terms and table/correlation cues are visible; human must open source table and enter a value before promotion
C_open_table_for_possible_full10_densification,S185,FC-UB,,S185,ok,false,true,human_check_source_table_for_missing_pair_value,candidate_only_not_analytic_input_until_human_confirmed,both construct terms and table/correlation cues are visible; human must open source table and enter a value before promotion
C_open_table_for_possible_full10_densification,S185,PE-SE,,S185,ok,false,true,human_check_source_table_for_missing_pair_value,candidate_only_not_analytic_input_until_human_confirmed,both construct terms and table/correlation cues are visible; human must open source table and enter a value before promotion
C_open_table_for_possible_full10_densification,S185,PE-TRU,,S185,ok,false,true,human_check_source_table_for_missing_pair_value,candidate_only_not_analytic_input_until_human_confirmed,both construct terms and table/correlation cues are visible; human must open source table and enter a value before promotion
C_open_table_for_possible_full10_densification,S185,PE-UB,,S185,ok,false,true,human_check_source_table_for_missing_pair_value,candidate_only_not_analytic_input_until_human_confirmed,both construct terms and table/correlation cues are visible; human must open source table and enter a value before promotion
C_open_table_for_possible_full10_densification,S185,SE-SI,,S185,ok,false,true,human_check_source_table_for_missing_pair_value,candidate_only_not_analytic_input_until_human_confirmed,both construct terms and table/correlation cues are visible; human must open source table and enter a value before promotion
C_open_table_for_possible_full10_densification,S185,SE-TRU,,S185,ok,false,true,human_check_source_table_for_missing_pair_value,candidate_only_not_analytic_input_until_human_confirmed,both construct terms and table/correlation cues are visible; human must open source table and enter a value before promotion
C_open_table_for_possible_full10_densification,S185,SE-UB,,S185,ok,false,true,human_check_source_table_for_missing_pair_value,candidate_only_not_analytic_input_until_human_confirmed,both construct terms and table/correlation cues are visible; human must open source table and enter a value before promotion
C_open_table_for_possible_full10_densification,S185,SI-TRU,,S185,ok,false,true,human_check_source_table_for_missing_pair_value,candidate_only_not_analytic_input_until_human_confirmed,both construct terms and table/correlation cues are visible; human must open source table and enter a value before promotion
C_open_table_for_possible_full10_densification,S185,SI-UB,,S185,ok,false,true,human_check_source_table_for_missing_pair_value,candidate_only_not_analytic_input_until_human_confirmed,both construct terms and table/correlation cues are visible; human must open source table and enter a value before promotion
C_open_table_for_possible_full10_densification,S185,TRU-UB,,S185,ok,false,true,human_check_source_table_for_missing_pair_value,candidate_only_not_analytic_input_until_human_confirmed,both construct terms and table/correlation cues are visible; human must open source table and enter a value before promotion
C_open_table_for_possible_full10_densification,S190,ANX-SE,,S190_source_packet_20260609.txt,ok,true,true,human_check_source_table_for_missing_pair_value,candidate_only_not_analytic_input_until_human_confirmed,both construct terms and table/correlation cues are visible; human must open source table and enter a value before promotion
C_open_table_for_possible_full10_densification,S190,ANX-TRU,,S190_source_packet_20260609.txt,ok,true,true,human_check_source_table_for_missing_pair_value,candidate_only_not_analytic_input_until_human_confirmed,both construct terms and table/correlation cues are visible; human must open source table and enter a value before promotion
C_open_table_for_possible_full10_densification,S190,ANX-UB,,S190_source_packet_20260609.txt,ok,true,true,human_check_source_table_for_missing_pair_value,candidate_only_not_analytic_input_until_human_confirmed,both construct terms and table/correlation cues are visible; human must open source table and enter a value before promotion
C_open_table_for_possible_full10_densification,S190,ATT-SE,,S190_source_packet_20260609.txt,ok,true,true,human_check_source_table_for_missing_pair_value,candidate_only_not_analytic_input_until_human_confirmed,both construct terms and table/correlation cues are visible; human must open source table and enter a value before promotion
C_open_table_for_possible_full10_densification,S190,ATT-TRU,,S190_source_packet_20260609.txt,ok,true,true,human_check_source_table_for_missing_pair_value,candidate_only_not_analytic_input_until_human_confirmed,both construct terms and table/correlation cues are visible; human must open source table and enter a value before promotion
C_open_table_for_possible_full10_densification,S190,ATT-UB,,S190_source_packet_20260609.txt,ok,true,true,human_check_source_table_for_missing_pair_value,candidate_only_not_analytic_input_until_human_confirmed,both construct terms and table/correlation cues are visible; human must open source table and enter a value before promotion
C_open_table_for_possible_full10_densification,S190,BI-SE,,S190_source_packet_20260609.txt,ok,true,true,human_check_source_table_for_missing_pair_value,candidate_only_not_analytic_input_until_human_confirmed,both construct terms and table/correlation cues are visible; human must open source table and enter a value before promotion
C_open_table_for_possible_full10_densification,S190,BI-TRU,,S190_source_packet_20260609.txt,ok,true,true,human_check_source_table_for_missing_pair_value,candidate_only_not_analytic_input_until_human_confirmed,both construct terms and table/correlation cues are visible; human must open source table and enter a value before promotion
C_open_table_for_possible_full10_densification,S190,BI-UB,,S190_source_packet_20260609.txt,ok,true,true,human_check_source_table_for_missing_pair_value,candidate_only_not_analytic_input_until_human_confirmed,both construct terms and table/correlation cues are visible; human must open source table and enter a value before promotion
C_open_table_for_possible_full10_densification,S190,EE-SE,,S190_source_packet_20260609.txt,ok,true,true,human_check_source_table_for_missing_pair_value,candidate_only_not_analytic_input_until_human_confirmed,both construct terms and table/correlation cues are visible; human must open source table and enter a value before promotion
C_open_table_for_possible_full10_densification,S190,EE-TRU,,S190_source_packet_20260609.txt,ok,true,true,human_check_source_table_for_missing_pair_value,candidate_only_not_analytic_input_until_human_confirmed,both construct terms and table/correlation cues are visible; human must open source table and enter a value before promotion
C_open_table_for_possible_full10_densification,S190,EE-UB,,S190_source_packet_20260609.txt,ok,true,true,human_check_source_table_for_missing_pair_value,candidate_only_not_analytic_input_until_human_confirmed,both construct terms and table/correlation cues are visible; human must open source table and enter a value before promotion
C_open_table_for_possible_full10_densification,S190,FC-SE,,S190_source_packet_20260609.txt,ok,true,true,human_check_source_table_for_missing_pair_value,candidate_only_not_analytic_input_until_human_confirmed,both construct terms and table/correlation cues are visible; human must open source table and enter a value before promotion
C_open_table_for_possible_full10_densification,S190,FC-TRU,,S190_source_packet_20260609.txt,ok,true,true,human_check_source_table_for_missing_pair_value,candidate_only_not_analytic_input_until_human_confirmed,both construct terms and table/correlation cues are visible; human must open source table and enter a value before promotion
C_open_table_for_possible_full10_densification,S190,FC-UB,,S190_source_packet_20260609.txt,ok,true,true,human_check_source_table_for_missing_pair_value,candidate_only_not_analytic_input_until_human_confirmed,both construct terms and table/correlation cues are visible; human must open source table and enter a value before promotion
C_open_table_for_possible_full10_densification,S190,PE-SE,,S190_source_packet_20260609.txt,ok,true,true,human_check_source_table_for_missing_pair_value,candidate_only_not_analytic_input_until_human_confirmed,both construct terms and table/correlation cues are visible; human must open source table and enter a value before promotion
C_open_table_for_possible_full10_densification,S190,PE-TRU,,S190_source_packet_20260609.txt,ok,true,true,human_check_source_table_for_missing_pair_value,candidate_only_not_analytic_input_until_human_confirmed,both construct terms and table/correlation cues are visible; human must open source table and enter a value before promotion
C_open_table_for_possible_full10_densification,S190,PE-UB,,S190_source_packet_20260609.txt,ok,true,true,human_check_source_table_for_missing_pair_value,candidate_only_not_analytic_input_until_human_confirmed,both construct terms and table/correlation cues are visible; human must open source table and enter a value before promotion
C_open_table_for_possible_full10_densification,S190,SE-SI,,S190_source_packet_20260609.txt,ok,true,true,human_check_source_table_for_missing_pair_value,candidate_only_not_analytic_input_until_human_confirmed,both construct terms and table/correlation cues are visible; human must open source table and enter a value before promotion
C_open_table_for_possible_full10_densification,S190,SE-TRU,,S190_source_packet_20260609.txt,ok,true,true,human_check_source_table_for_missing_pair_value,candidate_only_not_analytic_input_until_human_confirmed,both construct terms and table/correlation cues are visible; human must open source table and enter a value before promotion
C_open_table_for_possible_full10_densification,S190,SE-UB,,S190_source_packet_20260609.txt,ok,true,true,human_check_source_table_for_missing_pair_value,candidate_only_not_analytic_input_until_human_confirmed,both construct terms and table/correlation cues are visible; human must open source table and enter a value before promotion
C_open_table_for_possible_full10_densification,S190,SI-TRU,,S190_source_packet_20260609.txt,ok,true,true,human_check_source_table_for_missing_pair_value,candidate_only_not_analytic_input_until_human_confirmed,both construct terms and table/correlation cues are visible; human must open source table and enter a value before promotion
C_open_table_for_possible_full10_densification,S190,SI-UB,,S190_source_packet_20260609.txt,ok,true,true,human_check_source_table_for_missing_pair_value,candidate_only_not_analytic_input_until_human_confirmed,both construct terms and table/correlation cues are visible; human must open source table and enter a value before promotion
C_open_table_for_possible_full10_densification,S190,TRU-UB,,S190_source_packet_20260609.txt,ok,true,true,human_check_source_table_for_missing_pair_value,candidate_only_not_analytic_input_until_human_confirmed,both construct terms and table/correlation cues are visible; human must open source table and enter a value before promotion
C_open_table_for_possible_full10_densification,S191,ANX-ATT,,S191_source_packet_20260609.txt,ok,true,true,human_check_source_table_for_missing_pair_value,candidate_only_not_analytic_input_until_human_confirmed,both construct terms and table/correlation cues are visible; human must open source table and enter a value before promotion
C_open_table_for_possible_full10_densification,S191,ANX-BI,,S191_source_packet_20260609.txt,ok,true,true,human_check_source_table_for_missing_pair_value,candidate_only_not_analytic_input_until_human_confirmed,both construct terms and table/correlation cues are visible; human must open source table and enter a value before promotion
C_open_table_for_possible_full10_densification,S191,ANX-EE,,S191_source_packet_20260609.txt,ok,true,true,human_check_source_table_for_missing_pair_value,candidate_only_not_analytic_input_until_human_confirmed,both construct terms and table/correlation cues are visible; human must open source table and enter a value before promotion
C_open_table_for_possible_full10_densification,S191,ANX-FC,,S191_source_packet_20260609.txt,ok,true,true,human_check_source_table_for_missing_pair_value,candidate_only_not_analytic_input_until_human_confirmed,both construct terms and table/correlation cues are visible; human must open source table and enter a value before promotion
C_open_table_for_possible_full10_densification,S191,ANX-PE,,S191_source_packet_20260609.txt,ok,true,true,human_check_source_table_for_missing_pair_value,candidate_only_not_analytic_input_until_human_confirmed,both construct terms and table/correlation cues are visible; human must open source table and enter a value before promotion
C_open_table_for_possible_full10_densification,S191,ANX-SE,,S191_source_packet_20260609.txt,ok,true,true,human_check_source_table_for_missing_pair_value,candidate_only_not_analytic_input_until_human_confirmed,both construct terms and table/correlation cues are visible; human must open source table and enter a value before promotion
C_open_table_for_possible_full10_densification,S191,ANX-SI,,S191_source_packet_20260609.txt,ok,true,true,human_check_source_table_for_missing_pair_value,candidate_only_not_analytic_input_until_human_confirmed,both construct terms and table/correlation cues are visible; human must open source table and enter a value before promotion
C_open_table_for_possible_full10_densification,S191,ANX-UB,,S191_source_packet_20260609.txt,ok,true,true,human_check_source_table_for_missing_pair_value,candidate_only_not_analytic_input_until_human_confirmed,both construct terms and table/correlation cues are visible; human must open source table and enter a value before promotion
C_open_table_for_possible_full10_densification,S191,ATT-BI,,S191_source_packet_20260609.txt,ok,true,true,human_check_source_table_for_missing_pair_value,candidate_only_not_analytic_input_until_human_confirmed,both construct terms and table/correlation cues are visible; human must open source table and enter a value before promotion
C_open_table_for_possible_full10_densification,S191,ATT-EE,,S191_source_packet_20260609.txt,ok,true,true,human_check_source_table_for_missing_pair_value,candidate_only_not_analytic_input_until_human_confirmed,both construct terms and table/correlation cues are visible; human must open source table and enter a value before promotion
C_open_table_for_possible_full10_densification,S191,ATT-FC,,S191_source_packet_20260609.txt,ok,true,true,human_check_source_table_for_missing_pair_value,candidate_only_not_analytic_input_until_human_confirmed,both construct terms and table/correlation cues are visible; human must open source table and enter a value before promotion
C_open_table_for_possible_full10_densification,S191,ATT-PE,,S191_source_packet_20260609.txt,ok,true,true,human_check_source_table_for_missing_pair_value,candidate_only_not_analytic_input_until_human_confirmed,both construct terms and table/correlation cues are visible; human must open source table and enter a value before promotion
C_open_table_for_possible_full10_densification,S191,ATT-SE,,S191_source_packet_20260609.txt,ok,true,true,human_check_source_table_for_missing_pair_value,candidate_only_not_analytic_input_until_human_confirmed,both construct terms and table/correlation cues are visible; human must open source table and enter a value before promotion
C_open_table_for_possible_full10_densification,S191,ATT-SI,,S191_source_packet_20260609.txt,ok,true,true,human_check_source_table_for_missing_pair_value,candidate_only_not_analytic_input_until_human_confirmed,both construct terms and table/correlation cues are visible; human must open source table and enter a value before promotion
C_open_table_for_possible_full10_densification,S191,ATT-UB,,S191_source_packet_20260609.txt,ok,true,true,human_check_source_table_for_missing_pair_value,candidate_only_not_analytic_input_until_human_confirmed,both construct terms and table/correlation cues are visible; human must open source table and enter a value before promotion
C_open_table_for_possible_full10_densification,S214,ANX-ATT,,S214_source_packet_20260609.txt,ok,true,true,human_check_source_table_for_missing_pair_value,candidate_only_not_analytic_input_until_human_confirmed,both construct terms and table/correlation cues are visible; human must open source table and enter a value before promotion
C_open_table_for_possible_full10_densification,S214,ANX-BI,,S214_source_packet_20260609.txt,ok,true,true,human_check_source_table_for_missing_pair_value,candidate_only_not_analytic_input_until_human_confirmed,both construct terms and table/correlation cues are visible; human must open source table and enter a value before promotion
C_open_table_for_possible_full10_densification,S214,ANX-EE,,S214_source_packet_20260609.txt,ok,true,true,human_check_source_table_for_missing_pair_value,candidate_only_not_analytic_input_until_human_confirmed,both construct terms and table/correlation cues are visible; human must open source table and enter a value before promotion
C_open_table_for_possible_full10_densification,S214,ANX-FC,,S214_source_packet_20260609.txt,ok,true,true,human_check_source_table_for_missing_pair_value,candidate_only_not_analytic_input_until_human_confirmed,both construct terms and table/correlation cues are visible; human must open source table and enter a value before promotion
C_open_table_for_possible_full10_densification,S214,ANX-PE,,S214_source_packet_20260609.txt,ok,true,true,human_check_source_table_for_missing_pair_value,candidate_only_not_analytic_input_until_human_confirmed,both construct terms and table/correlation cues are visible; human must open source table and enter a value before promotion
C_open_table_for_possible_full10_densification,S214,ANX-SE,,S214_source_packet_20260609.txt,ok,true,true,human_check_source_table_for_missing_pair_value,candidate_only_not_analytic_input_until_human_confirmed,both construct terms and table/correlation cues are visible; human must open source table and enter a value before promotion
C_open_table_for_possible_full10_densification,S214,ANX-SI,,S214_source_packet_20260609.txt,ok,true,true,human_check_source_table_for_missing_pair_value,candidate_only_not_analytic_input_until_human_confirmed,both construct terms and table/correlation cues are visible; human must open source table and enter a value before promotion
C_open_table_for_possible_full10_densification,S214,ANX-UB,,S214_source_packet_20260609.txt,ok,true,true,human_check_source_table_for_missing_pair_value,candidate_only_not_analytic_input_until_human_confirmed,both construct terms and table/correlation cues are visible; human must open source table and enter a value before promotion
C_open_table_for_possible_full10_densification,S214,ATT-SE,,S214_source_packet_20260609.txt,ok,true,true,human_check_source_table_for_missing_pair_value,candidate_only_not_analytic_input_until_human_confirmed,both construct terms and table/correlation cues are visible; human must open source table and enter a value before promotion
C_open_table_for_possible_full10_densification,S214,BI-SE,,S214_source_packet_20260609.txt,ok,true,true,human_check_source_table_for_missing_pair_value,candidate_only_not_analytic_input_until_human_confirmed,both construct terms and table/correlation cues are visible; human must open source table and enter a value before promotion
C_open_table_for_possible_full10_densification,S214,EE-SE,,S214_source_packet_20260609.txt,ok,true,true,human_check_source_table_for_missing_pair_value,candidate_only_not_analytic_input_until_human_confirmed,both construct terms and table/correlation cues are visible; human must open source table and enter a value before promotion
C_open_table_for_possible_full10_densification,S214,FC-SE,,S214_source_packet_20260609.txt,ok,true,true,human_check_source_table_for_missing_pair_value,candidate_only_not_analytic_input_until_human_confirmed,both construct terms and table/correlation cues are visible; human must open source table and enter a value before promotion
C_open_table_for_possible_full10_densification,S214,PE-SE,,S214_source_packet_20260609.txt,ok,true,true,human_check_source_table_for_missing_pair_value,candidate_only_not_analytic_input_until_human_confirmed,both construct terms and table/correlation cues are visible; human must open source table and enter a value before promotion
C_open_table_for_possible_full10_densification,S214,SE-SI,,S214_source_packet_20260609.txt,ok,true,true,human_check_source_table_for_missing_pair_value,candidate_only_not_analytic_input_until_human_confirmed,both construct terms and table/correlation cues are visible; human must open source table and enter a value before promotion
C_open_table_for_possible_full10_densification,S214,SE-UB,,S214_source_packet_20260609.txt,ok,true,true,human_check_source_table_for_missing_pair_value,candidate_only_not_analytic_input_until_human_confirmed,both construct terms and table/correlation cues are visible; human must open source table and enter a value before promotion
C_open_table_for_possible_full10_densification,S223,ATT-BI,,S223_source_packet_20260609.txt,ok,true,true,human_check_source_table_for_missing_pair_value,candidate_only_not_analytic_input_until_human_confirmed,both construct terms and table/correlation cues are visible; human must open source table and enter a value before promotion
C_open_table_for_possible_full10_densification,S223,ATT-EE,,S223_source_packet_20260609.txt,ok,true,true,human_check_source_table_for_missing_pair_value,candidate_only_not_analytic_input_until_human_confirmed,both construct terms and table/correlation cues are visible; human must open source table and enter a value before promotion
C_open_table_for_possible_full10_densification,S223,ATT-FC,,S223_source_packet_20260609.txt,ok,true,true,human_check_source_table_for_missing_pair_value,candidate_only_not_analytic_input_until_human_confirmed,both construct terms and table/correlation cues are visible; human must open source table and enter a value before promotion
C_open_table_for_possible_full10_densification,S223,ATT-PE,,S223_source_packet_20260609.txt,ok,true,true,human_check_source_table_for_missing_pair_value,candidate_only_not_analytic_input_until_human_confirmed,both construct terms and table/correlation cues are visible; human must open source table and enter a value before promotion
C_open_table_for_possible_full10_densification,S223,ATT-SE,,S223_source_packet_20260609.txt,ok,true,true,human_check_source_table_for_missing_pair_value,candidate_only_not_analytic_input_until_human_confirmed,both construct terms and table/correlation cues are visible; human must open source table and enter a value before promotion
C_open_table_for_possible_full10_densification,S223,ATT-SI,,S223_source_packet_20260609.txt,ok,true,true,human_check_source_table_for_missing_pair_value,candidate_only_not_analytic_input_until_human_confirmed,both construct terms and table/correlation cues are visible; human must open source table and enter a value before promotion
C_open_table_for_possible_full10_densification,S223,ATT-TRU,,S223_source_packet_20260609.txt,ok,true,true,human_check_source_table_for_missing_pair_value,candidate_only_not_analytic_input_until_human_confirmed,both construct terms and table/correlation cues are visible; human must open source table and enter a value before promotion
C_open_table_for_possible_full10_densification,S223,ATT-UB,,S223_source_packet_20260609.txt,ok,true,true,human_check_source_table_for_missing_pair_value,candidate_only_not_analytic_input_until_human_confirmed,both construct terms and table/correlation cues are visible; human must open source table and enter a value before promotion
C_open_table_for_possible_full10_densification,S223,BI-SE,,S223_source_packet_20260609.txt,ok,true,true,human_check_source_table_for_missing_pair_value,candidate_only_not_analytic_input_until_human_confirmed,both construct terms and table/correlation cues are visible; human must open source table and enter a value before promotion
C_open_table_for_possible_full10_densification,S223,EE-SE,,S223_source_packet_20260609.txt,ok,true,true,human_check_source_table_for_missing_pair_value,candidate_only_not_analytic_input_until_human_confirmed,both construct terms and table/correlation cues are visible; human must open source table and enter a value before promotion
C_open_table_for_possible_full10_densification,S223,FC-SE,,S223_source_packet_20260609.txt,ok,true,true,human_check_source_table_for_missing_pair_value,candidate_only_not_analytic_input_until_human_confirmed,both construct terms and table/correlation cues are visible; human must open source table and enter a value before promotion
C_open_table_for_possible_full10_densification,S223,PE-SE,,S223_source_packet_20260609.txt,ok,true,true,human_check_source_table_for_missing_pair_value,candidate_only_not_analytic_input_until_human_confirmed,both construct terms and table/correlation cues are visible; human must open source table and enter a value before promotion
C_open_table_for_possible_full10_densification,S223,SE-SI,,S223_source_packet_20260609.txt,ok,true,true,human_check_source_table_for_missing_pair_value,candidate_only_not_analytic_input_until_human_confirmed,both construct terms and table/correlation cues are visible; human must open source table and enter a value before promotion
C_open_table_for_possible_full10_densification,S223,SE-TRU,,S223_source_packet_20260609.txt,ok,true,true,human_check_source_table_for_missing_pair_value,candidate_only_not_analytic_input_until_human_confirmed,both construct terms and table/correlation cues are visible; human must open source table and enter a value before promotion
C_open_table_for_possible_full10_densification,S223,SE-UB,,S223_source_packet_20260609.txt,ok,true,true,human_check_source_table_for_missing_pair_value,candidate_only_not_analytic_input_until_human_confirmed,both construct terms and table/correlation cues are visible; human must open source table and enter a value before promotion
