ai_trace_status,candidate_status,recommended_human_action,study_id,missing_pair,construct_1,construct_2,present_full10_pairs,missing_full10_pairs,sample_size_values_seen,candidate_value,construct_1_terms_found,construct_2_terms_found,table_terms_found,base_study_id_used_for_source_text,source_packet_exists,source_packet_file,pdf_exists,pdf_matched_stem,pdf_text_status,pdf_path_local_only,paper_b_boundary
possible_densification_source_review_candidate,ai_candidate_only_missing_pair_no_value_added,human_check_source_table_for_missing_pair_value,S057,ANX-TRU,ANX,TRU,28,17,582.0,,ANX;anxiety;apprehension;fear,trust,correlation;correlations;latent;table,S057,true,S057_source_packet_20260609.txt,true,S057,ok,/Users/newhosung/Library/CloudStorage/OneDrive-SharedLibraries-ThePennsylvaniaStateUniversity/AI Adoption Meta Analysis - Documents/Meta/AI Adoption/PDFs/S057.pdf,candidate_only_not_analytic_input_until_human_confirmed
possible_densification_source_review_candidate,ai_candidate_only_missing_pair_no_value_added,human_check_source_table_for_missing_pair_value,S057,ANX-UB,ANX,UB,28,17,582.0,,ANX;anxiety;apprehension;fear,use,correlation;correlations;latent;table,S057,true,S057_source_packet_20260609.txt,true,S057,ok,/Users/newhosung/Library/CloudStorage/OneDrive-SharedLibraries-ThePennsylvaniaStateUniversity/AI Adoption Meta Analysis - Documents/Meta/AI Adoption/PDFs/S057.pdf,candidate_only_not_analytic_input_until_human_confirmed
possible_densification_source_review_candidate,ai_candidate_only_missing_pair_no_value_added,human_check_source_table_for_missing_pair_value,S057,ATT-TRU,ATT,TRU,28,17,582.0,,ATT;attitude;attitude toward;attitudes,trust,correlation;correlations;latent;table,S057,true,S057_source_packet_20260609.txt,true,S057,ok,/Users/newhosung/Library/CloudStorage/OneDrive-SharedLibraries-ThePennsylvaniaStateUniversity/AI Adoption Meta Analysis - Documents/Meta/AI Adoption/PDFs/S057.pdf,candidate_only_not_analytic_input_until_human_confirmed
possible_densification_source_review_candidate,ai_candidate_only_missing_pair_no_value_added,human_check_source_table_for_missing_pair_value,S057,ATT-UB,ATT,UB,28,17,582.0,,ATT;attitude;attitude toward;attitudes,use,correlation;correlations;latent;table,S057,true,S057_source_packet_20260609.txt,true,S057,ok,/Users/newhosung/Library/CloudStorage/OneDrive-SharedLibraries-ThePennsylvaniaStateUniversity/AI Adoption Meta Analysis - Documents/Meta/AI Adoption/PDFs/S057.pdf,candidate_only_not_analytic_input_until_human_confirmed
possible_densification_source_review_candidate,ai_candidate_only_missing_pair_no_value_added,human_check_source_table_for_missing_pair_value,S057,BI-TRU,BI,TRU,28,17,582.0,,BI;behavioral intention;intention to use;usage intention,trust,correlation;correlations;latent;table,S057,true,S057_source_packet_20260609.txt,true,S057,ok,/Users/newhosung/Library/CloudStorage/OneDrive-SharedLibraries-ThePennsylvaniaStateUniversity/AI Adoption Meta Analysis - Documents/Meta/AI Adoption/PDFs/S057.pdf,candidate_only_not_analytic_input_until_human_confirmed
possible_densification_source_review_candidate,ai_candidate_only_missing_pair_no_value_added,human_check_source_table_for_missing_pair_value,S057,BI-UB,BI,UB,28,17,582.0,,BI;behavioral intention;intention to use;usage intention,use,correlation;correlations;latent;table,S057,true,S057_source_packet_20260609.txt,true,S057,ok,/Users/newhosung/Library/CloudStorage/OneDrive-SharedLibraries-ThePennsylvaniaStateUniversity/AI Adoption Meta Analysis - Documents/Meta/AI Adoption/PDFs/S057.pdf,candidate_only_not_analytic_input_until_human_confirmed
possible_densification_source_review_candidate,ai_candidate_only_missing_pair_no_value_added,human_check_source_table_for_missing_pair_value,S057,EE-TRU,EE,TRU,28,17,582.0,,EE;PEOU;ease of use;easy to use;effort expectancy;perceived ease of use,trust,correlation;correlations;latent;table,S057,true,S057_source_packet_20260609.txt,true,S057,ok,/Users/newhosung/Library/CloudStorage/OneDrive-SharedLibraries-ThePennsylvaniaStateUniversity/AI Adoption Meta Analysis - Documents/Meta/AI Adoption/PDFs/S057.pdf,candidate_only_not_analytic_input_until_human_confirmed
possible_densification_source_review_candidate,ai_candidate_only_missing_pair_no_value_added,human_check_source_table_for_missing_pair_value,S057,EE-UB,EE,UB,28,17,582.0,,EE;PEOU;ease of use;easy to use;effort expectancy;perceived ease of use,use,correlation;correlations;latent;table,S057,true,S057_source_packet_20260609.txt,true,S057,ok,/Users/newhosung/Library/CloudStorage/OneDrive-SharedLibraries-ThePennsylvaniaStateUniversity/AI Adoption Meta Analysis - Documents/Meta/AI Adoption/PDFs/S057.pdf,candidate_only_not_analytic_input_until_human_confirmed
possible_densification_source_review_candidate,ai_candidate_only_missing_pair_no_value_added,human_check_source_table_for_missing_pair_value,S057,FC-TRU,FC,TRU,28,17,582.0,,FC;facilitating;facilitating conditions;resources;support,trust,correlation;correlations;latent;table,S057,true,S057_source_packet_20260609.txt,true,S057,ok,/Users/newhosung/Library/CloudStorage/OneDrive-SharedLibraries-ThePennsylvaniaStateUniversity/AI Adoption Meta Analysis - Documents/Meta/AI Adoption/PDFs/S057.pdf,candidate_only_not_analytic_input_until_human_confirmed
possible_densification_source_review_candidate,ai_candidate_only_missing_pair_no_value_added,human_check_source_table_for_missing_pair_value,S057,FC-UB,FC,UB,28,17,582.0,,FC;facilitating;facilitating conditions;resources;support,use,correlation;correlations;latent;table,S057,true,S057_source_packet_20260609.txt,true,S057,ok,/Users/newhosung/Library/CloudStorage/OneDrive-SharedLibraries-ThePennsylvaniaStateUniversity/AI Adoption Meta Analysis - Documents/Meta/AI Adoption/PDFs/S057.pdf,candidate_only_not_analytic_input_until_human_confirmed
possible_densification_source_review_candidate,ai_candidate_only_missing_pair_no_value_added,human_check_source_table_for_missing_pair_value,S057,PE-TRU,PE,TRU,28,17,582.0,,PE;PU;perceived usefulness;performance expectancy;useful;usefulness,trust,correlation;correlations;latent;table,S057,true,S057_source_packet_20260609.txt,true,S057,ok,/Users/newhosung/Library/CloudStorage/OneDrive-SharedLibraries-ThePennsylvaniaStateUniversity/AI Adoption Meta Analysis - Documents/Meta/AI Adoption/PDFs/S057.pdf,candidate_only_not_analytic_input_until_human_confirmed
possible_densification_source_review_candidate,ai_candidate_only_missing_pair_no_value_added,human_check_source_table_for_missing_pair_value,S057,PE-UB,PE,UB,28,17,582.0,,PE;PU;perceived usefulness;performance expectancy;useful;usefulness,use,correlation;correlations;latent;table,S057,true,S057_source_packet_20260609.txt,true,S057,ok,/Users/newhosung/Library/CloudStorage/OneDrive-SharedLibraries-ThePennsylvaniaStateUniversity/AI Adoption Meta Analysis - Documents/Meta/AI Adoption/PDFs/S057.pdf,candidate_only_not_analytic_input_until_human_confirmed
possible_densification_source_review_candidate,ai_candidate_only_missing_pair_no_value_added,human_check_source_table_for_missing_pair_value,S057,SE-TRU,SE,TRU,28,17,582.0,,SE;efficacy;self-efficacy,trust,correlation;correlations;latent;table,S057,true,S057_source_packet_20260609.txt,true,S057,ok,/Users/newhosung/Library/CloudStorage/OneDrive-SharedLibraries-ThePennsylvaniaStateUniversity/AI Adoption Meta Analysis - Documents/Meta/AI Adoption/PDFs/S057.pdf,candidate_only_not_analytic_input_until_human_confirmed
possible_densification_source_review_candidate,ai_candidate_only_missing_pair_no_value_added,human_check_source_table_for_missing_pair_value,S057,SE-UB,SE,UB,28,17,582.0,,SE;efficacy;self-efficacy,use,correlation;correlations;latent;table,S057,true,S057_source_packet_20260609.txt,true,S057,ok,/Users/newhosung/Library/CloudStorage/OneDrive-SharedLibraries-ThePennsylvaniaStateUniversity/AI Adoption Meta Analysis - Documents/Meta/AI Adoption/PDFs/S057.pdf,candidate_only_not_analytic_input_until_human_confirmed
possible_densification_source_review_candidate,ai_candidate_only_missing_pair_no_value_added,human_check_source_table_for_missing_pair_value,S057,SI-TRU,SI,TRU,28,17,582.0,,SI;social influence;subjective norm,trust,correlation;correlations;latent;table,S057,true,S057_source_packet_20260609.txt,true,S057,ok,/Users/newhosung/Library/CloudStorage/OneDrive-SharedLibraries-ThePennsylvaniaStateUniversity/AI Adoption Meta Analysis - Documents/Meta/AI Adoption/PDFs/S057.pdf,candidate_only_not_analytic_input_until_human_confirmed
possible_densification_source_review_candidate,ai_candidate_only_missing_pair_no_value_added,human_check_source_table_for_missing_pair_value,S057,SI-UB,SI,UB,28,17,582.0,,SI;social influence;subjective norm,use,correlation;correlations;latent;table,S057,true,S057_source_packet_20260609.txt,true,S057,ok,/Users/newhosung/Library/CloudStorage/OneDrive-SharedLibraries-ThePennsylvaniaStateUniversity/AI Adoption Meta Analysis - Documents/Meta/AI Adoption/PDFs/S057.pdf,candidate_only_not_analytic_input_until_human_confirmed
possible_densification_source_review_candidate,ai_candidate_only_missing_pair_no_value_added,human_check_source_table_for_missing_pair_value,S057,TRU-UB,TRU,UB,28,17,582.0,,trust,use,correlation;correlations;latent;table,S057,true,S057_source_packet_20260609.txt,true,S057,ok,/Users/newhosung/Library/CloudStorage/OneDrive-SharedLibraries-ThePennsylvaniaStateUniversity/AI Adoption Meta Analysis - Documents/Meta/AI Adoption/PDFs/S057.pdf,candidate_only_not_analytic_input_until_human_confirmed
possible_densification_source_review_candidate,ai_candidate_only_missing_pair_no_value_added,human_check_source_table_for_missing_pair_value,S138,ANX-ATT,ANX,ATT,28,17,200.0,,anxiety;fear,ATT;attitude;attitude toward;attitudes,correlation;correlations;fornell;larcker;latent;table,S138,true,S138_source_packet_20260609.txt,true,S138,ok,/Users/newhosung/Library/CloudStorage/OneDrive-SharedLibraries-ThePennsylvaniaStateUniversity/AI Adoption Meta Analysis - Documents/Meta/AI Adoption/PDFs/S138.pdf,candidate_only_not_analytic_input_until_human_confirmed
possible_densification_source_review_candidate,ai_candidate_only_missing_pair_no_value_added,human_check_source_table_for_missing_pair_value,S138,ANX-BI,ANX,BI,28,17,200.0,,anxiety;fear,BI;behavioral intention;intention to use,correlation;correlations;fornell;larcker;latent;table,S138,true,S138_source_packet_20260609.txt,true,S138,ok,/Users/newhosung/Library/CloudStorage/OneDrive-SharedLibraries-ThePennsylvaniaStateUniversity/AI Adoption Meta Analysis - Documents/Meta/AI Adoption/PDFs/S138.pdf,candidate_only_not_analytic_input_until_human_confirmed
possible_densification_source_review_candidate,ai_candidate_only_missing_pair_no_value_added,human_check_source_table_for_missing_pair_value,S138,ANX-EE,ANX,EE,28,17,200.0,,anxiety;fear,EE;PEOU;ease of use;easy to use;perceived ease of use,correlation;correlations;fornell;larcker;latent;table,S138,true,S138_source_packet_20260609.txt,true,S138,ok,/Users/newhosung/Library/CloudStorage/OneDrive-SharedLibraries-ThePennsylvaniaStateUniversity/AI Adoption Meta Analysis - Documents/Meta/AI Adoption/PDFs/S138.pdf,candidate_only_not_analytic_input_until_human_confirmed
possible_densification_source_review_candidate,ai_candidate_only_missing_pair_no_value_added,human_check_source_table_for_missing_pair_value,S138,ANX-FC,ANX,FC,28,17,200.0,,anxiety;fear,FC;resources;support,correlation;correlations;fornell;larcker;latent;table,S138,true,S138_source_packet_20260609.txt,true,S138,ok,/Users/newhosung/Library/CloudStorage/OneDrive-SharedLibraries-ThePennsylvaniaStateUniversity/AI Adoption Meta Analysis - Documents/Meta/AI Adoption/PDFs/S138.pdf,candidate_only_not_analytic_input_until_human_confirmed
possible_densification_source_review_candidate,ai_candidate_only_missing_pair_no_value_added,human_check_source_table_for_missing_pair_value,S138,ANX-PE,ANX,PE,28,17,200.0,,anxiety;fear,PE;PU;perceived usefulness;useful;usefulness,correlation;correlations;fornell;larcker;latent;table,S138,true,S138_source_packet_20260609.txt,true,S138,ok,/Users/newhosung/Library/CloudStorage/OneDrive-SharedLibraries-ThePennsylvaniaStateUniversity/AI Adoption Meta Analysis - Documents/Meta/AI Adoption/PDFs/S138.pdf,candidate_only_not_analytic_input_until_human_confirmed
possible_densification_source_review_candidate,ai_candidate_only_missing_pair_no_value_added,human_check_source_table_for_missing_pair_value,S138,ANX-SE,ANX,SE,28,17,200.0,,anxiety;fear,SE;efficacy;self-efficacy,correlation;correlations;fornell;larcker;latent;table,S138,true,S138_source_packet_20260609.txt,true,S138,ok,/Users/newhosung/Library/CloudStorage/OneDrive-SharedLibraries-ThePennsylvaniaStateUniversity/AI Adoption Meta Analysis - Documents/Meta/AI Adoption/PDFs/S138.pdf,candidate_only_not_analytic_input_until_human_confirmed
possible_densification_source_review_candidate,ai_candidate_only_missing_pair_no_value_added,human_check_source_table_for_missing_pair_value,S138,ANX-SI,ANX,SI,28,17,200.0,,anxiety;fear,SI;social influence,correlation;correlations;fornell;larcker;latent;table,S138,true,S138_source_packet_20260609.txt,true,S138,ok,/Users/newhosung/Library/CloudStorage/OneDrive-SharedLibraries-ThePennsylvaniaStateUniversity/AI Adoption Meta Analysis - Documents/Meta/AI Adoption/PDFs/S138.pdf,candidate_only_not_analytic_input_until_human_confirmed
possible_densification_source_review_candidate,ai_candidate_only_missing_pair_no_value_added,human_check_source_table_for_missing_pair_value,S138,ANX-TRU,ANX,TRU,28,17,200.0,,anxiety;fear,TRU;trust;trustworthiness,correlation;correlations;fornell;larcker;latent;table,S138,true,S138_source_packet_20260609.txt,true,S138,ok,/Users/newhosung/Library/CloudStorage/OneDrive-SharedLibraries-ThePennsylvaniaStateUniversity/AI Adoption Meta Analysis - Documents/Meta/AI Adoption/PDFs/S138.pdf,candidate_only_not_analytic_input_until_human_confirmed
possible_densification_source_review_candidate,ai_candidate_only_missing_pair_no_value_added,human_check_source_table_for_missing_pair_value,S138,ANX-UB,ANX,UB,28,17,200.0,,anxiety;fear,UB;actual use;usage behavior;use,correlation;correlations;fornell;larcker;latent;table,S138,true,S138_source_packet_20260609.txt,true,S138,ok,/Users/newhosung/Library/CloudStorage/OneDrive-SharedLibraries-ThePennsylvaniaStateUniversity/AI Adoption Meta Analysis - Documents/Meta/AI Adoption/PDFs/S138.pdf,candidate_only_not_analytic_input_until_human_confirmed
possible_densification_source_review_candidate,ai_candidate_only_missing_pair_no_value_added,human_check_source_table_for_missing_pair_value,S138,ATT-FC,ATT,FC,28,17,200.0,,ATT;attitude;attitude toward;attitudes,FC;resources;support,correlation;correlations;fornell;larcker;latent;table,S138,true,S138_source_packet_20260609.txt,true,S138,ok,/Users/newhosung/Library/CloudStorage/OneDrive-SharedLibraries-ThePennsylvaniaStateUniversity/AI Adoption Meta Analysis - Documents/Meta/AI Adoption/PDFs/S138.pdf,candidate_only_not_analytic_input_until_human_confirmed
possible_densification_source_review_candidate,ai_candidate_only_missing_pair_no_value_added,human_check_source_table_for_missing_pair_value,S138,BI-FC,BI,FC,28,17,200.0,,BI;behavioral intention;intention to use,FC;resources;support,correlation;correlations;fornell;larcker;latent;table,S138,true,S138_source_packet_20260609.txt,true,S138,ok,/Users/newhosung/Library/CloudStorage/OneDrive-SharedLibraries-ThePennsylvaniaStateUniversity/AI Adoption Meta Analysis - Documents/Meta/AI Adoption/PDFs/S138.pdf,candidate_only_not_analytic_input_until_human_confirmed
possible_densification_source_review_candidate,ai_candidate_only_missing_pair_no_value_added,human_check_source_table_for_missing_pair_value,S138,EE-FC,EE,FC,28,17,200.0,,EE;PEOU;ease of use;easy to use;perceived ease of use,FC;resources;support,correlation;correlations;fornell;larcker;latent;table,S138,true,S138_source_packet_20260609.txt,true,S138,ok,/Users/newhosung/Library/CloudStorage/OneDrive-SharedLibraries-ThePennsylvaniaStateUniversity/AI Adoption Meta Analysis - Documents/Meta/AI Adoption/PDFs/S138.pdf,candidate_only_not_analytic_input_until_human_confirmed
possible_densification_source_review_candidate,ai_candidate_only_missing_pair_no_value_added,human_check_source_table_for_missing_pair_value,S138,FC-PE,FC,PE,28,17,200.0,,FC;resources;support,PE;PU;perceived usefulness;useful;usefulness,correlation;correlations;fornell;larcker;latent;table,S138,true,S138_source_packet_20260609.txt,true,S138,ok,/Users/newhosung/Library/CloudStorage/OneDrive-SharedLibraries-ThePennsylvaniaStateUniversity/AI Adoption Meta Analysis - Documents/Meta/AI Adoption/PDFs/S138.pdf,candidate_only_not_analytic_input_until_human_confirmed
possible_densification_source_review_candidate,ai_candidate_only_missing_pair_no_value_added,human_check_source_table_for_missing_pair_value,S138,FC-SE,FC,SE,28,17,200.0,,FC;resources;support,SE;efficacy;self-efficacy,correlation;correlations;fornell;larcker;latent;table,S138,true,S138_source_packet_20260609.txt,true,S138,ok,/Users/newhosung/Library/CloudStorage/OneDrive-SharedLibraries-ThePennsylvaniaStateUniversity/AI Adoption Meta Analysis - Documents/Meta/AI Adoption/PDFs/S138.pdf,candidate_only_not_analytic_input_until_human_confirmed
possible_densification_source_review_candidate,ai_candidate_only_missing_pair_no_value_added,human_check_source_table_for_missing_pair_value,S138,FC-SI,FC,SI,28,17,200.0,,FC;resources;support,SI;social influence,correlation;correlations;fornell;larcker;latent;table,S138,true,S138_source_packet_20260609.txt,true,S138,ok,/Users/newhosung/Library/CloudStorage/OneDrive-SharedLibraries-ThePennsylvaniaStateUniversity/AI Adoption Meta Analysis - Documents/Meta/AI Adoption/PDFs/S138.pdf,candidate_only_not_analytic_input_until_human_confirmed
possible_densification_source_review_candidate,ai_candidate_only_missing_pair_no_value_added,human_check_source_table_for_missing_pair_value,S138,FC-TRU,FC,TRU,28,17,200.0,,FC;resources;support,TRU;trust;trustworthiness,correlation;correlations;fornell;larcker;latent;table,S138,true,S138_source_packet_20260609.txt,true,S138,ok,/Users/newhosung/Library/CloudStorage/OneDrive-SharedLibraries-ThePennsylvaniaStateUniversity/AI Adoption Meta Analysis - Documents/Meta/AI Adoption/PDFs/S138.pdf,candidate_only_not_analytic_input_until_human_confirmed
possible_densification_source_review_candidate,ai_candidate_only_missing_pair_no_value_added,human_check_source_table_for_missing_pair_value,S138,FC-UB,FC,UB,28,17,200.0,,FC;resources;support,UB;actual use;usage behavior;use,correlation;correlations;fornell;larcker;latent;table,S138,true,S138_source_packet_20260609.txt,true,S138,ok,/Users/newhosung/Library/CloudStorage/OneDrive-SharedLibraries-ThePennsylvaniaStateUniversity/AI Adoption Meta Analysis - Documents/Meta/AI Adoption/PDFs/S138.pdf,candidate_only_not_analytic_input_until_human_confirmed
possible_densification_source_review_candidate,ai_candidate_only_missing_pair_no_value_added,human_check_source_table_for_missing_pair_value,S176,ANX-ATT,ANX,ATT,28,17,1214.0,,anxiety,ATT;attitudes,correlation;correlations;latent;table,S176,true,S176_source_packet_20260609.txt,true,S176,ok,/Users/newhosung/Library/CloudStorage/OneDrive-SharedLibraries-ThePennsylvaniaStateUniversity/AI Adoption Meta Analysis - Documents/Meta/AI Adoption/PDFs/S176.pdf,candidate_only_not_analytic_input_until_human_confirmed
possible_densification_source_review_candidate,ai_candidate_only_missing_pair_no_value_added,human_check_source_table_for_missing_pair_value,S176,ANX-BI,ANX,BI,28,17,1214.0,,anxiety,BI;behavioral intention;behavioural intention;intention to use,correlation;correlations;latent;table,S176,true,S176_source_packet_20260609.txt,true,S176,ok,/Users/newhosung/Library/CloudStorage/OneDrive-SharedLibraries-ThePennsylvaniaStateUniversity/AI Adoption Meta Analysis - Documents/Meta/AI Adoption/PDFs/S176.pdf,candidate_only_not_analytic_input_until_human_confirmed
possible_densification_source_review_candidate,ai_candidate_only_missing_pair_no_value_added,human_check_source_table_for_missing_pair_value,S176,ANX-EE,ANX,EE,28,17,1214.0,,anxiety,EE;ease of use;easy to use;effort expectancy;perceived ease of use,correlation;correlations;latent;table,S176,true,S176_source_packet_20260609.txt,true,S176,ok,/Users/newhosung/Library/CloudStorage/OneDrive-SharedLibraries-ThePennsylvaniaStateUniversity/AI Adoption Meta Analysis - Documents/Meta/AI Adoption/PDFs/S176.pdf,candidate_only_not_analytic_input_until_human_confirmed
possible_densification_source_review_candidate,ai_candidate_only_missing_pair_no_value_added,human_check_source_table_for_missing_pair_value,S176,ANX-FC,ANX,FC,28,17,1214.0,,anxiety,FC;facilitating;facilitating condition;facilitating conditions;resources;support,correlation;correlations;latent;table,S176,true,S176_source_packet_20260609.txt,true,S176,ok,/Users/newhosung/Library/CloudStorage/OneDrive-SharedLibraries-ThePennsylvaniaStateUniversity/AI Adoption Meta Analysis - Documents/Meta/AI Adoption/PDFs/S176.pdf,candidate_only_not_analytic_input_until_human_confirmed
possible_densification_source_review_candidate,ai_candidate_only_missing_pair_no_value_added,human_check_source_table_for_missing_pair_value,S176,ANX-PE,ANX,PE,28,17,1214.0,,anxiety,PE;perceived usefulness;performance expectancy;useful;usefulness,correlation;correlations;latent;table,S176,true,S176_source_packet_20260609.txt,true,S176,ok,/Users/newhosung/Library/CloudStorage/OneDrive-SharedLibraries-ThePennsylvaniaStateUniversity/AI Adoption Meta Analysis - Documents/Meta/AI Adoption/PDFs/S176.pdf,candidate_only_not_analytic_input_until_human_confirmed
possible_densification_source_review_candidate,ai_candidate_only_missing_pair_no_value_added,human_check_source_table_for_missing_pair_value,S176,ANX-SE,ANX,SE,28,17,1214.0,,anxiety,SE;efficacy,correlation;correlations;latent;table,S176,true,S176_source_packet_20260609.txt,true,S176,ok,/Users/newhosung/Library/CloudStorage/OneDrive-SharedLibraries-ThePennsylvaniaStateUniversity/AI Adoption Meta Analysis - Documents/Meta/AI Adoption/PDFs/S176.pdf,candidate_only_not_analytic_input_until_human_confirmed
possible_densification_source_review_candidate,ai_candidate_only_missing_pair_no_value_added,human_check_source_table_for_missing_pair_value,S176,ANX-SI,ANX,SI,28,17,1214.0,,anxiety,SI;social influence,correlation;correlations;latent;table,S176,true,S176_source_packet_20260609.txt,true,S176,ok,/Users/newhosung/Library/CloudStorage/OneDrive-SharedLibraries-ThePennsylvaniaStateUniversity/AI Adoption Meta Analysis - Documents/Meta/AI Adoption/PDFs/S176.pdf,candidate_only_not_analytic_input_until_human_confirmed
possible_densification_source_review_candidate,ai_candidate_only_missing_pair_no_value_added,human_check_source_table_for_missing_pair_value,S176,ANX-TRU,ANX,TRU,28,17,1214.0,,anxiety,TRU;trust,correlation;correlations;latent;table,S176,true,S176_source_packet_20260609.txt,true,S176,ok,/Users/newhosung/Library/CloudStorage/OneDrive-SharedLibraries-ThePennsylvaniaStateUniversity/AI Adoption Meta Analysis - Documents/Meta/AI Adoption/PDFs/S176.pdf,candidate_only_not_analytic_input_until_human_confirmed
possible_densification_source_review_candidate,ai_candidate_only_missing_pair_no_value_added,human_check_source_table_for_missing_pair_value,S176,ANX-UB,ANX,UB,28,17,1214.0,,anxiety,UB;usage behavior;use;use behavior,correlation;correlations;latent;table,S176,true,S176_source_packet_20260609.txt,true,S176,ok,/Users/newhosung/Library/CloudStorage/OneDrive-SharedLibraries-ThePennsylvaniaStateUniversity/AI Adoption Meta Analysis - Documents/Meta/AI Adoption/PDFs/S176.pdf,candidate_only_not_analytic_input_until_human_confirmed
possible_densification_source_review_candidate,ai_candidate_only_missing_pair_no_value_added,human_check_source_table_for_missing_pair_value,S176,ATT-SE,ATT,SE,28,17,1214.0,,ATT;attitudes,SE;efficacy,correlation;correlations;latent;table,S176,true,S176_source_packet_20260609.txt,true,S176,ok,/Users/newhosung/Library/CloudStorage/OneDrive-SharedLibraries-ThePennsylvaniaStateUniversity/AI Adoption Meta Analysis - Documents/Meta/AI Adoption/PDFs/S176.pdf,candidate_only_not_analytic_input_until_human_confirmed
possible_densification_source_review_candidate,ai_candidate_only_missing_pair_no_value_added,human_check_source_table_for_missing_pair_value,S176,BI-SE,BI,SE,28,17,1214.0,,BI;behavioral intention;behavioural intention;intention to use,SE;efficacy,correlation;correlations;latent;table,S176,true,S176_source_packet_20260609.txt,true,S176,ok,/Users/newhosung/Library/CloudStorage/OneDrive-SharedLibraries-ThePennsylvaniaStateUniversity/AI Adoption Meta Analysis - Documents/Meta/AI Adoption/PDFs/S176.pdf,candidate_only_not_analytic_input_until_human_confirmed
possible_densification_source_review_candidate,ai_candidate_only_missing_pair_no_value_added,human_check_source_table_for_missing_pair_value,S176,EE-SE,EE,SE,28,17,1214.0,,EE;ease of use;easy to use;effort expectancy;perceived ease of use,SE;efficacy,correlation;correlations;latent;table,S176,true,S176_source_packet_20260609.txt,true,S176,ok,/Users/newhosung/Library/CloudStorage/OneDrive-SharedLibraries-ThePennsylvaniaStateUniversity/AI Adoption Meta Analysis - Documents/Meta/AI Adoption/PDFs/S176.pdf,candidate_only_not_analytic_input_until_human_confirmed
possible_densification_source_review_candidate,ai_candidate_only_missing_pair_no_value_added,human_check_source_table_for_missing_pair_value,S176,FC-SE,FC,SE,28,17,1214.0,,FC;facilitating;facilitating condition;facilitating conditions;resources;support,SE;efficacy,correlation;correlations;latent;table,S176,true,S176_source_packet_20260609.txt,true,S176,ok,/Users/newhosung/Library/CloudStorage/OneDrive-SharedLibraries-ThePennsylvaniaStateUniversity/AI Adoption Meta Analysis - Documents/Meta/AI Adoption/PDFs/S176.pdf,candidate_only_not_analytic_input_until_human_confirmed
possible_densification_source_review_candidate,ai_candidate_only_missing_pair_no_value_added,human_check_source_table_for_missing_pair_value,S176,PE-SE,PE,SE,28,17,1214.0,,PE;perceived usefulness;performance expectancy;useful;usefulness,SE;efficacy,correlation;correlations;latent;table,S176,true,S176_source_packet_20260609.txt,true,S176,ok,/Users/newhosung/Library/CloudStorage/OneDrive-SharedLibraries-ThePennsylvaniaStateUniversity/AI Adoption Meta Analysis - Documents/Meta/AI Adoption/PDFs/S176.pdf,candidate_only_not_analytic_input_until_human_confirmed
possible_densification_source_review_candidate,ai_candidate_only_missing_pair_no_value_added,human_check_source_table_for_missing_pair_value,S176,SE-SI,SE,SI,28,17,1214.0,,SE;efficacy,SI;social influence,correlation;correlations;latent;table,S176,true,S176_source_packet_20260609.txt,true,S176,ok,/Users/newhosung/Library/CloudStorage/OneDrive-SharedLibraries-ThePennsylvaniaStateUniversity/AI Adoption Meta Analysis - Documents/Meta/AI Adoption/PDFs/S176.pdf,candidate_only_not_analytic_input_until_human_confirmed
possible_densification_source_review_candidate,ai_candidate_only_missing_pair_no_value_added,human_check_source_table_for_missing_pair_value,S176,SE-TRU,SE,TRU,28,17,1214.0,,SE;efficacy,TRU;trust,correlation;correlations;latent;table,S176,true,S176_source_packet_20260609.txt,true,S176,ok,/Users/newhosung/Library/CloudStorage/OneDrive-SharedLibraries-ThePennsylvaniaStateUniversity/AI Adoption Meta Analysis - Documents/Meta/AI Adoption/PDFs/S176.pdf,candidate_only_not_analytic_input_until_human_confirmed
possible_densification_source_review_candidate,ai_candidate_only_missing_pair_no_value_added,human_check_source_table_for_missing_pair_value,S176,SE-UB,SE,UB,28,17,1214.0,,SE;efficacy,UB;usage behavior;use;use behavior,correlation;correlations;latent;table,S176,true,S176_source_packet_20260609.txt,true,S176,ok,/Users/newhosung/Library/CloudStorage/OneDrive-SharedLibraries-ThePennsylvaniaStateUniversity/AI Adoption Meta Analysis - Documents/Meta/AI Adoption/PDFs/S176.pdf,candidate_only_not_analytic_input_until_human_confirmed
possible_densification_source_review_candidate,ai_candidate_only_missing_pair_no_value_added,human_check_source_table_for_missing_pair_value,S072,ANX-ATT,ANX,ATT,26,19,500.0,,anxiety,attitudes,correlation;correlations;fornell;larcker;latent;table,S072,true,S072_source_packet_20260609.txt,true,S072,ok,/Users/newhosung/Library/CloudStorage/OneDrive-SharedLibraries-ThePennsylvaniaStateUniversity/AI Adoption Meta Analysis - Documents/Meta/AI Adoption/PDFs/S072.pdf,candidate_only_not_analytic_input_until_human_confirmed
possible_densification_source_review_candidate,ai_candidate_only_missing_pair_no_value_added,human_check_source_table_for_missing_pair_value,S072,ANX-SE,ANX,SE,26,19,500.0,,anxiety,efficacy,correlation;correlations;fornell;larcker;latent;table,S072,true,S072_source_packet_20260609.txt,true,S072,ok,/Users/newhosung/Library/CloudStorage/OneDrive-SharedLibraries-ThePennsylvaniaStateUniversity/AI Adoption Meta Analysis - Documents/Meta/AI Adoption/PDFs/S072.pdf,candidate_only_not_analytic_input_until_human_confirmed
possible_densification_source_review_candidate,ai_candidate_only_missing_pair_no_value_added,human_check_source_table_for_missing_pair_value,S072,ANX-TRU,ANX,TRU,26,19,500.0,,anxiety,trust;trustworthiness,correlation;correlations;fornell;larcker;latent;table,S072,true,S072_source_packet_20260609.txt,true,S072,ok,/Users/newhosung/Library/CloudStorage/OneDrive-SharedLibraries-ThePennsylvaniaStateUniversity/AI Adoption Meta Analysis - Documents/Meta/AI Adoption/PDFs/S072.pdf,candidate_only_not_analytic_input_until_human_confirmed
possible_densification_source_review_candidate,ai_candidate_only_missing_pair_no_value_added,human_check_source_table_for_missing_pair_value,S072,ATT-SE,ATT,SE,26,19,500.0,,attitudes,efficacy,correlation;correlations;fornell;larcker;latent;table,S072,true,S072_source_packet_20260609.txt,true,S072,ok,/Users/newhosung/Library/CloudStorage/OneDrive-SharedLibraries-ThePennsylvaniaStateUniversity/AI Adoption Meta Analysis - Documents/Meta/AI Adoption/PDFs/S072.pdf,candidate_only_not_analytic_input_until_human_confirmed
possible_densification_source_review_candidate,ai_candidate_only_missing_pair_no_value_added,human_check_source_table_for_missing_pair_value,S072,ATT-TRU,ATT,TRU,26,19,500.0,,attitudes,trust;trustworthiness,correlation;correlations;fornell;larcker;latent;table,S072,true,S072_source_packet_20260609.txt,true,S072,ok,/Users/newhosung/Library/CloudStorage/OneDrive-SharedLibraries-ThePennsylvaniaStateUniversity/AI Adoption Meta Analysis - Documents/Meta/AI Adoption/PDFs/S072.pdf,candidate_only_not_analytic_input_until_human_confirmed
possible_densification_source_review_candidate,ai_candidate_only_missing_pair_no_value_added,human_check_source_table_for_missing_pair_value,S072,ATT-UB,ATT,UB,26,19,500.0,,attitudes,UB;actual use;use;use behavior,correlation;correlations;fornell;larcker;latent;table,S072,true,S072_source_packet_20260609.txt,true,S072,ok,/Users/newhosung/Library/CloudStorage/OneDrive-SharedLibraries-ThePennsylvaniaStateUniversity/AI Adoption Meta Analysis - Documents/Meta/AI Adoption/PDFs/S072.pdf,candidate_only_not_analytic_input_until_human_confirmed
possible_densification_source_review_candidate,ai_candidate_only_missing_pair_no_value_added,human_check_source_table_for_missing_pair_value,S072,BI-SE,BI,SE,26,19,500.0,,BI;behavioral intention;behavioural intention;intention to use;usage intention,efficacy,correlation;correlations;fornell;larcker;latent;table,S072,true,S072_source_packet_20260609.txt,true,S072,ok,/Users/newhosung/Library/CloudStorage/OneDrive-SharedLibraries-ThePennsylvaniaStateUniversity/AI Adoption Meta Analysis - Documents/Meta/AI Adoption/PDFs/S072.pdf,candidate_only_not_analytic_input_until_human_confirmed
possible_densification_source_review_candidate,ai_candidate_only_missing_pair_no_value_added,human_check_source_table_for_missing_pair_value,S072,BI-TRU,BI,TRU,26,19,500.0,,BI;behavioral intention;behavioural intention;intention to use;usage intention,trust;trustworthiness,correlation;correlations;fornell;larcker;latent;table,S072,true,S072_source_packet_20260609.txt,true,S072,ok,/Users/newhosung/Library/CloudStorage/OneDrive-SharedLibraries-ThePennsylvaniaStateUniversity/AI Adoption Meta Analysis - Documents/Meta/AI Adoption/PDFs/S072.pdf,candidate_only_not_analytic_input_until_human_confirmed
possible_densification_source_review_candidate,ai_candidate_only_missing_pair_no_value_added,human_check_source_table_for_missing_pair_value,S072,EE-SE,EE,SE,26,19,500.0,,EE;ease of use;easy to use;effort expectancy;perceived ease of use,efficacy,correlation;correlations;fornell;larcker;latent;table,S072,true,S072_source_packet_20260609.txt,true,S072,ok,/Users/newhosung/Library/CloudStorage/OneDrive-SharedLibraries-ThePennsylvaniaStateUniversity/AI Adoption Meta Analysis - Documents/Meta/AI Adoption/PDFs/S072.pdf,candidate_only_not_analytic_input_until_human_confirmed
possible_densification_source_review_candidate,ai_candidate_only_missing_pair_no_value_added,human_check_source_table_for_missing_pair_value,S072,EE-TRU,EE,TRU,26,19,500.0,,EE;ease of use;easy to use;effort expectancy;perceived ease of use,trust;trustworthiness,correlation;correlations;fornell;larcker;latent;table,S072,true,S072_source_packet_20260609.txt,true,S072,ok,/Users/newhosung/Library/CloudStorage/OneDrive-SharedLibraries-ThePennsylvaniaStateUniversity/AI Adoption Meta Analysis - Documents/Meta/AI Adoption/PDFs/S072.pdf,candidate_only_not_analytic_input_until_human_confirmed
possible_densification_source_review_candidate,ai_candidate_only_missing_pair_no_value_added,human_check_source_table_for_missing_pair_value,S072,FC-SE,FC,SE,26,19,500.0,,FC;facilitating;facilitating conditions;resources;support,efficacy,correlation;correlations;fornell;larcker;latent;table,S072,true,S072_source_packet_20260609.txt,true,S072,ok,/Users/newhosung/Library/CloudStorage/OneDrive-SharedLibraries-ThePennsylvaniaStateUniversity/AI Adoption Meta Analysis - Documents/Meta/AI Adoption/PDFs/S072.pdf,candidate_only_not_analytic_input_until_human_confirmed
possible_densification_source_review_candidate,ai_candidate_only_missing_pair_no_value_added,human_check_source_table_for_missing_pair_value,S072,FC-TRU,FC,TRU,26,19,500.0,,FC;facilitating;facilitating conditions;resources;support,trust;trustworthiness,correlation;correlations;fornell;larcker;latent;table,S072,true,S072_source_packet_20260609.txt,true,S072,ok,/Users/newhosung/Library/CloudStorage/OneDrive-SharedLibraries-ThePennsylvaniaStateUniversity/AI Adoption Meta Analysis - Documents/Meta/AI Adoption/PDFs/S072.pdf,candidate_only_not_analytic_input_until_human_confirmed
possible_densification_source_review_candidate,ai_candidate_only_missing_pair_no_value_added,human_check_source_table_for_missing_pair_value,S072,PE-SE,PE,SE,26,19,500.0,,PE;perceived usefulness;performance expectancy;useful;usefulness,efficacy,correlation;correlations;fornell;larcker;latent;table,S072,true,S072_source_packet_20260609.txt,true,S072,ok,/Users/newhosung/Library/CloudStorage/OneDrive-SharedLibraries-ThePennsylvaniaStateUniversity/AI Adoption Meta Analysis - Documents/Meta/AI Adoption/PDFs/S072.pdf,candidate_only_not_analytic_input_until_human_confirmed
possible_densification_source_review_candidate,ai_candidate_only_missing_pair_no_value_added,human_check_source_table_for_missing_pair_value,S072,PE-TRU,PE,TRU,26,19,500.0,,PE;perceived usefulness;performance expectancy;useful;usefulness,trust;trustworthiness,correlation;correlations;fornell;larcker;latent;table,S072,true,S072_source_packet_20260609.txt,true,S072,ok,/Users/newhosung/Library/CloudStorage/OneDrive-SharedLibraries-ThePennsylvaniaStateUniversity/AI Adoption Meta Analysis - Documents/Meta/AI Adoption/PDFs/S072.pdf,candidate_only_not_analytic_input_until_human_confirmed
possible_densification_source_review_candidate,ai_candidate_only_missing_pair_no_value_added,human_check_source_table_for_missing_pair_value,S072,SE-SI,SE,SI,26,19,500.0,,efficacy,SI;social influence,correlation;correlations;fornell;larcker;latent;table,S072,true,S072_source_packet_20260609.txt,true,S072,ok,/Users/newhosung/Library/CloudStorage/OneDrive-SharedLibraries-ThePennsylvaniaStateUniversity/AI Adoption Meta Analysis - Documents/Meta/AI Adoption/PDFs/S072.pdf,candidate_only_not_analytic_input_until_human_confirmed
possible_densification_source_review_candidate,ai_candidate_only_missing_pair_no_value_added,human_check_source_table_for_missing_pair_value,S072,SE-TRU,SE,TRU,26,19,500.0,,efficacy,trust;trustworthiness,correlation;correlations;fornell;larcker;latent;table,S072,true,S072_source_packet_20260609.txt,true,S072,ok,/Users/newhosung/Library/CloudStorage/OneDrive-SharedLibraries-ThePennsylvaniaStateUniversity/AI Adoption Meta Analysis - Documents/Meta/AI Adoption/PDFs/S072.pdf,candidate_only_not_analytic_input_until_human_confirmed
possible_densification_source_review_candidate,ai_candidate_only_missing_pair_no_value_added,human_check_source_table_for_missing_pair_value,S072,SE-UB,SE,UB,26,19,500.0,,efficacy,UB;actual use;use;use behavior,correlation;correlations;fornell;larcker;latent;table,S072,true,S072_source_packet_20260609.txt,true,S072,ok,/Users/newhosung/Library/CloudStorage/OneDrive-SharedLibraries-ThePennsylvaniaStateUniversity/AI Adoption Meta Analysis - Documents/Meta/AI Adoption/PDFs/S072.pdf,candidate_only_not_analytic_input_until_human_confirmed
possible_densification_source_review_candidate,ai_candidate_only_missing_pair_no_value_added,human_check_source_table_for_missing_pair_value,S072,SI-TRU,SI,TRU,26,19,500.0,,SI;social influence,trust;trustworthiness,correlation;correlations;fornell;larcker;latent;table,S072,true,S072_source_packet_20260609.txt,true,S072,ok,/Users/newhosung/Library/CloudStorage/OneDrive-SharedLibraries-ThePennsylvaniaStateUniversity/AI Adoption Meta Analysis - Documents/Meta/AI Adoption/PDFs/S072.pdf,candidate_only_not_analytic_input_until_human_confirmed
possible_densification_source_review_candidate,ai_candidate_only_missing_pair_no_value_added,human_check_source_table_for_missing_pair_value,S072,TRU-UB,TRU,UB,26,19,500.0,,trust;trustworthiness,UB;actual use;use;use behavior,correlation;correlations;fornell;larcker;latent;table,S072,true,S072_source_packet_20260609.txt,true,S072,ok,/Users/newhosung/Library/CloudStorage/OneDrive-SharedLibraries-ThePennsylvaniaStateUniversity/AI Adoption Meta Analysis - Documents/Meta/AI Adoption/PDFs/S072.pdf,candidate_only_not_analytic_input_until_human_confirmed
possible_densification_source_review_candidate,ai_candidate_only_missing_pair_no_value_added,human_check_source_table_for_missing_pair_value,S004,ANX-ATT,ANX,ATT,21,24,485.0,,anxiety,attitude;attitudes,correlation;correlations;fornell;larcker;latent;matrix;table,S004,true,S004_source_packet_20260609.txt,true,S004,ok,/Users/newhosung/Library/CloudStorage/OneDrive-SharedLibraries-ThePennsylvaniaStateUniversity/AI Adoption Meta Analysis - Documents/Meta/AI Adoption/PDFs/S004.pdf,candidate_only_not_analytic_input_until_human_confirmed
possible_densification_source_review_candidate,ai_candidate_only_missing_pair_no_value_added,human_check_source_table_for_missing_pair_value,S004,ANX-BI,ANX,BI,21,24,485.0,,anxiety,BI;behavioral intention;intention to use,correlation;correlations;fornell;larcker;latent;matrix;table,S004,true,S004_source_packet_20260609.txt,true,S004,ok,/Users/newhosung/Library/CloudStorage/OneDrive-SharedLibraries-ThePennsylvaniaStateUniversity/AI Adoption Meta Analysis - Documents/Meta/AI Adoption/PDFs/S004.pdf,candidate_only_not_analytic_input_until_human_confirmed
possible_densification_source_review_candidate,ai_candidate_only_missing_pair_no_value_added,human_check_source_table_for_missing_pair_value,S004,ANX-EE,ANX,EE,21,24,485.0,,anxiety,EE;ease of use;easy to use;effort expectancy;perceived ease of use,correlation;correlations;fornell;larcker;latent;matrix;table,S004,true,S004_source_packet_20260609.txt,true,S004,ok,/Users/newhosung/Library/CloudStorage/OneDrive-SharedLibraries-ThePennsylvaniaStateUniversity/AI Adoption Meta Analysis - Documents/Meta/AI Adoption/PDFs/S004.pdf,candidate_only_not_analytic_input_until_human_confirmed
possible_densification_source_review_candidate,ai_candidate_only_missing_pair_no_value_added,human_check_source_table_for_missing_pair_value,S004,ANX-FC,ANX,FC,21,24,485.0,,anxiety,FC;facilitating;facilitating conditions;resources;support,correlation;correlations;fornell;larcker;latent;matrix;table,S004,true,S004_source_packet_20260609.txt,true,S004,ok,/Users/newhosung/Library/CloudStorage/OneDrive-SharedLibraries-ThePennsylvaniaStateUniversity/AI Adoption Meta Analysis - Documents/Meta/AI Adoption/PDFs/S004.pdf,candidate_only_not_analytic_input_until_human_confirmed
possible_densification_source_review_candidate,ai_candidate_only_missing_pair_no_value_added,human_check_source_table_for_missing_pair_value,S004,ANX-PE,ANX,PE,21,24,485.0,,anxiety,PE;perceived usefulness;performance expectancy;useful;usefulness,correlation;correlations;fornell;larcker;latent;matrix;table,S004,true,S004_source_packet_20260609.txt,true,S004,ok,/Users/newhosung/Library/CloudStorage/OneDrive-SharedLibraries-ThePennsylvaniaStateUniversity/AI Adoption Meta Analysis - Documents/Meta/AI Adoption/PDFs/S004.pdf,candidate_only_not_analytic_input_until_human_confirmed
possible_densification_source_review_candidate,ai_candidate_only_missing_pair_no_value_added,human_check_source_table_for_missing_pair_value,S004,ANX-SE,ANX,SE,21,24,485.0,,anxiety,SE;computer self-efficacy;efficacy;self-efficacy,correlation;correlations;fornell;larcker;latent;matrix;table,S004,true,S004_source_packet_20260609.txt,true,S004,ok,/Users/newhosung/Library/CloudStorage/OneDrive-SharedLibraries-ThePennsylvaniaStateUniversity/AI Adoption Meta Analysis - Documents/Meta/AI Adoption/PDFs/S004.pdf,candidate_only_not_analytic_input_until_human_confirmed
possible_densification_source_review_candidate,ai_candidate_only_missing_pair_no_value_added,human_check_source_table_for_missing_pair_value,S004,ANX-SI,ANX,SI,21,24,485.0,,anxiety,SI;social influence,correlation;correlations;fornell;larcker;latent;matrix;table,S004,true,S004_source_packet_20260609.txt,true,S004,ok,/Users/newhosung/Library/CloudStorage/OneDrive-SharedLibraries-ThePennsylvaniaStateUniversity/AI Adoption Meta Analysis - Documents/Meta/AI Adoption/PDFs/S004.pdf,candidate_only_not_analytic_input_until_human_confirmed
possible_densification_source_review_candidate,ai_candidate_only_missing_pair_no_value_added,human_check_source_table_for_missing_pair_value,S004,ANX-TRU,ANX,TRU,21,24,485.0,,anxiety,TRU;trust;trustworthiness,correlation;correlations;fornell;larcker;latent;matrix;table,S004,true,S004_source_packet_20260609.txt,true,S004,ok,/Users/newhosung/Library/CloudStorage/OneDrive-SharedLibraries-ThePennsylvaniaStateUniversity/AI Adoption Meta Analysis - Documents/Meta/AI Adoption/PDFs/S004.pdf,candidate_only_not_analytic_input_until_human_confirmed
possible_densification_source_review_candidate,ai_candidate_only_missing_pair_no_value_added,human_check_source_table_for_missing_pair_value,S004,ANX-UB,ANX,UB,21,24,485.0,,anxiety,UB;actual use;usage behavior;use;use behavior,correlation;correlations;fornell;larcker;latent;matrix;table,S004,true,S004_source_packet_20260609.txt,true,S004,ok,/Users/newhosung/Library/CloudStorage/OneDrive-SharedLibraries-ThePennsylvaniaStateUniversity/AI Adoption Meta Analysis - Documents/Meta/AI Adoption/PDFs/S004.pdf,candidate_only_not_analytic_input_until_human_confirmed
possible_densification_source_review_candidate,ai_candidate_only_missing_pair_no_value_added,human_check_source_table_for_missing_pair_value,S004,ATT-BI,ATT,BI,21,24,485.0,,attitude;attitudes,BI;behavioral intention;intention to use,correlation;correlations;fornell;larcker;latent;matrix;table,S004,true,S004_source_packet_20260609.txt,true,S004,ok,/Users/newhosung/Library/CloudStorage/OneDrive-SharedLibraries-ThePennsylvaniaStateUniversity/AI Adoption Meta Analysis - Documents/Meta/AI Adoption/PDFs/S004.pdf,candidate_only_not_analytic_input_until_human_confirmed
possible_densification_source_review_candidate,ai_candidate_only_missing_pair_no_value_added,human_check_source_table_for_missing_pair_value,S004,ATT-EE,ATT,EE,21,24,485.0,,attitude;attitudes,EE;ease of use;easy to use;effort expectancy;perceived ease of use,correlation;correlations;fornell;larcker;latent;matrix;table,S004,true,S004_source_packet_20260609.txt,true,S004,ok,/Users/newhosung/Library/CloudStorage/OneDrive-SharedLibraries-ThePennsylvaniaStateUniversity/AI Adoption Meta Analysis - Documents/Meta/AI Adoption/PDFs/S004.pdf,candidate_only_not_analytic_input_until_human_confirmed
possible_densification_source_review_candidate,ai_candidate_only_missing_pair_no_value_added,human_check_source_table_for_missing_pair_value,S004,ATT-FC,ATT,FC,21,24,485.0,,attitude;attitudes,FC;facilitating;facilitating conditions;resources;support,correlation;correlations;fornell;larcker;latent;matrix;table,S004,true,S004_source_packet_20260609.txt,true,S004,ok,/Users/newhosung/Library/CloudStorage/OneDrive-SharedLibraries-ThePennsylvaniaStateUniversity/AI Adoption Meta Analysis - Documents/Meta/AI Adoption/PDFs/S004.pdf,candidate_only_not_analytic_input_until_human_confirmed
possible_densification_source_review_candidate,ai_candidate_only_missing_pair_no_value_added,human_check_source_table_for_missing_pair_value,S004,ATT-PE,ATT,PE,21,24,485.0,,attitude;attitudes,PE;perceived usefulness;performance expectancy;useful;usefulness,correlation;correlations;fornell;larcker;latent;matrix;table,S004,true,S004_source_packet_20260609.txt,true,S004,ok,/Users/newhosung/Library/CloudStorage/OneDrive-SharedLibraries-ThePennsylvaniaStateUniversity/AI Adoption Meta Analysis - Documents/Meta/AI Adoption/PDFs/S004.pdf,candidate_only_not_analytic_input_until_human_confirmed
possible_densification_source_review_candidate,ai_candidate_only_missing_pair_no_value_added,human_check_source_table_for_missing_pair_value,S004,ATT-SE,ATT,SE,21,24,485.0,,attitude;attitudes,SE;computer self-efficacy;efficacy;self-efficacy,correlation;correlations;fornell;larcker;latent;matrix;table,S004,true,S004_source_packet_20260609.txt,true,S004,ok,/Users/newhosung/Library/CloudStorage/OneDrive-SharedLibraries-ThePennsylvaniaStateUniversity/AI Adoption Meta Analysis - Documents/Meta/AI Adoption/PDFs/S004.pdf,candidate_only_not_analytic_input_until_human_confirmed
possible_densification_source_review_candidate,ai_candidate_only_missing_pair_no_value_added,human_check_source_table_for_missing_pair_value,S004,ATT-SI,ATT,SI,21,24,485.0,,attitude;attitudes,SI;social influence,correlation;correlations;fornell;larcker;latent;matrix;table,S004,true,S004_source_packet_20260609.txt,true,S004,ok,/Users/newhosung/Library/CloudStorage/OneDrive-SharedLibraries-ThePennsylvaniaStateUniversity/AI Adoption Meta Analysis - Documents/Meta/AI Adoption/PDFs/S004.pdf,candidate_only_not_analytic_input_until_human_confirmed
possible_densification_source_review_candidate,ai_candidate_only_missing_pair_no_value_added,human_check_source_table_for_missing_pair_value,S004,ATT-TRU,ATT,TRU,21,24,485.0,,attitude;attitudes,TRU;trust;trustworthiness,correlation;correlations;fornell;larcker;latent;matrix;table,S004,true,S004_source_packet_20260609.txt,true,S004,ok,/Users/newhosung/Library/CloudStorage/OneDrive-SharedLibraries-ThePennsylvaniaStateUniversity/AI Adoption Meta Analysis - Documents/Meta/AI Adoption/PDFs/S004.pdf,candidate_only_not_analytic_input_until_human_confirmed
possible_densification_source_review_candidate,ai_candidate_only_missing_pair_no_value_added,human_check_source_table_for_missing_pair_value,S004,ATT-UB,ATT,UB,21,24,485.0,,attitude;attitudes,UB;actual use;usage behavior;use;use behavior,correlation;correlations;fornell;larcker;latent;matrix;table,S004,true,S004_source_packet_20260609.txt,true,S004,ok,/Users/newhosung/Library/CloudStorage/OneDrive-SharedLibraries-ThePennsylvaniaStateUniversity/AI Adoption Meta Analysis - Documents/Meta/AI Adoption/PDFs/S004.pdf,candidate_only_not_analytic_input_until_human_confirmed
possible_densification_source_review_candidate,ai_candidate_only_missing_pair_no_value_added,human_check_source_table_for_missing_pair_value,S004,BI-SE,BI,SE,21,24,485.0,,BI;behavioral intention;intention to use,SE;computer self-efficacy;efficacy;self-efficacy,correlation;correlations;fornell;larcker;latent;matrix;table,S004,true,S004_source_packet_20260609.txt,true,S004,ok,/Users/newhosung/Library/CloudStorage/OneDrive-SharedLibraries-ThePennsylvaniaStateUniversity/AI Adoption Meta Analysis - Documents/Meta/AI Adoption/PDFs/S004.pdf,candidate_only_not_analytic_input_until_human_confirmed
possible_densification_source_review_candidate,ai_candidate_only_missing_pair_no_value_added,human_check_source_table_for_missing_pair_value,S004,EE-SE,EE,SE,21,24,485.0,,EE;ease of use;easy to use;effort expectancy;perceived ease of use,SE;computer self-efficacy;efficacy;self-efficacy,correlation;correlations;fornell;larcker;latent;matrix;table,S004,true,S004_source_packet_20260609.txt,true,S004,ok,/Users/newhosung/Library/CloudStorage/OneDrive-SharedLibraries-ThePennsylvaniaStateUniversity/AI Adoption Meta Analysis - Documents/Meta/AI Adoption/PDFs/S004.pdf,candidate_only_not_analytic_input_until_human_confirmed
possible_densification_source_review_candidate,ai_candidate_only_missing_pair_no_value_added,human_check_source_table_for_missing_pair_value,S004,FC-SE,FC,SE,21,24,485.0,,FC;facilitating;facilitating conditions;resources;support,SE;computer self-efficacy;efficacy;self-efficacy,correlation;correlations;fornell;larcker;latent;matrix;table,S004,true,S004_source_packet_20260609.txt,true,S004,ok,/Users/newhosung/Library/CloudStorage/OneDrive-SharedLibraries-ThePennsylvaniaStateUniversity/AI Adoption Meta Analysis - Documents/Meta/AI Adoption/PDFs/S004.pdf,candidate_only_not_analytic_input_until_human_confirmed
possible_densification_source_review_candidate,ai_candidate_only_missing_pair_no_value_added,human_check_source_table_for_missing_pair_value,S004,PE-SE,PE,SE,21,24,485.0,,PE;perceived usefulness;performance expectancy;useful;usefulness,SE;computer self-efficacy;efficacy;self-efficacy,correlation;correlations;fornell;larcker;latent;matrix;table,S004,true,S004_source_packet_20260609.txt,true,S004,ok,/Users/newhosung/Library/CloudStorage/OneDrive-SharedLibraries-ThePennsylvaniaStateUniversity/AI Adoption Meta Analysis - Documents/Meta/AI Adoption/PDFs/S004.pdf,candidate_only_not_analytic_input_until_human_confirmed
possible_densification_source_review_candidate,ai_candidate_only_missing_pair_no_value_added,human_check_source_table_for_missing_pair_value,S004,SE-SI,SE,SI,21,24,485.0,,SE;computer self-efficacy;efficacy;self-efficacy,SI;social influence,correlation;correlations;fornell;larcker;latent;matrix;table,S004,true,S004_source_packet_20260609.txt,true,S004,ok,/Users/newhosung/Library/CloudStorage/OneDrive-SharedLibraries-ThePennsylvaniaStateUniversity/AI Adoption Meta Analysis - Documents/Meta/AI Adoption/PDFs/S004.pdf,candidate_only_not_analytic_input_until_human_confirmed
possible_densification_source_review_candidate,ai_candidate_only_missing_pair_no_value_added,human_check_source_table_for_missing_pair_value,S004,SE-TRU,SE,TRU,21,24,485.0,,SE;computer self-efficacy;efficacy;self-efficacy,TRU;trust;trustworthiness,correlation;correlations;fornell;larcker;latent;matrix;table,S004,true,S004_source_packet_20260609.txt,true,S004,ok,/Users/newhosung/Library/CloudStorage/OneDrive-SharedLibraries-ThePennsylvaniaStateUniversity/AI Adoption Meta Analysis - Documents/Meta/AI Adoption/PDFs/S004.pdf,candidate_only_not_analytic_input_until_human_confirmed
possible_densification_source_review_candidate,ai_candidate_only_missing_pair_no_value_added,human_check_source_table_for_missing_pair_value,S004,SE-UB,SE,UB,21,24,485.0,,SE;computer self-efficacy;efficacy;self-efficacy,UB;actual use;usage behavior;use;use behavior,correlation;correlations;fornell;larcker;latent;matrix;table,S004,true,S004_source_packet_20260609.txt,true,S004,ok,/Users/newhosung/Library/CloudStorage/OneDrive-SharedLibraries-ThePennsylvaniaStateUniversity/AI Adoption Meta Analysis - Documents/Meta/AI Adoption/PDFs/S004.pdf,candidate_only_not_analytic_input_until_human_confirmed
likely_not_densifiable_one_construct_not_visible,ai_candidate_only_missing_pair_no_value_added,human_verify_construct_absence_before_excluding_pair,S016,ANX-SI,ANX,SI,21,24,382.0,,AI anxiety;ANX;anxiety;fear,,correlation;fornell;larcker;latent;pearson;table,S016,true,S016_source_packet_20260609.txt,true,S016,ok,/Users/newhosung/Library/CloudStorage/OneDrive-SharedLibraries-ThePennsylvaniaStateUniversity/AI Adoption Meta Analysis - Documents/Meta/AI Adoption/PDFs/S016.pdf,candidate_only_not_analytic_input_until_human_confirmed
possible_densification_source_review_candidate,ai_candidate_only_missing_pair_no_value_added,human_check_source_table_for_missing_pair_value,S016,ANX-TRU,ANX,TRU,21,24,382.0,,AI anxiety;ANX;anxiety;fear,trust,correlation;fornell;larcker;latent;pearson;table,S016,true,S016_source_packet_20260609.txt,true,S016,ok,/Users/newhosung/Library/CloudStorage/OneDrive-SharedLibraries-ThePennsylvaniaStateUniversity/AI Adoption Meta Analysis - Documents/Meta/AI Adoption/PDFs/S016.pdf,candidate_only_not_analytic_input_until_human_confirmed
possible_densification_source_review_candidate,ai_candidate_only_missing_pair_no_value_added,human_check_source_table_for_missing_pair_value,S016,ANX-UB,ANX,UB,21,24,382.0,,AI anxiety;ANX;anxiety;fear,use,correlation;fornell;larcker;latent;pearson;table,S016,true,S016_source_packet_20260609.txt,true,S016,ok,/Users/newhosung/Library/CloudStorage/OneDrive-SharedLibraries-ThePennsylvaniaStateUniversity/AI Adoption Meta Analysis - Documents/Meta/AI Adoption/PDFs/S016.pdf,candidate_only_not_analytic_input_until_human_confirmed
likely_not_densifiable_one_construct_not_visible,ai_candidate_only_missing_pair_no_value_added,human_verify_construct_absence_before_excluding_pair,S016,ATT-SI,ATT,SI,21,24,382.0,,ATT;attitude;attitudes,,correlation;fornell;larcker;latent;pearson;table,S016,true,S016_source_packet_20260609.txt,true,S016,ok,/Users/newhosung/Library/CloudStorage/OneDrive-SharedLibraries-ThePennsylvaniaStateUniversity/AI Adoption Meta Analysis - Documents/Meta/AI Adoption/PDFs/S016.pdf,candidate_only_not_analytic_input_until_human_confirmed
possible_densification_source_review_candidate,ai_candidate_only_missing_pair_no_value_added,human_check_source_table_for_missing_pair_value,S016,ATT-TRU,ATT,TRU,21,24,382.0,,ATT;attitude;attitudes,trust,correlation;fornell;larcker;latent;pearson;table,S016,true,S016_source_packet_20260609.txt,true,S016,ok,/Users/newhosung/Library/CloudStorage/OneDrive-SharedLibraries-ThePennsylvaniaStateUniversity/AI Adoption Meta Analysis - Documents/Meta/AI Adoption/PDFs/S016.pdf,candidate_only_not_analytic_input_until_human_confirmed
possible_densification_source_review_candidate,ai_candidate_only_missing_pair_no_value_added,human_check_source_table_for_missing_pair_value,S016,ATT-UB,ATT,UB,21,24,382.0,,ATT;attitude;attitudes,use,correlation;fornell;larcker;latent;pearson;table,S016,true,S016_source_packet_20260609.txt,true,S016,ok,/Users/newhosung/Library/CloudStorage/OneDrive-SharedLibraries-ThePennsylvaniaStateUniversity/AI Adoption Meta Analysis - Documents/Meta/AI Adoption/PDFs/S016.pdf,candidate_only_not_analytic_input_until_human_confirmed
likely_not_densifiable_one_construct_not_visible,ai_candidate_only_missing_pair_no_value_added,human_verify_construct_absence_before_excluding_pair,S016,BI-SI,BI,SI,21,24,382.0,,BI;behavioral intention;continuance intention;intention to use;usage intention,,correlation;fornell;larcker;latent;pearson;table,S016,true,S016_source_packet_20260609.txt,true,S016,ok,/Users/newhosung/Library/CloudStorage/OneDrive-SharedLibraries-ThePennsylvaniaStateUniversity/AI Adoption Meta Analysis - Documents/Meta/AI Adoption/PDFs/S016.pdf,candidate_only_not_analytic_input_until_human_confirmed
possible_densification_source_review_candidate,ai_candidate_only_missing_pair_no_value_added,human_check_source_table_for_missing_pair_value,S016,BI-TRU,BI,TRU,21,24,382.0,,BI;behavioral intention;continuance intention;intention to use;usage intention,trust,correlation;fornell;larcker;latent;pearson;table,S016,true,S016_source_packet_20260609.txt,true,S016,ok,/Users/newhosung/Library/CloudStorage/OneDrive-SharedLibraries-ThePennsylvaniaStateUniversity/AI Adoption Meta Analysis - Documents/Meta/AI Adoption/PDFs/S016.pdf,candidate_only_not_analytic_input_until_human_confirmed
possible_densification_source_review_candidate,ai_candidate_only_missing_pair_no_value_added,human_check_source_table_for_missing_pair_value,S016,BI-UB,BI,UB,21,24,382.0,,BI;behavioral intention;continuance intention;intention to use;usage intention,use,correlation;fornell;larcker;latent;pearson;table,S016,true,S016_source_packet_20260609.txt,true,S016,ok,/Users/newhosung/Library/CloudStorage/OneDrive-SharedLibraries-ThePennsylvaniaStateUniversity/AI Adoption Meta Analysis - Documents/Meta/AI Adoption/PDFs/S016.pdf,candidate_only_not_analytic_input_until_human_confirmed
likely_not_densifiable_one_construct_not_visible,ai_candidate_only_missing_pair_no_value_added,human_verify_construct_absence_before_excluding_pair,S016,EE-SI,EE,SI,21,24,382.0,,EE;PEOU;ease of use;effort expectancy;perceived ease of use,,correlation;fornell;larcker;latent;pearson;table,S016,true,S016_source_packet_20260609.txt,true,S016,ok,/Users/newhosung/Library/CloudStorage/OneDrive-SharedLibraries-ThePennsylvaniaStateUniversity/AI Adoption Meta Analysis - Documents/Meta/AI Adoption/PDFs/S016.pdf,candidate_only_not_analytic_input_until_human_confirmed
possible_densification_source_review_candidate,ai_candidate_only_missing_pair_no_value_added,human_check_source_table_for_missing_pair_value,S016,EE-TRU,EE,TRU,21,24,382.0,,EE;PEOU;ease of use;effort expectancy;perceived ease of use,trust,correlation;fornell;larcker;latent;pearson;table,S016,true,S016_source_packet_20260609.txt,true,S016,ok,/Users/newhosung/Library/CloudStorage/OneDrive-SharedLibraries-ThePennsylvaniaStateUniversity/AI Adoption Meta Analysis - Documents/Meta/AI Adoption/PDFs/S016.pdf,candidate_only_not_analytic_input_until_human_confirmed
possible_densification_source_review_candidate,ai_candidate_only_missing_pair_no_value_added,human_check_source_table_for_missing_pair_value,S016,EE-UB,EE,UB,21,24,382.0,,EE;PEOU;ease of use;effort expectancy;perceived ease of use,use,correlation;fornell;larcker;latent;pearson;table,S016,true,S016_source_packet_20260609.txt,true,S016,ok,/Users/newhosung/Library/CloudStorage/OneDrive-SharedLibraries-ThePennsylvaniaStateUniversity/AI Adoption Meta Analysis - Documents/Meta/AI Adoption/PDFs/S016.pdf,candidate_only_not_analytic_input_until_human_confirmed
likely_not_densifiable_one_construct_not_visible,ai_candidate_only_missing_pair_no_value_added,human_verify_construct_absence_before_excluding_pair,S016,FC-SI,FC,SI,21,24,382.0,,FC;facilitating;resources;support,,correlation;fornell;larcker;latent;pearson;table,S016,true,S016_source_packet_20260609.txt,true,S016,ok,/Users/newhosung/Library/CloudStorage/OneDrive-SharedLibraries-ThePennsylvaniaStateUniversity/AI Adoption Meta Analysis - Documents/Meta/AI Adoption/PDFs/S016.pdf,candidate_only_not_analytic_input_until_human_confirmed
possible_densification_source_review_candidate,ai_candidate_only_missing_pair_no_value_added,human_check_source_table_for_missing_pair_value,S016,FC-TRU,FC,TRU,21,24,382.0,,FC;facilitating;resources;support,trust,correlation;fornell;larcker;latent;pearson;table,S016,true,S016_source_packet_20260609.txt,true,S016,ok,/Users/newhosung/Library/CloudStorage/OneDrive-SharedLibraries-ThePennsylvaniaStateUniversity/AI Adoption Meta Analysis - Documents/Meta/AI Adoption/PDFs/S016.pdf,candidate_only_not_analytic_input_until_human_confirmed
possible_densification_source_review_candidate,ai_candidate_only_missing_pair_no_value_added,human_check_source_table_for_missing_pair_value,S016,FC-UB,FC,UB,21,24,382.0,,FC;facilitating;resources;support,use,correlation;fornell;larcker;latent;pearson;table,S016,true,S016_source_packet_20260609.txt,true,S016,ok,/Users/newhosung/Library/CloudStorage/OneDrive-SharedLibraries-ThePennsylvaniaStateUniversity/AI Adoption Meta Analysis - Documents/Meta/AI Adoption/PDFs/S016.pdf,candidate_only_not_analytic_input_until_human_confirmed
likely_not_densifiable_one_construct_not_visible,ai_candidate_only_missing_pair_no_value_added,human_verify_construct_absence_before_excluding_pair,S016,PE-SI,PE,SI,21,24,382.0,,PE;PU;perceived usefulness;performance expectancy;useful;usefulness,,correlation;fornell;larcker;latent;pearson;table,S016,true,S016_source_packet_20260609.txt,true,S016,ok,/Users/newhosung/Library/CloudStorage/OneDrive-SharedLibraries-ThePennsylvaniaStateUniversity/AI Adoption Meta Analysis - Documents/Meta/AI Adoption/PDFs/S016.pdf,candidate_only_not_analytic_input_until_human_confirmed
possible_densification_source_review_candidate,ai_candidate_only_missing_pair_no_value_added,human_check_source_table_for_missing_pair_value,S016,PE-TRU,PE,TRU,21,24,382.0,,PE;PU;perceived usefulness;performance expectancy;useful;usefulness,trust,correlation;fornell;larcker;latent;pearson;table,S016,true,S016_source_packet_20260609.txt,true,S016,ok,/Users/newhosung/Library/CloudStorage/OneDrive-SharedLibraries-ThePennsylvaniaStateUniversity/AI Adoption Meta Analysis - Documents/Meta/AI Adoption/PDFs/S016.pdf,candidate_only_not_analytic_input_until_human_confirmed
possible_densification_source_review_candidate,ai_candidate_only_missing_pair_no_value_added,human_check_source_table_for_missing_pair_value,S016,PE-UB,PE,UB,21,24,382.0,,PE;PU;perceived usefulness;performance expectancy;useful;usefulness,use,correlation;fornell;larcker;latent;pearson;table,S016,true,S016_source_packet_20260609.txt,true,S016,ok,/Users/newhosung/Library/CloudStorage/OneDrive-SharedLibraries-ThePennsylvaniaStateUniversity/AI Adoption Meta Analysis - Documents/Meta/AI Adoption/PDFs/S016.pdf,candidate_only_not_analytic_input_until_human_confirmed
likely_not_densifiable_one_construct_not_visible,ai_candidate_only_missing_pair_no_value_added,human_verify_construct_absence_before_excluding_pair,S016,SE-SI,SE,SI,21,24,382.0,,SE;computer self-efficacy;efficacy;self-efficacy,,correlation;fornell;larcker;latent;pearson;table,S016,true,S016_source_packet_20260609.txt,true,S016,ok,/Users/newhosung/Library/CloudStorage/OneDrive-SharedLibraries-ThePennsylvaniaStateUniversity/AI Adoption Meta Analysis - Documents/Meta/AI Adoption/PDFs/S016.pdf,candidate_only_not_analytic_input_until_human_confirmed
possible_densification_source_review_candidate,ai_candidate_only_missing_pair_no_value_added,human_check_source_table_for_missing_pair_value,S016,SE-TRU,SE,TRU,21,24,382.0,,SE;computer self-efficacy;efficacy;self-efficacy,trust,correlation;fornell;larcker;latent;pearson;table,S016,true,S016_source_packet_20260609.txt,true,S016,ok,/Users/newhosung/Library/CloudStorage/OneDrive-SharedLibraries-ThePennsylvaniaStateUniversity/AI Adoption Meta Analysis - Documents/Meta/AI Adoption/PDFs/S016.pdf,candidate_only_not_analytic_input_until_human_confirmed
possible_densification_source_review_candidate,ai_candidate_only_missing_pair_no_value_added,human_check_source_table_for_missing_pair_value,S016,SE-UB,SE,UB,21,24,382.0,,SE;computer self-efficacy;efficacy;self-efficacy,use,correlation;fornell;larcker;latent;pearson;table,S016,true,S016_source_packet_20260609.txt,true,S016,ok,/Users/newhosung/Library/CloudStorage/OneDrive-SharedLibraries-ThePennsylvaniaStateUniversity/AI Adoption Meta Analysis - Documents/Meta/AI Adoption/PDFs/S016.pdf,candidate_only_not_analytic_input_until_human_confirmed
likely_not_densifiable_one_construct_not_visible,ai_candidate_only_missing_pair_no_value_added,human_verify_construct_absence_before_excluding_pair,S016,SI-TRU,SI,TRU,21,24,382.0,,,trust,correlation;fornell;larcker;latent;pearson;table,S016,true,S016_source_packet_20260609.txt,true,S016,ok,/Users/newhosung/Library/CloudStorage/OneDrive-SharedLibraries-ThePennsylvaniaStateUniversity/AI Adoption Meta Analysis - Documents/Meta/AI Adoption/PDFs/S016.pdf,candidate_only_not_analytic_input_until_human_confirmed
likely_not_densifiable_one_construct_not_visible,ai_candidate_only_missing_pair_no_value_added,human_verify_construct_absence_before_excluding_pair,S016,SI-UB,SI,UB,21,24,382.0,,,use,correlation;fornell;larcker;latent;pearson;table,S016,true,S016_source_packet_20260609.txt,true,S016,ok,/Users/newhosung/Library/CloudStorage/OneDrive-SharedLibraries-ThePennsylvaniaStateUniversity/AI Adoption Meta Analysis - Documents/Meta/AI Adoption/PDFs/S016.pdf,candidate_only_not_analytic_input_until_human_confirmed
possible_densification_source_review_candidate,ai_candidate_only_missing_pair_no_value_added,human_check_source_table_for_missing_pair_value,S016,TRU-UB,TRU,UB,21,24,382.0,,trust,use,correlation;fornell;larcker;latent;pearson;table,S016,true,S016_source_packet_20260609.txt,true,S016,ok,/Users/newhosung/Library/CloudStorage/OneDrive-SharedLibraries-ThePennsylvaniaStateUniversity/AI Adoption Meta Analysis - Documents/Meta/AI Adoption/PDFs/S016.pdf,candidate_only_not_analytic_input_until_human_confirmed
likely_not_densifiable_one_construct_not_visible,ai_candidate_only_missing_pair_no_value_added,human_verify_construct_absence_before_excluding_pair,S025,ANX-ATT,ANX,ATT,21,24,361.0,,,attitude;attitudes,correlation;correlations;fornell;inter-construct;larcker;latent;table,S025,true,S025_source_packet_20260609.txt,true,S025,ok,/Users/newhosung/Library/CloudStorage/OneDrive-SharedLibraries-ThePennsylvaniaStateUniversity/AI Adoption Meta Analysis - Documents/Meta/AI Adoption/PDFs/S025.pdf,candidate_only_not_analytic_input_until_human_confirmed
likely_not_densifiable_one_construct_not_visible,ai_candidate_only_missing_pair_no_value_added,human_verify_construct_absence_before_excluding_pair,S025,ANX-BI,ANX,BI,21,24,361.0,,,BI;intention to use,correlation;correlations;fornell;inter-construct;larcker;latent;table,S025,true,S025_source_packet_20260609.txt,true,S025,ok,/Users/newhosung/Library/CloudStorage/OneDrive-SharedLibraries-ThePennsylvaniaStateUniversity/AI Adoption Meta Analysis - Documents/Meta/AI Adoption/PDFs/S025.pdf,candidate_only_not_analytic_input_until_human_confirmed
likely_not_densifiable_one_construct_not_visible,ai_candidate_only_missing_pair_no_value_added,human_verify_construct_absence_before_excluding_pair,S025,ANX-EE,ANX,EE,21,24,361.0,,,EE;ease of use;effort expectancy;perceived ease of use,correlation;correlations;fornell;inter-construct;larcker;latent;table,S025,true,S025_source_packet_20260609.txt,true,S025,ok,/Users/newhosung/Library/CloudStorage/OneDrive-SharedLibraries-ThePennsylvaniaStateUniversity/AI Adoption Meta Analysis - Documents/Meta/AI Adoption/PDFs/S025.pdf,candidate_only_not_analytic_input_until_human_confirmed
likely_not_densifiable_one_construct_not_visible,ai_candidate_only_missing_pair_no_value_added,human_verify_construct_absence_before_excluding_pair,S025,ANX-FC,ANX,FC,21,24,361.0,,,FC;facilitating;resources;support,correlation;correlations;fornell;inter-construct;larcker;latent;table,S025,true,S025_source_packet_20260609.txt,true,S025,ok,/Users/newhosung/Library/CloudStorage/OneDrive-SharedLibraries-ThePennsylvaniaStateUniversity/AI Adoption Meta Analysis - Documents/Meta/AI Adoption/PDFs/S025.pdf,candidate_only_not_analytic_input_until_human_confirmed
likely_not_densifiable_one_construct_not_visible,ai_candidate_only_missing_pair_no_value_added,human_verify_construct_absence_before_excluding_pair,S025,ANX-PE,ANX,PE,21,24,361.0,,,PE;perceived usefulness;performance expectancy;usefulness,correlation;correlations;fornell;inter-construct;larcker;latent;table,S025,true,S025_source_packet_20260609.txt,true,S025,ok,/Users/newhosung/Library/CloudStorage/OneDrive-SharedLibraries-ThePennsylvaniaStateUniversity/AI Adoption Meta Analysis - Documents/Meta/AI Adoption/PDFs/S025.pdf,candidate_only_not_analytic_input_until_human_confirmed
likely_not_densifiable_one_construct_not_visible,ai_candidate_only_missing_pair_no_value_added,human_verify_construct_absence_before_excluding_pair,S025,ANX-SE,ANX,SE,21,24,361.0,,,SE;efficacy;self-efficacy,correlation;correlations;fornell;inter-construct;larcker;latent;table,S025,true,S025_source_packet_20260609.txt,true,S025,ok,/Users/newhosung/Library/CloudStorage/OneDrive-SharedLibraries-ThePennsylvaniaStateUniversity/AI Adoption Meta Analysis - Documents/Meta/AI Adoption/PDFs/S025.pdf,candidate_only_not_analytic_input_until_human_confirmed
likely_not_densifiable_one_construct_not_visible,ai_candidate_only_missing_pair_no_value_added,human_verify_construct_absence_before_excluding_pair,S025,ANX-SI,ANX,SI,21,24,361.0,,,SI;social influence,correlation;correlations;fornell;inter-construct;larcker;latent;table,S025,true,S025_source_packet_20260609.txt,true,S025,ok,/Users/newhosung/Library/CloudStorage/OneDrive-SharedLibraries-ThePennsylvaniaStateUniversity/AI Adoption Meta Analysis - Documents/Meta/AI Adoption/PDFs/S025.pdf,candidate_only_not_analytic_input_until_human_confirmed
likely_not_densifiable_one_construct_not_visible,ai_candidate_only_missing_pair_no_value_added,human_verify_construct_absence_before_excluding_pair,S025,ANX-TRU,ANX,TRU,21,24,361.0,,,trust,correlation;correlations;fornell;inter-construct;larcker;latent;table,S025,true,S025_source_packet_20260609.txt,true,S025,ok,/Users/newhosung/Library/CloudStorage/OneDrive-SharedLibraries-ThePennsylvaniaStateUniversity/AI Adoption Meta Analysis - Documents/Meta/AI Adoption/PDFs/S025.pdf,candidate_only_not_analytic_input_until_human_confirmed
likely_not_densifiable_one_construct_not_visible,ai_candidate_only_missing_pair_no_value_added,human_verify_construct_absence_before_excluding_pair,S025,ANX-UB,ANX,UB,21,24,361.0,,,UB;actual use;use,correlation;correlations;fornell;inter-construct;larcker;latent;table,S025,true,S025_source_packet_20260609.txt,true,S025,ok,/Users/newhosung/Library/CloudStorage/OneDrive-SharedLibraries-ThePennsylvaniaStateUniversity/AI Adoption Meta Analysis - Documents/Meta/AI Adoption/PDFs/S025.pdf,candidate_only_not_analytic_input_until_human_confirmed
possible_densification_source_review_candidate,ai_candidate_only_missing_pair_no_value_added,human_check_source_table_for_missing_pair_value,S025,ATT-BI,ATT,BI,21,24,361.0,,attitude;attitudes,BI;intention to use,correlation;correlations;fornell;inter-construct;larcker;latent;table,S025,true,S025_source_packet_20260609.txt,true,S025,ok,/Users/newhosung/Library/CloudStorage/OneDrive-SharedLibraries-ThePennsylvaniaStateUniversity/AI Adoption Meta Analysis - Documents/Meta/AI Adoption/PDFs/S025.pdf,candidate_only_not_analytic_input_until_human_confirmed
possible_densification_source_review_candidate,ai_candidate_only_missing_pair_no_value_added,human_check_source_table_for_missing_pair_value,S025,ATT-EE,ATT,EE,21,24,361.0,,attitude;attitudes,EE;ease of use;effort expectancy;perceived ease of use,correlation;correlations;fornell;inter-construct;larcker;latent;table,S025,true,S025_source_packet_20260609.txt,true,S025,ok,/Users/newhosung/Library/CloudStorage/OneDrive-SharedLibraries-ThePennsylvaniaStateUniversity/AI Adoption Meta Analysis - Documents/Meta/AI Adoption/PDFs/S025.pdf,candidate_only_not_analytic_input_until_human_confirmed
possible_densification_source_review_candidate,ai_candidate_only_missing_pair_no_value_added,human_check_source_table_for_missing_pair_value,S025,ATT-FC,ATT,FC,21,24,361.0,,attitude;attitudes,FC;facilitating;resources;support,correlation;correlations;fornell;inter-construct;larcker;latent;table,S025,true,S025_source_packet_20260609.txt,true,S025,ok,/Users/newhosung/Library/CloudStorage/OneDrive-SharedLibraries-ThePennsylvaniaStateUniversity/AI Adoption Meta Analysis - Documents/Meta/AI Adoption/PDFs/S025.pdf,candidate_only_not_analytic_input_until_human_confirmed
possible_densification_source_review_candidate,ai_candidate_only_missing_pair_no_value_added,human_check_source_table_for_missing_pair_value,S025,ATT-PE,ATT,PE,21,24,361.0,,attitude;attitudes,PE;perceived usefulness;performance expectancy;usefulness,correlation;correlations;fornell;inter-construct;larcker;latent;table,S025,true,S025_source_packet_20260609.txt,true,S025,ok,/Users/newhosung/Library/CloudStorage/OneDrive-SharedLibraries-ThePennsylvaniaStateUniversity/AI Adoption Meta Analysis - Documents/Meta/AI Adoption/PDFs/S025.pdf,candidate_only_not_analytic_input_until_human_confirmed
possible_densification_source_review_candidate,ai_candidate_only_missing_pair_no_value_added,human_check_source_table_for_missing_pair_value,S025,ATT-SE,ATT,SE,21,24,361.0,,attitude;attitudes,SE;efficacy;self-efficacy,correlation;correlations;fornell;inter-construct;larcker;latent;table,S025,true,S025_source_packet_20260609.txt,true,S025,ok,/Users/newhosung/Library/CloudStorage/OneDrive-SharedLibraries-ThePennsylvaniaStateUniversity/AI Adoption Meta Analysis - Documents/Meta/AI Adoption/PDFs/S025.pdf,candidate_only_not_analytic_input_until_human_confirmed
possible_densification_source_review_candidate,ai_candidate_only_missing_pair_no_value_added,human_check_source_table_for_missing_pair_value,S025,ATT-SI,ATT,SI,21,24,361.0,,attitude;attitudes,SI;social influence,correlation;correlations;fornell;inter-construct;larcker;latent;table,S025,true,S025_source_packet_20260609.txt,true,S025,ok,/Users/newhosung/Library/CloudStorage/OneDrive-SharedLibraries-ThePennsylvaniaStateUniversity/AI Adoption Meta Analysis - Documents/Meta/AI Adoption/PDFs/S025.pdf,candidate_only_not_analytic_input_until_human_confirmed
possible_densification_source_review_candidate,ai_candidate_only_missing_pair_no_value_added,human_check_source_table_for_missing_pair_value,S025,ATT-TRU,ATT,TRU,21,24,361.0,,attitude;attitudes,trust,correlation;correlations;fornell;inter-construct;larcker;latent;table,S025,true,S025_source_packet_20260609.txt,true,S025,ok,/Users/newhosung/Library/CloudStorage/OneDrive-SharedLibraries-ThePennsylvaniaStateUniversity/AI Adoption Meta Analysis - Documents/Meta/AI Adoption/PDFs/S025.pdf,candidate_only_not_analytic_input_until_human_confirmed
possible_densification_source_review_candidate,ai_candidate_only_missing_pair_no_value_added,human_check_source_table_for_missing_pair_value,S025,ATT-UB,ATT,UB,21,24,361.0,,attitude;attitudes,UB;actual use;use,correlation;correlations;fornell;inter-construct;larcker;latent;table,S025,true,S025_source_packet_20260609.txt,true,S025,ok,/Users/newhosung/Library/CloudStorage/OneDrive-SharedLibraries-ThePennsylvaniaStateUniversity/AI Adoption Meta Analysis - Documents/Meta/AI Adoption/PDFs/S025.pdf,candidate_only_not_analytic_input_until_human_confirmed
possible_densification_source_review_candidate,ai_candidate_only_missing_pair_no_value_added,human_check_source_table_for_missing_pair_value,S025,BI-TRU,BI,TRU,21,24,361.0,,BI;intention to use,trust,correlation;correlations;fornell;inter-construct;larcker;latent;table,S025,true,S025_source_packet_20260609.txt,true,S025,ok,/Users/newhosung/Library/CloudStorage/OneDrive-SharedLibraries-ThePennsylvaniaStateUniversity/AI Adoption Meta Analysis - Documents/Meta/AI Adoption/PDFs/S025.pdf,candidate_only_not_analytic_input_until_human_confirmed
possible_densification_source_review_candidate,ai_candidate_only_missing_pair_no_value_added,human_check_source_table_for_missing_pair_value,S025,EE-TRU,EE,TRU,21,24,361.0,,EE;ease of use;effort expectancy;perceived ease of use,trust,correlation;correlations;fornell;inter-construct;larcker;latent;table,S025,true,S025_source_packet_20260609.txt,true,S025,ok,/Users/newhosung/Library/CloudStorage/OneDrive-SharedLibraries-ThePennsylvaniaStateUniversity/AI Adoption Meta Analysis - Documents/Meta/AI Adoption/PDFs/S025.pdf,candidate_only_not_analytic_input_until_human_confirmed
possible_densification_source_review_candidate,ai_candidate_only_missing_pair_no_value_added,human_check_source_table_for_missing_pair_value,S025,FC-TRU,FC,TRU,21,24,361.0,,FC;facilitating;resources;support,trust,correlation;correlations;fornell;inter-construct;larcker;latent;table,S025,true,S025_source_packet_20260609.txt,true,S025,ok,/Users/newhosung/Library/CloudStorage/OneDrive-SharedLibraries-ThePennsylvaniaStateUniversity/AI Adoption Meta Analysis - Documents/Meta/AI Adoption/PDFs/S025.pdf,candidate_only_not_analytic_input_until_human_confirmed
possible_densification_source_review_candidate,ai_candidate_only_missing_pair_no_value_added,human_check_source_table_for_missing_pair_value,S025,PE-TRU,PE,TRU,21,24,361.0,,PE;perceived usefulness;performance expectancy;usefulness,trust,correlation;correlations;fornell;inter-construct;larcker;latent;table,S025,true,S025_source_packet_20260609.txt,true,S025,ok,/Users/newhosung/Library/CloudStorage/OneDrive-SharedLibraries-ThePennsylvaniaStateUniversity/AI Adoption Meta Analysis - Documents/Meta/AI Adoption/PDFs/S025.pdf,candidate_only_not_analytic_input_until_human_confirmed
possible_densification_source_review_candidate,ai_candidate_only_missing_pair_no_value_added,human_check_source_table_for_missing_pair_value,S025,SE-TRU,SE,TRU,21,24,361.0,,SE;efficacy;self-efficacy,trust,correlation;correlations;fornell;inter-construct;larcker;latent;table,S025,true,S025_source_packet_20260609.txt,true,S025,ok,/Users/newhosung/Library/CloudStorage/OneDrive-SharedLibraries-ThePennsylvaniaStateUniversity/AI Adoption Meta Analysis - Documents/Meta/AI Adoption/PDFs/S025.pdf,candidate_only_not_analytic_input_until_human_confirmed
possible_densification_source_review_candidate,ai_candidate_only_missing_pair_no_value_added,human_check_source_table_for_missing_pair_value,S025,SI-TRU,SI,TRU,21,24,361.0,,SI;social influence,trust,correlation;correlations;fornell;inter-construct;larcker;latent;table,S025,true,S025_source_packet_20260609.txt,true,S025,ok,/Users/newhosung/Library/CloudStorage/OneDrive-SharedLibraries-ThePennsylvaniaStateUniversity/AI Adoption Meta Analysis - Documents/Meta/AI Adoption/PDFs/S025.pdf,candidate_only_not_analytic_input_until_human_confirmed
possible_densification_source_review_candidate,ai_candidate_only_missing_pair_no_value_added,human_check_source_table_for_missing_pair_value,S025,TRU-UB,TRU,UB,21,24,361.0,,trust,UB;actual use;use,correlation;correlations;fornell;inter-construct;larcker;latent;table,S025,true,S025_source_packet_20260609.txt,true,S025,ok,/Users/newhosung/Library/CloudStorage/OneDrive-SharedLibraries-ThePennsylvaniaStateUniversity/AI Adoption Meta Analysis - Documents/Meta/AI Adoption/PDFs/S025.pdf,candidate_only_not_analytic_input_until_human_confirmed
possible_densification_source_review_candidate,ai_candidate_only_missing_pair_no_value_added,human_check_source_table_for_missing_pair_value,S030,ANX-ATT,ANX,ATT,21,24,226.0,,anxiety,ATT;attitude;attitude toward;attitudes,correlation;correlations;fornell;larcker;latent;matrix;table,S030,true,S030_source_packet_20260609.txt,true,S030,ok,/Users/newhosung/Library/CloudStorage/OneDrive-SharedLibraries-ThePennsylvaniaStateUniversity/AI Adoption Meta Analysis - Documents/Meta/AI Adoption/PDFs/S030.pdf,candidate_only_not_analytic_input_until_human_confirmed
possible_densification_source_review_candidate,ai_candidate_only_missing_pair_no_value_added,human_check_source_table_for_missing_pair_value,S030,ANX-BI,ANX,BI,21,24,226.0,,anxiety,BI;behavioral intention;intention to use;usage intention,correlation;correlations;fornell;larcker;latent;matrix;table,S030,true,S030_source_packet_20260609.txt,true,S030,ok,/Users/newhosung/Library/CloudStorage/OneDrive-SharedLibraries-ThePennsylvaniaStateUniversity/AI Adoption Meta Analysis - Documents/Meta/AI Adoption/PDFs/S030.pdf,candidate_only_not_analytic_input_until_human_confirmed
possible_densification_source_review_candidate,ai_candidate_only_missing_pair_no_value_added,human_check_source_table_for_missing_pair_value,S030,ANX-EE,ANX,EE,21,24,226.0,,anxiety,EE;PEOU;ease of use;easy to use;perceived ease of use,correlation;correlations;fornell;larcker;latent;matrix;table,S030,true,S030_source_packet_20260609.txt,true,S030,ok,/Users/newhosung/Library/CloudStorage/OneDrive-SharedLibraries-ThePennsylvaniaStateUniversity/AI Adoption Meta Analysis - Documents/Meta/AI Adoption/PDFs/S030.pdf,candidate_only_not_analytic_input_until_human_confirmed
possible_densification_source_review_candidate,ai_candidate_only_missing_pair_no_value_added,human_check_source_table_for_missing_pair_value,S030,ANX-FC,ANX,FC,21,24,226.0,,anxiety,FC;facilitating;resources;support,correlation;correlations;fornell;larcker;latent;matrix;table,S030,true,S030_source_packet_20260609.txt,true,S030,ok,/Users/newhosung/Library/CloudStorage/OneDrive-SharedLibraries-ThePennsylvaniaStateUniversity/AI Adoption Meta Analysis - Documents/Meta/AI Adoption/PDFs/S030.pdf,candidate_only_not_analytic_input_until_human_confirmed
possible_densification_source_review_candidate,ai_candidate_only_missing_pair_no_value_added,human_check_source_table_for_missing_pair_value,S030,ANX-PE,ANX,PE,21,24,226.0,,anxiety,PE;PU;perceived usefulness;useful;usefulness,correlation;correlations;fornell;larcker;latent;matrix;table,S030,true,S030_source_packet_20260609.txt,true,S030,ok,/Users/newhosung/Library/CloudStorage/OneDrive-SharedLibraries-ThePennsylvaniaStateUniversity/AI Adoption Meta Analysis - Documents/Meta/AI Adoption/PDFs/S030.pdf,candidate_only_not_analytic_input_until_human_confirmed
possible_densification_source_review_candidate,ai_candidate_only_missing_pair_no_value_added,human_check_source_table_for_missing_pair_value,S030,ANX-SE,ANX,SE,21,24,226.0,,anxiety,AI self-efficacy;SE;efficacy;self-efficacy,correlation;correlations;fornell;larcker;latent;matrix;table,S030,true,S030_source_packet_20260609.txt,true,S030,ok,/Users/newhosung/Library/CloudStorage/OneDrive-SharedLibraries-ThePennsylvaniaStateUniversity/AI Adoption Meta Analysis - Documents/Meta/AI Adoption/PDFs/S030.pdf,candidate_only_not_analytic_input_until_human_confirmed
possible_densification_source_review_candidate,ai_candidate_only_missing_pair_no_value_added,human_check_source_table_for_missing_pair_value,S030,ANX-SI,ANX,SI,21,24,226.0,,anxiety,SI;social influence;subjective norm,correlation;correlations;fornell;larcker;latent;matrix;table,S030,true,S030_source_packet_20260609.txt,true,S030,ok,/Users/newhosung/Library/CloudStorage/OneDrive-SharedLibraries-ThePennsylvaniaStateUniversity/AI Adoption Meta Analysis - Documents/Meta/AI Adoption/PDFs/S030.pdf,candidate_only_not_analytic_input_until_human_confirmed
possible_densification_source_review_candidate,ai_candidate_only_missing_pair_no_value_added,human_check_source_table_for_missing_pair_value,S030,ANX-TRU,ANX,TRU,21,24,226.0,,anxiety,TRU;trust;trustworthiness,correlation;correlations;fornell;larcker;latent;matrix;table,S030,true,S030_source_packet_20260609.txt,true,S030,ok,/Users/newhosung/Library/CloudStorage/OneDrive-SharedLibraries-ThePennsylvaniaStateUniversity/AI Adoption Meta Analysis - Documents/Meta/AI Adoption/PDFs/S030.pdf,candidate_only_not_analytic_input_until_human_confirmed
possible_densification_source_review_candidate,ai_candidate_only_missing_pair_no_value_added,human_check_source_table_for_missing_pair_value,S030,ANX-UB,ANX,UB,21,24,226.0,,anxiety,usage behavior;use,correlation;correlations;fornell;larcker;latent;matrix;table,S030,true,S030_source_packet_20260609.txt,true,S030,ok,/Users/newhosung/Library/CloudStorage/OneDrive-SharedLibraries-ThePennsylvaniaStateUniversity/AI Adoption Meta Analysis - Documents/Meta/AI Adoption/PDFs/S030.pdf,candidate_only_not_analytic_input_until_human_confirmed
possible_densification_source_review_candidate,ai_candidate_only_missing_pair_no_value_added,human_check_source_table_for_missing_pair_value,S030,ATT-SE,ATT,SE,21,24,226.0,,ATT;attitude;attitude toward;attitudes,AI self-efficacy;SE;efficacy;self-efficacy,correlation;correlations;fornell;larcker;latent;matrix;table,S030,true,S030_source_packet_20260609.txt,true,S030,ok,/Users/newhosung/Library/CloudStorage/OneDrive-SharedLibraries-ThePennsylvaniaStateUniversity/AI Adoption Meta Analysis - Documents/Meta/AI Adoption/PDFs/S030.pdf,candidate_only_not_analytic_input_until_human_confirmed
possible_densification_source_review_candidate,ai_candidate_only_missing_pair_no_value_added,human_check_source_table_for_missing_pair_value,S030,ATT-UB,ATT,UB,21,24,226.0,,ATT;attitude;attitude toward;attitudes,usage behavior;use,correlation;correlations;fornell;larcker;latent;matrix;table,S030,true,S030_source_packet_20260609.txt,true,S030,ok,/Users/newhosung/Library/CloudStorage/OneDrive-SharedLibraries-ThePennsylvaniaStateUniversity/AI Adoption Meta Analysis - Documents/Meta/AI Adoption/PDFs/S030.pdf,candidate_only_not_analytic_input_until_human_confirmed
possible_densification_source_review_candidate,ai_candidate_only_missing_pair_no_value_added,human_check_source_table_for_missing_pair_value,S030,BI-SE,BI,SE,21,24,226.0,,BI;behavioral intention;intention to use;usage intention,AI self-efficacy;SE;efficacy;self-efficacy,correlation;correlations;fornell;larcker;latent;matrix;table,S030,true,S030_source_packet_20260609.txt,true,S030,ok,/Users/newhosung/Library/CloudStorage/OneDrive-SharedLibraries-ThePennsylvaniaStateUniversity/AI Adoption Meta Analysis - Documents/Meta/AI Adoption/PDFs/S030.pdf,candidate_only_not_analytic_input_until_human_confirmed
possible_densification_source_review_candidate,ai_candidate_only_missing_pair_no_value_added,human_check_source_table_for_missing_pair_value,S030,BI-UB,BI,UB,21,24,226.0,,BI;behavioral intention;intention to use;usage intention,usage behavior;use,correlation;correlations;fornell;larcker;latent;matrix;table,S030,true,S030_source_packet_20260609.txt,true,S030,ok,/Users/newhosung/Library/CloudStorage/OneDrive-SharedLibraries-ThePennsylvaniaStateUniversity/AI Adoption Meta Analysis - Documents/Meta/AI Adoption/PDFs/S030.pdf,candidate_only_not_analytic_input_until_human_confirmed
possible_densification_source_review_candidate,ai_candidate_only_missing_pair_no_value_added,human_check_source_table_for_missing_pair_value,S030,EE-SE,EE,SE,21,24,226.0,,EE;PEOU;ease of use;easy to use;perceived ease of use,AI self-efficacy;SE;efficacy;self-efficacy,correlation;correlations;fornell;larcker;latent;matrix;table,S030,true,S030_source_packet_20260609.txt,true,S030,ok,/Users/newhosung/Library/CloudStorage/OneDrive-SharedLibraries-ThePennsylvaniaStateUniversity/AI Adoption Meta Analysis - Documents/Meta/AI Adoption/PDFs/S030.pdf,candidate_only_not_analytic_input_until_human_confirmed
possible_densification_source_review_candidate,ai_candidate_only_missing_pair_no_value_added,human_check_source_table_for_missing_pair_value,S030,EE-UB,EE,UB,21,24,226.0,,EE;PEOU;ease of use;easy to use;perceived ease of use,usage behavior;use,correlation;correlations;fornell;larcker;latent;matrix;table,S030,true,S030_source_packet_20260609.txt,true,S030,ok,/Users/newhosung/Library/CloudStorage/OneDrive-SharedLibraries-ThePennsylvaniaStateUniversity/AI Adoption Meta Analysis - Documents/Meta/AI Adoption/PDFs/S030.pdf,candidate_only_not_analytic_input_until_human_confirmed
possible_densification_source_review_candidate,ai_candidate_only_missing_pair_no_value_added,human_check_source_table_for_missing_pair_value,S030,FC-SE,FC,SE,21,24,226.0,,FC;facilitating;resources;support,AI self-efficacy;SE;efficacy;self-efficacy,correlation;correlations;fornell;larcker;latent;matrix;table,S030,true,S030_source_packet_20260609.txt,true,S030,ok,/Users/newhosung/Library/CloudStorage/OneDrive-SharedLibraries-ThePennsylvaniaStateUniversity/AI Adoption Meta Analysis - Documents/Meta/AI Adoption/PDFs/S030.pdf,candidate_only_not_analytic_input_until_human_confirmed
possible_densification_source_review_candidate,ai_candidate_only_missing_pair_no_value_added,human_check_source_table_for_missing_pair_value,S030,FC-UB,FC,UB,21,24,226.0,,FC;facilitating;resources;support,usage behavior;use,correlation;correlations;fornell;larcker;latent;matrix;table,S030,true,S030_source_packet_20260609.txt,true,S030,ok,/Users/newhosung/Library/CloudStorage/OneDrive-SharedLibraries-ThePennsylvaniaStateUniversity/AI Adoption Meta Analysis - Documents/Meta/AI Adoption/PDFs/S030.pdf,candidate_only_not_analytic_input_until_human_confirmed
possible_densification_source_review_candidate,ai_candidate_only_missing_pair_no_value_added,human_check_source_table_for_missing_pair_value,S030,PE-SE,PE,SE,21,24,226.0,,PE;PU;perceived usefulness;useful;usefulness,AI self-efficacy;SE;efficacy;self-efficacy,correlation;correlations;fornell;larcker;latent;matrix;table,S030,true,S030_source_packet_20260609.txt,true,S030,ok,/Users/newhosung/Library/CloudStorage/OneDrive-SharedLibraries-ThePennsylvaniaStateUniversity/AI Adoption Meta Analysis - Documents/Meta/AI Adoption/PDFs/S030.pdf,candidate_only_not_analytic_input_until_human_confirmed
possible_densification_source_review_candidate,ai_candidate_only_missing_pair_no_value_added,human_check_source_table_for_missing_pair_value,S030,PE-UB,PE,UB,21,24,226.0,,PE;PU;perceived usefulness;useful;usefulness,usage behavior;use,correlation;correlations;fornell;larcker;latent;matrix;table,S030,true,S030_source_packet_20260609.txt,true,S030,ok,/Users/newhosung/Library/CloudStorage/OneDrive-SharedLibraries-ThePennsylvaniaStateUniversity/AI Adoption Meta Analysis - Documents/Meta/AI Adoption/PDFs/S030.pdf,candidate_only_not_analytic_input_until_human_confirmed
possible_densification_source_review_candidate,ai_candidate_only_missing_pair_no_value_added,human_check_source_table_for_missing_pair_value,S030,SE-SI,SE,SI,21,24,226.0,,AI self-efficacy;SE;efficacy;self-efficacy,SI;social influence;subjective norm,correlation;correlations;fornell;larcker;latent;matrix;table,S030,true,S030_source_packet_20260609.txt,true,S030,ok,/Users/newhosung/Library/CloudStorage/OneDrive-SharedLibraries-ThePennsylvaniaStateUniversity/AI Adoption Meta Analysis - Documents/Meta/AI Adoption/PDFs/S030.pdf,candidate_only_not_analytic_input_until_human_confirmed
possible_densification_source_review_candidate,ai_candidate_only_missing_pair_no_value_added,human_check_source_table_for_missing_pair_value,S030,SE-TRU,SE,TRU,21,24,226.0,,AI self-efficacy;SE;efficacy;self-efficacy,TRU;trust;trustworthiness,correlation;correlations;fornell;larcker;latent;matrix;table,S030,true,S030_source_packet_20260609.txt,true,S030,ok,/Users/newhosung/Library/CloudStorage/OneDrive-SharedLibraries-ThePennsylvaniaStateUniversity/AI Adoption Meta Analysis - Documents/Meta/AI Adoption/PDFs/S030.pdf,candidate_only_not_analytic_input_until_human_confirmed
possible_densification_source_review_candidate,ai_candidate_only_missing_pair_no_value_added,human_check_source_table_for_missing_pair_value,S030,SE-UB,SE,UB,21,24,226.0,,AI self-efficacy;SE;efficacy;self-efficacy,usage behavior;use,correlation;correlations;fornell;larcker;latent;matrix;table,S030,true,S030_source_packet_20260609.txt,true,S030,ok,/Users/newhosung/Library/CloudStorage/OneDrive-SharedLibraries-ThePennsylvaniaStateUniversity/AI Adoption Meta Analysis - Documents/Meta/AI Adoption/PDFs/S030.pdf,candidate_only_not_analytic_input_until_human_confirmed
possible_densification_source_review_candidate,ai_candidate_only_missing_pair_no_value_added,human_check_source_table_for_missing_pair_value,S030,SI-UB,SI,UB,21,24,226.0,,SI;social influence;subjective norm,usage behavior;use,correlation;correlations;fornell;larcker;latent;matrix;table,S030,true,S030_source_packet_20260609.txt,true,S030,ok,/Users/newhosung/Library/CloudStorage/OneDrive-SharedLibraries-ThePennsylvaniaStateUniversity/AI Adoption Meta Analysis - Documents/Meta/AI Adoption/PDFs/S030.pdf,candidate_only_not_analytic_input_until_human_confirmed
possible_densification_source_review_candidate,ai_candidate_only_missing_pair_no_value_added,human_check_source_table_for_missing_pair_value,S030,TRU-UB,TRU,UB,21,24,226.0,,TRU;trust;trustworthiness,usage behavior;use,correlation;correlations;fornell;larcker;latent;matrix;table,S030,true,S030_source_packet_20260609.txt,true,S030,ok,/Users/newhosung/Library/CloudStorage/OneDrive-SharedLibraries-ThePennsylvaniaStateUniversity/AI Adoption Meta Analysis - Documents/Meta/AI Adoption/PDFs/S030.pdf,candidate_only_not_analytic_input_until_human_confirmed
likely_not_densifiable_one_construct_not_visible,ai_candidate_only_missing_pair_no_value_added,human_verify_construct_absence_before_excluding_pair,S035,ANX-ATT,ANX,ATT,21,24,622.0,,,attitude;attitudes,correlation;correlations;fornell;larcker;latent;matrix;table,S035,true,S035_source_packet_20260609.txt,true,S035,ok,/Users/newhosung/Library/CloudStorage/OneDrive-SharedLibraries-ThePennsylvaniaStateUniversity/AI Adoption Meta Analysis - Documents/Meta/AI Adoption/R1/PDFs/S035.pdf,candidate_only_not_analytic_input_until_human_confirmed
likely_not_densifiable_one_construct_not_visible,ai_candidate_only_missing_pair_no_value_added,human_verify_construct_absence_before_excluding_pair,S035,ANX-BI,ANX,BI,21,24,622.0,,,BI;behavioral intention;behavioural intention;intention to use;usage intention,correlation;correlations;fornell;larcker;latent;matrix;table,S035,true,S035_source_packet_20260609.txt,true,S035,ok,/Users/newhosung/Library/CloudStorage/OneDrive-SharedLibraries-ThePennsylvaniaStateUniversity/AI Adoption Meta Analysis - Documents/Meta/AI Adoption/R1/PDFs/S035.pdf,candidate_only_not_analytic_input_until_human_confirmed
likely_not_densifiable_one_construct_not_visible,ai_candidate_only_missing_pair_no_value_added,human_verify_construct_absence_before_excluding_pair,S035,ANX-EE,ANX,EE,21,24,622.0,,,EE;easy to use;effort expectancy,correlation;correlations;fornell;larcker;latent;matrix;table,S035,true,S035_source_packet_20260609.txt,true,S035,ok,/Users/newhosung/Library/CloudStorage/OneDrive-SharedLibraries-ThePennsylvaniaStateUniversity/AI Adoption Meta Analysis - Documents/Meta/AI Adoption/R1/PDFs/S035.pdf,candidate_only_not_analytic_input_until_human_confirmed
likely_not_densifiable_one_construct_not_visible,ai_candidate_only_missing_pair_no_value_added,human_verify_construct_absence_before_excluding_pair,S035,ANX-FC,ANX,FC,21,24,622.0,,,FC;facilitating;facilitating condition;facilitating conditions;resources;support,correlation;correlations;fornell;larcker;latent;matrix;table,S035,true,S035_source_packet_20260609.txt,true,S035,ok,/Users/newhosung/Library/CloudStorage/OneDrive-SharedLibraries-ThePennsylvaniaStateUniversity/AI Adoption Meta Analysis - Documents/Meta/AI Adoption/R1/PDFs/S035.pdf,candidate_only_not_analytic_input_until_human_confirmed
likely_not_densifiable_one_construct_not_visible,ai_candidate_only_missing_pair_no_value_added,human_verify_construct_absence_before_excluding_pair,S035,ANX-PE,ANX,PE,21,24,622.0,,,PE;performance expectancy;useful;usefulness,correlation;correlations;fornell;larcker;latent;matrix;table,S035,true,S035_source_packet_20260609.txt,true,S035,ok,/Users/newhosung/Library/CloudStorage/OneDrive-SharedLibraries-ThePennsylvaniaStateUniversity/AI Adoption Meta Analysis - Documents/Meta/AI Adoption/R1/PDFs/S035.pdf,candidate_only_not_analytic_input_until_human_confirmed
likely_not_densifiable_construct_pair_not_visible,ai_candidate_only_missing_pair_no_value_added,human_verify_construct_absence_or mapping mismatch,S035,ANX-SE,ANX,SE,21,24,622.0,,,,correlation;correlations;fornell;larcker;latent;matrix;table,S035,true,S035_source_packet_20260609.txt,true,S035,ok,/Users/newhosung/Library/CloudStorage/OneDrive-SharedLibraries-ThePennsylvaniaStateUniversity/AI Adoption Meta Analysis - Documents/Meta/AI Adoption/R1/PDFs/S035.pdf,candidate_only_not_analytic_input_until_human_confirmed
likely_not_densifiable_one_construct_not_visible,ai_candidate_only_missing_pair_no_value_added,human_verify_construct_absence_before_excluding_pair,S035,ANX-SI,ANX,SI,21,24,622.0,,,SI;social influence,correlation;correlations;fornell;larcker;latent;matrix;table,S035,true,S035_source_packet_20260609.txt,true,S035,ok,/Users/newhosung/Library/CloudStorage/OneDrive-SharedLibraries-ThePennsylvaniaStateUniversity/AI Adoption Meta Analysis - Documents/Meta/AI Adoption/R1/PDFs/S035.pdf,candidate_only_not_analytic_input_until_human_confirmed
likely_not_densifiable_one_construct_not_visible,ai_candidate_only_missing_pair_no_value_added,human_verify_construct_absence_before_excluding_pair,S035,ANX-TRU,ANX,TRU,21,24,622.0,,,TRU;trust,correlation;correlations;fornell;larcker;latent;matrix;table,S035,true,S035_source_packet_20260609.txt,true,S035,ok,/Users/newhosung/Library/CloudStorage/OneDrive-SharedLibraries-ThePennsylvaniaStateUniversity/AI Adoption Meta Analysis - Documents/Meta/AI Adoption/R1/PDFs/S035.pdf,candidate_only_not_analytic_input_until_human_confirmed
likely_not_densifiable_one_construct_not_visible,ai_candidate_only_missing_pair_no_value_added,human_verify_construct_absence_before_excluding_pair,S035,ANX-UB,ANX,UB,21,24,622.0,,,UB;usage behavior;use;use behavior,correlation;correlations;fornell;larcker;latent;matrix;table,S035,true,S035_source_packet_20260609.txt,true,S035,ok,/Users/newhosung/Library/CloudStorage/OneDrive-SharedLibraries-ThePennsylvaniaStateUniversity/AI Adoption Meta Analysis - Documents/Meta/AI Adoption/R1/PDFs/S035.pdf,candidate_only_not_analytic_input_until_human_confirmed
possible_densification_source_review_candidate,ai_candidate_only_missing_pair_no_value_added,human_check_source_table_for_missing_pair_value,S035,ATT-BI,ATT,BI,21,24,622.0,,attitude;attitudes,BI;behavioral intention;behavioural intention;intention to use;usage intention,correlation;correlations;fornell;larcker;latent;matrix;table,S035,true,S035_source_packet_20260609.txt,true,S035,ok,/Users/newhosung/Library/CloudStorage/OneDrive-SharedLibraries-ThePennsylvaniaStateUniversity/AI Adoption Meta Analysis - Documents/Meta/AI Adoption/R1/PDFs/S035.pdf,candidate_only_not_analytic_input_until_human_confirmed
possible_densification_source_review_candidate,ai_candidate_only_missing_pair_no_value_added,human_check_source_table_for_missing_pair_value,S035,ATT-EE,ATT,EE,21,24,622.0,,attitude;attitudes,EE;easy to use;effort expectancy,correlation;correlations;fornell;larcker;latent;matrix;table,S035,true,S035_source_packet_20260609.txt,true,S035,ok,/Users/newhosung/Library/CloudStorage/OneDrive-SharedLibraries-ThePennsylvaniaStateUniversity/AI Adoption Meta Analysis - Documents/Meta/AI Adoption/R1/PDFs/S035.pdf,candidate_only_not_analytic_input_until_human_confirmed
possible_densification_source_review_candidate,ai_candidate_only_missing_pair_no_value_added,human_check_source_table_for_missing_pair_value,S035,ATT-FC,ATT,FC,21,24,622.0,,attitude;attitudes,FC;facilitating;facilitating condition;facilitating conditions;resources;support,correlation;correlations;fornell;larcker;latent;matrix;table,S035,true,S035_source_packet_20260609.txt,true,S035,ok,/Users/newhosung/Library/CloudStorage/OneDrive-SharedLibraries-ThePennsylvaniaStateUniversity/AI Adoption Meta Analysis - Documents/Meta/AI Adoption/R1/PDFs/S035.pdf,candidate_only_not_analytic_input_until_human_confirmed
possible_densification_source_review_candidate,ai_candidate_only_missing_pair_no_value_added,human_check_source_table_for_missing_pair_value,S035,ATT-PE,ATT,PE,21,24,622.0,,attitude;attitudes,PE;performance expectancy;useful;usefulness,correlation;correlations;fornell;larcker;latent;matrix;table,S035,true,S035_source_packet_20260609.txt,true,S035,ok,/Users/newhosung/Library/CloudStorage/OneDrive-SharedLibraries-ThePennsylvaniaStateUniversity/AI Adoption Meta Analysis - Documents/Meta/AI Adoption/R1/PDFs/S035.pdf,candidate_only_not_analytic_input_until_human_confirmed
likely_not_densifiable_one_construct_not_visible,ai_candidate_only_missing_pair_no_value_added,human_verify_construct_absence_before_excluding_pair,S035,ATT-SE,ATT,SE,21,24,622.0,,attitude;attitudes,,correlation;correlations;fornell;larcker;latent;matrix;table,S035,true,S035_source_packet_20260609.txt,true,S035,ok,/Users/newhosung/Library/CloudStorage/OneDrive-SharedLibraries-ThePennsylvaniaStateUniversity/AI Adoption Meta Analysis - Documents/Meta/AI Adoption/R1/PDFs/S035.pdf,candidate_only_not_analytic_input_until_human_confirmed
possible_densification_source_review_candidate,ai_candidate_only_missing_pair_no_value_added,human_check_source_table_for_missing_pair_value,S035,ATT-SI,ATT,SI,21,24,622.0,,attitude;attitudes,SI;social influence,correlation;correlations;fornell;larcker;latent;matrix;table,S035,true,S035_source_packet_20260609.txt,true,S035,ok,/Users/newhosung/Library/CloudStorage/OneDrive-SharedLibraries-ThePennsylvaniaStateUniversity/AI Adoption Meta Analysis - Documents/Meta/AI Adoption/R1/PDFs/S035.pdf,candidate_only_not_analytic_input_until_human_confirmed
possible_densification_source_review_candidate,ai_candidate_only_missing_pair_no_value_added,human_check_source_table_for_missing_pair_value,S035,ATT-TRU,ATT,TRU,21,24,622.0,,attitude;attitudes,TRU;trust,correlation;correlations;fornell;larcker;latent;matrix;table,S035,true,S035_source_packet_20260609.txt,true,S035,ok,/Users/newhosung/Library/CloudStorage/OneDrive-SharedLibraries-ThePennsylvaniaStateUniversity/AI Adoption Meta Analysis - Documents/Meta/AI Adoption/R1/PDFs/S035.pdf,candidate_only_not_analytic_input_until_human_confirmed
possible_densification_source_review_candidate,ai_candidate_only_missing_pair_no_value_added,human_check_source_table_for_missing_pair_value,S035,ATT-UB,ATT,UB,21,24,622.0,,attitude;attitudes,UB;usage behavior;use;use behavior,correlation;correlations;fornell;larcker;latent;matrix;table,S035,true,S035_source_packet_20260609.txt,true,S035,ok,/Users/newhosung/Library/CloudStorage/OneDrive-SharedLibraries-ThePennsylvaniaStateUniversity/AI Adoption Meta Analysis - Documents/Meta/AI Adoption/R1/PDFs/S035.pdf,candidate_only_not_analytic_input_until_human_confirmed
likely_not_densifiable_one_construct_not_visible,ai_candidate_only_missing_pair_no_value_added,human_verify_construct_absence_before_excluding_pair,S035,BI-SE,BI,SE,21,24,622.0,,BI;behavioral intention;behavioural intention;intention to use;usage intention,,correlation;correlations;fornell;larcker;latent;matrix;table,S035,true,S035_source_packet_20260609.txt,true,S035,ok,/Users/newhosung/Library/CloudStorage/OneDrive-SharedLibraries-ThePennsylvaniaStateUniversity/AI Adoption Meta Analysis - Documents/Meta/AI Adoption/R1/PDFs/S035.pdf,candidate_only_not_analytic_input_until_human_confirmed
likely_not_densifiable_one_construct_not_visible,ai_candidate_only_missing_pair_no_value_added,human_verify_construct_absence_before_excluding_pair,S035,EE-SE,EE,SE,21,24,622.0,,EE;easy to use;effort expectancy,,correlation;correlations;fornell;larcker;latent;matrix;table,S035,true,S035_source_packet_20260609.txt,true,S035,ok,/Users/newhosung/Library/CloudStorage/OneDrive-SharedLibraries-ThePennsylvaniaStateUniversity/AI Adoption Meta Analysis - Documents/Meta/AI Adoption/R1/PDFs/S035.pdf,candidate_only_not_analytic_input_until_human_confirmed
likely_not_densifiable_one_construct_not_visible,ai_candidate_only_missing_pair_no_value_added,human_verify_construct_absence_before_excluding_pair,S035,FC-SE,FC,SE,21,24,622.0,,FC;facilitating;facilitating condition;facilitating conditions;resources;support,,correlation;correlations;fornell;larcker;latent;matrix;table,S035,true,S035_source_packet_20260609.txt,true,S035,ok,/Users/newhosung/Library/CloudStorage/OneDrive-SharedLibraries-ThePennsylvaniaStateUniversity/AI Adoption Meta Analysis - Documents/Meta/AI Adoption/R1/PDFs/S035.pdf,candidate_only_not_analytic_input_until_human_confirmed
likely_not_densifiable_one_construct_not_visible,ai_candidate_only_missing_pair_no_value_added,human_verify_construct_absence_before_excluding_pair,S035,PE-SE,PE,SE,21,24,622.0,,PE;performance expectancy;useful;usefulness,,correlation;correlations;fornell;larcker;latent;matrix;table,S035,true,S035_source_packet_20260609.txt,true,S035,ok,/Users/newhosung/Library/CloudStorage/OneDrive-SharedLibraries-ThePennsylvaniaStateUniversity/AI Adoption Meta Analysis - Documents/Meta/AI Adoption/R1/PDFs/S035.pdf,candidate_only_not_analytic_input_until_human_confirmed
likely_not_densifiable_one_construct_not_visible,ai_candidate_only_missing_pair_no_value_added,human_verify_construct_absence_before_excluding_pair,S035,SE-SI,SE,SI,21,24,622.0,,,SI;social influence,correlation;correlations;fornell;larcker;latent;matrix;table,S035,true,S035_source_packet_20260609.txt,true,S035,ok,/Users/newhosung/Library/CloudStorage/OneDrive-SharedLibraries-ThePennsylvaniaStateUniversity/AI Adoption Meta Analysis - Documents/Meta/AI Adoption/R1/PDFs/S035.pdf,candidate_only_not_analytic_input_until_human_confirmed
likely_not_densifiable_one_construct_not_visible,ai_candidate_only_missing_pair_no_value_added,human_verify_construct_absence_before_excluding_pair,S035,SE-TRU,SE,TRU,21,24,622.0,,,TRU;trust,correlation;correlations;fornell;larcker;latent;matrix;table,S035,true,S035_source_packet_20260609.txt,true,S035,ok,/Users/newhosung/Library/CloudStorage/OneDrive-SharedLibraries-ThePennsylvaniaStateUniversity/AI Adoption Meta Analysis - Documents/Meta/AI Adoption/R1/PDFs/S035.pdf,candidate_only_not_analytic_input_until_human_confirmed
likely_not_densifiable_one_construct_not_visible,ai_candidate_only_missing_pair_no_value_added,human_verify_construct_absence_before_excluding_pair,S035,SE-UB,SE,UB,21,24,622.0,,,UB;usage behavior;use;use behavior,correlation;correlations;fornell;larcker;latent;matrix;table,S035,true,S035_source_packet_20260609.txt,true,S035,ok,/Users/newhosung/Library/CloudStorage/OneDrive-SharedLibraries-ThePennsylvaniaStateUniversity/AI Adoption Meta Analysis - Documents/Meta/AI Adoption/R1/PDFs/S035.pdf,candidate_only_not_analytic_input_until_human_confirmed
possible_densification_source_review_candidate,ai_candidate_only_missing_pair_no_value_added,human_check_source_table_for_missing_pair_value,S036,ANX-ATT,ANX,ATT,21,24,480.0,,AI anxiety;ANX;anxiety;apprehension;fear,attitude;attitude toward;attitudes,correlations;fornell;larcker;latent;table,S036,true,S036_source_packet_20260609.txt,true,S036,ok,/Users/newhosung/Library/CloudStorage/OneDrive-SharedLibraries-ThePennsylvaniaStateUniversity/AI Adoption Meta Analysis - Documents/Meta/AI Adoption/PDFs/S036.pdf,candidate_only_not_analytic_input_until_human_confirmed
possible_densification_source_review_candidate,ai_candidate_only_missing_pair_no_value_added,human_check_source_table_for_missing_pair_value,S036,ANX-FC,ANX,FC,21,24,480.0,,AI anxiety;ANX;anxiety;apprehension;fear,FC;resources;support,correlations;fornell;larcker;latent;table,S036,true,S036_source_packet_20260609.txt,true,S036,ok,/Users/newhosung/Library/CloudStorage/OneDrive-SharedLibraries-ThePennsylvaniaStateUniversity/AI Adoption Meta Analysis - Documents/Meta/AI Adoption/PDFs/S036.pdf,candidate_only_not_analytic_input_until_human_confirmed
possible_densification_source_review_candidate,ai_candidate_only_missing_pair_no_value_added,human_check_source_table_for_missing_pair_value,S036,ANX-UB,ANX,UB,21,24,480.0,,AI anxiety;ANX;anxiety;apprehension;fear,actual use;usage behavior;use,correlations;fornell;larcker;latent;table,S036,true,S036_source_packet_20260609.txt,true,S036,ok,/Users/newhosung/Library/CloudStorage/OneDrive-SharedLibraries-ThePennsylvaniaStateUniversity/AI Adoption Meta Analysis - Documents/Meta/AI Adoption/PDFs/S036.pdf,candidate_only_not_analytic_input_until_human_confirmed
possible_densification_source_review_candidate,ai_candidate_only_missing_pair_no_value_added,human_check_source_table_for_missing_pair_value,S036,ATT-BI,ATT,BI,21,24,480.0,,attitude;attitude toward;attitudes,BI;behavioral intention;behavioural intention;continuance intention;intention to use,correlations;fornell;larcker;latent;table,S036,true,S036_source_packet_20260609.txt,true,S036,ok,/Users/newhosung/Library/CloudStorage/OneDrive-SharedLibraries-ThePennsylvaniaStateUniversity/AI Adoption Meta Analysis - Documents/Meta/AI Adoption/PDFs/S036.pdf,candidate_only_not_analytic_input_until_human_confirmed
possible_densification_source_review_candidate,ai_candidate_only_missing_pair_no_value_added,human_check_source_table_for_missing_pair_value,S036,ATT-EE,ATT,EE,21,24,480.0,,attitude;attitude toward;attitudes,EE;PEOU;ease of use;easy to use;perceived ease of use,correlations;fornell;larcker;latent;table,S036,true,S036_source_packet_20260609.txt,true,S036,ok,/Users/newhosung/Library/CloudStorage/OneDrive-SharedLibraries-ThePennsylvaniaStateUniversity/AI Adoption Meta Analysis - Documents/Meta/AI Adoption/PDFs/S036.pdf,candidate_only_not_analytic_input_until_human_confirmed
possible_densification_source_review_candidate,ai_candidate_only_missing_pair_no_value_added,human_check_source_table_for_missing_pair_value,S036,ATT-FC,ATT,FC,21,24,480.0,,attitude;attitude toward;attitudes,FC;resources;support,correlations;fornell;larcker;latent;table,S036,true,S036_source_packet_20260609.txt,true,S036,ok,/Users/newhosung/Library/CloudStorage/OneDrive-SharedLibraries-ThePennsylvaniaStateUniversity/AI Adoption Meta Analysis - Documents/Meta/AI Adoption/PDFs/S036.pdf,candidate_only_not_analytic_input_until_human_confirmed
possible_densification_source_review_candidate,ai_candidate_only_missing_pair_no_value_added,human_check_source_table_for_missing_pair_value,S036,ATT-PE,ATT,PE,21,24,480.0,,attitude;attitude toward;attitudes,PE;PU;perceived usefulness;useful;usefulness,correlations;fornell;larcker;latent;table,S036,true,S036_source_packet_20260609.txt,true,S036,ok,/Users/newhosung/Library/CloudStorage/OneDrive-SharedLibraries-ThePennsylvaniaStateUniversity/AI Adoption Meta Analysis - Documents/Meta/AI Adoption/PDFs/S036.pdf,candidate_only_not_analytic_input_until_human_confirmed
possible_densification_source_review_candidate,ai_candidate_only_missing_pair_no_value_added,human_check_source_table_for_missing_pair_value,S036,ATT-SE,ATT,SE,21,24,480.0,,attitude;attitude toward;attitudes,AI self-efficacy;SE;computer self-efficacy;efficacy;self-efficacy,correlations;fornell;larcker;latent;table,S036,true,S036_source_packet_20260609.txt,true,S036,ok,/Users/newhosung/Library/CloudStorage/OneDrive-SharedLibraries-ThePennsylvaniaStateUniversity/AI Adoption Meta Analysis - Documents/Meta/AI Adoption/PDFs/S036.pdf,candidate_only_not_analytic_input_until_human_confirmed
possible_densification_source_review_candidate,ai_candidate_only_missing_pair_no_value_added,human_check_source_table_for_missing_pair_value,S036,ATT-SI,ATT,SI,21,24,480.0,,attitude;attitude toward;attitudes,SI;social influence,correlations;fornell;larcker;latent;table,S036,true,S036_source_packet_20260609.txt,true,S036,ok,/Users/newhosung/Library/CloudStorage/OneDrive-SharedLibraries-ThePennsylvaniaStateUniversity/AI Adoption Meta Analysis - Documents/Meta/AI Adoption/PDFs/S036.pdf,candidate_only_not_analytic_input_until_human_confirmed
possible_densification_source_review_candidate,ai_candidate_only_missing_pair_no_value_added,human_check_source_table_for_missing_pair_value,S036,ATT-TRU,ATT,TRU,21,24,480.0,,attitude;attitude toward;attitudes,TRU;trust,correlations;fornell;larcker;latent;table,S036,true,S036_source_packet_20260609.txt,true,S036,ok,/Users/newhosung/Library/CloudStorage/OneDrive-SharedLibraries-ThePennsylvaniaStateUniversity/AI Adoption Meta Analysis - Documents/Meta/AI Adoption/PDFs/S036.pdf,candidate_only_not_analytic_input_until_human_confirmed
possible_densification_source_review_candidate,ai_candidate_only_missing_pair_no_value_added,human_check_source_table_for_missing_pair_value,S036,ATT-UB,ATT,UB,21,24,480.0,,attitude;attitude toward;attitudes,actual use;usage behavior;use,correlations;fornell;larcker;latent;table,S036,true,S036_source_packet_20260609.txt,true,S036,ok,/Users/newhosung/Library/CloudStorage/OneDrive-SharedLibraries-ThePennsylvaniaStateUniversity/AI Adoption Meta Analysis - Documents/Meta/AI Adoption/PDFs/S036.pdf,candidate_only_not_analytic_input_until_human_confirmed
possible_densification_source_review_candidate,ai_candidate_only_missing_pair_no_value_added,human_check_source_table_for_missing_pair_value,S036,BI-FC,BI,FC,21,24,480.0,,BI;behavioral intention;behavioural intention;continuance intention;intention to use,FC;resources;support,correlations;fornell;larcker;latent;table,S036,true,S036_source_packet_20260609.txt,true,S036,ok,/Users/newhosung/Library/CloudStorage/OneDrive-SharedLibraries-ThePennsylvaniaStateUniversity/AI Adoption Meta Analysis - Documents/Meta/AI Adoption/PDFs/S036.pdf,candidate_only_not_analytic_input_until_human_confirmed
possible_densification_source_review_candidate,ai_candidate_only_missing_pair_no_value_added,human_check_source_table_for_missing_pair_value,S036,BI-UB,BI,UB,21,24,480.0,,BI;behavioral intention;behavioural intention;continuance intention;intention to use,actual use;usage behavior;use,correlations;fornell;larcker;latent;table,S036,true,S036_source_packet_20260609.txt,true,S036,ok,/Users/newhosung/Library/CloudStorage/OneDrive-SharedLibraries-ThePennsylvaniaStateUniversity/AI Adoption Meta Analysis - Documents/Meta/AI Adoption/PDFs/S036.pdf,candidate_only_not_analytic_input_until_human_confirmed
possible_densification_source_review_candidate,ai_candidate_only_missing_pair_no_value_added,human_check_source_table_for_missing_pair_value,S036,EE-FC,EE,FC,21,24,480.0,,EE;PEOU;ease of use;easy to use;perceived ease of use,FC;resources;support,correlations;fornell;larcker;latent;table,S036,true,S036_source_packet_20260609.txt,true,S036,ok,/Users/newhosung/Library/CloudStorage/OneDrive-SharedLibraries-ThePennsylvaniaStateUniversity/AI Adoption Meta Analysis - Documents/Meta/AI Adoption/PDFs/S036.pdf,candidate_only_not_analytic_input_until_human_confirmed
possible_densification_source_review_candidate,ai_candidate_only_missing_pair_no_value_added,human_check_source_table_for_missing_pair_value,S036,EE-UB,EE,UB,21,24,480.0,,EE;PEOU;ease of use;easy to use;perceived ease of use,actual use;usage behavior;use,correlations;fornell;larcker;latent;table,S036,true,S036_source_packet_20260609.txt,true,S036,ok,/Users/newhosung/Library/CloudStorage/OneDrive-SharedLibraries-ThePennsylvaniaStateUniversity/AI Adoption Meta Analysis - Documents/Meta/AI Adoption/PDFs/S036.pdf,candidate_only_not_analytic_input_until_human_confirmed
possible_densification_source_review_candidate,ai_candidate_only_missing_pair_no_value_added,human_check_source_table_for_missing_pair_value,S036,FC-PE,FC,PE,21,24,480.0,,FC;resources;support,PE;PU;perceived usefulness;useful;usefulness,correlations;fornell;larcker;latent;table,S036,true,S036_source_packet_20260609.txt,true,S036,ok,/Users/newhosung/Library/CloudStorage/OneDrive-SharedLibraries-ThePennsylvaniaStateUniversity/AI Adoption Meta Analysis - Documents/Meta/AI Adoption/PDFs/S036.pdf,candidate_only_not_analytic_input_until_human_confirmed
possible_densification_source_review_candidate,ai_candidate_only_missing_pair_no_value_added,human_check_source_table_for_missing_pair_value,S036,FC-SE,FC,SE,21,24,480.0,,FC;resources;support,AI self-efficacy;SE;computer self-efficacy;efficacy;self-efficacy,correlations;fornell;larcker;latent;table,S036,true,S036_source_packet_20260609.txt,true,S036,ok,/Users/newhosung/Library/CloudStorage/OneDrive-SharedLibraries-ThePennsylvaniaStateUniversity/AI Adoption Meta Analysis - Documents/Meta/AI Adoption/PDFs/S036.pdf,candidate_only_not_analytic_input_until_human_confirmed
possible_densification_source_review_candidate,ai_candidate_only_missing_pair_no_value_added,human_check_source_table_for_missing_pair_value,S036,FC-SI,FC,SI,21,24,480.0,,FC;resources;support,SI;social influence,correlations;fornell;larcker;latent;table,S036,true,S036_source_packet_20260609.txt,true,S036,ok,/Users/newhosung/Library/CloudStorage/OneDrive-SharedLibraries-ThePennsylvaniaStateUniversity/AI Adoption Meta Analysis - Documents/Meta/AI Adoption/PDFs/S036.pdf,candidate_only_not_analytic_input_until_human_confirmed
possible_densification_source_review_candidate,ai_candidate_only_missing_pair_no_value_added,human_check_source_table_for_missing_pair_value,S036,FC-TRU,FC,TRU,21,24,480.0,,FC;resources;support,TRU;trust,correlations;fornell;larcker;latent;table,S036,true,S036_source_packet_20260609.txt,true,S036,ok,/Users/newhosung/Library/CloudStorage/OneDrive-SharedLibraries-ThePennsylvaniaStateUniversity/AI Adoption Meta Analysis - Documents/Meta/AI Adoption/PDFs/S036.pdf,candidate_only_not_analytic_input_until_human_confirmed
possible_densification_source_review_candidate,ai_candidate_only_missing_pair_no_value_added,human_check_source_table_for_missing_pair_value,S036,FC-UB,FC,UB,21,24,480.0,,FC;resources;support,actual use;usage behavior;use,correlations;fornell;larcker;latent;table,S036,true,S036_source_packet_20260609.txt,true,S036,ok,/Users/newhosung/Library/CloudStorage/OneDrive-SharedLibraries-ThePennsylvaniaStateUniversity/AI Adoption Meta Analysis - Documents/Meta/AI Adoption/PDFs/S036.pdf,candidate_only_not_analytic_input_until_human_confirmed
possible_densification_source_review_candidate,ai_candidate_only_missing_pair_no_value_added,human_check_source_table_for_missing_pair_value,S036,PE-UB,PE,UB,21,24,480.0,,PE;PU;perceived usefulness;useful;usefulness,actual use;usage behavior;use,correlations;fornell;larcker;latent;table,S036,true,S036_source_packet_20260609.txt,true,S036,ok,/Users/newhosung/Library/CloudStorage/OneDrive-SharedLibraries-ThePennsylvaniaStateUniversity/AI Adoption Meta Analysis - Documents/Meta/AI Adoption/PDFs/S036.pdf,candidate_only_not_analytic_input_until_human_confirmed
possible_densification_source_review_candidate,ai_candidate_only_missing_pair_no_value_added,human_check_source_table_for_missing_pair_value,S036,SE-UB,SE,UB,21,24,480.0,,AI self-efficacy;SE;computer self-efficacy;efficacy;self-efficacy,actual use;usage behavior;use,correlations;fornell;larcker;latent;table,S036,true,S036_source_packet_20260609.txt,true,S036,ok,/Users/newhosung/Library/CloudStorage/OneDrive-SharedLibraries-ThePennsylvaniaStateUniversity/AI Adoption Meta Analysis - Documents/Meta/AI Adoption/PDFs/S036.pdf,candidate_only_not_analytic_input_until_human_confirmed
possible_densification_source_review_candidate,ai_candidate_only_missing_pair_no_value_added,human_check_source_table_for_missing_pair_value,S036,SI-UB,SI,UB,21,24,480.0,,SI;social influence,actual use;usage behavior;use,correlations;fornell;larcker;latent;table,S036,true,S036_source_packet_20260609.txt,true,S036,ok,/Users/newhosung/Library/CloudStorage/OneDrive-SharedLibraries-ThePennsylvaniaStateUniversity/AI Adoption Meta Analysis - Documents/Meta/AI Adoption/PDFs/S036.pdf,candidate_only_not_analytic_input_until_human_confirmed
possible_densification_source_review_candidate,ai_candidate_only_missing_pair_no_value_added,human_check_source_table_for_missing_pair_value,S036,TRU-UB,TRU,UB,21,24,480.0,,TRU;trust,actual use;usage behavior;use,correlations;fornell;larcker;latent;table,S036,true,S036_source_packet_20260609.txt,true,S036,ok,/Users/newhosung/Library/CloudStorage/OneDrive-SharedLibraries-ThePennsylvaniaStateUniversity/AI Adoption Meta Analysis - Documents/Meta/AI Adoption/PDFs/S036.pdf,candidate_only_not_analytic_input_until_human_confirmed
possible_densification_source_review_candidate,ai_candidate_only_missing_pair_no_value_added,human_check_source_table_for_missing_pair_value,S048,ANX-ATT,ANX,ATT,21,24,355.0,,anxiety,ATT;attitude;attitudes,correlation;correlations;fornell;larcker;latent;matrix;pearson;table,S048,true,S048_source_packet_20260609.txt,true,S048,ok,/Users/newhosung/Library/CloudStorage/OneDrive-SharedLibraries-ThePennsylvaniaStateUniversity/AI Adoption Meta Analysis - Documents/Meta/AI Adoption/PDFs/S048.pdf,candidate_only_not_analytic_input_until_human_confirmed
possible_densification_source_review_candidate,ai_candidate_only_missing_pair_no_value_added,human_check_source_table_for_missing_pair_value,S048,ANX-BI,ANX,BI,21,24,355.0,,anxiety,BI;behavioural intention;continuance intention;intention to use,correlation;correlations;fornell;larcker;latent;matrix;pearson;table,S048,true,S048_source_packet_20260609.txt,true,S048,ok,/Users/newhosung/Library/CloudStorage/OneDrive-SharedLibraries-ThePennsylvaniaStateUniversity/AI Adoption Meta Analysis - Documents/Meta/AI Adoption/PDFs/S048.pdf,candidate_only_not_analytic_input_until_human_confirmed
possible_densification_source_review_candidate,ai_candidate_only_missing_pair_no_value_added,human_check_source_table_for_missing_pair_value,S048,ANX-EE,ANX,EE,21,24,355.0,,anxiety,EE;ease of use;easy to use;effort expectancy;perceived ease of use,correlation;correlations;fornell;larcker;latent;matrix;pearson;table,S048,true,S048_source_packet_20260609.txt,true,S048,ok,/Users/newhosung/Library/CloudStorage/OneDrive-SharedLibraries-ThePennsylvaniaStateUniversity/AI Adoption Meta Analysis - Documents/Meta/AI Adoption/PDFs/S048.pdf,candidate_only_not_analytic_input_until_human_confirmed
possible_densification_source_review_candidate,ai_candidate_only_missing_pair_no_value_added,human_check_source_table_for_missing_pair_value,S048,ANX-FC,ANX,FC,21,24,355.0,,anxiety,FC;facilitating;facilitating condition;facilitating conditions;resources;support,correlation;correlations;fornell;larcker;latent;matrix;pearson;table,S048,true,S048_source_packet_20260609.txt,true,S048,ok,/Users/newhosung/Library/CloudStorage/OneDrive-SharedLibraries-ThePennsylvaniaStateUniversity/AI Adoption Meta Analysis - Documents/Meta/AI Adoption/PDFs/S048.pdf,candidate_only_not_analytic_input_until_human_confirmed
possible_densification_source_review_candidate,ai_candidate_only_missing_pair_no_value_added,human_check_source_table_for_missing_pair_value,S048,ANX-PE,ANX,PE,21,24,355.0,,anxiety,PE;performance expectancy;useful;usefulness,correlation;correlations;fornell;larcker;latent;matrix;pearson;table,S048,true,S048_source_packet_20260609.txt,true,S048,ok,/Users/newhosung/Library/CloudStorage/OneDrive-SharedLibraries-ThePennsylvaniaStateUniversity/AI Adoption Meta Analysis - Documents/Meta/AI Adoption/PDFs/S048.pdf,candidate_only_not_analytic_input_until_human_confirmed
likely_not_densifiable_one_construct_not_visible,ai_candidate_only_missing_pair_no_value_added,human_verify_construct_absence_before_excluding_pair,S048,ANX-SE,ANX,SE,21,24,355.0,,anxiety,,correlation;correlations;fornell;larcker;latent;matrix;pearson;table,S048,true,S048_source_packet_20260609.txt,true,S048,ok,/Users/newhosung/Library/CloudStorage/OneDrive-SharedLibraries-ThePennsylvaniaStateUniversity/AI Adoption Meta Analysis - Documents/Meta/AI Adoption/PDFs/S048.pdf,candidate_only_not_analytic_input_until_human_confirmed
possible_densification_source_review_candidate,ai_candidate_only_missing_pair_no_value_added,human_check_source_table_for_missing_pair_value,S048,ANX-SI,ANX,SI,21,24,355.0,,anxiety,SI;social influence,correlation;correlations;fornell;larcker;latent;matrix;pearson;table,S048,true,S048_source_packet_20260609.txt,true,S048,ok,/Users/newhosung/Library/CloudStorage/OneDrive-SharedLibraries-ThePennsylvaniaStateUniversity/AI Adoption Meta Analysis - Documents/Meta/AI Adoption/PDFs/S048.pdf,candidate_only_not_analytic_input_until_human_confirmed
possible_densification_source_review_candidate,ai_candidate_only_missing_pair_no_value_added,human_check_source_table_for_missing_pair_value,S048,ANX-TRU,ANX,TRU,21,24,355.0,,anxiety,TRU;trust,correlation;correlations;fornell;larcker;latent;matrix;pearson;table,S048,true,S048_source_packet_20260609.txt,true,S048,ok,/Users/newhosung/Library/CloudStorage/OneDrive-SharedLibraries-ThePennsylvaniaStateUniversity/AI Adoption Meta Analysis - Documents/Meta/AI Adoption/PDFs/S048.pdf,candidate_only_not_analytic_input_until_human_confirmed
possible_densification_source_review_candidate,ai_candidate_only_missing_pair_no_value_added,human_check_source_table_for_missing_pair_value,S048,ANX-UB,ANX,UB,21,24,355.0,,anxiety,UB;actual use;usage behavior;usage behaviour;use;use behaviour,correlation;correlations;fornell;larcker;latent;matrix;pearson;table,S048,true,S048_source_packet_20260609.txt,true,S048,ok,/Users/newhosung/Library/CloudStorage/OneDrive-SharedLibraries-ThePennsylvaniaStateUniversity/AI Adoption Meta Analysis - Documents/Meta/AI Adoption/PDFs/S048.pdf,candidate_only_not_analytic_input_until_human_confirmed
likely_not_densifiable_one_construct_not_visible,ai_candidate_only_missing_pair_no_value_added,human_verify_construct_absence_before_excluding_pair,S048,ATT-SE,ATT,SE,21,24,355.0,,ATT;attitude;attitudes,,correlation;correlations;fornell;larcker;latent;matrix;pearson;table,S048,true,S048_source_packet_20260609.txt,true,S048,ok,/Users/newhosung/Library/CloudStorage/OneDrive-SharedLibraries-ThePennsylvaniaStateUniversity/AI Adoption Meta Analysis - Documents/Meta/AI Adoption/PDFs/S048.pdf,candidate_only_not_analytic_input_until_human_confirmed
possible_densification_source_review_candidate,ai_candidate_only_missing_pair_no_value_added,human_check_source_table_for_missing_pair_value,S048,BI-FC,BI,FC,21,24,355.0,,BI;behavioural intention;continuance intention;intention to use,FC;facilitating;facilitating condition;facilitating conditions;resources;support,correlation;correlations;fornell;larcker;latent;matrix;pearson;table,S048,true,S048_source_packet_20260609.txt,true,S048,ok,/Users/newhosung/Library/CloudStorage/OneDrive-SharedLibraries-ThePennsylvaniaStateUniversity/AI Adoption Meta Analysis - Documents/Meta/AI Adoption/PDFs/S048.pdf,candidate_only_not_analytic_input_until_human_confirmed
possible_densification_source_review_candidate,ai_candidate_only_missing_pair_no_value_added,human_check_source_table_for_missing_pair_value,S048,BI-PE,BI,PE,21,24,355.0,,BI;behavioural intention;continuance intention;intention to use,PE;performance expectancy;useful;usefulness,correlation;correlations;fornell;larcker;latent;matrix;pearson;table,S048,true,S048_source_packet_20260609.txt,true,S048,ok,/Users/newhosung/Library/CloudStorage/OneDrive-SharedLibraries-ThePennsylvaniaStateUniversity/AI Adoption Meta Analysis - Documents/Meta/AI Adoption/PDFs/S048.pdf,candidate_only_not_analytic_input_until_human_confirmed
likely_not_densifiable_one_construct_not_visible,ai_candidate_only_missing_pair_no_value_added,human_verify_construct_absence_before_excluding_pair,S048,BI-SE,BI,SE,21,24,355.0,,BI;behavioural intention;continuance intention;intention to use,,correlation;correlations;fornell;larcker;latent;matrix;pearson;table,S048,true,S048_source_packet_20260609.txt,true,S048,ok,/Users/newhosung/Library/CloudStorage/OneDrive-SharedLibraries-ThePennsylvaniaStateUniversity/AI Adoption Meta Analysis - Documents/Meta/AI Adoption/PDFs/S048.pdf,candidate_only_not_analytic_input_until_human_confirmed
possible_densification_source_review_candidate,ai_candidate_only_missing_pair_no_value_added,human_check_source_table_for_missing_pair_value,S048,BI-SI,BI,SI,21,24,355.0,,BI;behavioural intention;continuance intention;intention to use,SI;social influence,correlation;correlations;fornell;larcker;latent;matrix;pearson;table,S048,true,S048_source_packet_20260609.txt,true,S048,ok,/Users/newhosung/Library/CloudStorage/OneDrive-SharedLibraries-ThePennsylvaniaStateUniversity/AI Adoption Meta Analysis - Documents/Meta/AI Adoption/PDFs/S048.pdf,candidate_only_not_analytic_input_until_human_confirmed
likely_not_densifiable_one_construct_not_visible,ai_candidate_only_missing_pair_no_value_added,human_verify_construct_absence_before_excluding_pair,S048,EE-SE,EE,SE,21,24,355.0,,EE;ease of use;easy to use;effort expectancy;perceived ease of use,,correlation;correlations;fornell;larcker;latent;matrix;pearson;table,S048,true,S048_source_packet_20260609.txt,true,S048,ok,/Users/newhosung/Library/CloudStorage/OneDrive-SharedLibraries-ThePennsylvaniaStateUniversity/AI Adoption Meta Analysis - Documents/Meta/AI Adoption/PDFs/S048.pdf,candidate_only_not_analytic_input_until_human_confirmed
possible_densification_source_review_candidate,ai_candidate_only_missing_pair_no_value_added,human_check_source_table_for_missing_pair_value,S048,EE-UB,EE,UB,21,24,355.0,,EE;ease of use;easy to use;effort expectancy;perceived ease of use,UB;actual use;usage behavior;usage behaviour;use;use behaviour,correlation;correlations;fornell;larcker;latent;matrix;pearson;table,S048,true,S048_source_packet_20260609.txt,true,S048,ok,/Users/newhosung/Library/CloudStorage/OneDrive-SharedLibraries-ThePennsylvaniaStateUniversity/AI Adoption Meta Analysis - Documents/Meta/AI Adoption/PDFs/S048.pdf,candidate_only_not_analytic_input_until_human_confirmed
likely_not_densifiable_one_construct_not_visible,ai_candidate_only_missing_pair_no_value_added,human_verify_construct_absence_before_excluding_pair,S048,FC-SE,FC,SE,21,24,355.0,,FC;facilitating;facilitating condition;facilitating conditions;resources;support,,correlation;correlations;fornell;larcker;latent;matrix;pearson;table,S048,true,S048_source_packet_20260609.txt,true,S048,ok,/Users/newhosung/Library/CloudStorage/OneDrive-SharedLibraries-ThePennsylvaniaStateUniversity/AI Adoption Meta Analysis - Documents/Meta/AI Adoption/PDFs/S048.pdf,candidate_only_not_analytic_input_until_human_confirmed
possible_densification_source_review_candidate,ai_candidate_only_missing_pair_no_value_added,human_check_source_table_for_missing_pair_value,S048,FC-UB,FC,UB,21,24,355.0,,FC;facilitating;facilitating condition;facilitating conditions;resources;support,UB;actual use;usage behavior;usage behaviour;use;use behaviour,correlation;correlations;fornell;larcker;latent;matrix;pearson;table,S048,true,S048_source_packet_20260609.txt,true,S048,ok,/Users/newhosung/Library/CloudStorage/OneDrive-SharedLibraries-ThePennsylvaniaStateUniversity/AI Adoption Meta Analysis - Documents/Meta/AI Adoption/PDFs/S048.pdf,candidate_only_not_analytic_input_until_human_confirmed
likely_not_densifiable_one_construct_not_visible,ai_candidate_only_missing_pair_no_value_added,human_verify_construct_absence_before_excluding_pair,S048,PE-SE,PE,SE,21,24,355.0,,PE;performance expectancy;useful;usefulness,,correlation;correlations;fornell;larcker;latent;matrix;pearson;table,S048,true,S048_source_packet_20260609.txt,true,S048,ok,/Users/newhosung/Library/CloudStorage/OneDrive-SharedLibraries-ThePennsylvaniaStateUniversity/AI Adoption Meta Analysis - Documents/Meta/AI Adoption/PDFs/S048.pdf,candidate_only_not_analytic_input_until_human_confirmed
likely_not_densifiable_one_construct_not_visible,ai_candidate_only_missing_pair_no_value_added,human_verify_construct_absence_before_excluding_pair,S048,SE-SI,SE,SI,21,24,355.0,,,SI;social influence,correlation;correlations;fornell;larcker;latent;matrix;pearson;table,S048,true,S048_source_packet_20260609.txt,true,S048,ok,/Users/newhosung/Library/CloudStorage/OneDrive-SharedLibraries-ThePennsylvaniaStateUniversity/AI Adoption Meta Analysis - Documents/Meta/AI Adoption/PDFs/S048.pdf,candidate_only_not_analytic_input_until_human_confirmed
likely_not_densifiable_one_construct_not_visible,ai_candidate_only_missing_pair_no_value_added,human_verify_construct_absence_before_excluding_pair,S048,SE-TRU,SE,TRU,21,24,355.0,,,TRU;trust,correlation;correlations;fornell;larcker;latent;matrix;pearson;table,S048,true,S048_source_packet_20260609.txt,true,S048,ok,/Users/newhosung/Library/CloudStorage/OneDrive-SharedLibraries-ThePennsylvaniaStateUniversity/AI Adoption Meta Analysis - Documents/Meta/AI Adoption/PDFs/S048.pdf,candidate_only_not_analytic_input_until_human_confirmed
likely_not_densifiable_one_construct_not_visible,ai_candidate_only_missing_pair_no_value_added,human_verify_construct_absence_before_excluding_pair,S048,SE-UB,SE,UB,21,24,355.0,,,UB;actual use;usage behavior;usage behaviour;use;use behaviour,correlation;correlations;fornell;larcker;latent;matrix;pearson;table,S048,true,S048_source_packet_20260609.txt,true,S048,ok,/Users/newhosung/Library/CloudStorage/OneDrive-SharedLibraries-ThePennsylvaniaStateUniversity/AI Adoption Meta Analysis - Documents/Meta/AI Adoption/PDFs/S048.pdf,candidate_only_not_analytic_input_until_human_confirmed
possible_densification_source_review_candidate,ai_candidate_only_missing_pair_no_value_added,human_check_source_table_for_missing_pair_value,S048,SI-UB,SI,UB,21,24,355.0,,SI;social influence,UB;actual use;usage behavior;usage behaviour;use;use behaviour,correlation;correlations;fornell;larcker;latent;matrix;pearson;table,S048,true,S048_source_packet_20260609.txt,true,S048,ok,/Users/newhosung/Library/CloudStorage/OneDrive-SharedLibraries-ThePennsylvaniaStateUniversity/AI Adoption Meta Analysis - Documents/Meta/AI Adoption/PDFs/S048.pdf,candidate_only_not_analytic_input_until_human_confirmed
possible_densification_source_review_candidate,ai_candidate_only_missing_pair_no_value_added,human_check_source_table_for_missing_pair_value,S048,TRU-UB,TRU,UB,21,24,355.0,,TRU;trust,UB;actual use;usage behavior;usage behaviour;use;use behaviour,correlation;correlations;fornell;larcker;latent;matrix;pearson;table,S048,true,S048_source_packet_20260609.txt,true,S048,ok,/Users/newhosung/Library/CloudStorage/OneDrive-SharedLibraries-ThePennsylvaniaStateUniversity/AI Adoption Meta Analysis - Documents/Meta/AI Adoption/PDFs/S048.pdf,candidate_only_not_analytic_input_until_human_confirmed
likely_not_densifiable_one_construct_not_visible,ai_candidate_only_missing_pair_no_value_added,human_verify_construct_absence_before_excluding_pair,S051,ANX-ATT,ANX,ATT,21,24,524.0,,,attitudes,correlations;latent;table,S051,true,S051_source_packet_20260609.txt,true,S051,ok,/Users/newhosung/Library/CloudStorage/OneDrive-SharedLibraries-ThePennsylvaniaStateUniversity/AI Adoption Meta Analysis - Documents/Meta/AI Adoption/PDFs/S051.pdf,candidate_only_not_analytic_input_until_human_confirmed
likely_not_densifiable_construct_pair_not_visible,ai_candidate_only_missing_pair_no_value_added,human_verify_construct_absence_or mapping mismatch,S051,ANX-SE,ANX,SE,21,24,524.0,,,,correlations;latent;table,S051,true,S051_source_packet_20260609.txt,true,S051,ok,/Users/newhosung/Library/CloudStorage/OneDrive-SharedLibraries-ThePennsylvaniaStateUniversity/AI Adoption Meta Analysis - Documents/Meta/AI Adoption/PDFs/S051.pdf,candidate_only_not_analytic_input_until_human_confirmed
likely_not_densifiable_one_construct_not_visible,ai_candidate_only_missing_pair_no_value_added,human_verify_construct_absence_before_excluding_pair,S051,ANX-TRU,ANX,TRU,21,24,524.0,,,trust,correlations;latent;table,S051,true,S051_source_packet_20260609.txt,true,S051,ok,/Users/newhosung/Library/CloudStorage/OneDrive-SharedLibraries-ThePennsylvaniaStateUniversity/AI Adoption Meta Analysis - Documents/Meta/AI Adoption/PDFs/S051.pdf,candidate_only_not_analytic_input_until_human_confirmed
possible_densification_source_review_candidate,ai_candidate_only_missing_pair_no_value_added,human_check_source_table_for_missing_pair_value,S051,ATT-BI,ATT,BI,21,24,524.0,,attitudes,BI;behavioral intention;intention to use;usage intention,correlations;latent;table,S051,true,S051_source_packet_20260609.txt,true,S051,ok,/Users/newhosung/Library/CloudStorage/OneDrive-SharedLibraries-ThePennsylvaniaStateUniversity/AI Adoption Meta Analysis - Documents/Meta/AI Adoption/PDFs/S051.pdf,candidate_only_not_analytic_input_until_human_confirmed
possible_densification_source_review_candidate,ai_candidate_only_missing_pair_no_value_added,human_check_source_table_for_missing_pair_value,S051,ATT-EE,ATT,EE,21,24,524.0,,attitudes,EE;ease of use;effort expectancy;perceived ease of use,correlations;latent;table,S051,true,S051_source_packet_20260609.txt,true,S051,ok,/Users/newhosung/Library/CloudStorage/OneDrive-SharedLibraries-ThePennsylvaniaStateUniversity/AI Adoption Meta Analysis - Documents/Meta/AI Adoption/PDFs/S051.pdf,candidate_only_not_analytic_input_until_human_confirmed
possible_densification_source_review_candidate,ai_candidate_only_missing_pair_no_value_added,human_check_source_table_for_missing_pair_value,S051,ATT-FC,ATT,FC,21,24,524.0,,attitudes,FC;facilitating;facilitating conditions;resources;support,correlations;latent;table,S051,true,S051_source_packet_20260609.txt,true,S051,ok,/Users/newhosung/Library/CloudStorage/OneDrive-SharedLibraries-ThePennsylvaniaStateUniversity/AI Adoption Meta Analysis - Documents/Meta/AI Adoption/PDFs/S051.pdf,candidate_only_not_analytic_input_until_human_confirmed
possible_densification_source_review_candidate,ai_candidate_only_missing_pair_no_value_added,human_check_source_table_for_missing_pair_value,S051,ATT-PE,ATT,PE,21,24,524.0,,attitudes,PE;perceived usefulness;performance expectancy;usefulness,correlations;latent;table,S051,true,S051_source_packet_20260609.txt,true,S051,ok,/Users/newhosung/Library/CloudStorage/OneDrive-SharedLibraries-ThePennsylvaniaStateUniversity/AI Adoption Meta Analysis - Documents/Meta/AI Adoption/PDFs/S051.pdf,candidate_only_not_analytic_input_until_human_confirmed
likely_not_densifiable_one_construct_not_visible,ai_candidate_only_missing_pair_no_value_added,human_verify_construct_absence_before_excluding_pair,S051,ATT-SE,ATT,SE,21,24,524.0,,attitudes,,correlations;latent;table,S051,true,S051_source_packet_20260609.txt,true,S051,ok,/Users/newhosung/Library/CloudStorage/OneDrive-SharedLibraries-ThePennsylvaniaStateUniversity/AI Adoption Meta Analysis - Documents/Meta/AI Adoption/PDFs/S051.pdf,candidate_only_not_analytic_input_until_human_confirmed
possible_densification_source_review_candidate,ai_candidate_only_missing_pair_no_value_added,human_check_source_table_for_missing_pair_value,S051,ATT-SI,ATT,SI,21,24,524.0,,attitudes,SI;social influence,correlations;latent;table,S051,true,S051_source_packet_20260609.txt,true,S051,ok,/Users/newhosung/Library/CloudStorage/OneDrive-SharedLibraries-ThePennsylvaniaStateUniversity/AI Adoption Meta Analysis - Documents/Meta/AI Adoption/PDFs/S051.pdf,candidate_only_not_analytic_input_until_human_confirmed
possible_densification_source_review_candidate,ai_candidate_only_missing_pair_no_value_added,human_check_source_table_for_missing_pair_value,S051,ATT-TRU,ATT,TRU,21,24,524.0,,attitudes,trust,correlations;latent;table,S051,true,S051_source_packet_20260609.txt,true,S051,ok,/Users/newhosung/Library/CloudStorage/OneDrive-SharedLibraries-ThePennsylvaniaStateUniversity/AI Adoption Meta Analysis - Documents/Meta/AI Adoption/PDFs/S051.pdf,candidate_only_not_analytic_input_until_human_confirmed
possible_densification_source_review_candidate,ai_candidate_only_missing_pair_no_value_added,human_check_source_table_for_missing_pair_value,S051,ATT-UB,ATT,UB,21,24,524.0,,attitudes,UB;usage behavior;use,correlations;latent;table,S051,true,S051_source_packet_20260609.txt,true,S051,ok,/Users/newhosung/Library/CloudStorage/OneDrive-SharedLibraries-ThePennsylvaniaStateUniversity/AI Adoption Meta Analysis - Documents/Meta/AI Adoption/PDFs/S051.pdf,candidate_only_not_analytic_input_until_human_confirmed
likely_not_densifiable_one_construct_not_visible,ai_candidate_only_missing_pair_no_value_added,human_verify_construct_absence_before_excluding_pair,S051,BI-SE,BI,SE,21,24,524.0,,BI;behavioral intention;intention to use;usage intention,,correlations;latent;table,S051,true,S051_source_packet_20260609.txt,true,S051,ok,/Users/newhosung/Library/CloudStorage/OneDrive-SharedLibraries-ThePennsylvaniaStateUniversity/AI Adoption Meta Analysis - Documents/Meta/AI Adoption/PDFs/S051.pdf,candidate_only_not_analytic_input_until_human_confirmed
possible_densification_source_review_candidate,ai_candidate_only_missing_pair_no_value_added,human_check_source_table_for_missing_pair_value,S051,BI-TRU,BI,TRU,21,24,524.0,,BI;behavioral intention;intention to use;usage intention,trust,correlations;latent;table,S051,true,S051_source_packet_20260609.txt,true,S051,ok,/Users/newhosung/Library/CloudStorage/OneDrive-SharedLibraries-ThePennsylvaniaStateUniversity/AI Adoption Meta Analysis - Documents/Meta/AI Adoption/PDFs/S051.pdf,candidate_only_not_analytic_input_until_human_confirmed
likely_not_densifiable_one_construct_not_visible,ai_candidate_only_missing_pair_no_value_added,human_verify_construct_absence_before_excluding_pair,S051,EE-SE,EE,SE,21,24,524.0,,EE;ease of use;effort expectancy;perceived ease of use,,correlations;latent;table,S051,true,S051_source_packet_20260609.txt,true,S051,ok,/Users/newhosung/Library/CloudStorage/OneDrive-SharedLibraries-ThePennsylvaniaStateUniversity/AI Adoption Meta Analysis - Documents/Meta/AI Adoption/PDFs/S051.pdf,candidate_only_not_analytic_input_until_human_confirmed
possible_densification_source_review_candidate,ai_candidate_only_missing_pair_no_value_added,human_check_source_table_for_missing_pair_value,S051,EE-TRU,EE,TRU,21,24,524.0,,EE;ease of use;effort expectancy;perceived ease of use,trust,correlations;latent;table,S051,true,S051_source_packet_20260609.txt,true,S051,ok,/Users/newhosung/Library/CloudStorage/OneDrive-SharedLibraries-ThePennsylvaniaStateUniversity/AI Adoption Meta Analysis - Documents/Meta/AI Adoption/PDFs/S051.pdf,candidate_only_not_analytic_input_until_human_confirmed
likely_not_densifiable_one_construct_not_visible,ai_candidate_only_missing_pair_no_value_added,human_verify_construct_absence_before_excluding_pair,S051,FC-SE,FC,SE,21,24,524.0,,FC;facilitating;facilitating conditions;resources;support,,correlations;latent;table,S051,true,S051_source_packet_20260609.txt,true,S051,ok,/Users/newhosung/Library/CloudStorage/OneDrive-SharedLibraries-ThePennsylvaniaStateUniversity/AI Adoption Meta Analysis - Documents/Meta/AI Adoption/PDFs/S051.pdf,candidate_only_not_analytic_input_until_human_confirmed
possible_densification_source_review_candidate,ai_candidate_only_missing_pair_no_value_added,human_check_source_table_for_missing_pair_value,S051,FC-TRU,FC,TRU,21,24,524.0,,FC;facilitating;facilitating conditions;resources;support,trust,correlations;latent;table,S051,true,S051_source_packet_20260609.txt,true,S051,ok,/Users/newhosung/Library/CloudStorage/OneDrive-SharedLibraries-ThePennsylvaniaStateUniversity/AI Adoption Meta Analysis - Documents/Meta/AI Adoption/PDFs/S051.pdf,candidate_only_not_analytic_input_until_human_confirmed
likely_not_densifiable_one_construct_not_visible,ai_candidate_only_missing_pair_no_value_added,human_verify_construct_absence_before_excluding_pair,S051,PE-SE,PE,SE,21,24,524.0,,PE;perceived usefulness;performance expectancy;usefulness,,correlations;latent;table,S051,true,S051_source_packet_20260609.txt,true,S051,ok,/Users/newhosung/Library/CloudStorage/OneDrive-SharedLibraries-ThePennsylvaniaStateUniversity/AI Adoption Meta Analysis - Documents/Meta/AI Adoption/PDFs/S051.pdf,candidate_only_not_analytic_input_until_human_confirmed
possible_densification_source_review_candidate,ai_candidate_only_missing_pair_no_value_added,human_check_source_table_for_missing_pair_value,S051,PE-TRU,PE,TRU,21,24,524.0,,PE;perceived usefulness;performance expectancy;usefulness,trust,correlations;latent;table,S051,true,S051_source_packet_20260609.txt,true,S051,ok,/Users/newhosung/Library/CloudStorage/OneDrive-SharedLibraries-ThePennsylvaniaStateUniversity/AI Adoption Meta Analysis - Documents/Meta/AI Adoption/PDFs/S051.pdf,candidate_only_not_analytic_input_until_human_confirmed
likely_not_densifiable_one_construct_not_visible,ai_candidate_only_missing_pair_no_value_added,human_verify_construct_absence_before_excluding_pair,S051,SE-SI,SE,SI,21,24,524.0,,,SI;social influence,correlations;latent;table,S051,true,S051_source_packet_20260609.txt,true,S051,ok,/Users/newhosung/Library/CloudStorage/OneDrive-SharedLibraries-ThePennsylvaniaStateUniversity/AI Adoption Meta Analysis - Documents/Meta/AI Adoption/PDFs/S051.pdf,candidate_only_not_analytic_input_until_human_confirmed
likely_not_densifiable_one_construct_not_visible,ai_candidate_only_missing_pair_no_value_added,human_verify_construct_absence_before_excluding_pair,S051,SE-TRU,SE,TRU,21,24,524.0,,,trust,correlations;latent;table,S051,true,S051_source_packet_20260609.txt,true,S051,ok,/Users/newhosung/Library/CloudStorage/OneDrive-SharedLibraries-ThePennsylvaniaStateUniversity/AI Adoption Meta Analysis - Documents/Meta/AI Adoption/PDFs/S051.pdf,candidate_only_not_analytic_input_until_human_confirmed
likely_not_densifiable_one_construct_not_visible,ai_candidate_only_missing_pair_no_value_added,human_verify_construct_absence_before_excluding_pair,S051,SE-UB,SE,UB,21,24,524.0,,,UB;usage behavior;use,correlations;latent;table,S051,true,S051_source_packet_20260609.txt,true,S051,ok,/Users/newhosung/Library/CloudStorage/OneDrive-SharedLibraries-ThePennsylvaniaStateUniversity/AI Adoption Meta Analysis - Documents/Meta/AI Adoption/PDFs/S051.pdf,candidate_only_not_analytic_input_until_human_confirmed
possible_densification_source_review_candidate,ai_candidate_only_missing_pair_no_value_added,human_check_source_table_for_missing_pair_value,S051,SI-TRU,SI,TRU,21,24,524.0,,SI;social influence,trust,correlations;latent;table,S051,true,S051_source_packet_20260609.txt,true,S051,ok,/Users/newhosung/Library/CloudStorage/OneDrive-SharedLibraries-ThePennsylvaniaStateUniversity/AI Adoption Meta Analysis - Documents/Meta/AI Adoption/PDFs/S051.pdf,candidate_only_not_analytic_input_until_human_confirmed
possible_densification_source_review_candidate,ai_candidate_only_missing_pair_no_value_added,human_check_source_table_for_missing_pair_value,S051,TRU-UB,TRU,UB,21,24,524.0,,trust,UB;usage behavior;use,correlations;latent;table,S051,true,S051_source_packet_20260609.txt,true,S051,ok,/Users/newhosung/Library/CloudStorage/OneDrive-SharedLibraries-ThePennsylvaniaStateUniversity/AI Adoption Meta Analysis - Documents/Meta/AI Adoption/PDFs/S051.pdf,candidate_only_not_analytic_input_until_human_confirmed
possible_densification_source_review_candidate,ai_candidate_only_missing_pair_no_value_added,human_check_source_table_for_missing_pair_value,S055,ANX-ATT,ANX,ATT,21,24,486.0,,fear,ATT;attitude;attitudes,correlation;fornell;larcker;latent;pearson;table,S055,true,S055_source_packet_20260609.txt,true,S055,ok,/Users/newhosung/Library/CloudStorage/OneDrive-SharedLibraries-ThePennsylvaniaStateUniversity/AI Adoption Meta Analysis - Documents/Meta/AI Adoption/PDFs/S055.pdf,candidate_only_not_analytic_input_until_human_confirmed
possible_densification_source_review_candidate,ai_candidate_only_missing_pair_no_value_added,human_check_source_table_for_missing_pair_value,S055,ANX-BI,ANX,BI,21,24,486.0,,fear,BI;behavioural intention;intention to use;usage intention,correlation;fornell;larcker;latent;pearson;table,S055,true,S055_source_packet_20260609.txt,true,S055,ok,/Users/newhosung/Library/CloudStorage/OneDrive-SharedLibraries-ThePennsylvaniaStateUniversity/AI Adoption Meta Analysis - Documents/Meta/AI Adoption/PDFs/S055.pdf,candidate_only_not_analytic_input_until_human_confirmed
possible_densification_source_review_candidate,ai_candidate_only_missing_pair_no_value_added,human_check_source_table_for_missing_pair_value,S055,ANX-EE,ANX,EE,21,24,486.0,,fear,EE;easy to use;effort expectancy,correlation;fornell;larcker;latent;pearson;table,S055,true,S055_source_packet_20260609.txt,true,S055,ok,/Users/newhosung/Library/CloudStorage/OneDrive-SharedLibraries-ThePennsylvaniaStateUniversity/AI Adoption Meta Analysis - Documents/Meta/AI Adoption/PDFs/S055.pdf,candidate_only_not_analytic_input_until_human_confirmed
possible_densification_source_review_candidate,ai_candidate_only_missing_pair_no_value_added,human_check_source_table_for_missing_pair_value,S055,ANX-FC,ANX,FC,21,24,486.0,,fear,FC;facilitating;facilitating condition;facilitating conditions;resources;support,correlation;fornell;larcker;latent;pearson;table,S055,true,S055_source_packet_20260609.txt,true,S055,ok,/Users/newhosung/Library/CloudStorage/OneDrive-SharedLibraries-ThePennsylvaniaStateUniversity/AI Adoption Meta Analysis - Documents/Meta/AI Adoption/PDFs/S055.pdf,candidate_only_not_analytic_input_until_human_confirmed
possible_densification_source_review_candidate,ai_candidate_only_missing_pair_no_value_added,human_check_source_table_for_missing_pair_value,S055,ANX-PE,ANX,PE,21,24,486.0,,fear,PE;performance expectancy;useful;usefulness,correlation;fornell;larcker;latent;pearson;table,S055,true,S055_source_packet_20260609.txt,true,S055,ok,/Users/newhosung/Library/CloudStorage/OneDrive-SharedLibraries-ThePennsylvaniaStateUniversity/AI Adoption Meta Analysis - Documents/Meta/AI Adoption/PDFs/S055.pdf,candidate_only_not_analytic_input_until_human_confirmed
possible_densification_source_review_candidate,ai_candidate_only_missing_pair_no_value_added,human_check_source_table_for_missing_pair_value,S055,ANX-SE,ANX,SE,21,24,486.0,,fear,efficacy,correlation;fornell;larcker;latent;pearson;table,S055,true,S055_source_packet_20260609.txt,true,S055,ok,/Users/newhosung/Library/CloudStorage/OneDrive-SharedLibraries-ThePennsylvaniaStateUniversity/AI Adoption Meta Analysis - Documents/Meta/AI Adoption/PDFs/S055.pdf,candidate_only_not_analytic_input_until_human_confirmed
possible_densification_source_review_candidate,ai_candidate_only_missing_pair_no_value_added,human_check_source_table_for_missing_pair_value,S055,ANX-SI,ANX,SI,21,24,486.0,,fear,SI;social influence,correlation;fornell;larcker;latent;pearson;table,S055,true,S055_source_packet_20260609.txt,true,S055,ok,/Users/newhosung/Library/CloudStorage/OneDrive-SharedLibraries-ThePennsylvaniaStateUniversity/AI Adoption Meta Analysis - Documents/Meta/AI Adoption/PDFs/S055.pdf,candidate_only_not_analytic_input_until_human_confirmed
possible_densification_source_review_candidate,ai_candidate_only_missing_pair_no_value_added,human_check_source_table_for_missing_pair_value,S055,ANX-TRU,ANX,TRU,21,24,486.0,,fear,trust,correlation;fornell;larcker;latent;pearson;table,S055,true,S055_source_packet_20260609.txt,true,S055,ok,/Users/newhosung/Library/CloudStorage/OneDrive-SharedLibraries-ThePennsylvaniaStateUniversity/AI Adoption Meta Analysis - Documents/Meta/AI Adoption/PDFs/S055.pdf,candidate_only_not_analytic_input_until_human_confirmed
possible_densification_source_review_candidate,ai_candidate_only_missing_pair_no_value_added,human_check_source_table_for_missing_pair_value,S055,ANX-UB,ANX,UB,21,24,486.0,,fear,UB;actual use;usage behaviour;use;use behavior;use behaviour,correlation;fornell;larcker;latent;pearson;table,S055,true,S055_source_packet_20260609.txt,true,S055,ok,/Users/newhosung/Library/CloudStorage/OneDrive-SharedLibraries-ThePennsylvaniaStateUniversity/AI Adoption Meta Analysis - Documents/Meta/AI Adoption/PDFs/S055.pdf,candidate_only_not_analytic_input_until_human_confirmed
possible_densification_source_review_candidate,ai_candidate_only_missing_pair_no_value_added,human_check_source_table_for_missing_pair_value,S055,ATT-SE,ATT,SE,21,24,486.0,,ATT;attitude;attitudes,efficacy,correlation;fornell;larcker;latent;pearson;table,S055,true,S055_source_packet_20260609.txt,true,S055,ok,/Users/newhosung/Library/CloudStorage/OneDrive-SharedLibraries-ThePennsylvaniaStateUniversity/AI Adoption Meta Analysis - Documents/Meta/AI Adoption/PDFs/S055.pdf,candidate_only_not_analytic_input_until_human_confirmed
possible_densification_source_review_candidate,ai_candidate_only_missing_pair_no_value_added,human_check_source_table_for_missing_pair_value,S055,ATT-TRU,ATT,TRU,21,24,486.0,,ATT;attitude;attitudes,trust,correlation;fornell;larcker;latent;pearson;table,S055,true,S055_source_packet_20260609.txt,true,S055,ok,/Users/newhosung/Library/CloudStorage/OneDrive-SharedLibraries-ThePennsylvaniaStateUniversity/AI Adoption Meta Analysis - Documents/Meta/AI Adoption/PDFs/S055.pdf,candidate_only_not_analytic_input_until_human_confirmed
possible_densification_source_review_candidate,ai_candidate_only_missing_pair_no_value_added,human_check_source_table_for_missing_pair_value,S055,BI-SE,BI,SE,21,24,486.0,,BI;behavioural intention;intention to use;usage intention,efficacy,correlation;fornell;larcker;latent;pearson;table,S055,true,S055_source_packet_20260609.txt,true,S055,ok,/Users/newhosung/Library/CloudStorage/OneDrive-SharedLibraries-ThePennsylvaniaStateUniversity/AI Adoption Meta Analysis - Documents/Meta/AI Adoption/PDFs/S055.pdf,candidate_only_not_analytic_input_until_human_confirmed
possible_densification_source_review_candidate,ai_candidate_only_missing_pair_no_value_added,human_check_source_table_for_missing_pair_value,S055,BI-TRU,BI,TRU,21,24,486.0,,BI;behavioural intention;intention to use;usage intention,trust,correlation;fornell;larcker;latent;pearson;table,S055,true,S055_source_packet_20260609.txt,true,S055,ok,/Users/newhosung/Library/CloudStorage/OneDrive-SharedLibraries-ThePennsylvaniaStateUniversity/AI Adoption Meta Analysis - Documents/Meta/AI Adoption/PDFs/S055.pdf,candidate_only_not_analytic_input_until_human_confirmed
possible_densification_source_review_candidate,ai_candidate_only_missing_pair_no_value_added,human_check_source_table_for_missing_pair_value,S055,EE-SE,EE,SE,21,24,486.0,,EE;easy to use;effort expectancy,efficacy,correlation;fornell;larcker;latent;pearson;table,S055,true,S055_source_packet_20260609.txt,true,S055,ok,/Users/newhosung/Library/CloudStorage/OneDrive-SharedLibraries-ThePennsylvaniaStateUniversity/AI Adoption Meta Analysis - Documents/Meta/AI Adoption/PDFs/S055.pdf,candidate_only_not_analytic_input_until_human_confirmed
possible_densification_source_review_candidate,ai_candidate_only_missing_pair_no_value_added,human_check_source_table_for_missing_pair_value,S055,EE-TRU,EE,TRU,21,24,486.0,,EE;easy to use;effort expectancy,trust,correlation;fornell;larcker;latent;pearson;table,S055,true,S055_source_packet_20260609.txt,true,S055,ok,/Users/newhosung/Library/CloudStorage/OneDrive-SharedLibraries-ThePennsylvaniaStateUniversity/AI Adoption Meta Analysis - Documents/Meta/AI Adoption/PDFs/S055.pdf,candidate_only_not_analytic_input_until_human_confirmed
possible_densification_source_review_candidate,ai_candidate_only_missing_pair_no_value_added,human_check_source_table_for_missing_pair_value,S055,FC-SE,FC,SE,21,24,486.0,,FC;facilitating;facilitating condition;facilitating conditions;resources;support,efficacy,correlation;fornell;larcker;latent;pearson;table,S055,true,S055_source_packet_20260609.txt,true,S055,ok,/Users/newhosung/Library/CloudStorage/OneDrive-SharedLibraries-ThePennsylvaniaStateUniversity/AI Adoption Meta Analysis - Documents/Meta/AI Adoption/PDFs/S055.pdf,candidate_only_not_analytic_input_until_human_confirmed
possible_densification_source_review_candidate,ai_candidate_only_missing_pair_no_value_added,human_check_source_table_for_missing_pair_value,S055,FC-TRU,FC,TRU,21,24,486.0,,FC;facilitating;facilitating condition;facilitating conditions;resources;support,trust,correlation;fornell;larcker;latent;pearson;table,S055,true,S055_source_packet_20260609.txt,true,S055,ok,/Users/newhosung/Library/CloudStorage/OneDrive-SharedLibraries-ThePennsylvaniaStateUniversity/AI Adoption Meta Analysis - Documents/Meta/AI Adoption/PDFs/S055.pdf,candidate_only_not_analytic_input_until_human_confirmed
possible_densification_source_review_candidate,ai_candidate_only_missing_pair_no_value_added,human_check_source_table_for_missing_pair_value,S055,PE-SE,PE,SE,21,24,486.0,,PE;performance expectancy;useful;usefulness,efficacy,correlation;fornell;larcker;latent;pearson;table,S055,true,S055_source_packet_20260609.txt,true,S055,ok,/Users/newhosung/Library/CloudStorage/OneDrive-SharedLibraries-ThePennsylvaniaStateUniversity/AI Adoption Meta Analysis - Documents/Meta/AI Adoption/PDFs/S055.pdf,candidate_only_not_analytic_input_until_human_confirmed
possible_densification_source_review_candidate,ai_candidate_only_missing_pair_no_value_added,human_check_source_table_for_missing_pair_value,S055,PE-TRU,PE,TRU,21,24,486.0,,PE;performance expectancy;useful;usefulness,trust,correlation;fornell;larcker;latent;pearson;table,S055,true,S055_source_packet_20260609.txt,true,S055,ok,/Users/newhosung/Library/CloudStorage/OneDrive-SharedLibraries-ThePennsylvaniaStateUniversity/AI Adoption Meta Analysis - Documents/Meta/AI Adoption/PDFs/S055.pdf,candidate_only_not_analytic_input_until_human_confirmed
possible_densification_source_review_candidate,ai_candidate_only_missing_pair_no_value_added,human_check_source_table_for_missing_pair_value,S055,SE-SI,SE,SI,21,24,486.0,,efficacy,SI;social influence,correlation;fornell;larcker;latent;pearson;table,S055,true,S055_source_packet_20260609.txt,true,S055,ok,/Users/newhosung/Library/CloudStorage/OneDrive-SharedLibraries-ThePennsylvaniaStateUniversity/AI Adoption Meta Analysis - Documents/Meta/AI Adoption/PDFs/S055.pdf,candidate_only_not_analytic_input_until_human_confirmed
possible_densification_source_review_candidate,ai_candidate_only_missing_pair_no_value_added,human_check_source_table_for_missing_pair_value,S055,SE-TRU,SE,TRU,21,24,486.0,,efficacy,trust,correlation;fornell;larcker;latent;pearson;table,S055,true,S055_source_packet_20260609.txt,true,S055,ok,/Users/newhosung/Library/CloudStorage/OneDrive-SharedLibraries-ThePennsylvaniaStateUniversity/AI Adoption Meta Analysis - Documents/Meta/AI Adoption/PDFs/S055.pdf,candidate_only_not_analytic_input_until_human_confirmed
possible_densification_source_review_candidate,ai_candidate_only_missing_pair_no_value_added,human_check_source_table_for_missing_pair_value,S055,SE-UB,SE,UB,21,24,486.0,,efficacy,UB;actual use;usage behaviour;use;use behavior;use behaviour,correlation;fornell;larcker;latent;pearson;table,S055,true,S055_source_packet_20260609.txt,true,S055,ok,/Users/newhosung/Library/CloudStorage/OneDrive-SharedLibraries-ThePennsylvaniaStateUniversity/AI Adoption Meta Analysis - Documents/Meta/AI Adoption/PDFs/S055.pdf,candidate_only_not_analytic_input_until_human_confirmed
possible_densification_source_review_candidate,ai_candidate_only_missing_pair_no_value_added,human_check_source_table_for_missing_pair_value,S055,SI-TRU,SI,TRU,21,24,486.0,,SI;social influence,trust,correlation;fornell;larcker;latent;pearson;table,S055,true,S055_source_packet_20260609.txt,true,S055,ok,/Users/newhosung/Library/CloudStorage/OneDrive-SharedLibraries-ThePennsylvaniaStateUniversity/AI Adoption Meta Analysis - Documents/Meta/AI Adoption/PDFs/S055.pdf,candidate_only_not_analytic_input_until_human_confirmed
possible_densification_source_review_candidate,ai_candidate_only_missing_pair_no_value_added,human_check_source_table_for_missing_pair_value,S055,TRU-UB,TRU,UB,21,24,486.0,,trust,UB;actual use;usage behaviour;use;use behavior;use behaviour,correlation;fornell;larcker;latent;pearson;table,S055,true,S055_source_packet_20260609.txt,true,S055,ok,/Users/newhosung/Library/CloudStorage/OneDrive-SharedLibraries-ThePennsylvaniaStateUniversity/AI Adoption Meta Analysis - Documents/Meta/AI Adoption/PDFs/S055.pdf,candidate_only_not_analytic_input_until_human_confirmed
possible_densification_source_review_candidate,ai_candidate_only_missing_pair_no_value_added,human_check_source_table_for_missing_pair_value,S086,ANX-ATT,ANX,ATT,21,24,235.0,,anxiety;fear,attitude;attitude toward;attitudes,correlation;correlations;latent;matrix;pearson;table,S086,true,S086_source_packet_20260609.txt,true,S086,ok,/Users/newhosung/Library/CloudStorage/OneDrive-SharedLibraries-ThePennsylvaniaStateUniversity/AI Adoption Meta Analysis - Documents/Meta/AI Adoption/PDFs/S086.pdf,candidate_only_not_analytic_input_until_human_confirmed
possible_densification_source_review_candidate,ai_candidate_only_missing_pair_no_value_added,human_check_source_table_for_missing_pair_value,S086,ANX-BI,ANX,BI,21,24,235.0,,anxiety;fear,BI;behavioral intention;intention to use,correlation;correlations;latent;matrix;pearson;table,S086,true,S086_source_packet_20260609.txt,true,S086,ok,/Users/newhosung/Library/CloudStorage/OneDrive-SharedLibraries-ThePennsylvaniaStateUniversity/AI Adoption Meta Analysis - Documents/Meta/AI Adoption/PDFs/S086.pdf,candidate_only_not_analytic_input_until_human_confirmed
possible_densification_source_review_candidate,ai_candidate_only_missing_pair_no_value_added,human_check_source_table_for_missing_pair_value,S086,ANX-EE,ANX,EE,21,24,235.0,,anxiety;fear,EE;ease of use;easy to use;effort expectancy,correlation;correlations;latent;matrix;pearson;table,S086,true,S086_source_packet_20260609.txt,true,S086,ok,/Users/newhosung/Library/CloudStorage/OneDrive-SharedLibraries-ThePennsylvaniaStateUniversity/AI Adoption Meta Analysis - Documents/Meta/AI Adoption/PDFs/S086.pdf,candidate_only_not_analytic_input_until_human_confirmed
possible_densification_source_review_candidate,ai_candidate_only_missing_pair_no_value_added,human_check_source_table_for_missing_pair_value,S086,ANX-FC,ANX,FC,21,24,235.0,,anxiety;fear,FC;facilitating;facilitating conditions;resources;support,correlation;correlations;latent;matrix;pearson;table,S086,true,S086_source_packet_20260609.txt,true,S086,ok,/Users/newhosung/Library/CloudStorage/OneDrive-SharedLibraries-ThePennsylvaniaStateUniversity/AI Adoption Meta Analysis - Documents/Meta/AI Adoption/PDFs/S086.pdf,candidate_only_not_analytic_input_until_human_confirmed
possible_densification_source_review_candidate,ai_candidate_only_missing_pair_no_value_added,human_check_source_table_for_missing_pair_value,S086,ANX-PE,ANX,PE,21,24,235.0,,anxiety;fear,PE;perceived usefulness;performance expectancy;useful;usefulness,correlation;correlations;latent;matrix;pearson;table,S086,true,S086_source_packet_20260609.txt,true,S086,ok,/Users/newhosung/Library/CloudStorage/OneDrive-SharedLibraries-ThePennsylvaniaStateUniversity/AI Adoption Meta Analysis - Documents/Meta/AI Adoption/PDFs/S086.pdf,candidate_only_not_analytic_input_until_human_confirmed
likely_not_densifiable_one_construct_not_visible,ai_candidate_only_missing_pair_no_value_added,human_verify_construct_absence_before_excluding_pair,S086,ANX-SE,ANX,SE,21,24,235.0,,anxiety;fear,,correlation;correlations;latent;matrix;pearson;table,S086,true,S086_source_packet_20260609.txt,true,S086,ok,/Users/newhosung/Library/CloudStorage/OneDrive-SharedLibraries-ThePennsylvaniaStateUniversity/AI Adoption Meta Analysis - Documents/Meta/AI Adoption/PDFs/S086.pdf,candidate_only_not_analytic_input_until_human_confirmed
possible_densification_source_review_candidate,ai_candidate_only_missing_pair_no_value_added,human_check_source_table_for_missing_pair_value,S086,ANX-SI,ANX,SI,21,24,235.0,,anxiety;fear,SI;social influence,correlation;correlations;latent;matrix;pearson;table,S086,true,S086_source_packet_20260609.txt,true,S086,ok,/Users/newhosung/Library/CloudStorage/OneDrive-SharedLibraries-ThePennsylvaniaStateUniversity/AI Adoption Meta Analysis - Documents/Meta/AI Adoption/PDFs/S086.pdf,candidate_only_not_analytic_input_until_human_confirmed
possible_densification_source_review_candidate,ai_candidate_only_missing_pair_no_value_added,human_check_source_table_for_missing_pair_value,S086,ANX-TRU,ANX,TRU,21,24,235.0,,anxiety;fear,TRU;trust,correlation;correlations;latent;matrix;pearson;table,S086,true,S086_source_packet_20260609.txt,true,S086,ok,/Users/newhosung/Library/CloudStorage/OneDrive-SharedLibraries-ThePennsylvaniaStateUniversity/AI Adoption Meta Analysis - Documents/Meta/AI Adoption/PDFs/S086.pdf,candidate_only_not_analytic_input_until_human_confirmed
possible_densification_source_review_candidate,ai_candidate_only_missing_pair_no_value_added,human_check_source_table_for_missing_pair_value,S086,ANX-UB,ANX,UB,21,24,235.0,,anxiety;fear,UB;usage behavior;use;use behavior,correlation;correlations;latent;matrix;pearson;table,S086,true,S086_source_packet_20260609.txt,true,S086,ok,/Users/newhosung/Library/CloudStorage/OneDrive-SharedLibraries-ThePennsylvaniaStateUniversity/AI Adoption Meta Analysis - Documents/Meta/AI Adoption/PDFs/S086.pdf,candidate_only_not_analytic_input_until_human_confirmed
possible_densification_source_review_candidate,ai_candidate_only_missing_pair_no_value_added,human_check_source_table_for_missing_pair_value,S086,ATT-BI,ATT,BI,21,24,235.0,,attitude;attitude toward;attitudes,BI;behavioral intention;intention to use,correlation;correlations;latent;matrix;pearson;table,S086,true,S086_source_packet_20260609.txt,true,S086,ok,/Users/newhosung/Library/CloudStorage/OneDrive-SharedLibraries-ThePennsylvaniaStateUniversity/AI Adoption Meta Analysis - Documents/Meta/AI Adoption/PDFs/S086.pdf,candidate_only_not_analytic_input_until_human_confirmed
possible_densification_source_review_candidate,ai_candidate_only_missing_pair_no_value_added,human_check_source_table_for_missing_pair_value,S086,ATT-EE,ATT,EE,21,24,235.0,,attitude;attitude toward;attitudes,EE;ease of use;easy to use;effort expectancy,correlation;correlations;latent;matrix;pearson;table,S086,true,S086_source_packet_20260609.txt,true,S086,ok,/Users/newhosung/Library/CloudStorage/OneDrive-SharedLibraries-ThePennsylvaniaStateUniversity/AI Adoption Meta Analysis - Documents/Meta/AI Adoption/PDFs/S086.pdf,candidate_only_not_analytic_input_until_human_confirmed
possible_densification_source_review_candidate,ai_candidate_only_missing_pair_no_value_added,human_check_source_table_for_missing_pair_value,S086,ATT-FC,ATT,FC,21,24,235.0,,attitude;attitude toward;attitudes,FC;facilitating;facilitating conditions;resources;support,correlation;correlations;latent;matrix;pearson;table,S086,true,S086_source_packet_20260609.txt,true,S086,ok,/Users/newhosung/Library/CloudStorage/OneDrive-SharedLibraries-ThePennsylvaniaStateUniversity/AI Adoption Meta Analysis - Documents/Meta/AI Adoption/PDFs/S086.pdf,candidate_only_not_analytic_input_until_human_confirmed
possible_densification_source_review_candidate,ai_candidate_only_missing_pair_no_value_added,human_check_source_table_for_missing_pair_value,S086,ATT-PE,ATT,PE,21,24,235.0,,attitude;attitude toward;attitudes,PE;perceived usefulness;performance expectancy;useful;usefulness,correlation;correlations;latent;matrix;pearson;table,S086,true,S086_source_packet_20260609.txt,true,S086,ok,/Users/newhosung/Library/CloudStorage/OneDrive-SharedLibraries-ThePennsylvaniaStateUniversity/AI Adoption Meta Analysis - Documents/Meta/AI Adoption/PDFs/S086.pdf,candidate_only_not_analytic_input_until_human_confirmed
likely_not_densifiable_one_construct_not_visible,ai_candidate_only_missing_pair_no_value_added,human_verify_construct_absence_before_excluding_pair,S086,ATT-SE,ATT,SE,21,24,235.0,,attitude;attitude toward;attitudes,,correlation;correlations;latent;matrix;pearson;table,S086,true,S086_source_packet_20260609.txt,true,S086,ok,/Users/newhosung/Library/CloudStorage/OneDrive-SharedLibraries-ThePennsylvaniaStateUniversity/AI Adoption Meta Analysis - Documents/Meta/AI Adoption/PDFs/S086.pdf,candidate_only_not_analytic_input_until_human_confirmed
possible_densification_source_review_candidate,ai_candidate_only_missing_pair_no_value_added,human_check_source_table_for_missing_pair_value,S086,ATT-SI,ATT,SI,21,24,235.0,,attitude;attitude toward;attitudes,SI;social influence,correlation;correlations;latent;matrix;pearson;table,S086,true,S086_source_packet_20260609.txt,true,S086,ok,/Users/newhosung/Library/CloudStorage/OneDrive-SharedLibraries-ThePennsylvaniaStateUniversity/AI Adoption Meta Analysis - Documents/Meta/AI Adoption/PDFs/S086.pdf,candidate_only_not_analytic_input_until_human_confirmed
possible_densification_source_review_candidate,ai_candidate_only_missing_pair_no_value_added,human_check_source_table_for_missing_pair_value,S086,ATT-TRU,ATT,TRU,21,24,235.0,,attitude;attitude toward;attitudes,TRU;trust,correlation;correlations;latent;matrix;pearson;table,S086,true,S086_source_packet_20260609.txt,true,S086,ok,/Users/newhosung/Library/CloudStorage/OneDrive-SharedLibraries-ThePennsylvaniaStateUniversity/AI Adoption Meta Analysis - Documents/Meta/AI Adoption/PDFs/S086.pdf,candidate_only_not_analytic_input_until_human_confirmed
possible_densification_source_review_candidate,ai_candidate_only_missing_pair_no_value_added,human_check_source_table_for_missing_pair_value,S086,ATT-UB,ATT,UB,21,24,235.0,,attitude;attitude toward;attitudes,UB;usage behavior;use;use behavior,correlation;correlations;latent;matrix;pearson;table,S086,true,S086_source_packet_20260609.txt,true,S086,ok,/Users/newhosung/Library/CloudStorage/OneDrive-SharedLibraries-ThePennsylvaniaStateUniversity/AI Adoption Meta Analysis - Documents/Meta/AI Adoption/PDFs/S086.pdf,candidate_only_not_analytic_input_until_human_confirmed
likely_not_densifiable_one_construct_not_visible,ai_candidate_only_missing_pair_no_value_added,human_verify_construct_absence_before_excluding_pair,S086,BI-SE,BI,SE,21,24,235.0,,BI;behavioral intention;intention to use,,correlation;correlations;latent;matrix;pearson;table,S086,true,S086_source_packet_20260609.txt,true,S086,ok,/Users/newhosung/Library/CloudStorage/OneDrive-SharedLibraries-ThePennsylvaniaStateUniversity/AI Adoption Meta Analysis - Documents/Meta/AI Adoption/PDFs/S086.pdf,candidate_only_not_analytic_input_until_human_confirmed
likely_not_densifiable_one_construct_not_visible,ai_candidate_only_missing_pair_no_value_added,human_verify_construct_absence_before_excluding_pair,S086,EE-SE,EE,SE,21,24,235.0,,EE;ease of use;easy to use;effort expectancy,,correlation;correlations;latent;matrix;pearson;table,S086,true,S086_source_packet_20260609.txt,true,S086,ok,/Users/newhosung/Library/CloudStorage/OneDrive-SharedLibraries-ThePennsylvaniaStateUniversity/AI Adoption Meta Analysis - Documents/Meta/AI Adoption/PDFs/S086.pdf,candidate_only_not_analytic_input_until_human_confirmed
likely_not_densifiable_one_construct_not_visible,ai_candidate_only_missing_pair_no_value_added,human_verify_construct_absence_before_excluding_pair,S086,FC-SE,FC,SE,21,24,235.0,,FC;facilitating;facilitating conditions;resources;support,,correlation;correlations;latent;matrix;pearson;table,S086,true,S086_source_packet_20260609.txt,true,S086,ok,/Users/newhosung/Library/CloudStorage/OneDrive-SharedLibraries-ThePennsylvaniaStateUniversity/AI Adoption Meta Analysis - Documents/Meta/AI Adoption/PDFs/S086.pdf,candidate_only_not_analytic_input_until_human_confirmed
likely_not_densifiable_one_construct_not_visible,ai_candidate_only_missing_pair_no_value_added,human_verify_construct_absence_before_excluding_pair,S086,PE-SE,PE,SE,21,24,235.0,,PE;perceived usefulness;performance expectancy;useful;usefulness,,correlation;correlations;latent;matrix;pearson;table,S086,true,S086_source_packet_20260609.txt,true,S086,ok,/Users/newhosung/Library/CloudStorage/OneDrive-SharedLibraries-ThePennsylvaniaStateUniversity/AI Adoption Meta Analysis - Documents/Meta/AI Adoption/PDFs/S086.pdf,candidate_only_not_analytic_input_until_human_confirmed
likely_not_densifiable_one_construct_not_visible,ai_candidate_only_missing_pair_no_value_added,human_verify_construct_absence_before_excluding_pair,S086,SE-SI,SE,SI,21,24,235.0,,,SI;social influence,correlation;correlations;latent;matrix;pearson;table,S086,true,S086_source_packet_20260609.txt,true,S086,ok,/Users/newhosung/Library/CloudStorage/OneDrive-SharedLibraries-ThePennsylvaniaStateUniversity/AI Adoption Meta Analysis - Documents/Meta/AI Adoption/PDFs/S086.pdf,candidate_only_not_analytic_input_until_human_confirmed
likely_not_densifiable_one_construct_not_visible,ai_candidate_only_missing_pair_no_value_added,human_verify_construct_absence_before_excluding_pair,S086,SE-TRU,SE,TRU,21,24,235.0,,,TRU;trust,correlation;correlations;latent;matrix;pearson;table,S086,true,S086_source_packet_20260609.txt,true,S086,ok,/Users/newhosung/Library/CloudStorage/OneDrive-SharedLibraries-ThePennsylvaniaStateUniversity/AI Adoption Meta Analysis - Documents/Meta/AI Adoption/PDFs/S086.pdf,candidate_only_not_analytic_input_until_human_confirmed
likely_not_densifiable_one_construct_not_visible,ai_candidate_only_missing_pair_no_value_added,human_verify_construct_absence_before_excluding_pair,S086,SE-UB,SE,UB,21,24,235.0,,,UB;usage behavior;use;use behavior,correlation;correlations;latent;matrix;pearson;table,S086,true,S086_source_packet_20260609.txt,true,S086,ok,/Users/newhosung/Library/CloudStorage/OneDrive-SharedLibraries-ThePennsylvaniaStateUniversity/AI Adoption Meta Analysis - Documents/Meta/AI Adoption/PDFs/S086.pdf,candidate_only_not_analytic_input_until_human_confirmed
possible_densification_source_review_candidate,ai_candidate_only_missing_pair_no_value_added,human_check_source_table_for_missing_pair_value,S088,ANX-ATT,ANX,ATT,21,24,353.0,,anxiety;anxious,attitude;attitudes,correlations;fornell;larcker;latent;table,S088,true,S088_source_packet_20260609.txt,true,S088,ok,/Users/newhosung/Library/CloudStorage/OneDrive-SharedLibraries-ThePennsylvaniaStateUniversity/AI Adoption Meta Analysis - Documents/Meta/AI Adoption/PDFs/S088.pdf,candidate_only_not_analytic_input_until_human_confirmed
possible_densification_source_review_candidate,ai_candidate_only_missing_pair_no_value_added,human_check_source_table_for_missing_pair_value,S088,ANX-BI,ANX,BI,21,24,353.0,,anxiety;anxious,BI;behavioral intention;intention to use,correlations;fornell;larcker;latent;table,S088,true,S088_source_packet_20260609.txt,true,S088,ok,/Users/newhosung/Library/CloudStorage/OneDrive-SharedLibraries-ThePennsylvaniaStateUniversity/AI Adoption Meta Analysis - Documents/Meta/AI Adoption/PDFs/S088.pdf,candidate_only_not_analytic_input_until_human_confirmed
possible_densification_source_review_candidate,ai_candidate_only_missing_pair_no_value_added,human_check_source_table_for_missing_pair_value,S088,ANX-EE,ANX,EE,21,24,353.0,,anxiety;anxious,EE;ease of use;easy to use;effort expectancy;perceived ease of use,correlations;fornell;larcker;latent;table,S088,true,S088_source_packet_20260609.txt,true,S088,ok,/Users/newhosung/Library/CloudStorage/OneDrive-SharedLibraries-ThePennsylvaniaStateUniversity/AI Adoption Meta Analysis - Documents/Meta/AI Adoption/PDFs/S088.pdf,candidate_only_not_analytic_input_until_human_confirmed
possible_densification_source_review_candidate,ai_candidate_only_missing_pair_no_value_added,human_check_source_table_for_missing_pair_value,S088,ANX-FC,ANX,FC,21,24,353.0,,anxiety;anxious,FC;facilitating;facilitating conditions;resources;support,correlations;fornell;larcker;latent;table,S088,true,S088_source_packet_20260609.txt,true,S088,ok,/Users/newhosung/Library/CloudStorage/OneDrive-SharedLibraries-ThePennsylvaniaStateUniversity/AI Adoption Meta Analysis - Documents/Meta/AI Adoption/PDFs/S088.pdf,candidate_only_not_analytic_input_until_human_confirmed
possible_densification_source_review_candidate,ai_candidate_only_missing_pair_no_value_added,human_check_source_table_for_missing_pair_value,S088,ANX-PE,ANX,PE,21,24,353.0,,anxiety;anxious,PE;perceived usefulness;performance expectancy;useful;usefulness,correlations;fornell;larcker;latent;table,S088,true,S088_source_packet_20260609.txt,true,S088,ok,/Users/newhosung/Library/CloudStorage/OneDrive-SharedLibraries-ThePennsylvaniaStateUniversity/AI Adoption Meta Analysis - Documents/Meta/AI Adoption/PDFs/S088.pdf,candidate_only_not_analytic_input_until_human_confirmed
possible_densification_source_review_candidate,ai_candidate_only_missing_pair_no_value_added,human_check_source_table_for_missing_pair_value,S088,ANX-SE,ANX,SE,21,24,353.0,,anxiety;anxious,SE,correlations;fornell;larcker;latent;table,S088,true,S088_source_packet_20260609.txt,true,S088,ok,/Users/newhosung/Library/CloudStorage/OneDrive-SharedLibraries-ThePennsylvaniaStateUniversity/AI Adoption Meta Analysis - Documents/Meta/AI Adoption/PDFs/S088.pdf,candidate_only_not_analytic_input_until_human_confirmed
possible_densification_source_review_candidate,ai_candidate_only_missing_pair_no_value_added,human_check_source_table_for_missing_pair_value,S088,ANX-SI,ANX,SI,21,24,353.0,,anxiety;anxious,SI;social influence,correlations;fornell;larcker;latent;table,S088,true,S088_source_packet_20260609.txt,true,S088,ok,/Users/newhosung/Library/CloudStorage/OneDrive-SharedLibraries-ThePennsylvaniaStateUniversity/AI Adoption Meta Analysis - Documents/Meta/AI Adoption/PDFs/S088.pdf,candidate_only_not_analytic_input_until_human_confirmed
possible_densification_source_review_candidate,ai_candidate_only_missing_pair_no_value_added,human_check_source_table_for_missing_pair_value,S088,ANX-TRU,ANX,TRU,21,24,353.0,,anxiety;anxious,TRU;trust,correlations;fornell;larcker;latent;table,S088,true,S088_source_packet_20260609.txt,true,S088,ok,/Users/newhosung/Library/CloudStorage/OneDrive-SharedLibraries-ThePennsylvaniaStateUniversity/AI Adoption Meta Analysis - Documents/Meta/AI Adoption/PDFs/S088.pdf,candidate_only_not_analytic_input_until_human_confirmed
possible_densification_source_review_candidate,ai_candidate_only_missing_pair_no_value_added,human_check_source_table_for_missing_pair_value,S088,ANX-UB,ANX,UB,21,24,353.0,,anxiety;anxious,UB;actual use;use;use behavior,correlations;fornell;larcker;latent;table,S088,true,S088_source_packet_20260609.txt,true,S088,ok,/Users/newhosung/Library/CloudStorage/OneDrive-SharedLibraries-ThePennsylvaniaStateUniversity/AI Adoption Meta Analysis - Documents/Meta/AI Adoption/PDFs/S088.pdf,candidate_only_not_analytic_input_until_human_confirmed
possible_densification_source_review_candidate,ai_candidate_only_missing_pair_no_value_added,human_check_source_table_for_missing_pair_value,S088,ATT-BI,ATT,BI,21,24,353.0,,attitude;attitudes,BI;behavioral intention;intention to use,correlations;fornell;larcker;latent;table,S088,true,S088_source_packet_20260609.txt,true,S088,ok,/Users/newhosung/Library/CloudStorage/OneDrive-SharedLibraries-ThePennsylvaniaStateUniversity/AI Adoption Meta Analysis - Documents/Meta/AI Adoption/PDFs/S088.pdf,candidate_only_not_analytic_input_until_human_confirmed
possible_densification_source_review_candidate,ai_candidate_only_missing_pair_no_value_added,human_check_source_table_for_missing_pair_value,S088,ATT-EE,ATT,EE,21,24,353.0,,attitude;attitudes,EE;ease of use;easy to use;effort expectancy;perceived ease of use,correlations;fornell;larcker;latent;table,S088,true,S088_source_packet_20260609.txt,true,S088,ok,/Users/newhosung/Library/CloudStorage/OneDrive-SharedLibraries-ThePennsylvaniaStateUniversity/AI Adoption Meta Analysis - Documents/Meta/AI Adoption/PDFs/S088.pdf,candidate_only_not_analytic_input_until_human_confirmed
possible_densification_source_review_candidate,ai_candidate_only_missing_pair_no_value_added,human_check_source_table_for_missing_pair_value,S088,ATT-FC,ATT,FC,21,24,353.0,,attitude;attitudes,FC;facilitating;facilitating conditions;resources;support,correlations;fornell;larcker;latent;table,S088,true,S088_source_packet_20260609.txt,true,S088,ok,/Users/newhosung/Library/CloudStorage/OneDrive-SharedLibraries-ThePennsylvaniaStateUniversity/AI Adoption Meta Analysis - Documents/Meta/AI Adoption/PDFs/S088.pdf,candidate_only_not_analytic_input_until_human_confirmed
possible_densification_source_review_candidate,ai_candidate_only_missing_pair_no_value_added,human_check_source_table_for_missing_pair_value,S088,ATT-PE,ATT,PE,21,24,353.0,,attitude;attitudes,PE;perceived usefulness;performance expectancy;useful;usefulness,correlations;fornell;larcker;latent;table,S088,true,S088_source_packet_20260609.txt,true,S088,ok,/Users/newhosung/Library/CloudStorage/OneDrive-SharedLibraries-ThePennsylvaniaStateUniversity/AI Adoption Meta Analysis - Documents/Meta/AI Adoption/PDFs/S088.pdf,candidate_only_not_analytic_input_until_human_confirmed
possible_densification_source_review_candidate,ai_candidate_only_missing_pair_no_value_added,human_check_source_table_for_missing_pair_value,S088,ATT-SE,ATT,SE,21,24,353.0,,attitude;attitudes,SE,correlations;fornell;larcker;latent;table,S088,true,S088_source_packet_20260609.txt,true,S088,ok,/Users/newhosung/Library/CloudStorage/OneDrive-SharedLibraries-ThePennsylvaniaStateUniversity/AI Adoption Meta Analysis - Documents/Meta/AI Adoption/PDFs/S088.pdf,candidate_only_not_analytic_input_until_human_confirmed
possible_densification_source_review_candidate,ai_candidate_only_missing_pair_no_value_added,human_check_source_table_for_missing_pair_value,S088,ATT-SI,ATT,SI,21,24,353.0,,attitude;attitudes,SI;social influence,correlations;fornell;larcker;latent;table,S088,true,S088_source_packet_20260609.txt,true,S088,ok,/Users/newhosung/Library/CloudStorage/OneDrive-SharedLibraries-ThePennsylvaniaStateUniversity/AI Adoption Meta Analysis - Documents/Meta/AI Adoption/PDFs/S088.pdf,candidate_only_not_analytic_input_until_human_confirmed
possible_densification_source_review_candidate,ai_candidate_only_missing_pair_no_value_added,human_check_source_table_for_missing_pair_value,S088,ATT-TRU,ATT,TRU,21,24,353.0,,attitude;attitudes,TRU;trust,correlations;fornell;larcker;latent;table,S088,true,S088_source_packet_20260609.txt,true,S088,ok,/Users/newhosung/Library/CloudStorage/OneDrive-SharedLibraries-ThePennsylvaniaStateUniversity/AI Adoption Meta Analysis - Documents/Meta/AI Adoption/PDFs/S088.pdf,candidate_only_not_analytic_input_until_human_confirmed
possible_densification_source_review_candidate,ai_candidate_only_missing_pair_no_value_added,human_check_source_table_for_missing_pair_value,S088,ATT-UB,ATT,UB,21,24,353.0,,attitude;attitudes,UB;actual use;use;use behavior,correlations;fornell;larcker;latent;table,S088,true,S088_source_packet_20260609.txt,true,S088,ok,/Users/newhosung/Library/CloudStorage/OneDrive-SharedLibraries-ThePennsylvaniaStateUniversity/AI Adoption Meta Analysis - Documents/Meta/AI Adoption/PDFs/S088.pdf,candidate_only_not_analytic_input_until_human_confirmed
possible_densification_source_review_candidate,ai_candidate_only_missing_pair_no_value_added,human_check_source_table_for_missing_pair_value,S088,BI-SE,BI,SE,21,24,353.0,,BI;behavioral intention;intention to use,SE,correlations;fornell;larcker;latent;table,S088,true,S088_source_packet_20260609.txt,true,S088,ok,/Users/newhosung/Library/CloudStorage/OneDrive-SharedLibraries-ThePennsylvaniaStateUniversity/AI Adoption Meta Analysis - Documents/Meta/AI Adoption/PDFs/S088.pdf,candidate_only_not_analytic_input_until_human_confirmed
possible_densification_source_review_candidate,ai_candidate_only_missing_pair_no_value_added,human_check_source_table_for_missing_pair_value,S088,EE-SE,EE,SE,21,24,353.0,,EE;ease of use;easy to use;effort expectancy;perceived ease of use,SE,correlations;fornell;larcker;latent;table,S088,true,S088_source_packet_20260609.txt,true,S088,ok,/Users/newhosung/Library/CloudStorage/OneDrive-SharedLibraries-ThePennsylvaniaStateUniversity/AI Adoption Meta Analysis - Documents/Meta/AI Adoption/PDFs/S088.pdf,candidate_only_not_analytic_input_until_human_confirmed
possible_densification_source_review_candidate,ai_candidate_only_missing_pair_no_value_added,human_check_source_table_for_missing_pair_value,S088,FC-SE,FC,SE,21,24,353.0,,FC;facilitating;facilitating conditions;resources;support,SE,correlations;fornell;larcker;latent;table,S088,true,S088_source_packet_20260609.txt,true,S088,ok,/Users/newhosung/Library/CloudStorage/OneDrive-SharedLibraries-ThePennsylvaniaStateUniversity/AI Adoption Meta Analysis - Documents/Meta/AI Adoption/PDFs/S088.pdf,candidate_only_not_analytic_input_until_human_confirmed
possible_densification_source_review_candidate,ai_candidate_only_missing_pair_no_value_added,human_check_source_table_for_missing_pair_value,S088,PE-SE,PE,SE,21,24,353.0,,PE;perceived usefulness;performance expectancy;useful;usefulness,SE,correlations;fornell;larcker;latent;table,S088,true,S088_source_packet_20260609.txt,true,S088,ok,/Users/newhosung/Library/CloudStorage/OneDrive-SharedLibraries-ThePennsylvaniaStateUniversity/AI Adoption Meta Analysis - Documents/Meta/AI Adoption/PDFs/S088.pdf,candidate_only_not_analytic_input_until_human_confirmed
possible_densification_source_review_candidate,ai_candidate_only_missing_pair_no_value_added,human_check_source_table_for_missing_pair_value,S088,SE-SI,SE,SI,21,24,353.0,,SE,SI;social influence,correlations;fornell;larcker;latent;table,S088,true,S088_source_packet_20260609.txt,true,S088,ok,/Users/newhosung/Library/CloudStorage/OneDrive-SharedLibraries-ThePennsylvaniaStateUniversity/AI Adoption Meta Analysis - Documents/Meta/AI Adoption/PDFs/S088.pdf,candidate_only_not_analytic_input_until_human_confirmed
possible_densification_source_review_candidate,ai_candidate_only_missing_pair_no_value_added,human_check_source_table_for_missing_pair_value,S088,SE-TRU,SE,TRU,21,24,353.0,,SE,TRU;trust,correlations;fornell;larcker;latent;table,S088,true,S088_source_packet_20260609.txt,true,S088,ok,/Users/newhosung/Library/CloudStorage/OneDrive-SharedLibraries-ThePennsylvaniaStateUniversity/AI Adoption Meta Analysis - Documents/Meta/AI Adoption/PDFs/S088.pdf,candidate_only_not_analytic_input_until_human_confirmed
possible_densification_source_review_candidate,ai_candidate_only_missing_pair_no_value_added,human_check_source_table_for_missing_pair_value,S088,SE-UB,SE,UB,21,24,353.0,,SE,UB;actual use;use;use behavior,correlations;fornell;larcker;latent;table,S088,true,S088_source_packet_20260609.txt,true,S088,ok,/Users/newhosung/Library/CloudStorage/OneDrive-SharedLibraries-ThePennsylvaniaStateUniversity/AI Adoption Meta Analysis - Documents/Meta/AI Adoption/PDFs/S088.pdf,candidate_only_not_analytic_input_until_human_confirmed
possible_densification_source_review_candidate,ai_candidate_only_missing_pair_no_value_added,human_check_source_table_for_missing_pair_value,S121-1,ANX-ATT,ANX,ATT,21,24,,,anxiety,attitudes,correlation;correlations;table,S121,true,S121_source_packet_20260609.txt,true,S121,ok,/Users/newhosung/Library/CloudStorage/OneDrive-SharedLibraries-ThePennsylvaniaStateUniversity/AI Adoption Meta Analysis - Documents/Meta/AI Adoption/PDFs/S121.pdf,candidate_only_not_analytic_input_until_human_confirmed
possible_densification_source_review_candidate,ai_candidate_only_missing_pair_no_value_added,human_check_source_table_for_missing_pair_value,S121-1,ANX-BI,ANX,BI,21,24,,,anxiety,BI;behavioral intention;intention to use;usage intention,correlation;correlations;table,S121,true,S121_source_packet_20260609.txt,true,S121,ok,/Users/newhosung/Library/CloudStorage/OneDrive-SharedLibraries-ThePennsylvaniaStateUniversity/AI Adoption Meta Analysis - Documents/Meta/AI Adoption/PDFs/S121.pdf,candidate_only_not_analytic_input_until_human_confirmed
possible_densification_source_review_candidate,ai_candidate_only_missing_pair_no_value_added,human_check_source_table_for_missing_pair_value,S121-1,ANX-EE,ANX,EE,21,24,,,anxiety,EE;ease of use;effort expectancy;perceived ease of use,correlation;correlations;table,S121,true,S121_source_packet_20260609.txt,true,S121,ok,/Users/newhosung/Library/CloudStorage/OneDrive-SharedLibraries-ThePennsylvaniaStateUniversity/AI Adoption Meta Analysis - Documents/Meta/AI Adoption/PDFs/S121.pdf,candidate_only_not_analytic_input_until_human_confirmed
possible_densification_source_review_candidate,ai_candidate_only_missing_pair_no_value_added,human_check_source_table_for_missing_pair_value,S121-1,ANX-FC,ANX,FC,21,24,,,anxiety,FC;facilitating;facilitating conditions;resources;support,correlation;correlations;table,S121,true,S121_source_packet_20260609.txt,true,S121,ok,/Users/newhosung/Library/CloudStorage/OneDrive-SharedLibraries-ThePennsylvaniaStateUniversity/AI Adoption Meta Analysis - Documents/Meta/AI Adoption/PDFs/S121.pdf,candidate_only_not_analytic_input_until_human_confirmed
possible_densification_source_review_candidate,ai_candidate_only_missing_pair_no_value_added,human_check_source_table_for_missing_pair_value,S121-1,ANX-PE,ANX,PE,21,24,,,anxiety,PE;perceived usefulness;performance expectancy;useful;usefulness,correlation;correlations;table,S121,true,S121_source_packet_20260609.txt,true,S121,ok,/Users/newhosung/Library/CloudStorage/OneDrive-SharedLibraries-ThePennsylvaniaStateUniversity/AI Adoption Meta Analysis - Documents/Meta/AI Adoption/PDFs/S121.pdf,candidate_only_not_analytic_input_until_human_confirmed
possible_densification_source_review_candidate,ai_candidate_only_missing_pair_no_value_added,human_check_source_table_for_missing_pair_value,S121-1,ANX-SE,ANX,SE,21,24,,,anxiety,SE;efficacy;self-efficacy,correlation;correlations;table,S121,true,S121_source_packet_20260609.txt,true,S121,ok,/Users/newhosung/Library/CloudStorage/OneDrive-SharedLibraries-ThePennsylvaniaStateUniversity/AI Adoption Meta Analysis - Documents/Meta/AI Adoption/PDFs/S121.pdf,candidate_only_not_analytic_input_until_human_confirmed
possible_densification_source_review_candidate,ai_candidate_only_missing_pair_no_value_added,human_check_source_table_for_missing_pair_value,S121-1,ANX-SI,ANX,SI,21,24,,,anxiety,SI;social influence,correlation;correlations;table,S121,true,S121_source_packet_20260609.txt,true,S121,ok,/Users/newhosung/Library/CloudStorage/OneDrive-SharedLibraries-ThePennsylvaniaStateUniversity/AI Adoption Meta Analysis - Documents/Meta/AI Adoption/PDFs/S121.pdf,candidate_only_not_analytic_input_until_human_confirmed
possible_densification_source_review_candidate,ai_candidate_only_missing_pair_no_value_added,human_check_source_table_for_missing_pair_value,S121-1,ANX-TRU,ANX,TRU,21,24,,,anxiety,TRU;trust,correlation;correlations;table,S121,true,S121_source_packet_20260609.txt,true,S121,ok,/Users/newhosung/Library/CloudStorage/OneDrive-SharedLibraries-ThePennsylvaniaStateUniversity/AI Adoption Meta Analysis - Documents/Meta/AI Adoption/PDFs/S121.pdf,candidate_only_not_analytic_input_until_human_confirmed
possible_densification_source_review_candidate,ai_candidate_only_missing_pair_no_value_added,human_check_source_table_for_missing_pair_value,S121-1,ANX-UB,ANX,UB,21,24,,,anxiety,UB;actual use;usage behavior;use;use behavior,correlation;correlations;table,S121,true,S121_source_packet_20260609.txt,true,S121,ok,/Users/newhosung/Library/CloudStorage/OneDrive-SharedLibraries-ThePennsylvaniaStateUniversity/AI Adoption Meta Analysis - Documents/Meta/AI Adoption/PDFs/S121.pdf,candidate_only_not_analytic_input_until_human_confirmed
possible_densification_source_review_candidate,ai_candidate_only_missing_pair_no_value_added,human_check_source_table_for_missing_pair_value,S121-1,ATT-BI,ATT,BI,21,24,,,attitudes,BI;behavioral intention;intention to use;usage intention,correlation;correlations;table,S121,true,S121_source_packet_20260609.txt,true,S121,ok,/Users/newhosung/Library/CloudStorage/OneDrive-SharedLibraries-ThePennsylvaniaStateUniversity/AI Adoption Meta Analysis - Documents/Meta/AI Adoption/PDFs/S121.pdf,candidate_only_not_analytic_input_until_human_confirmed
possible_densification_source_review_candidate,ai_candidate_only_missing_pair_no_value_added,human_check_source_table_for_missing_pair_value,S121-1,ATT-EE,ATT,EE,21,24,,,attitudes,EE;ease of use;effort expectancy;perceived ease of use,correlation;correlations;table,S121,true,S121_source_packet_20260609.txt,true,S121,ok,/Users/newhosung/Library/CloudStorage/OneDrive-SharedLibraries-ThePennsylvaniaStateUniversity/AI Adoption Meta Analysis - Documents/Meta/AI Adoption/PDFs/S121.pdf,candidate_only_not_analytic_input_until_human_confirmed
possible_densification_source_review_candidate,ai_candidate_only_missing_pair_no_value_added,human_check_source_table_for_missing_pair_value,S121-1,ATT-FC,ATT,FC,21,24,,,attitudes,FC;facilitating;facilitating conditions;resources;support,correlation;correlations;table,S121,true,S121_source_packet_20260609.txt,true,S121,ok,/Users/newhosung/Library/CloudStorage/OneDrive-SharedLibraries-ThePennsylvaniaStateUniversity/AI Adoption Meta Analysis - Documents/Meta/AI Adoption/PDFs/S121.pdf,candidate_only_not_analytic_input_until_human_confirmed
possible_densification_source_review_candidate,ai_candidate_only_missing_pair_no_value_added,human_check_source_table_for_missing_pair_value,S121-1,ATT-PE,ATT,PE,21,24,,,attitudes,PE;perceived usefulness;performance expectancy;useful;usefulness,correlation;correlations;table,S121,true,S121_source_packet_20260609.txt,true,S121,ok,/Users/newhosung/Library/CloudStorage/OneDrive-SharedLibraries-ThePennsylvaniaStateUniversity/AI Adoption Meta Analysis - Documents/Meta/AI Adoption/PDFs/S121.pdf,candidate_only_not_analytic_input_until_human_confirmed
possible_densification_source_review_candidate,ai_candidate_only_missing_pair_no_value_added,human_check_source_table_for_missing_pair_value,S121-1,ATT-SE,ATT,SE,21,24,,,attitudes,SE;efficacy;self-efficacy,correlation;correlations;table,S121,true,S121_source_packet_20260609.txt,true,S121,ok,/Users/newhosung/Library/CloudStorage/OneDrive-SharedLibraries-ThePennsylvaniaStateUniversity/AI Adoption Meta Analysis - Documents/Meta/AI Adoption/PDFs/S121.pdf,candidate_only_not_analytic_input_until_human_confirmed
possible_densification_source_review_candidate,ai_candidate_only_missing_pair_no_value_added,human_check_source_table_for_missing_pair_value,S121-1,ATT-SI,ATT,SI,21,24,,,attitudes,SI;social influence,correlation;correlations;table,S121,true,S121_source_packet_20260609.txt,true,S121,ok,/Users/newhosung/Library/CloudStorage/OneDrive-SharedLibraries-ThePennsylvaniaStateUniversity/AI Adoption Meta Analysis - Documents/Meta/AI Adoption/PDFs/S121.pdf,candidate_only_not_analytic_input_until_human_confirmed
possible_densification_source_review_candidate,ai_candidate_only_missing_pair_no_value_added,human_check_source_table_for_missing_pair_value,S121-1,ATT-TRU,ATT,TRU,21,24,,,attitudes,TRU;trust,correlation;correlations;table,S121,true,S121_source_packet_20260609.txt,true,S121,ok,/Users/newhosung/Library/CloudStorage/OneDrive-SharedLibraries-ThePennsylvaniaStateUniversity/AI Adoption Meta Analysis - Documents/Meta/AI Adoption/PDFs/S121.pdf,candidate_only_not_analytic_input_until_human_confirmed
possible_densification_source_review_candidate,ai_candidate_only_missing_pair_no_value_added,human_check_source_table_for_missing_pair_value,S121-1,ATT-UB,ATT,UB,21,24,,,attitudes,UB;actual use;usage behavior;use;use behavior,correlation;correlations;table,S121,true,S121_source_packet_20260609.txt,true,S121,ok,/Users/newhosung/Library/CloudStorage/OneDrive-SharedLibraries-ThePennsylvaniaStateUniversity/AI Adoption Meta Analysis - Documents/Meta/AI Adoption/PDFs/S121.pdf,candidate_only_not_analytic_input_until_human_confirmed
possible_densification_source_review_candidate,ai_candidate_only_missing_pair_no_value_added,human_check_source_table_for_missing_pair_value,S121-1,BI-SE,BI,SE,21,24,,,BI;behavioral intention;intention to use;usage intention,SE;efficacy;self-efficacy,correlation;correlations;table,S121,true,S121_source_packet_20260609.txt,true,S121,ok,/Users/newhosung/Library/CloudStorage/OneDrive-SharedLibraries-ThePennsylvaniaStateUniversity/AI Adoption Meta Analysis - Documents/Meta/AI Adoption/PDFs/S121.pdf,candidate_only_not_analytic_input_until_human_confirmed
possible_densification_source_review_candidate,ai_candidate_only_missing_pair_no_value_added,human_check_source_table_for_missing_pair_value,S121-1,EE-SE,EE,SE,21,24,,,EE;ease of use;effort expectancy;perceived ease of use,SE;efficacy;self-efficacy,correlation;correlations;table,S121,true,S121_source_packet_20260609.txt,true,S121,ok,/Users/newhosung/Library/CloudStorage/OneDrive-SharedLibraries-ThePennsylvaniaStateUniversity/AI Adoption Meta Analysis - Documents/Meta/AI Adoption/PDFs/S121.pdf,candidate_only_not_analytic_input_until_human_confirmed
possible_densification_source_review_candidate,ai_candidate_only_missing_pair_no_value_added,human_check_source_table_for_missing_pair_value,S121-1,FC-SE,FC,SE,21,24,,,FC;facilitating;facilitating conditions;resources;support,SE;efficacy;self-efficacy,correlation;correlations;table,S121,true,S121_source_packet_20260609.txt,true,S121,ok,/Users/newhosung/Library/CloudStorage/OneDrive-SharedLibraries-ThePennsylvaniaStateUniversity/AI Adoption Meta Analysis - Documents/Meta/AI Adoption/PDFs/S121.pdf,candidate_only_not_analytic_input_until_human_confirmed
possible_densification_source_review_candidate,ai_candidate_only_missing_pair_no_value_added,human_check_source_table_for_missing_pair_value,S121-1,PE-SE,PE,SE,21,24,,,PE;perceived usefulness;performance expectancy;useful;usefulness,SE;efficacy;self-efficacy,correlation;correlations;table,S121,true,S121_source_packet_20260609.txt,true,S121,ok,/Users/newhosung/Library/CloudStorage/OneDrive-SharedLibraries-ThePennsylvaniaStateUniversity/AI Adoption Meta Analysis - Documents/Meta/AI Adoption/PDFs/S121.pdf,candidate_only_not_analytic_input_until_human_confirmed
possible_densification_source_review_candidate,ai_candidate_only_missing_pair_no_value_added,human_check_source_table_for_missing_pair_value,S121-1,SE-SI,SE,SI,21,24,,,SE;efficacy;self-efficacy,SI;social influence,correlation;correlations;table,S121,true,S121_source_packet_20260609.txt,true,S121,ok,/Users/newhosung/Library/CloudStorage/OneDrive-SharedLibraries-ThePennsylvaniaStateUniversity/AI Adoption Meta Analysis - Documents/Meta/AI Adoption/PDFs/S121.pdf,candidate_only_not_analytic_input_until_human_confirmed
possible_densification_source_review_candidate,ai_candidate_only_missing_pair_no_value_added,human_check_source_table_for_missing_pair_value,S121-1,SE-TRU,SE,TRU,21,24,,,SE;efficacy;self-efficacy,TRU;trust,correlation;correlations;table,S121,true,S121_source_packet_20260609.txt,true,S121,ok,/Users/newhosung/Library/CloudStorage/OneDrive-SharedLibraries-ThePennsylvaniaStateUniversity/AI Adoption Meta Analysis - Documents/Meta/AI Adoption/PDFs/S121.pdf,candidate_only_not_analytic_input_until_human_confirmed
possible_densification_source_review_candidate,ai_candidate_only_missing_pair_no_value_added,human_check_source_table_for_missing_pair_value,S121-1,SE-UB,SE,UB,21,24,,,SE;efficacy;self-efficacy,UB;actual use;usage behavior;use;use behavior,correlation;correlations;table,S121,true,S121_source_packet_20260609.txt,true,S121,ok,/Users/newhosung/Library/CloudStorage/OneDrive-SharedLibraries-ThePennsylvaniaStateUniversity/AI Adoption Meta Analysis - Documents/Meta/AI Adoption/PDFs/S121.pdf,candidate_only_not_analytic_input_until_human_confirmed
possible_densification_source_review_candidate,ai_candidate_only_missing_pair_no_value_added,human_check_source_table_for_missing_pair_value,S121-2,ANX-ATT,ANX,ATT,21,24,,,anxiety,attitudes,correlation;correlations;table,S121,true,S121_source_packet_20260609.txt,true,S121,ok,/Users/newhosung/Library/CloudStorage/OneDrive-SharedLibraries-ThePennsylvaniaStateUniversity/AI Adoption Meta Analysis - Documents/Meta/AI Adoption/PDFs/S121.pdf,candidate_only_not_analytic_input_until_human_confirmed
possible_densification_source_review_candidate,ai_candidate_only_missing_pair_no_value_added,human_check_source_table_for_missing_pair_value,S121-2,ANX-BI,ANX,BI,21,24,,,anxiety,BI;behavioral intention;intention to use;usage intention,correlation;correlations;table,S121,true,S121_source_packet_20260609.txt,true,S121,ok,/Users/newhosung/Library/CloudStorage/OneDrive-SharedLibraries-ThePennsylvaniaStateUniversity/AI Adoption Meta Analysis - Documents/Meta/AI Adoption/PDFs/S121.pdf,candidate_only_not_analytic_input_until_human_confirmed
possible_densification_source_review_candidate,ai_candidate_only_missing_pair_no_value_added,human_check_source_table_for_missing_pair_value,S121-2,ANX-EE,ANX,EE,21,24,,,anxiety,EE;ease of use;effort expectancy;perceived ease of use,correlation;correlations;table,S121,true,S121_source_packet_20260609.txt,true,S121,ok,/Users/newhosung/Library/CloudStorage/OneDrive-SharedLibraries-ThePennsylvaniaStateUniversity/AI Adoption Meta Analysis - Documents/Meta/AI Adoption/PDFs/S121.pdf,candidate_only_not_analytic_input_until_human_confirmed
possible_densification_source_review_candidate,ai_candidate_only_missing_pair_no_value_added,human_check_source_table_for_missing_pair_value,S121-2,ANX-FC,ANX,FC,21,24,,,anxiety,FC;facilitating;facilitating conditions;resources;support,correlation;correlations;table,S121,true,S121_source_packet_20260609.txt,true,S121,ok,/Users/newhosung/Library/CloudStorage/OneDrive-SharedLibraries-ThePennsylvaniaStateUniversity/AI Adoption Meta Analysis - Documents/Meta/AI Adoption/PDFs/S121.pdf,candidate_only_not_analytic_input_until_human_confirmed
possible_densification_source_review_candidate,ai_candidate_only_missing_pair_no_value_added,human_check_source_table_for_missing_pair_value,S121-2,ANX-PE,ANX,PE,21,24,,,anxiety,PE;perceived usefulness;performance expectancy;useful;usefulness,correlation;correlations;table,S121,true,S121_source_packet_20260609.txt,true,S121,ok,/Users/newhosung/Library/CloudStorage/OneDrive-SharedLibraries-ThePennsylvaniaStateUniversity/AI Adoption Meta Analysis - Documents/Meta/AI Adoption/PDFs/S121.pdf,candidate_only_not_analytic_input_until_human_confirmed
possible_densification_source_review_candidate,ai_candidate_only_missing_pair_no_value_added,human_check_source_table_for_missing_pair_value,S121-2,ANX-SE,ANX,SE,21,24,,,anxiety,SE;efficacy;self-efficacy,correlation;correlations;table,S121,true,S121_source_packet_20260609.txt,true,S121,ok,/Users/newhosung/Library/CloudStorage/OneDrive-SharedLibraries-ThePennsylvaniaStateUniversity/AI Adoption Meta Analysis - Documents/Meta/AI Adoption/PDFs/S121.pdf,candidate_only_not_analytic_input_until_human_confirmed
possible_densification_source_review_candidate,ai_candidate_only_missing_pair_no_value_added,human_check_source_table_for_missing_pair_value,S121-2,ANX-SI,ANX,SI,21,24,,,anxiety,SI;social influence,correlation;correlations;table,S121,true,S121_source_packet_20260609.txt,true,S121,ok,/Users/newhosung/Library/CloudStorage/OneDrive-SharedLibraries-ThePennsylvaniaStateUniversity/AI Adoption Meta Analysis - Documents/Meta/AI Adoption/PDFs/S121.pdf,candidate_only_not_analytic_input_until_human_confirmed
possible_densification_source_review_candidate,ai_candidate_only_missing_pair_no_value_added,human_check_source_table_for_missing_pair_value,S121-2,ANX-TRU,ANX,TRU,21,24,,,anxiety,TRU;trust,correlation;correlations;table,S121,true,S121_source_packet_20260609.txt,true,S121,ok,/Users/newhosung/Library/CloudStorage/OneDrive-SharedLibraries-ThePennsylvaniaStateUniversity/AI Adoption Meta Analysis - Documents/Meta/AI Adoption/PDFs/S121.pdf,candidate_only_not_analytic_input_until_human_confirmed
possible_densification_source_review_candidate,ai_candidate_only_missing_pair_no_value_added,human_check_source_table_for_missing_pair_value,S121-2,ANX-UB,ANX,UB,21,24,,,anxiety,UB;actual use;usage behavior;use;use behavior,correlation;correlations;table,S121,true,S121_source_packet_20260609.txt,true,S121,ok,/Users/newhosung/Library/CloudStorage/OneDrive-SharedLibraries-ThePennsylvaniaStateUniversity/AI Adoption Meta Analysis - Documents/Meta/AI Adoption/PDFs/S121.pdf,candidate_only_not_analytic_input_until_human_confirmed
possible_densification_source_review_candidate,ai_candidate_only_missing_pair_no_value_added,human_check_source_table_for_missing_pair_value,S121-2,ATT-BI,ATT,BI,21,24,,,attitudes,BI;behavioral intention;intention to use;usage intention,correlation;correlations;table,S121,true,S121_source_packet_20260609.txt,true,S121,ok,/Users/newhosung/Library/CloudStorage/OneDrive-SharedLibraries-ThePennsylvaniaStateUniversity/AI Adoption Meta Analysis - Documents/Meta/AI Adoption/PDFs/S121.pdf,candidate_only_not_analytic_input_until_human_confirmed
possible_densification_source_review_candidate,ai_candidate_only_missing_pair_no_value_added,human_check_source_table_for_missing_pair_value,S121-2,ATT-EE,ATT,EE,21,24,,,attitudes,EE;ease of use;effort expectancy;perceived ease of use,correlation;correlations;table,S121,true,S121_source_packet_20260609.txt,true,S121,ok,/Users/newhosung/Library/CloudStorage/OneDrive-SharedLibraries-ThePennsylvaniaStateUniversity/AI Adoption Meta Analysis - Documents/Meta/AI Adoption/PDFs/S121.pdf,candidate_only_not_analytic_input_until_human_confirmed
possible_densification_source_review_candidate,ai_candidate_only_missing_pair_no_value_added,human_check_source_table_for_missing_pair_value,S121-2,ATT-FC,ATT,FC,21,24,,,attitudes,FC;facilitating;facilitating conditions;resources;support,correlation;correlations;table,S121,true,S121_source_packet_20260609.txt,true,S121,ok,/Users/newhosung/Library/CloudStorage/OneDrive-SharedLibraries-ThePennsylvaniaStateUniversity/AI Adoption Meta Analysis - Documents/Meta/AI Adoption/PDFs/S121.pdf,candidate_only_not_analytic_input_until_human_confirmed
possible_densification_source_review_candidate,ai_candidate_only_missing_pair_no_value_added,human_check_source_table_for_missing_pair_value,S121-2,ATT-PE,ATT,PE,21,24,,,attitudes,PE;perceived usefulness;performance expectancy;useful;usefulness,correlation;correlations;table,S121,true,S121_source_packet_20260609.txt,true,S121,ok,/Users/newhosung/Library/CloudStorage/OneDrive-SharedLibraries-ThePennsylvaniaStateUniversity/AI Adoption Meta Analysis - Documents/Meta/AI Adoption/PDFs/S121.pdf,candidate_only_not_analytic_input_until_human_confirmed
possible_densification_source_review_candidate,ai_candidate_only_missing_pair_no_value_added,human_check_source_table_for_missing_pair_value,S121-2,ATT-SE,ATT,SE,21,24,,,attitudes,SE;efficacy;self-efficacy,correlation;correlations;table,S121,true,S121_source_packet_20260609.txt,true,S121,ok,/Users/newhosung/Library/CloudStorage/OneDrive-SharedLibraries-ThePennsylvaniaStateUniversity/AI Adoption Meta Analysis - Documents/Meta/AI Adoption/PDFs/S121.pdf,candidate_only_not_analytic_input_until_human_confirmed
possible_densification_source_review_candidate,ai_candidate_only_missing_pair_no_value_added,human_check_source_table_for_missing_pair_value,S121-2,ATT-SI,ATT,SI,21,24,,,attitudes,SI;social influence,correlation;correlations;table,S121,true,S121_source_packet_20260609.txt,true,S121,ok,/Users/newhosung/Library/CloudStorage/OneDrive-SharedLibraries-ThePennsylvaniaStateUniversity/AI Adoption Meta Analysis - Documents/Meta/AI Adoption/PDFs/S121.pdf,candidate_only_not_analytic_input_until_human_confirmed
possible_densification_source_review_candidate,ai_candidate_only_missing_pair_no_value_added,human_check_source_table_for_missing_pair_value,S121-2,ATT-TRU,ATT,TRU,21,24,,,attitudes,TRU;trust,correlation;correlations;table,S121,true,S121_source_packet_20260609.txt,true,S121,ok,/Users/newhosung/Library/CloudStorage/OneDrive-SharedLibraries-ThePennsylvaniaStateUniversity/AI Adoption Meta Analysis - Documents/Meta/AI Adoption/PDFs/S121.pdf,candidate_only_not_analytic_input_until_human_confirmed
possible_densification_source_review_candidate,ai_candidate_only_missing_pair_no_value_added,human_check_source_table_for_missing_pair_value,S121-2,ATT-UB,ATT,UB,21,24,,,attitudes,UB;actual use;usage behavior;use;use behavior,correlation;correlations;table,S121,true,S121_source_packet_20260609.txt,true,S121,ok,/Users/newhosung/Library/CloudStorage/OneDrive-SharedLibraries-ThePennsylvaniaStateUniversity/AI Adoption Meta Analysis - Documents/Meta/AI Adoption/PDFs/S121.pdf,candidate_only_not_analytic_input_until_human_confirmed
possible_densification_source_review_candidate,ai_candidate_only_missing_pair_no_value_added,human_check_source_table_for_missing_pair_value,S121-2,BI-SE,BI,SE,21,24,,,BI;behavioral intention;intention to use;usage intention,SE;efficacy;self-efficacy,correlation;correlations;table,S121,true,S121_source_packet_20260609.txt,true,S121,ok,/Users/newhosung/Library/CloudStorage/OneDrive-SharedLibraries-ThePennsylvaniaStateUniversity/AI Adoption Meta Analysis - Documents/Meta/AI Adoption/PDFs/S121.pdf,candidate_only_not_analytic_input_until_human_confirmed
possible_densification_source_review_candidate,ai_candidate_only_missing_pair_no_value_added,human_check_source_table_for_missing_pair_value,S121-2,EE-SE,EE,SE,21,24,,,EE;ease of use;effort expectancy;perceived ease of use,SE;efficacy;self-efficacy,correlation;correlations;table,S121,true,S121_source_packet_20260609.txt,true,S121,ok,/Users/newhosung/Library/CloudStorage/OneDrive-SharedLibraries-ThePennsylvaniaStateUniversity/AI Adoption Meta Analysis - Documents/Meta/AI Adoption/PDFs/S121.pdf,candidate_only_not_analytic_input_until_human_confirmed
possible_densification_source_review_candidate,ai_candidate_only_missing_pair_no_value_added,human_check_source_table_for_missing_pair_value,S121-2,FC-SE,FC,SE,21,24,,,FC;facilitating;facilitating conditions;resources;support,SE;efficacy;self-efficacy,correlation;correlations;table,S121,true,S121_source_packet_20260609.txt,true,S121,ok,/Users/newhosung/Library/CloudStorage/OneDrive-SharedLibraries-ThePennsylvaniaStateUniversity/AI Adoption Meta Analysis - Documents/Meta/AI Adoption/PDFs/S121.pdf,candidate_only_not_analytic_input_until_human_confirmed
possible_densification_source_review_candidate,ai_candidate_only_missing_pair_no_value_added,human_check_source_table_for_missing_pair_value,S121-2,PE-SE,PE,SE,21,24,,,PE;perceived usefulness;performance expectancy;useful;usefulness,SE;efficacy;self-efficacy,correlation;correlations;table,S121,true,S121_source_packet_20260609.txt,true,S121,ok,/Users/newhosung/Library/CloudStorage/OneDrive-SharedLibraries-ThePennsylvaniaStateUniversity/AI Adoption Meta Analysis - Documents/Meta/AI Adoption/PDFs/S121.pdf,candidate_only_not_analytic_input_until_human_confirmed
possible_densification_source_review_candidate,ai_candidate_only_missing_pair_no_value_added,human_check_source_table_for_missing_pair_value,S121-2,SE-SI,SE,SI,21,24,,,SE;efficacy;self-efficacy,SI;social influence,correlation;correlations;table,S121,true,S121_source_packet_20260609.txt,true,S121,ok,/Users/newhosung/Library/CloudStorage/OneDrive-SharedLibraries-ThePennsylvaniaStateUniversity/AI Adoption Meta Analysis - Documents/Meta/AI Adoption/PDFs/S121.pdf,candidate_only_not_analytic_input_until_human_confirmed
possible_densification_source_review_candidate,ai_candidate_only_missing_pair_no_value_added,human_check_source_table_for_missing_pair_value,S121-2,SE-TRU,SE,TRU,21,24,,,SE;efficacy;self-efficacy,TRU;trust,correlation;correlations;table,S121,true,S121_source_packet_20260609.txt,true,S121,ok,/Users/newhosung/Library/CloudStorage/OneDrive-SharedLibraries-ThePennsylvaniaStateUniversity/AI Adoption Meta Analysis - Documents/Meta/AI Adoption/PDFs/S121.pdf,candidate_only_not_analytic_input_until_human_confirmed
possible_densification_source_review_candidate,ai_candidate_only_missing_pair_no_value_added,human_check_source_table_for_missing_pair_value,S121-2,SE-UB,SE,UB,21,24,,,SE;efficacy;self-efficacy,UB;actual use;usage behavior;use;use behavior,correlation;correlations;table,S121,true,S121_source_packet_20260609.txt,true,S121,ok,/Users/newhosung/Library/CloudStorage/OneDrive-SharedLibraries-ThePennsylvaniaStateUniversity/AI Adoption Meta Analysis - Documents/Meta/AI Adoption/PDFs/S121.pdf,candidate_only_not_analytic_input_until_human_confirmed
likely_not_densifiable_one_construct_not_visible,ai_candidate_only_missing_pair_no_value_added,human_verify_construct_absence_before_excluding_pair,S157,ANX-ATT,ANX,ATT,21,24,633.0,,,attitude;attitudes,construct correlation;correlation;correlations;inter-construct;matrix;pearson;table,S157,true,S157_source_packet_20260609.txt,true,S157,ok,/Users/newhosung/Library/CloudStorage/OneDrive-SharedLibraries-ThePennsylvaniaStateUniversity/AI Adoption Meta Analysis - Documents/Meta/AI Adoption/PDFs/S157.pdf,candidate_only_not_analytic_input_until_human_confirmed
likely_not_densifiable_one_construct_not_visible,ai_candidate_only_missing_pair_no_value_added,human_verify_construct_absence_before_excluding_pair,S157,ANX-BI,ANX,BI,21,24,633.0,,,BI;behavioral intention;continuance intention;intention to use,construct correlation;correlation;correlations;inter-construct;matrix;pearson;table,S157,true,S157_source_packet_20260609.txt,true,S157,ok,/Users/newhosung/Library/CloudStorage/OneDrive-SharedLibraries-ThePennsylvaniaStateUniversity/AI Adoption Meta Analysis - Documents/Meta/AI Adoption/PDFs/S157.pdf,candidate_only_not_analytic_input_until_human_confirmed
likely_not_densifiable_one_construct_not_visible,ai_candidate_only_missing_pair_no_value_added,human_verify_construct_absence_before_excluding_pair,S157,ANX-EE,ANX,EE,21,24,633.0,,,EE;ease of use;effort expectancy;perceived ease of use,construct correlation;correlation;correlations;inter-construct;matrix;pearson;table,S157,true,S157_source_packet_20260609.txt,true,S157,ok,/Users/newhosung/Library/CloudStorage/OneDrive-SharedLibraries-ThePennsylvaniaStateUniversity/AI Adoption Meta Analysis - Documents/Meta/AI Adoption/PDFs/S157.pdf,candidate_only_not_analytic_input_until_human_confirmed
likely_not_densifiable_one_construct_not_visible,ai_candidate_only_missing_pair_no_value_added,human_verify_construct_absence_before_excluding_pair,S157,ANX-FC,ANX,FC,21,24,633.0,,,FC;facilitating;facilitating conditions;resources;support,construct correlation;correlation;correlations;inter-construct;matrix;pearson;table,S157,true,S157_source_packet_20260609.txt,true,S157,ok,/Users/newhosung/Library/CloudStorage/OneDrive-SharedLibraries-ThePennsylvaniaStateUniversity/AI Adoption Meta Analysis - Documents/Meta/AI Adoption/PDFs/S157.pdf,candidate_only_not_analytic_input_until_human_confirmed
likely_not_densifiable_one_construct_not_visible,ai_candidate_only_missing_pair_no_value_added,human_verify_construct_absence_before_excluding_pair,S157,ANX-PE,ANX,PE,21,24,633.0,,,PE;PU;perceived usefulness;performance expectancy;useful;usefulness,construct correlation;correlation;correlations;inter-construct;matrix;pearson;table,S157,true,S157_source_packet_20260609.txt,true,S157,ok,/Users/newhosung/Library/CloudStorage/OneDrive-SharedLibraries-ThePennsylvaniaStateUniversity/AI Adoption Meta Analysis - Documents/Meta/AI Adoption/PDFs/S157.pdf,candidate_only_not_analytic_input_until_human_confirmed
likely_not_densifiable_one_construct_not_visible,ai_candidate_only_missing_pair_no_value_added,human_verify_construct_absence_before_excluding_pair,S157,ANX-SE,ANX,SE,21,24,633.0,,,SE,construct correlation;correlation;correlations;inter-construct;matrix;pearson;table,S157,true,S157_source_packet_20260609.txt,true,S157,ok,/Users/newhosung/Library/CloudStorage/OneDrive-SharedLibraries-ThePennsylvaniaStateUniversity/AI Adoption Meta Analysis - Documents/Meta/AI Adoption/PDFs/S157.pdf,candidate_only_not_analytic_input_until_human_confirmed
likely_not_densifiable_one_construct_not_visible,ai_candidate_only_missing_pair_no_value_added,human_verify_construct_absence_before_excluding_pair,S157,ANX-SI,ANX,SI,21,24,633.0,,,SI;social influence,construct correlation;correlation;correlations;inter-construct;matrix;pearson;table,S157,true,S157_source_packet_20260609.txt,true,S157,ok,/Users/newhosung/Library/CloudStorage/OneDrive-SharedLibraries-ThePennsylvaniaStateUniversity/AI Adoption Meta Analysis - Documents/Meta/AI Adoption/PDFs/S157.pdf,candidate_only_not_analytic_input_until_human_confirmed
likely_not_densifiable_one_construct_not_visible,ai_candidate_only_missing_pair_no_value_added,human_verify_construct_absence_before_excluding_pair,S157,ANX-TRU,ANX,TRU,21,24,633.0,,,trust,construct correlation;correlation;correlations;inter-construct;matrix;pearson;table,S157,true,S157_source_packet_20260609.txt,true,S157,ok,/Users/newhosung/Library/CloudStorage/OneDrive-SharedLibraries-ThePennsylvaniaStateUniversity/AI Adoption Meta Analysis - Documents/Meta/AI Adoption/PDFs/S157.pdf,candidate_only_not_analytic_input_until_human_confirmed
likely_not_densifiable_one_construct_not_visible,ai_candidate_only_missing_pair_no_value_added,human_verify_construct_absence_before_excluding_pair,S157,ANX-UB,ANX,UB,21,24,633.0,,,UB;actual use;use,construct correlation;correlation;correlations;inter-construct;matrix;pearson;table,S157,true,S157_source_packet_20260609.txt,true,S157,ok,/Users/newhosung/Library/CloudStorage/OneDrive-SharedLibraries-ThePennsylvaniaStateUniversity/AI Adoption Meta Analysis - Documents/Meta/AI Adoption/PDFs/S157.pdf,candidate_only_not_analytic_input_until_human_confirmed
possible_densification_source_review_candidate,ai_candidate_only_missing_pair_no_value_added,human_check_source_table_for_missing_pair_value,S157,ATT-BI,ATT,BI,21,24,633.0,,attitude;attitudes,BI;behavioral intention;continuance intention;intention to use,construct correlation;correlation;correlations;inter-construct;matrix;pearson;table,S157,true,S157_source_packet_20260609.txt,true,S157,ok,/Users/newhosung/Library/CloudStorage/OneDrive-SharedLibraries-ThePennsylvaniaStateUniversity/AI Adoption Meta Analysis - Documents/Meta/AI Adoption/PDFs/S157.pdf,candidate_only_not_analytic_input_until_human_confirmed
possible_densification_source_review_candidate,ai_candidate_only_missing_pair_no_value_added,human_check_source_table_for_missing_pair_value,S157,ATT-EE,ATT,EE,21,24,633.0,,attitude;attitudes,EE;ease of use;effort expectancy;perceived ease of use,construct correlation;correlation;correlations;inter-construct;matrix;pearson;table,S157,true,S157_source_packet_20260609.txt,true,S157,ok,/Users/newhosung/Library/CloudStorage/OneDrive-SharedLibraries-ThePennsylvaniaStateUniversity/AI Adoption Meta Analysis - Documents/Meta/AI Adoption/PDFs/S157.pdf,candidate_only_not_analytic_input_until_human_confirmed
possible_densification_source_review_candidate,ai_candidate_only_missing_pair_no_value_added,human_check_source_table_for_missing_pair_value,S157,ATT-FC,ATT,FC,21,24,633.0,,attitude;attitudes,FC;facilitating;facilitating conditions;resources;support,construct correlation;correlation;correlations;inter-construct;matrix;pearson;table,S157,true,S157_source_packet_20260609.txt,true,S157,ok,/Users/newhosung/Library/CloudStorage/OneDrive-SharedLibraries-ThePennsylvaniaStateUniversity/AI Adoption Meta Analysis - Documents/Meta/AI Adoption/PDFs/S157.pdf,candidate_only_not_analytic_input_until_human_confirmed
possible_densification_source_review_candidate,ai_candidate_only_missing_pair_no_value_added,human_check_source_table_for_missing_pair_value,S157,ATT-PE,ATT,PE,21,24,633.0,,attitude;attitudes,PE;PU;perceived usefulness;performance expectancy;useful;usefulness,construct correlation;correlation;correlations;inter-construct;matrix;pearson;table,S157,true,S157_source_packet_20260609.txt,true,S157,ok,/Users/newhosung/Library/CloudStorage/OneDrive-SharedLibraries-ThePennsylvaniaStateUniversity/AI Adoption Meta Analysis - Documents/Meta/AI Adoption/PDFs/S157.pdf,candidate_only_not_analytic_input_until_human_confirmed
possible_densification_source_review_candidate,ai_candidate_only_missing_pair_no_value_added,human_check_source_table_for_missing_pair_value,S157,ATT-SE,ATT,SE,21,24,633.0,,attitude;attitudes,SE,construct correlation;correlation;correlations;inter-construct;matrix;pearson;table,S157,true,S157_source_packet_20260609.txt,true,S157,ok,/Users/newhosung/Library/CloudStorage/OneDrive-SharedLibraries-ThePennsylvaniaStateUniversity/AI Adoption Meta Analysis - Documents/Meta/AI Adoption/PDFs/S157.pdf,candidate_only_not_analytic_input_until_human_confirmed
possible_densification_source_review_candidate,ai_candidate_only_missing_pair_no_value_added,human_check_source_table_for_missing_pair_value,S157,ATT-SI,ATT,SI,21,24,633.0,,attitude;attitudes,SI;social influence,construct correlation;correlation;correlations;inter-construct;matrix;pearson;table,S157,true,S157_source_packet_20260609.txt,true,S157,ok,/Users/newhosung/Library/CloudStorage/OneDrive-SharedLibraries-ThePennsylvaniaStateUniversity/AI Adoption Meta Analysis - Documents/Meta/AI Adoption/PDFs/S157.pdf,candidate_only_not_analytic_input_until_human_confirmed
possible_densification_source_review_candidate,ai_candidate_only_missing_pair_no_value_added,human_check_source_table_for_missing_pair_value,S157,ATT-TRU,ATT,TRU,21,24,633.0,,attitude;attitudes,trust,construct correlation;correlation;correlations;inter-construct;matrix;pearson;table,S157,true,S157_source_packet_20260609.txt,true,S157,ok,/Users/newhosung/Library/CloudStorage/OneDrive-SharedLibraries-ThePennsylvaniaStateUniversity/AI Adoption Meta Analysis - Documents/Meta/AI Adoption/PDFs/S157.pdf,candidate_only_not_analytic_input_until_human_confirmed
possible_densification_source_review_candidate,ai_candidate_only_missing_pair_no_value_added,human_check_source_table_for_missing_pair_value,S157,ATT-UB,ATT,UB,21,24,633.0,,attitude;attitudes,UB;actual use;use,construct correlation;correlation;correlations;inter-construct;matrix;pearson;table,S157,true,S157_source_packet_20260609.txt,true,S157,ok,/Users/newhosung/Library/CloudStorage/OneDrive-SharedLibraries-ThePennsylvaniaStateUniversity/AI Adoption Meta Analysis - Documents/Meta/AI Adoption/PDFs/S157.pdf,candidate_only_not_analytic_input_until_human_confirmed
possible_densification_source_review_candidate,ai_candidate_only_missing_pair_no_value_added,human_check_source_table_for_missing_pair_value,S157,BI-TRU,BI,TRU,21,24,633.0,,BI;behavioral intention;continuance intention;intention to use,trust,construct correlation;correlation;correlations;inter-construct;matrix;pearson;table,S157,true,S157_source_packet_20260609.txt,true,S157,ok,/Users/newhosung/Library/CloudStorage/OneDrive-SharedLibraries-ThePennsylvaniaStateUniversity/AI Adoption Meta Analysis - Documents/Meta/AI Adoption/PDFs/S157.pdf,candidate_only_not_analytic_input_until_human_confirmed
possible_densification_source_review_candidate,ai_candidate_only_missing_pair_no_value_added,human_check_source_table_for_missing_pair_value,S157,EE-TRU,EE,TRU,21,24,633.0,,EE;ease of use;effort expectancy;perceived ease of use,trust,construct correlation;correlation;correlations;inter-construct;matrix;pearson;table,S157,true,S157_source_packet_20260609.txt,true,S157,ok,/Users/newhosung/Library/CloudStorage/OneDrive-SharedLibraries-ThePennsylvaniaStateUniversity/AI Adoption Meta Analysis - Documents/Meta/AI Adoption/PDFs/S157.pdf,candidate_only_not_analytic_input_until_human_confirmed
possible_densification_source_review_candidate,ai_candidate_only_missing_pair_no_value_added,human_check_source_table_for_missing_pair_value,S157,FC-TRU,FC,TRU,21,24,633.0,,FC;facilitating;facilitating conditions;resources;support,trust,construct correlation;correlation;correlations;inter-construct;matrix;pearson;table,S157,true,S157_source_packet_20260609.txt,true,S157,ok,/Users/newhosung/Library/CloudStorage/OneDrive-SharedLibraries-ThePennsylvaniaStateUniversity/AI Adoption Meta Analysis - Documents/Meta/AI Adoption/PDFs/S157.pdf,candidate_only_not_analytic_input_until_human_confirmed
possible_densification_source_review_candidate,ai_candidate_only_missing_pair_no_value_added,human_check_source_table_for_missing_pair_value,S157,PE-TRU,PE,TRU,21,24,633.0,,PE;PU;perceived usefulness;performance expectancy;useful;usefulness,trust,construct correlation;correlation;correlations;inter-construct;matrix;pearson;table,S157,true,S157_source_packet_20260609.txt,true,S157,ok,/Users/newhosung/Library/CloudStorage/OneDrive-SharedLibraries-ThePennsylvaniaStateUniversity/AI Adoption Meta Analysis - Documents/Meta/AI Adoption/PDFs/S157.pdf,candidate_only_not_analytic_input_until_human_confirmed
possible_densification_source_review_candidate,ai_candidate_only_missing_pair_no_value_added,human_check_source_table_for_missing_pair_value,S157,SE-TRU,SE,TRU,21,24,633.0,,SE,trust,construct correlation;correlation;correlations;inter-construct;matrix;pearson;table,S157,true,S157_source_packet_20260609.txt,true,S157,ok,/Users/newhosung/Library/CloudStorage/OneDrive-SharedLibraries-ThePennsylvaniaStateUniversity/AI Adoption Meta Analysis - Documents/Meta/AI Adoption/PDFs/S157.pdf,candidate_only_not_analytic_input_until_human_confirmed
possible_densification_source_review_candidate,ai_candidate_only_missing_pair_no_value_added,human_check_source_table_for_missing_pair_value,S157,SI-TRU,SI,TRU,21,24,633.0,,SI;social influence,trust,construct correlation;correlation;correlations;inter-construct;matrix;pearson;table,S157,true,S157_source_packet_20260609.txt,true,S157,ok,/Users/newhosung/Library/CloudStorage/OneDrive-SharedLibraries-ThePennsylvaniaStateUniversity/AI Adoption Meta Analysis - Documents/Meta/AI Adoption/PDFs/S157.pdf,candidate_only_not_analytic_input_until_human_confirmed
possible_densification_source_review_candidate,ai_candidate_only_missing_pair_no_value_added,human_check_source_table_for_missing_pair_value,S157,TRU-UB,TRU,UB,21,24,633.0,,trust,UB;actual use;use,construct correlation;correlation;correlations;inter-construct;matrix;pearson;table,S157,true,S157_source_packet_20260609.txt,true,S157,ok,/Users/newhosung/Library/CloudStorage/OneDrive-SharedLibraries-ThePennsylvaniaStateUniversity/AI Adoption Meta Analysis - Documents/Meta/AI Adoption/PDFs/S157.pdf,candidate_only_not_analytic_input_until_human_confirmed
possible_densification_source_review_candidate,ai_candidate_only_missing_pair_no_value_added,human_check_source_table_for_missing_pair_value,S164,ANX-ATT,ANX,ATT,21,24,2078.0,,anxiety,ATT;attitude;attitudes,correlation;correlations;fornell;larcker;latent;table,S164,true,S164_source_packet_20260609.txt,true,S164,ok,/Users/newhosung/Library/CloudStorage/OneDrive-SharedLibraries-ThePennsylvaniaStateUniversity/AI Adoption Meta Analysis - Documents/Meta/AI Adoption/PDFs/S164.pdf,candidate_only_not_analytic_input_until_human_confirmed
possible_densification_source_review_candidate,ai_candidate_only_missing_pair_no_value_added,human_check_source_table_for_missing_pair_value,S164,ANX-BI,ANX,BI,21,24,2078.0,,anxiety,BI;behavioral intention;continuance intention;intention to use,correlation;correlations;fornell;larcker;latent;table,S164,true,S164_source_packet_20260609.txt,true,S164,ok,/Users/newhosung/Library/CloudStorage/OneDrive-SharedLibraries-ThePennsylvaniaStateUniversity/AI Adoption Meta Analysis - Documents/Meta/AI Adoption/PDFs/S164.pdf,candidate_only_not_analytic_input_until_human_confirmed
possible_densification_source_review_candidate,ai_candidate_only_missing_pair_no_value_added,human_check_source_table_for_missing_pair_value,S164,ANX-EE,ANX,EE,21,24,2078.0,,anxiety,EE;easy to use;effort expectancy,correlation;correlations;fornell;larcker;latent;table,S164,true,S164_source_packet_20260609.txt,true,S164,ok,/Users/newhosung/Library/CloudStorage/OneDrive-SharedLibraries-ThePennsylvaniaStateUniversity/AI Adoption Meta Analysis - Documents/Meta/AI Adoption/PDFs/S164.pdf,candidate_only_not_analytic_input_until_human_confirmed
possible_densification_source_review_candidate,ai_candidate_only_missing_pair_no_value_added,human_check_source_table_for_missing_pair_value,S164,ANX-FC,ANX,FC,21,24,2078.0,,anxiety,FC;facilitating;facilitating conditions;resources;support,correlation;correlations;fornell;larcker;latent;table,S164,true,S164_source_packet_20260609.txt,true,S164,ok,/Users/newhosung/Library/CloudStorage/OneDrive-SharedLibraries-ThePennsylvaniaStateUniversity/AI Adoption Meta Analysis - Documents/Meta/AI Adoption/PDFs/S164.pdf,candidate_only_not_analytic_input_until_human_confirmed
possible_densification_source_review_candidate,ai_candidate_only_missing_pair_no_value_added,human_check_source_table_for_missing_pair_value,S164,ANX-PE,ANX,PE,21,24,2078.0,,anxiety,PE;performance expectancy;useful,correlation;correlations;fornell;larcker;latent;table,S164,true,S164_source_packet_20260609.txt,true,S164,ok,/Users/newhosung/Library/CloudStorage/OneDrive-SharedLibraries-ThePennsylvaniaStateUniversity/AI Adoption Meta Analysis - Documents/Meta/AI Adoption/PDFs/S164.pdf,candidate_only_not_analytic_input_until_human_confirmed
likely_not_densifiable_one_construct_not_visible,ai_candidate_only_missing_pair_no_value_added,human_verify_construct_absence_before_excluding_pair,S164,ANX-SE,ANX,SE,21,24,2078.0,,anxiety,,correlation;correlations;fornell;larcker;latent;table,S164,true,S164_source_packet_20260609.txt,true,S164,ok,/Users/newhosung/Library/CloudStorage/OneDrive-SharedLibraries-ThePennsylvaniaStateUniversity/AI Adoption Meta Analysis - Documents/Meta/AI Adoption/PDFs/S164.pdf,candidate_only_not_analytic_input_until_human_confirmed
possible_densification_source_review_candidate,ai_candidate_only_missing_pair_no_value_added,human_check_source_table_for_missing_pair_value,S164,ANX-SI,ANX,SI,21,24,2078.0,,anxiety,SI;social influence;subjective norm,correlation;correlations;fornell;larcker;latent;table,S164,true,S164_source_packet_20260609.txt,true,S164,ok,/Users/newhosung/Library/CloudStorage/OneDrive-SharedLibraries-ThePennsylvaniaStateUniversity/AI Adoption Meta Analysis - Documents/Meta/AI Adoption/PDFs/S164.pdf,candidate_only_not_analytic_input_until_human_confirmed
possible_densification_source_review_candidate,ai_candidate_only_missing_pair_no_value_added,human_check_source_table_for_missing_pair_value,S164,ANX-TRU,ANX,TRU,21,24,2078.0,,anxiety,trust,correlation;correlations;fornell;larcker;latent;table,S164,true,S164_source_packet_20260609.txt,true,S164,ok,/Users/newhosung/Library/CloudStorage/OneDrive-SharedLibraries-ThePennsylvaniaStateUniversity/AI Adoption Meta Analysis - Documents/Meta/AI Adoption/PDFs/S164.pdf,candidate_only_not_analytic_input_until_human_confirmed
possible_densification_source_review_candidate,ai_candidate_only_missing_pair_no_value_added,human_check_source_table_for_missing_pair_value,S164,ANX-UB,ANX,UB,21,24,2078.0,,anxiety,UB;actual use;use,correlation;correlations;fornell;larcker;latent;table,S164,true,S164_source_packet_20260609.txt,true,S164,ok,/Users/newhosung/Library/CloudStorage/OneDrive-SharedLibraries-ThePennsylvaniaStateUniversity/AI Adoption Meta Analysis - Documents/Meta/AI Adoption/PDFs/S164.pdf,candidate_only_not_analytic_input_until_human_confirmed
likely_not_densifiable_one_construct_not_visible,ai_candidate_only_missing_pair_no_value_added,human_verify_construct_absence_before_excluding_pair,S164,ATT-SE,ATT,SE,21,24,2078.0,,ATT;attitude;attitudes,,correlation;correlations;fornell;larcker;latent;table,S164,true,S164_source_packet_20260609.txt,true,S164,ok,/Users/newhosung/Library/CloudStorage/OneDrive-SharedLibraries-ThePennsylvaniaStateUniversity/AI Adoption Meta Analysis - Documents/Meta/AI Adoption/PDFs/S164.pdf,candidate_only_not_analytic_input_until_human_confirmed
possible_densification_source_review_candidate,ai_candidate_only_missing_pair_no_value_added,human_check_source_table_for_missing_pair_value,S164,ATT-TRU,ATT,TRU,21,24,2078.0,,ATT;attitude;attitudes,trust,correlation;correlations;fornell;larcker;latent;table,S164,true,S164_source_packet_20260609.txt,true,S164,ok,/Users/newhosung/Library/CloudStorage/OneDrive-SharedLibraries-ThePennsylvaniaStateUniversity/AI Adoption Meta Analysis - Documents/Meta/AI Adoption/PDFs/S164.pdf,candidate_only_not_analytic_input_until_human_confirmed
likely_not_densifiable_one_construct_not_visible,ai_candidate_only_missing_pair_no_value_added,human_verify_construct_absence_before_excluding_pair,S164,BI-SE,BI,SE,21,24,2078.0,,BI;behavioral intention;continuance intention;intention to use,,correlation;correlations;fornell;larcker;latent;table,S164,true,S164_source_packet_20260609.txt,true,S164,ok,/Users/newhosung/Library/CloudStorage/OneDrive-SharedLibraries-ThePennsylvaniaStateUniversity/AI Adoption Meta Analysis - Documents/Meta/AI Adoption/PDFs/S164.pdf,candidate_only_not_analytic_input_until_human_confirmed
possible_densification_source_review_candidate,ai_candidate_only_missing_pair_no_value_added,human_check_source_table_for_missing_pair_value,S164,BI-TRU,BI,TRU,21,24,2078.0,,BI;behavioral intention;continuance intention;intention to use,trust,correlation;correlations;fornell;larcker;latent;table,S164,true,S164_source_packet_20260609.txt,true,S164,ok,/Users/newhosung/Library/CloudStorage/OneDrive-SharedLibraries-ThePennsylvaniaStateUniversity/AI Adoption Meta Analysis - Documents/Meta/AI Adoption/PDFs/S164.pdf,candidate_only_not_analytic_input_until_human_confirmed
likely_not_densifiable_one_construct_not_visible,ai_candidate_only_missing_pair_no_value_added,human_verify_construct_absence_before_excluding_pair,S164,EE-SE,EE,SE,21,24,2078.0,,EE;easy to use;effort expectancy,,correlation;correlations;fornell;larcker;latent;table,S164,true,S164_source_packet_20260609.txt,true,S164,ok,/Users/newhosung/Library/CloudStorage/OneDrive-SharedLibraries-ThePennsylvaniaStateUniversity/AI Adoption Meta Analysis - Documents/Meta/AI Adoption/PDFs/S164.pdf,candidate_only_not_analytic_input_until_human_confirmed
possible_densification_source_review_candidate,ai_candidate_only_missing_pair_no_value_added,human_check_source_table_for_missing_pair_value,S164,EE-TRU,EE,TRU,21,24,2078.0,,EE;easy to use;effort expectancy,trust,correlation;correlations;fornell;larcker;latent;table,S164,true,S164_source_packet_20260609.txt,true,S164,ok,/Users/newhosung/Library/CloudStorage/OneDrive-SharedLibraries-ThePennsylvaniaStateUniversity/AI Adoption Meta Analysis - Documents/Meta/AI Adoption/PDFs/S164.pdf,candidate_only_not_analytic_input_until_human_confirmed
likely_not_densifiable_one_construct_not_visible,ai_candidate_only_missing_pair_no_value_added,human_verify_construct_absence_before_excluding_pair,S164,FC-SE,FC,SE,21,24,2078.0,,FC;facilitating;facilitating conditions;resources;support,,correlation;correlations;fornell;larcker;latent;table,S164,true,S164_source_packet_20260609.txt,true,S164,ok,/Users/newhosung/Library/CloudStorage/OneDrive-SharedLibraries-ThePennsylvaniaStateUniversity/AI Adoption Meta Analysis - Documents/Meta/AI Adoption/PDFs/S164.pdf,candidate_only_not_analytic_input_until_human_confirmed
possible_densification_source_review_candidate,ai_candidate_only_missing_pair_no_value_added,human_check_source_table_for_missing_pair_value,S164,FC-TRU,FC,TRU,21,24,2078.0,,FC;facilitating;facilitating conditions;resources;support,trust,correlation;correlations;fornell;larcker;latent;table,S164,true,S164_source_packet_20260609.txt,true,S164,ok,/Users/newhosung/Library/CloudStorage/OneDrive-SharedLibraries-ThePennsylvaniaStateUniversity/AI Adoption Meta Analysis - Documents/Meta/AI Adoption/PDFs/S164.pdf,candidate_only_not_analytic_input_until_human_confirmed
likely_not_densifiable_one_construct_not_visible,ai_candidate_only_missing_pair_no_value_added,human_verify_construct_absence_before_excluding_pair,S164,PE-SE,PE,SE,21,24,2078.0,,PE;performance expectancy;useful,,correlation;correlations;fornell;larcker;latent;table,S164,true,S164_source_packet_20260609.txt,true,S164,ok,/Users/newhosung/Library/CloudStorage/OneDrive-SharedLibraries-ThePennsylvaniaStateUniversity/AI Adoption Meta Analysis - Documents/Meta/AI Adoption/PDFs/S164.pdf,candidate_only_not_analytic_input_until_human_confirmed
possible_densification_source_review_candidate,ai_candidate_only_missing_pair_no_value_added,human_check_source_table_for_missing_pair_value,S164,PE-TRU,PE,TRU,21,24,2078.0,,PE;performance expectancy;useful,trust,correlation;correlations;fornell;larcker;latent;table,S164,true,S164_source_packet_20260609.txt,true,S164,ok,/Users/newhosung/Library/CloudStorage/OneDrive-SharedLibraries-ThePennsylvaniaStateUniversity/AI Adoption Meta Analysis - Documents/Meta/AI Adoption/PDFs/S164.pdf,candidate_only_not_analytic_input_until_human_confirmed
likely_not_densifiable_one_construct_not_visible,ai_candidate_only_missing_pair_no_value_added,human_verify_construct_absence_before_excluding_pair,S164,SE-SI,SE,SI,21,24,2078.0,,,SI;social influence;subjective norm,correlation;correlations;fornell;larcker;latent;table,S164,true,S164_source_packet_20260609.txt,true,S164,ok,/Users/newhosung/Library/CloudStorage/OneDrive-SharedLibraries-ThePennsylvaniaStateUniversity/AI Adoption Meta Analysis - Documents/Meta/AI Adoption/PDFs/S164.pdf,candidate_only_not_analytic_input_until_human_confirmed
likely_not_densifiable_one_construct_not_visible,ai_candidate_only_missing_pair_no_value_added,human_verify_construct_absence_before_excluding_pair,S164,SE-TRU,SE,TRU,21,24,2078.0,,,trust,correlation;correlations;fornell;larcker;latent;table,S164,true,S164_source_packet_20260609.txt,true,S164,ok,/Users/newhosung/Library/CloudStorage/OneDrive-SharedLibraries-ThePennsylvaniaStateUniversity/AI Adoption Meta Analysis - Documents/Meta/AI Adoption/PDFs/S164.pdf,candidate_only_not_analytic_input_until_human_confirmed
likely_not_densifiable_one_construct_not_visible,ai_candidate_only_missing_pair_no_value_added,human_verify_construct_absence_before_excluding_pair,S164,SE-UB,SE,UB,21,24,2078.0,,,UB;actual use;use,correlation;correlations;fornell;larcker;latent;table,S164,true,S164_source_packet_20260609.txt,true,S164,ok,/Users/newhosung/Library/CloudStorage/OneDrive-SharedLibraries-ThePennsylvaniaStateUniversity/AI Adoption Meta Analysis - Documents/Meta/AI Adoption/PDFs/S164.pdf,candidate_only_not_analytic_input_until_human_confirmed
possible_densification_source_review_candidate,ai_candidate_only_missing_pair_no_value_added,human_check_source_table_for_missing_pair_value,S164,SI-TRU,SI,TRU,21,24,2078.0,,SI;social influence;subjective norm,trust,correlation;correlations;fornell;larcker;latent;table,S164,true,S164_source_packet_20260609.txt,true,S164,ok,/Users/newhosung/Library/CloudStorage/OneDrive-SharedLibraries-ThePennsylvaniaStateUniversity/AI Adoption Meta Analysis - Documents/Meta/AI Adoption/PDFs/S164.pdf,candidate_only_not_analytic_input_until_human_confirmed
possible_densification_source_review_candidate,ai_candidate_only_missing_pair_no_value_added,human_check_source_table_for_missing_pair_value,S164,TRU-UB,TRU,UB,21,24,2078.0,,trust,UB;actual use;use,correlation;correlations;fornell;larcker;latent;table,S164,true,S164_source_packet_20260609.txt,true,S164,ok,/Users/newhosung/Library/CloudStorage/OneDrive-SharedLibraries-ThePennsylvaniaStateUniversity/AI Adoption Meta Analysis - Documents/Meta/AI Adoption/PDFs/S164.pdf,candidate_only_not_analytic_input_until_human_confirmed
possible_densification_source_review_candidate,ai_candidate_only_missing_pair_no_value_added,human_check_source_table_for_missing_pair_value,S173,ANX-ATT,ANX,ATT,21,24,306.0,,fear,attitude;attitudes,correlation;correlations;fornell;larcker;latent;pearson;table,S173,true,S173_source_packet_20260609.txt,true,S173,ok,/Users/newhosung/Library/CloudStorage/OneDrive-SharedLibraries-ThePennsylvaniaStateUniversity/AI Adoption Meta Analysis - Documents/Meta/AI Adoption/PDFs/S173.pdf,candidate_only_not_analytic_input_until_human_confirmed
possible_densification_source_review_candidate,ai_candidate_only_missing_pair_no_value_added,human_check_source_table_for_missing_pair_value,S173,ANX-BI,ANX,BI,21,24,306.0,,fear,BI;behavioral intention;behavioural intention;intention to use;usage intention,correlation;correlations;fornell;larcker;latent;pearson;table,S173,true,S173_source_packet_20260609.txt,true,S173,ok,/Users/newhosung/Library/CloudStorage/OneDrive-SharedLibraries-ThePennsylvaniaStateUniversity/AI Adoption Meta Analysis - Documents/Meta/AI Adoption/PDFs/S173.pdf,candidate_only_not_analytic_input_until_human_confirmed
possible_densification_source_review_candidate,ai_candidate_only_missing_pair_no_value_added,human_check_source_table_for_missing_pair_value,S173,ANX-EE,ANX,EE,21,24,306.0,,fear,EE;ease of use;effort expectancy;perceived ease of use,correlation;correlations;fornell;larcker;latent;pearson;table,S173,true,S173_source_packet_20260609.txt,true,S173,ok,/Users/newhosung/Library/CloudStorage/OneDrive-SharedLibraries-ThePennsylvaniaStateUniversity/AI Adoption Meta Analysis - Documents/Meta/AI Adoption/PDFs/S173.pdf,candidate_only_not_analytic_input_until_human_confirmed
possible_densification_source_review_candidate,ai_candidate_only_missing_pair_no_value_added,human_check_source_table_for_missing_pair_value,S173,ANX-FC,ANX,FC,21,24,306.0,,fear,FC;facilitating;facilitating condition;facilitating conditions;support,correlation;correlations;fornell;larcker;latent;pearson;table,S173,true,S173_source_packet_20260609.txt,true,S173,ok,/Users/newhosung/Library/CloudStorage/OneDrive-SharedLibraries-ThePennsylvaniaStateUniversity/AI Adoption Meta Analysis - Documents/Meta/AI Adoption/PDFs/S173.pdf,candidate_only_not_analytic_input_until_human_confirmed
possible_densification_source_review_candidate,ai_candidate_only_missing_pair_no_value_added,human_check_source_table_for_missing_pair_value,S173,ANX-PE,ANX,PE,21,24,306.0,,fear,PE;perceived usefulness;performance expectancy;useful;usefulness,correlation;correlations;fornell;larcker;latent;pearson;table,S173,true,S173_source_packet_20260609.txt,true,S173,ok,/Users/newhosung/Library/CloudStorage/OneDrive-SharedLibraries-ThePennsylvaniaStateUniversity/AI Adoption Meta Analysis - Documents/Meta/AI Adoption/PDFs/S173.pdf,candidate_only_not_analytic_input_until_human_confirmed
possible_densification_source_review_candidate,ai_candidate_only_missing_pair_no_value_added,human_check_source_table_for_missing_pair_value,S173,ANX-SE,ANX,SE,21,24,306.0,,fear,efficacy;self-efficacy,correlation;correlations;fornell;larcker;latent;pearson;table,S173,true,S173_source_packet_20260609.txt,true,S173,ok,/Users/newhosung/Library/CloudStorage/OneDrive-SharedLibraries-ThePennsylvaniaStateUniversity/AI Adoption Meta Analysis - Documents/Meta/AI Adoption/PDFs/S173.pdf,candidate_only_not_analytic_input_until_human_confirmed
possible_densification_source_review_candidate,ai_candidate_only_missing_pair_no_value_added,human_check_source_table_for_missing_pair_value,S173,ANX-SI,ANX,SI,21,24,306.0,,fear,SI;social influence;social norm,correlation;correlations;fornell;larcker;latent;pearson;table,S173,true,S173_source_packet_20260609.txt,true,S173,ok,/Users/newhosung/Library/CloudStorage/OneDrive-SharedLibraries-ThePennsylvaniaStateUniversity/AI Adoption Meta Analysis - Documents/Meta/AI Adoption/PDFs/S173.pdf,candidate_only_not_analytic_input_until_human_confirmed
possible_densification_source_review_candidate,ai_candidate_only_missing_pair_no_value_added,human_check_source_table_for_missing_pair_value,S173,ANX-TRU,ANX,TRU,21,24,306.0,,fear,TRU;trust;trustworthiness,correlation;correlations;fornell;larcker;latent;pearson;table,S173,true,S173_source_packet_20260609.txt,true,S173,ok,/Users/newhosung/Library/CloudStorage/OneDrive-SharedLibraries-ThePennsylvaniaStateUniversity/AI Adoption Meta Analysis - Documents/Meta/AI Adoption/PDFs/S173.pdf,candidate_only_not_analytic_input_until_human_confirmed
possible_densification_source_review_candidate,ai_candidate_only_missing_pair_no_value_added,human_check_source_table_for_missing_pair_value,S173,ANX-UB,ANX,UB,21,24,306.0,,fear,UB;actual use;usage behaviour;use;use behaviour,correlation;correlations;fornell;larcker;latent;pearson;table,S173,true,S173_source_packet_20260609.txt,true,S173,ok,/Users/newhosung/Library/CloudStorage/OneDrive-SharedLibraries-ThePennsylvaniaStateUniversity/AI Adoption Meta Analysis - Documents/Meta/AI Adoption/PDFs/S173.pdf,candidate_only_not_analytic_input_until_human_confirmed
possible_densification_source_review_candidate,ai_candidate_only_missing_pair_no_value_added,human_check_source_table_for_missing_pair_value,S173,ATT-BI,ATT,BI,21,24,306.0,,attitude;attitudes,BI;behavioral intention;behavioural intention;intention to use;usage intention,correlation;correlations;fornell;larcker;latent;pearson;table,S173,true,S173_source_packet_20260609.txt,true,S173,ok,/Users/newhosung/Library/CloudStorage/OneDrive-SharedLibraries-ThePennsylvaniaStateUniversity/AI Adoption Meta Analysis - Documents/Meta/AI Adoption/PDFs/S173.pdf,candidate_only_not_analytic_input_until_human_confirmed
possible_densification_source_review_candidate,ai_candidate_only_missing_pair_no_value_added,human_check_source_table_for_missing_pair_value,S173,ATT-EE,ATT,EE,21,24,306.0,,attitude;attitudes,EE;ease of use;effort expectancy;perceived ease of use,correlation;correlations;fornell;larcker;latent;pearson;table,S173,true,S173_source_packet_20260609.txt,true,S173,ok,/Users/newhosung/Library/CloudStorage/OneDrive-SharedLibraries-ThePennsylvaniaStateUniversity/AI Adoption Meta Analysis - Documents/Meta/AI Adoption/PDFs/S173.pdf,candidate_only_not_analytic_input_until_human_confirmed
possible_densification_source_review_candidate,ai_candidate_only_missing_pair_no_value_added,human_check_source_table_for_missing_pair_value,S173,ATT-FC,ATT,FC,21,24,306.0,,attitude;attitudes,FC;facilitating;facilitating condition;facilitating conditions;support,correlation;correlations;fornell;larcker;latent;pearson;table,S173,true,S173_source_packet_20260609.txt,true,S173,ok,/Users/newhosung/Library/CloudStorage/OneDrive-SharedLibraries-ThePennsylvaniaStateUniversity/AI Adoption Meta Analysis - Documents/Meta/AI Adoption/PDFs/S173.pdf,candidate_only_not_analytic_input_until_human_confirmed
possible_densification_source_review_candidate,ai_candidate_only_missing_pair_no_value_added,human_check_source_table_for_missing_pair_value,S173,ATT-PE,ATT,PE,21,24,306.0,,attitude;attitudes,PE;perceived usefulness;performance expectancy;useful;usefulness,correlation;correlations;fornell;larcker;latent;pearson;table,S173,true,S173_source_packet_20260609.txt,true,S173,ok,/Users/newhosung/Library/CloudStorage/OneDrive-SharedLibraries-ThePennsylvaniaStateUniversity/AI Adoption Meta Analysis - Documents/Meta/AI Adoption/PDFs/S173.pdf,candidate_only_not_analytic_input_until_human_confirmed
possible_densification_source_review_candidate,ai_candidate_only_missing_pair_no_value_added,human_check_source_table_for_missing_pair_value,S173,ATT-SE,ATT,SE,21,24,306.0,,attitude;attitudes,efficacy;self-efficacy,correlation;correlations;fornell;larcker;latent;pearson;table,S173,true,S173_source_packet_20260609.txt,true,S173,ok,/Users/newhosung/Library/CloudStorage/OneDrive-SharedLibraries-ThePennsylvaniaStateUniversity/AI Adoption Meta Analysis - Documents/Meta/AI Adoption/PDFs/S173.pdf,candidate_only_not_analytic_input_until_human_confirmed
possible_densification_source_review_candidate,ai_candidate_only_missing_pair_no_value_added,human_check_source_table_for_missing_pair_value,S173,ATT-SI,ATT,SI,21,24,306.0,,attitude;attitudes,SI;social influence;social norm,correlation;correlations;fornell;larcker;latent;pearson;table,S173,true,S173_source_packet_20260609.txt,true,S173,ok,/Users/newhosung/Library/CloudStorage/OneDrive-SharedLibraries-ThePennsylvaniaStateUniversity/AI Adoption Meta Analysis - Documents/Meta/AI Adoption/PDFs/S173.pdf,candidate_only_not_analytic_input_until_human_confirmed
possible_densification_source_review_candidate,ai_candidate_only_missing_pair_no_value_added,human_check_source_table_for_missing_pair_value,S173,ATT-TRU,ATT,TRU,21,24,306.0,,attitude;attitudes,TRU;trust;trustworthiness,correlation;correlations;fornell;larcker;latent;pearson;table,S173,true,S173_source_packet_20260609.txt,true,S173,ok,/Users/newhosung/Library/CloudStorage/OneDrive-SharedLibraries-ThePennsylvaniaStateUniversity/AI Adoption Meta Analysis - Documents/Meta/AI Adoption/PDFs/S173.pdf,candidate_only_not_analytic_input_until_human_confirmed
possible_densification_source_review_candidate,ai_candidate_only_missing_pair_no_value_added,human_check_source_table_for_missing_pair_value,S173,ATT-UB,ATT,UB,21,24,306.0,,attitude;attitudes,UB;actual use;usage behaviour;use;use behaviour,correlation;correlations;fornell;larcker;latent;pearson;table,S173,true,S173_source_packet_20260609.txt,true,S173,ok,/Users/newhosung/Library/CloudStorage/OneDrive-SharedLibraries-ThePennsylvaniaStateUniversity/AI Adoption Meta Analysis - Documents/Meta/AI Adoption/PDFs/S173.pdf,candidate_only_not_analytic_input_until_human_confirmed
possible_densification_source_review_candidate,ai_candidate_only_missing_pair_no_value_added,human_check_source_table_for_missing_pair_value,S173,BI-SE,BI,SE,21,24,306.0,,BI;behavioral intention;behavioural intention;intention to use;usage intention,efficacy;self-efficacy,correlation;correlations;fornell;larcker;latent;pearson;table,S173,true,S173_source_packet_20260609.txt,true,S173,ok,/Users/newhosung/Library/CloudStorage/OneDrive-SharedLibraries-ThePennsylvaniaStateUniversity/AI Adoption Meta Analysis - Documents/Meta/AI Adoption/PDFs/S173.pdf,candidate_only_not_analytic_input_until_human_confirmed
possible_densification_source_review_candidate,ai_candidate_only_missing_pair_no_value_added,human_check_source_table_for_missing_pair_value,S173,EE-SE,EE,SE,21,24,306.0,,EE;ease of use;effort expectancy;perceived ease of use,efficacy;self-efficacy,correlation;correlations;fornell;larcker;latent;pearson;table,S173,true,S173_source_packet_20260609.txt,true,S173,ok,/Users/newhosung/Library/CloudStorage/OneDrive-SharedLibraries-ThePennsylvaniaStateUniversity/AI Adoption Meta Analysis - Documents/Meta/AI Adoption/PDFs/S173.pdf,candidate_only_not_analytic_input_until_human_confirmed
possible_densification_source_review_candidate,ai_candidate_only_missing_pair_no_value_added,human_check_source_table_for_missing_pair_value,S173,FC-SE,FC,SE,21,24,306.0,,FC;facilitating;facilitating condition;facilitating conditions;support,efficacy;self-efficacy,correlation;correlations;fornell;larcker;latent;pearson;table,S173,true,S173_source_packet_20260609.txt,true,S173,ok,/Users/newhosung/Library/CloudStorage/OneDrive-SharedLibraries-ThePennsylvaniaStateUniversity/AI Adoption Meta Analysis - Documents/Meta/AI Adoption/PDFs/S173.pdf,candidate_only_not_analytic_input_until_human_confirmed
possible_densification_source_review_candidate,ai_candidate_only_missing_pair_no_value_added,human_check_source_table_for_missing_pair_value,S173,PE-SE,PE,SE,21,24,306.0,,PE;perceived usefulness;performance expectancy;useful;usefulness,efficacy;self-efficacy,correlation;correlations;fornell;larcker;latent;pearson;table,S173,true,S173_source_packet_20260609.txt,true,S173,ok,/Users/newhosung/Library/CloudStorage/OneDrive-SharedLibraries-ThePennsylvaniaStateUniversity/AI Adoption Meta Analysis - Documents/Meta/AI Adoption/PDFs/S173.pdf,candidate_only_not_analytic_input_until_human_confirmed
possible_densification_source_review_candidate,ai_candidate_only_missing_pair_no_value_added,human_check_source_table_for_missing_pair_value,S173,SE-SI,SE,SI,21,24,306.0,,efficacy;self-efficacy,SI;social influence;social norm,correlation;correlations;fornell;larcker;latent;pearson;table,S173,true,S173_source_packet_20260609.txt,true,S173,ok,/Users/newhosung/Library/CloudStorage/OneDrive-SharedLibraries-ThePennsylvaniaStateUniversity/AI Adoption Meta Analysis - Documents/Meta/AI Adoption/PDFs/S173.pdf,candidate_only_not_analytic_input_until_human_confirmed
possible_densification_source_review_candidate,ai_candidate_only_missing_pair_no_value_added,human_check_source_table_for_missing_pair_value,S173,SE-TRU,SE,TRU,21,24,306.0,,efficacy;self-efficacy,TRU;trust;trustworthiness,correlation;correlations;fornell;larcker;latent;pearson;table,S173,true,S173_source_packet_20260609.txt,true,S173,ok,/Users/newhosung/Library/CloudStorage/OneDrive-SharedLibraries-ThePennsylvaniaStateUniversity/AI Adoption Meta Analysis - Documents/Meta/AI Adoption/PDFs/S173.pdf,candidate_only_not_analytic_input_until_human_confirmed
possible_densification_source_review_candidate,ai_candidate_only_missing_pair_no_value_added,human_check_source_table_for_missing_pair_value,S173,SE-UB,SE,UB,21,24,306.0,,efficacy;self-efficacy,UB;actual use;usage behaviour;use;use behaviour,correlation;correlations;fornell;larcker;latent;pearson;table,S173,true,S173_source_packet_20260609.txt,true,S173,ok,/Users/newhosung/Library/CloudStorage/OneDrive-SharedLibraries-ThePennsylvaniaStateUniversity/AI Adoption Meta Analysis - Documents/Meta/AI Adoption/PDFs/S173.pdf,candidate_only_not_analytic_input_until_human_confirmed
possible_densification_source_review_candidate,ai_candidate_only_missing_pair_no_value_added,human_check_source_table_for_missing_pair_value,S185,ANX-SE,ANX,SE,21,24,298.0,,anxiety;apprehension,efficacy;self-efficacy,correlation;fornell;larcker;table,S185,false,,true,S185,ok,/Users/newhosung/Library/CloudStorage/OneDrive-SharedLibraries-ThePennsylvaniaStateUniversity/AI Adoption Meta Analysis - Documents/Meta/AI Adoption/PDFs/S185.pdf,candidate_only_not_analytic_input_until_human_confirmed
possible_densification_source_review_candidate,ai_candidate_only_missing_pair_no_value_added,human_check_source_table_for_missing_pair_value,S185,ANX-TRU,ANX,TRU,21,24,298.0,,anxiety;apprehension,trust,correlation;fornell;larcker;table,S185,false,,true,S185,ok,/Users/newhosung/Library/CloudStorage/OneDrive-SharedLibraries-ThePennsylvaniaStateUniversity/AI Adoption Meta Analysis - Documents/Meta/AI Adoption/PDFs/S185.pdf,candidate_only_not_analytic_input_until_human_confirmed
possible_densification_source_review_candidate,ai_candidate_only_missing_pair_no_value_added,human_check_source_table_for_missing_pair_value,S185,ANX-UB,ANX,UB,21,24,298.0,,anxiety;apprehension,use,correlation;fornell;larcker;table,S185,false,,true,S185,ok,/Users/newhosung/Library/CloudStorage/OneDrive-SharedLibraries-ThePennsylvaniaStateUniversity/AI Adoption Meta Analysis - Documents/Meta/AI Adoption/PDFs/S185.pdf,candidate_only_not_analytic_input_until_human_confirmed
possible_densification_source_review_candidate,ai_candidate_only_missing_pair_no_value_added,human_check_source_table_for_missing_pair_value,S185,ATT-SE,ATT,SE,21,24,298.0,,ATT;attitude;attitude toward;attitudes,efficacy;self-efficacy,correlation;fornell;larcker;table,S185,false,,true,S185,ok,/Users/newhosung/Library/CloudStorage/OneDrive-SharedLibraries-ThePennsylvaniaStateUniversity/AI Adoption Meta Analysis - Documents/Meta/AI Adoption/PDFs/S185.pdf,candidate_only_not_analytic_input_until_human_confirmed
possible_densification_source_review_candidate,ai_candidate_only_missing_pair_no_value_added,human_check_source_table_for_missing_pair_value,S185,ATT-TRU,ATT,TRU,21,24,298.0,,ATT;attitude;attitude toward;attitudes,trust,correlation;fornell;larcker;table,S185,false,,true,S185,ok,/Users/newhosung/Library/CloudStorage/OneDrive-SharedLibraries-ThePennsylvaniaStateUniversity/AI Adoption Meta Analysis - Documents/Meta/AI Adoption/PDFs/S185.pdf,candidate_only_not_analytic_input_until_human_confirmed
possible_densification_source_review_candidate,ai_candidate_only_missing_pair_no_value_added,human_check_source_table_for_missing_pair_value,S185,ATT-UB,ATT,UB,21,24,298.0,,ATT;attitude;attitude toward;attitudes,use,correlation;fornell;larcker;table,S185,false,,true,S185,ok,/Users/newhosung/Library/CloudStorage/OneDrive-SharedLibraries-ThePennsylvaniaStateUniversity/AI Adoption Meta Analysis - Documents/Meta/AI Adoption/PDFs/S185.pdf,candidate_only_not_analytic_input_until_human_confirmed
possible_densification_source_review_candidate,ai_candidate_only_missing_pair_no_value_added,human_check_source_table_for_missing_pair_value,S185,BI-SE,BI,SE,21,24,298.0,,BI;behavioral intention;intention to use;usage intention,efficacy;self-efficacy,correlation;fornell;larcker;table,S185,false,,true,S185,ok,/Users/newhosung/Library/CloudStorage/OneDrive-SharedLibraries-ThePennsylvaniaStateUniversity/AI Adoption Meta Analysis - Documents/Meta/AI Adoption/PDFs/S185.pdf,candidate_only_not_analytic_input_until_human_confirmed
possible_densification_source_review_candidate,ai_candidate_only_missing_pair_no_value_added,human_check_source_table_for_missing_pair_value,S185,BI-TRU,BI,TRU,21,24,298.0,,BI;behavioral intention;intention to use;usage intention,trust,correlation;fornell;larcker;table,S185,false,,true,S185,ok,/Users/newhosung/Library/CloudStorage/OneDrive-SharedLibraries-ThePennsylvaniaStateUniversity/AI Adoption Meta Analysis - Documents/Meta/AI Adoption/PDFs/S185.pdf,candidate_only_not_analytic_input_until_human_confirmed
possible_densification_source_review_candidate,ai_candidate_only_missing_pair_no_value_added,human_check_source_table_for_missing_pair_value,S185,BI-UB,BI,UB,21,24,298.0,,BI;behavioral intention;intention to use;usage intention,use,correlation;fornell;larcker;table,S185,false,,true,S185,ok,/Users/newhosung/Library/CloudStorage/OneDrive-SharedLibraries-ThePennsylvaniaStateUniversity/AI Adoption Meta Analysis - Documents/Meta/AI Adoption/PDFs/S185.pdf,candidate_only_not_analytic_input_until_human_confirmed
possible_densification_source_review_candidate,ai_candidate_only_missing_pair_no_value_added,human_check_source_table_for_missing_pair_value,S185,EE-SE,EE,SE,21,24,298.0,,ease of use;easy to use;perceived ease of use,efficacy;self-efficacy,correlation;fornell;larcker;table,S185,false,,true,S185,ok,/Users/newhosung/Library/CloudStorage/OneDrive-SharedLibraries-ThePennsylvaniaStateUniversity/AI Adoption Meta Analysis - Documents/Meta/AI Adoption/PDFs/S185.pdf,candidate_only_not_analytic_input_until_human_confirmed
possible_densification_source_review_candidate,ai_candidate_only_missing_pair_no_value_added,human_check_source_table_for_missing_pair_value,S185,EE-TRU,EE,TRU,21,24,298.0,,ease of use;easy to use;perceived ease of use,trust,correlation;fornell;larcker;table,S185,false,,true,S185,ok,/Users/newhosung/Library/CloudStorage/OneDrive-SharedLibraries-ThePennsylvaniaStateUniversity/AI Adoption Meta Analysis - Documents/Meta/AI Adoption/PDFs/S185.pdf,candidate_only_not_analytic_input_until_human_confirmed
possible_densification_source_review_candidate,ai_candidate_only_missing_pair_no_value_added,human_check_source_table_for_missing_pair_value,S185,EE-UB,EE,UB,21,24,298.0,,ease of use;easy to use;perceived ease of use,use,correlation;fornell;larcker;table,S185,false,,true,S185,ok,/Users/newhosung/Library/CloudStorage/OneDrive-SharedLibraries-ThePennsylvaniaStateUniversity/AI Adoption Meta Analysis - Documents/Meta/AI Adoption/PDFs/S185.pdf,candidate_only_not_analytic_input_until_human_confirmed
possible_densification_source_review_candidate,ai_candidate_only_missing_pair_no_value_added,human_check_source_table_for_missing_pair_value,S185,FC-SE,FC,SE,21,24,298.0,,facilitating;resources;support,efficacy;self-efficacy,correlation;fornell;larcker;table,S185,false,,true,S185,ok,/Users/newhosung/Library/CloudStorage/OneDrive-SharedLibraries-ThePennsylvaniaStateUniversity/AI Adoption Meta Analysis - Documents/Meta/AI Adoption/PDFs/S185.pdf,candidate_only_not_analytic_input_until_human_confirmed
possible_densification_source_review_candidate,ai_candidate_only_missing_pair_no_value_added,human_check_source_table_for_missing_pair_value,S185,FC-TRU,FC,TRU,21,24,298.0,,facilitating;resources;support,trust,correlation;fornell;larcker;table,S185,false,,true,S185,ok,/Users/newhosung/Library/CloudStorage/OneDrive-SharedLibraries-ThePennsylvaniaStateUniversity/AI Adoption Meta Analysis - Documents/Meta/AI Adoption/PDFs/S185.pdf,candidate_only_not_analytic_input_until_human_confirmed
possible_densification_source_review_candidate,ai_candidate_only_missing_pair_no_value_added,human_check_source_table_for_missing_pair_value,S185,FC-UB,FC,UB,21,24,298.0,,facilitating;resources;support,use,correlation;fornell;larcker;table,S185,false,,true,S185,ok,/Users/newhosung/Library/CloudStorage/OneDrive-SharedLibraries-ThePennsylvaniaStateUniversity/AI Adoption Meta Analysis - Documents/Meta/AI Adoption/PDFs/S185.pdf,candidate_only_not_analytic_input_until_human_confirmed
possible_densification_source_review_candidate,ai_candidate_only_missing_pair_no_value_added,human_check_source_table_for_missing_pair_value,S185,PE-SE,PE,SE,21,24,298.0,,PE;PU;perceived usefulness;useful;usefulness,efficacy;self-efficacy,correlation;fornell;larcker;table,S185,false,,true,S185,ok,/Users/newhosung/Library/CloudStorage/OneDrive-SharedLibraries-ThePennsylvaniaStateUniversity/AI Adoption Meta Analysis - Documents/Meta/AI Adoption/PDFs/S185.pdf,candidate_only_not_analytic_input_until_human_confirmed
possible_densification_source_review_candidate,ai_candidate_only_missing_pair_no_value_added,human_check_source_table_for_missing_pair_value,S185,PE-TRU,PE,TRU,21,24,298.0,,PE;PU;perceived usefulness;useful;usefulness,trust,correlation;fornell;larcker;table,S185,false,,true,S185,ok,/Users/newhosung/Library/CloudStorage/OneDrive-SharedLibraries-ThePennsylvaniaStateUniversity/AI Adoption Meta Analysis - Documents/Meta/AI Adoption/PDFs/S185.pdf,candidate_only_not_analytic_input_until_human_confirmed
possible_densification_source_review_candidate,ai_candidate_only_missing_pair_no_value_added,human_check_source_table_for_missing_pair_value,S185,PE-UB,PE,UB,21,24,298.0,,PE;PU;perceived usefulness;useful;usefulness,use,correlation;fornell;larcker;table,S185,false,,true,S185,ok,/Users/newhosung/Library/CloudStorage/OneDrive-SharedLibraries-ThePennsylvaniaStateUniversity/AI Adoption Meta Analysis - Documents/Meta/AI Adoption/PDFs/S185.pdf,candidate_only_not_analytic_input_until_human_confirmed
possible_densification_source_review_candidate,ai_candidate_only_missing_pair_no_value_added,human_check_source_table_for_missing_pair_value,S185,SE-SI,SE,SI,21,24,298.0,,efficacy;self-efficacy,social influence;subjective norm,correlation;fornell;larcker;table,S185,false,,true,S185,ok,/Users/newhosung/Library/CloudStorage/OneDrive-SharedLibraries-ThePennsylvaniaStateUniversity/AI Adoption Meta Analysis - Documents/Meta/AI Adoption/PDFs/S185.pdf,candidate_only_not_analytic_input_until_human_confirmed
possible_densification_source_review_candidate,ai_candidate_only_missing_pair_no_value_added,human_check_source_table_for_missing_pair_value,S185,SE-TRU,SE,TRU,21,24,298.0,,efficacy;self-efficacy,trust,correlation;fornell;larcker;table,S185,false,,true,S185,ok,/Users/newhosung/Library/CloudStorage/OneDrive-SharedLibraries-ThePennsylvaniaStateUniversity/AI Adoption Meta Analysis - Documents/Meta/AI Adoption/PDFs/S185.pdf,candidate_only_not_analytic_input_until_human_confirmed
possible_densification_source_review_candidate,ai_candidate_only_missing_pair_no_value_added,human_check_source_table_for_missing_pair_value,S185,SE-UB,SE,UB,21,24,298.0,,efficacy;self-efficacy,use,correlation;fornell;larcker;table,S185,false,,true,S185,ok,/Users/newhosung/Library/CloudStorage/OneDrive-SharedLibraries-ThePennsylvaniaStateUniversity/AI Adoption Meta Analysis - Documents/Meta/AI Adoption/PDFs/S185.pdf,candidate_only_not_analytic_input_until_human_confirmed
possible_densification_source_review_candidate,ai_candidate_only_missing_pair_no_value_added,human_check_source_table_for_missing_pair_value,S185,SI-TRU,SI,TRU,21,24,298.0,,social influence;subjective norm,trust,correlation;fornell;larcker;table,S185,false,,true,S185,ok,/Users/newhosung/Library/CloudStorage/OneDrive-SharedLibraries-ThePennsylvaniaStateUniversity/AI Adoption Meta Analysis - Documents/Meta/AI Adoption/PDFs/S185.pdf,candidate_only_not_analytic_input_until_human_confirmed
possible_densification_source_review_candidate,ai_candidate_only_missing_pair_no_value_added,human_check_source_table_for_missing_pair_value,S185,SI-UB,SI,UB,21,24,298.0,,social influence;subjective norm,use,correlation;fornell;larcker;table,S185,false,,true,S185,ok,/Users/newhosung/Library/CloudStorage/OneDrive-SharedLibraries-ThePennsylvaniaStateUniversity/AI Adoption Meta Analysis - Documents/Meta/AI Adoption/PDFs/S185.pdf,candidate_only_not_analytic_input_until_human_confirmed
possible_densification_source_review_candidate,ai_candidate_only_missing_pair_no_value_added,human_check_source_table_for_missing_pair_value,S185,TRU-UB,TRU,UB,21,24,298.0,,trust,use,correlation;fornell;larcker;table,S185,false,,true,S185,ok,/Users/newhosung/Library/CloudStorage/OneDrive-SharedLibraries-ThePennsylvaniaStateUniversity/AI Adoption Meta Analysis - Documents/Meta/AI Adoption/PDFs/S185.pdf,candidate_only_not_analytic_input_until_human_confirmed
possible_densification_source_review_candidate,ai_candidate_only_missing_pair_no_value_added,human_check_source_table_for_missing_pair_value,S190,ANX-SE,ANX,SE,21,24,330.0,,ANX,efficacy;self-efficacy,correlation;correlations;latent;pearson;table,S190,true,S190_source_packet_20260609.txt,true,S190,ok,/Users/newhosung/Library/CloudStorage/OneDrive-SharedLibraries-ThePennsylvaniaStateUniversity/AI Adoption Meta Analysis - Documents/Meta/AI Adoption/PDFs/S190.pdf,candidate_only_not_analytic_input_until_human_confirmed
possible_densification_source_review_candidate,ai_candidate_only_missing_pair_no_value_added,human_check_source_table_for_missing_pair_value,S190,ANX-TRU,ANX,TRU,21,24,330.0,,ANX,trust,correlation;correlations;latent;pearson;table,S190,true,S190_source_packet_20260609.txt,true,S190,ok,/Users/newhosung/Library/CloudStorage/OneDrive-SharedLibraries-ThePennsylvaniaStateUniversity/AI Adoption Meta Analysis - Documents/Meta/AI Adoption/PDFs/S190.pdf,candidate_only_not_analytic_input_until_human_confirmed
possible_densification_source_review_candidate,ai_candidate_only_missing_pair_no_value_added,human_check_source_table_for_missing_pair_value,S190,ANX-UB,ANX,UB,21,24,330.0,,ANX,actual use;use,correlation;correlations;latent;pearson;table,S190,true,S190_source_packet_20260609.txt,true,S190,ok,/Users/newhosung/Library/CloudStorage/OneDrive-SharedLibraries-ThePennsylvaniaStateUniversity/AI Adoption Meta Analysis - Documents/Meta/AI Adoption/PDFs/S190.pdf,candidate_only_not_analytic_input_until_human_confirmed
possible_densification_source_review_candidate,ai_candidate_only_missing_pair_no_value_added,human_check_source_table_for_missing_pair_value,S190,ATT-SE,ATT,SE,21,24,330.0,,ATT;attitude;attitude toward;attitudes,efficacy;self-efficacy,correlation;correlations;latent;pearson;table,S190,true,S190_source_packet_20260609.txt,true,S190,ok,/Users/newhosung/Library/CloudStorage/OneDrive-SharedLibraries-ThePennsylvaniaStateUniversity/AI Adoption Meta Analysis - Documents/Meta/AI Adoption/PDFs/S190.pdf,candidate_only_not_analytic_input_until_human_confirmed
possible_densification_source_review_candidate,ai_candidate_only_missing_pair_no_value_added,human_check_source_table_for_missing_pair_value,S190,ATT-TRU,ATT,TRU,21,24,330.0,,ATT;attitude;attitude toward;attitudes,trust,correlation;correlations;latent;pearson;table,S190,true,S190_source_packet_20260609.txt,true,S190,ok,/Users/newhosung/Library/CloudStorage/OneDrive-SharedLibraries-ThePennsylvaniaStateUniversity/AI Adoption Meta Analysis - Documents/Meta/AI Adoption/PDFs/S190.pdf,candidate_only_not_analytic_input_until_human_confirmed
possible_densification_source_review_candidate,ai_candidate_only_missing_pair_no_value_added,human_check_source_table_for_missing_pair_value,S190,ATT-UB,ATT,UB,21,24,330.0,,ATT;attitude;attitude toward;attitudes,actual use;use,correlation;correlations;latent;pearson;table,S190,true,S190_source_packet_20260609.txt,true,S190,ok,/Users/newhosung/Library/CloudStorage/OneDrive-SharedLibraries-ThePennsylvaniaStateUniversity/AI Adoption Meta Analysis - Documents/Meta/AI Adoption/PDFs/S190.pdf,candidate_only_not_analytic_input_until_human_confirmed
possible_densification_source_review_candidate,ai_candidate_only_missing_pair_no_value_added,human_check_source_table_for_missing_pair_value,S190,BI-SE,BI,SE,21,24,330.0,,BI;behavioral intention,efficacy;self-efficacy,correlation;correlations;latent;pearson;table,S190,true,S190_source_packet_20260609.txt,true,S190,ok,/Users/newhosung/Library/CloudStorage/OneDrive-SharedLibraries-ThePennsylvaniaStateUniversity/AI Adoption Meta Analysis - Documents/Meta/AI Adoption/PDFs/S190.pdf,candidate_only_not_analytic_input_until_human_confirmed
possible_densification_source_review_candidate,ai_candidate_only_missing_pair_no_value_added,human_check_source_table_for_missing_pair_value,S190,BI-TRU,BI,TRU,21,24,330.0,,BI;behavioral intention,trust,correlation;correlations;latent;pearson;table,S190,true,S190_source_packet_20260609.txt,true,S190,ok,/Users/newhosung/Library/CloudStorage/OneDrive-SharedLibraries-ThePennsylvaniaStateUniversity/AI Adoption Meta Analysis - Documents/Meta/AI Adoption/PDFs/S190.pdf,candidate_only_not_analytic_input_until_human_confirmed
possible_densification_source_review_candidate,ai_candidate_only_missing_pair_no_value_added,human_check_source_table_for_missing_pair_value,S190,BI-UB,BI,UB,21,24,330.0,,BI;behavioral intention,actual use;use,correlation;correlations;latent;pearson;table,S190,true,S190_source_packet_20260609.txt,true,S190,ok,/Users/newhosung/Library/CloudStorage/OneDrive-SharedLibraries-ThePennsylvaniaStateUniversity/AI Adoption Meta Analysis - Documents/Meta/AI Adoption/PDFs/S190.pdf,candidate_only_not_analytic_input_until_human_confirmed
possible_densification_source_review_candidate,ai_candidate_only_missing_pair_no_value_added,human_check_source_table_for_missing_pair_value,S190,EE-SE,EE,SE,21,24,330.0,,EE;ease of use;perceived ease of use,efficacy;self-efficacy,correlation;correlations;latent;pearson;table,S190,true,S190_source_packet_20260609.txt,true,S190,ok,/Users/newhosung/Library/CloudStorage/OneDrive-SharedLibraries-ThePennsylvaniaStateUniversity/AI Adoption Meta Analysis - Documents/Meta/AI Adoption/PDFs/S190.pdf,candidate_only_not_analytic_input_until_human_confirmed
possible_densification_source_review_candidate,ai_candidate_only_missing_pair_no_value_added,human_check_source_table_for_missing_pair_value,S190,EE-TRU,EE,TRU,21,24,330.0,,EE;ease of use;perceived ease of use,trust,correlation;correlations;latent;pearson;table,S190,true,S190_source_packet_20260609.txt,true,S190,ok,/Users/newhosung/Library/CloudStorage/OneDrive-SharedLibraries-ThePennsylvaniaStateUniversity/AI Adoption Meta Analysis - Documents/Meta/AI Adoption/PDFs/S190.pdf,candidate_only_not_analytic_input_until_human_confirmed
possible_densification_source_review_candidate,ai_candidate_only_missing_pair_no_value_added,human_check_source_table_for_missing_pair_value,S190,EE-UB,EE,UB,21,24,330.0,,EE;ease of use;perceived ease of use,actual use;use,correlation;correlations;latent;pearson;table,S190,true,S190_source_packet_20260609.txt,true,S190,ok,/Users/newhosung/Library/CloudStorage/OneDrive-SharedLibraries-ThePennsylvaniaStateUniversity/AI Adoption Meta Analysis - Documents/Meta/AI Adoption/PDFs/S190.pdf,candidate_only_not_analytic_input_until_human_confirmed
possible_densification_source_review_candidate,ai_candidate_only_missing_pair_no_value_added,human_check_source_table_for_missing_pair_value,S190,FC-SE,FC,SE,21,24,330.0,,FC;facilitating;facilitating conditions;resources;support,efficacy;self-efficacy,correlation;correlations;latent;pearson;table,S190,true,S190_source_packet_20260609.txt,true,S190,ok,/Users/newhosung/Library/CloudStorage/OneDrive-SharedLibraries-ThePennsylvaniaStateUniversity/AI Adoption Meta Analysis - Documents/Meta/AI Adoption/PDFs/S190.pdf,candidate_only_not_analytic_input_until_human_confirmed
possible_densification_source_review_candidate,ai_candidate_only_missing_pair_no_value_added,human_check_source_table_for_missing_pair_value,S190,FC-TRU,FC,TRU,21,24,330.0,,FC;facilitating;facilitating conditions;resources;support,trust,correlation;correlations;latent;pearson;table,S190,true,S190_source_packet_20260609.txt,true,S190,ok,/Users/newhosung/Library/CloudStorage/OneDrive-SharedLibraries-ThePennsylvaniaStateUniversity/AI Adoption Meta Analysis - Documents/Meta/AI Adoption/PDFs/S190.pdf,candidate_only_not_analytic_input_until_human_confirmed
possible_densification_source_review_candidate,ai_candidate_only_missing_pair_no_value_added,human_check_source_table_for_missing_pair_value,S190,FC-UB,FC,UB,21,24,330.0,,FC;facilitating;facilitating conditions;resources;support,actual use;use,correlation;correlations;latent;pearson;table,S190,true,S190_source_packet_20260609.txt,true,S190,ok,/Users/newhosung/Library/CloudStorage/OneDrive-SharedLibraries-ThePennsylvaniaStateUniversity/AI Adoption Meta Analysis - Documents/Meta/AI Adoption/PDFs/S190.pdf,candidate_only_not_analytic_input_until_human_confirmed
possible_densification_source_review_candidate,ai_candidate_only_missing_pair_no_value_added,human_check_source_table_for_missing_pair_value,S190,PE-SE,PE,SE,21,24,330.0,,PE;PU;perceived usefulness;usefulness,efficacy;self-efficacy,correlation;correlations;latent;pearson;table,S190,true,S190_source_packet_20260609.txt,true,S190,ok,/Users/newhosung/Library/CloudStorage/OneDrive-SharedLibraries-ThePennsylvaniaStateUniversity/AI Adoption Meta Analysis - Documents/Meta/AI Adoption/PDFs/S190.pdf,candidate_only_not_analytic_input_until_human_confirmed
possible_densification_source_review_candidate,ai_candidate_only_missing_pair_no_value_added,human_check_source_table_for_missing_pair_value,S190,PE-TRU,PE,TRU,21,24,330.0,,PE;PU;perceived usefulness;usefulness,trust,correlation;correlations;latent;pearson;table,S190,true,S190_source_packet_20260609.txt,true,S190,ok,/Users/newhosung/Library/CloudStorage/OneDrive-SharedLibraries-ThePennsylvaniaStateUniversity/AI Adoption Meta Analysis - Documents/Meta/AI Adoption/PDFs/S190.pdf,candidate_only_not_analytic_input_until_human_confirmed
possible_densification_source_review_candidate,ai_candidate_only_missing_pair_no_value_added,human_check_source_table_for_missing_pair_value,S190,PE-UB,PE,UB,21,24,330.0,,PE;PU;perceived usefulness;usefulness,actual use;use,correlation;correlations;latent;pearson;table,S190,true,S190_source_packet_20260609.txt,true,S190,ok,/Users/newhosung/Library/CloudStorage/OneDrive-SharedLibraries-ThePennsylvaniaStateUniversity/AI Adoption Meta Analysis - Documents/Meta/AI Adoption/PDFs/S190.pdf,candidate_only_not_analytic_input_until_human_confirmed
possible_densification_source_review_candidate,ai_candidate_only_missing_pair_no_value_added,human_check_source_table_for_missing_pair_value,S190,SE-SI,SE,SI,21,24,330.0,,efficacy;self-efficacy,SI;social influence,correlation;correlations;latent;pearson;table,S190,true,S190_source_packet_20260609.txt,true,S190,ok,/Users/newhosung/Library/CloudStorage/OneDrive-SharedLibraries-ThePennsylvaniaStateUniversity/AI Adoption Meta Analysis - Documents/Meta/AI Adoption/PDFs/S190.pdf,candidate_only_not_analytic_input_until_human_confirmed
possible_densification_source_review_candidate,ai_candidate_only_missing_pair_no_value_added,human_check_source_table_for_missing_pair_value,S190,SE-TRU,SE,TRU,21,24,330.0,,efficacy;self-efficacy,trust,correlation;correlations;latent;pearson;table,S190,true,S190_source_packet_20260609.txt,true,S190,ok,/Users/newhosung/Library/CloudStorage/OneDrive-SharedLibraries-ThePennsylvaniaStateUniversity/AI Adoption Meta Analysis - Documents/Meta/AI Adoption/PDFs/S190.pdf,candidate_only_not_analytic_input_until_human_confirmed
possible_densification_source_review_candidate,ai_candidate_only_missing_pair_no_value_added,human_check_source_table_for_missing_pair_value,S190,SE-UB,SE,UB,21,24,330.0,,efficacy;self-efficacy,actual use;use,correlation;correlations;latent;pearson;table,S190,true,S190_source_packet_20260609.txt,true,S190,ok,/Users/newhosung/Library/CloudStorage/OneDrive-SharedLibraries-ThePennsylvaniaStateUniversity/AI Adoption Meta Analysis - Documents/Meta/AI Adoption/PDFs/S190.pdf,candidate_only_not_analytic_input_until_human_confirmed
possible_densification_source_review_candidate,ai_candidate_only_missing_pair_no_value_added,human_check_source_table_for_missing_pair_value,S190,SI-TRU,SI,TRU,21,24,330.0,,SI;social influence,trust,correlation;correlations;latent;pearson;table,S190,true,S190_source_packet_20260609.txt,true,S190,ok,/Users/newhosung/Library/CloudStorage/OneDrive-SharedLibraries-ThePennsylvaniaStateUniversity/AI Adoption Meta Analysis - Documents/Meta/AI Adoption/PDFs/S190.pdf,candidate_only_not_analytic_input_until_human_confirmed
possible_densification_source_review_candidate,ai_candidate_only_missing_pair_no_value_added,human_check_source_table_for_missing_pair_value,S190,SI-UB,SI,UB,21,24,330.0,,SI;social influence,actual use;use,correlation;correlations;latent;pearson;table,S190,true,S190_source_packet_20260609.txt,true,S190,ok,/Users/newhosung/Library/CloudStorage/OneDrive-SharedLibraries-ThePennsylvaniaStateUniversity/AI Adoption Meta Analysis - Documents/Meta/AI Adoption/PDFs/S190.pdf,candidate_only_not_analytic_input_until_human_confirmed
possible_densification_source_review_candidate,ai_candidate_only_missing_pair_no_value_added,human_check_source_table_for_missing_pair_value,S190,TRU-UB,TRU,UB,21,24,330.0,,trust,actual use;use,correlation;correlations;latent;pearson;table,S190,true,S190_source_packet_20260609.txt,true,S190,ok,/Users/newhosung/Library/CloudStorage/OneDrive-SharedLibraries-ThePennsylvaniaStateUniversity/AI Adoption Meta Analysis - Documents/Meta/AI Adoption/PDFs/S190.pdf,candidate_only_not_analytic_input_until_human_confirmed
possible_densification_source_review_candidate,ai_candidate_only_missing_pair_no_value_added,human_check_source_table_for_missing_pair_value,S191,ANX-ATT,ANX,ATT,21,24,331.0,,anxiety,attitude;attitudes,correlation;correlations;fornell;inter-construct;larcker;latent;table,S191,true,S191_source_packet_20260609.txt,true,S191,ok,/Users/newhosung/Library/CloudStorage/OneDrive-SharedLibraries-ThePennsylvaniaStateUniversity/AI Adoption Meta Analysis - Documents/Meta/AI Adoption/PDFs/S191.pdf,candidate_only_not_analytic_input_until_human_confirmed
possible_densification_source_review_candidate,ai_candidate_only_missing_pair_no_value_added,human_check_source_table_for_missing_pair_value,S191,ANX-BI,ANX,BI,21,24,331.0,,anxiety,BI;behavioral intention;behavioural intention;intention to use,correlation;correlations;fornell;inter-construct;larcker;latent;table,S191,true,S191_source_packet_20260609.txt,true,S191,ok,/Users/newhosung/Library/CloudStorage/OneDrive-SharedLibraries-ThePennsylvaniaStateUniversity/AI Adoption Meta Analysis - Documents/Meta/AI Adoption/PDFs/S191.pdf,candidate_only_not_analytic_input_until_human_confirmed
possible_densification_source_review_candidate,ai_candidate_only_missing_pair_no_value_added,human_check_source_table_for_missing_pair_value,S191,ANX-EE,ANX,EE,21,24,331.0,,anxiety,EE;ease of use;easy to use;effort expectancy,correlation;correlations;fornell;inter-construct;larcker;latent;table,S191,true,S191_source_packet_20260609.txt,true,S191,ok,/Users/newhosung/Library/CloudStorage/OneDrive-SharedLibraries-ThePennsylvaniaStateUniversity/AI Adoption Meta Analysis - Documents/Meta/AI Adoption/PDFs/S191.pdf,candidate_only_not_analytic_input_until_human_confirmed
possible_densification_source_review_candidate,ai_candidate_only_missing_pair_no_value_added,human_check_source_table_for_missing_pair_value,S191,ANX-FC,ANX,FC,21,24,331.0,,anxiety,FC;facilitating;facilitating conditions;resources;support,correlation;correlations;fornell;inter-construct;larcker;latent;table,S191,true,S191_source_packet_20260609.txt,true,S191,ok,/Users/newhosung/Library/CloudStorage/OneDrive-SharedLibraries-ThePennsylvaniaStateUniversity/AI Adoption Meta Analysis - Documents/Meta/AI Adoption/PDFs/S191.pdf,candidate_only_not_analytic_input_until_human_confirmed
possible_densification_source_review_candidate,ai_candidate_only_missing_pair_no_value_added,human_check_source_table_for_missing_pair_value,S191,ANX-PE,ANX,PE,21,24,331.0,,anxiety,PE;performance expectancy;useful,correlation;correlations;fornell;inter-construct;larcker;latent;table,S191,true,S191_source_packet_20260609.txt,true,S191,ok,/Users/newhosung/Library/CloudStorage/OneDrive-SharedLibraries-ThePennsylvaniaStateUniversity/AI Adoption Meta Analysis - Documents/Meta/AI Adoption/PDFs/S191.pdf,candidate_only_not_analytic_input_until_human_confirmed
possible_densification_source_review_candidate,ai_candidate_only_missing_pair_no_value_added,human_check_source_table_for_missing_pair_value,S191,ANX-SE,ANX,SE,21,24,331.0,,anxiety,SE;computer self-efficacy;efficacy;self efficacy;self-efficacy,correlation;correlations;fornell;inter-construct;larcker;latent;table,S191,true,S191_source_packet_20260609.txt,true,S191,ok,/Users/newhosung/Library/CloudStorage/OneDrive-SharedLibraries-ThePennsylvaniaStateUniversity/AI Adoption Meta Analysis - Documents/Meta/AI Adoption/PDFs/S191.pdf,candidate_only_not_analytic_input_until_human_confirmed
possible_densification_source_review_candidate,ai_candidate_only_missing_pair_no_value_added,human_check_source_table_for_missing_pair_value,S191,ANX-SI,ANX,SI,21,24,331.0,,anxiety,SI;social influence,correlation;correlations;fornell;inter-construct;larcker;latent;table,S191,true,S191_source_packet_20260609.txt,true,S191,ok,/Users/newhosung/Library/CloudStorage/OneDrive-SharedLibraries-ThePennsylvaniaStateUniversity/AI Adoption Meta Analysis - Documents/Meta/AI Adoption/PDFs/S191.pdf,candidate_only_not_analytic_input_until_human_confirmed
likely_not_densifiable_one_construct_not_visible,ai_candidate_only_missing_pair_no_value_added,human_verify_construct_absence_before_excluding_pair,S191,ANX-TRU,ANX,TRU,21,24,331.0,,anxiety,,correlation;correlations;fornell;inter-construct;larcker;latent;table,S191,true,S191_source_packet_20260609.txt,true,S191,ok,/Users/newhosung/Library/CloudStorage/OneDrive-SharedLibraries-ThePennsylvaniaStateUniversity/AI Adoption Meta Analysis - Documents/Meta/AI Adoption/PDFs/S191.pdf,candidate_only_not_analytic_input_until_human_confirmed
possible_densification_source_review_candidate,ai_candidate_only_missing_pair_no_value_added,human_check_source_table_for_missing_pair_value,S191,ANX-UB,ANX,UB,21,24,331.0,,anxiety,UB;actual use;usage behavior;use;use behaviour,correlation;correlations;fornell;inter-construct;larcker;latent;table,S191,true,S191_source_packet_20260609.txt,true,S191,ok,/Users/newhosung/Library/CloudStorage/OneDrive-SharedLibraries-ThePennsylvaniaStateUniversity/AI Adoption Meta Analysis - Documents/Meta/AI Adoption/PDFs/S191.pdf,candidate_only_not_analytic_input_until_human_confirmed
possible_densification_source_review_candidate,ai_candidate_only_missing_pair_no_value_added,human_check_source_table_for_missing_pair_value,S191,ATT-BI,ATT,BI,21,24,331.0,,attitude;attitudes,BI;behavioral intention;behavioural intention;intention to use,correlation;correlations;fornell;inter-construct;larcker;latent;table,S191,true,S191_source_packet_20260609.txt,true,S191,ok,/Users/newhosung/Library/CloudStorage/OneDrive-SharedLibraries-ThePennsylvaniaStateUniversity/AI Adoption Meta Analysis - Documents/Meta/AI Adoption/PDFs/S191.pdf,candidate_only_not_analytic_input_until_human_confirmed
possible_densification_source_review_candidate,ai_candidate_only_missing_pair_no_value_added,human_check_source_table_for_missing_pair_value,S191,ATT-EE,ATT,EE,21,24,331.0,,attitude;attitudes,EE;ease of use;easy to use;effort expectancy,correlation;correlations;fornell;inter-construct;larcker;latent;table,S191,true,S191_source_packet_20260609.txt,true,S191,ok,/Users/newhosung/Library/CloudStorage/OneDrive-SharedLibraries-ThePennsylvaniaStateUniversity/AI Adoption Meta Analysis - Documents/Meta/AI Adoption/PDFs/S191.pdf,candidate_only_not_analytic_input_until_human_confirmed
possible_densification_source_review_candidate,ai_candidate_only_missing_pair_no_value_added,human_check_source_table_for_missing_pair_value,S191,ATT-FC,ATT,FC,21,24,331.0,,attitude;attitudes,FC;facilitating;facilitating conditions;resources;support,correlation;correlations;fornell;inter-construct;larcker;latent;table,S191,true,S191_source_packet_20260609.txt,true,S191,ok,/Users/newhosung/Library/CloudStorage/OneDrive-SharedLibraries-ThePennsylvaniaStateUniversity/AI Adoption Meta Analysis - Documents/Meta/AI Adoption/PDFs/S191.pdf,candidate_only_not_analytic_input_until_human_confirmed
possible_densification_source_review_candidate,ai_candidate_only_missing_pair_no_value_added,human_check_source_table_for_missing_pair_value,S191,ATT-PE,ATT,PE,21,24,331.0,,attitude;attitudes,PE;performance expectancy;useful,correlation;correlations;fornell;inter-construct;larcker;latent;table,S191,true,S191_source_packet_20260609.txt,true,S191,ok,/Users/newhosung/Library/CloudStorage/OneDrive-SharedLibraries-ThePennsylvaniaStateUniversity/AI Adoption Meta Analysis - Documents/Meta/AI Adoption/PDFs/S191.pdf,candidate_only_not_analytic_input_until_human_confirmed
possible_densification_source_review_candidate,ai_candidate_only_missing_pair_no_value_added,human_check_source_table_for_missing_pair_value,S191,ATT-SE,ATT,SE,21,24,331.0,,attitude;attitudes,SE;computer self-efficacy;efficacy;self efficacy;self-efficacy,correlation;correlations;fornell;inter-construct;larcker;latent;table,S191,true,S191_source_packet_20260609.txt,true,S191,ok,/Users/newhosung/Library/CloudStorage/OneDrive-SharedLibraries-ThePennsylvaniaStateUniversity/AI Adoption Meta Analysis - Documents/Meta/AI Adoption/PDFs/S191.pdf,candidate_only_not_analytic_input_until_human_confirmed
possible_densification_source_review_candidate,ai_candidate_only_missing_pair_no_value_added,human_check_source_table_for_missing_pair_value,S191,ATT-SI,ATT,SI,21,24,331.0,,attitude;attitudes,SI;social influence,correlation;correlations;fornell;inter-construct;larcker;latent;table,S191,true,S191_source_packet_20260609.txt,true,S191,ok,/Users/newhosung/Library/CloudStorage/OneDrive-SharedLibraries-ThePennsylvaniaStateUniversity/AI Adoption Meta Analysis - Documents/Meta/AI Adoption/PDFs/S191.pdf,candidate_only_not_analytic_input_until_human_confirmed
likely_not_densifiable_one_construct_not_visible,ai_candidate_only_missing_pair_no_value_added,human_verify_construct_absence_before_excluding_pair,S191,ATT-TRU,ATT,TRU,21,24,331.0,,attitude;attitudes,,correlation;correlations;fornell;inter-construct;larcker;latent;table,S191,true,S191_source_packet_20260609.txt,true,S191,ok,/Users/newhosung/Library/CloudStorage/OneDrive-SharedLibraries-ThePennsylvaniaStateUniversity/AI Adoption Meta Analysis - Documents/Meta/AI Adoption/PDFs/S191.pdf,candidate_only_not_analytic_input_until_human_confirmed
possible_densification_source_review_candidate,ai_candidate_only_missing_pair_no_value_added,human_check_source_table_for_missing_pair_value,S191,ATT-UB,ATT,UB,21,24,331.0,,attitude;attitudes,UB;actual use;usage behavior;use;use behaviour,correlation;correlations;fornell;inter-construct;larcker;latent;table,S191,true,S191_source_packet_20260609.txt,true,S191,ok,/Users/newhosung/Library/CloudStorage/OneDrive-SharedLibraries-ThePennsylvaniaStateUniversity/AI Adoption Meta Analysis - Documents/Meta/AI Adoption/PDFs/S191.pdf,candidate_only_not_analytic_input_until_human_confirmed
likely_not_densifiable_one_construct_not_visible,ai_candidate_only_missing_pair_no_value_added,human_verify_construct_absence_before_excluding_pair,S191,BI-TRU,BI,TRU,21,24,331.0,,BI;behavioral intention;behavioural intention;intention to use,,correlation;correlations;fornell;inter-construct;larcker;latent;table,S191,true,S191_source_packet_20260609.txt,true,S191,ok,/Users/newhosung/Library/CloudStorage/OneDrive-SharedLibraries-ThePennsylvaniaStateUniversity/AI Adoption Meta Analysis - Documents/Meta/AI Adoption/PDFs/S191.pdf,candidate_only_not_analytic_input_until_human_confirmed
likely_not_densifiable_one_construct_not_visible,ai_candidate_only_missing_pair_no_value_added,human_verify_construct_absence_before_excluding_pair,S191,EE-TRU,EE,TRU,21,24,331.0,,EE;ease of use;easy to use;effort expectancy,,correlation;correlations;fornell;inter-construct;larcker;latent;table,S191,true,S191_source_packet_20260609.txt,true,S191,ok,/Users/newhosung/Library/CloudStorage/OneDrive-SharedLibraries-ThePennsylvaniaStateUniversity/AI Adoption Meta Analysis - Documents/Meta/AI Adoption/PDFs/S191.pdf,candidate_only_not_analytic_input_until_human_confirmed
likely_not_densifiable_one_construct_not_visible,ai_candidate_only_missing_pair_no_value_added,human_verify_construct_absence_before_excluding_pair,S191,FC-TRU,FC,TRU,21,24,331.0,,FC;facilitating;facilitating conditions;resources;support,,correlation;correlations;fornell;inter-construct;larcker;latent;table,S191,true,S191_source_packet_20260609.txt,true,S191,ok,/Users/newhosung/Library/CloudStorage/OneDrive-SharedLibraries-ThePennsylvaniaStateUniversity/AI Adoption Meta Analysis - Documents/Meta/AI Adoption/PDFs/S191.pdf,candidate_only_not_analytic_input_until_human_confirmed
likely_not_densifiable_one_construct_not_visible,ai_candidate_only_missing_pair_no_value_added,human_verify_construct_absence_before_excluding_pair,S191,PE-TRU,PE,TRU,21,24,331.0,,PE;performance expectancy;useful,,correlation;correlations;fornell;inter-construct;larcker;latent;table,S191,true,S191_source_packet_20260609.txt,true,S191,ok,/Users/newhosung/Library/CloudStorage/OneDrive-SharedLibraries-ThePennsylvaniaStateUniversity/AI Adoption Meta Analysis - Documents/Meta/AI Adoption/PDFs/S191.pdf,candidate_only_not_analytic_input_until_human_confirmed
likely_not_densifiable_one_construct_not_visible,ai_candidate_only_missing_pair_no_value_added,human_verify_construct_absence_before_excluding_pair,S191,SE-TRU,SE,TRU,21,24,331.0,,SE;computer self-efficacy;efficacy;self efficacy;self-efficacy,,correlation;correlations;fornell;inter-construct;larcker;latent;table,S191,true,S191_source_packet_20260609.txt,true,S191,ok,/Users/newhosung/Library/CloudStorage/OneDrive-SharedLibraries-ThePennsylvaniaStateUniversity/AI Adoption Meta Analysis - Documents/Meta/AI Adoption/PDFs/S191.pdf,candidate_only_not_analytic_input_until_human_confirmed
likely_not_densifiable_one_construct_not_visible,ai_candidate_only_missing_pair_no_value_added,human_verify_construct_absence_before_excluding_pair,S191,SI-TRU,SI,TRU,21,24,331.0,,SI;social influence,,correlation;correlations;fornell;inter-construct;larcker;latent;table,S191,true,S191_source_packet_20260609.txt,true,S191,ok,/Users/newhosung/Library/CloudStorage/OneDrive-SharedLibraries-ThePennsylvaniaStateUniversity/AI Adoption Meta Analysis - Documents/Meta/AI Adoption/PDFs/S191.pdf,candidate_only_not_analytic_input_until_human_confirmed
likely_not_densifiable_one_construct_not_visible,ai_candidate_only_missing_pair_no_value_added,human_verify_construct_absence_before_excluding_pair,S191,TRU-UB,TRU,UB,21,24,331.0,,,UB;actual use;usage behavior;use;use behaviour,correlation;correlations;fornell;inter-construct;larcker;latent;table,S191,true,S191_source_packet_20260609.txt,true,S191,ok,/Users/newhosung/Library/CloudStorage/OneDrive-SharedLibraries-ThePennsylvaniaStateUniversity/AI Adoption Meta Analysis - Documents/Meta/AI Adoption/PDFs/S191.pdf,candidate_only_not_analytic_input_until_human_confirmed
possible_densification_source_review_candidate,ai_candidate_only_missing_pair_no_value_added,human_check_source_table_for_missing_pair_value,S214,ANX-ATT,ANX,ATT,21,24,1117.0,,apprehension,attitudes,correlation;fornell;larcker;latent;table,S214,true,S214_source_packet_20260609.txt,true,S214,ok,/Users/newhosung/Library/CloudStorage/OneDrive-SharedLibraries-ThePennsylvaniaStateUniversity/AI Adoption Meta Analysis - Documents/Meta/AI Adoption/PDFs/S214.pdf,candidate_only_not_analytic_input_until_human_confirmed
possible_densification_source_review_candidate,ai_candidate_only_missing_pair_no_value_added,human_check_source_table_for_missing_pair_value,S214,ANX-BI,ANX,BI,21,24,1117.0,,apprehension,BI;behavioral intention;intention to use;usage intention,correlation;fornell;larcker;latent;table,S214,true,S214_source_packet_20260609.txt,true,S214,ok,/Users/newhosung/Library/CloudStorage/OneDrive-SharedLibraries-ThePennsylvaniaStateUniversity/AI Adoption Meta Analysis - Documents/Meta/AI Adoption/PDFs/S214.pdf,candidate_only_not_analytic_input_until_human_confirmed
possible_densification_source_review_candidate,ai_candidate_only_missing_pair_no_value_added,human_check_source_table_for_missing_pair_value,S214,ANX-EE,ANX,EE,21,24,1117.0,,apprehension,EE;effort expectancy,correlation;fornell;larcker;latent;table,S214,true,S214_source_packet_20260609.txt,true,S214,ok,/Users/newhosung/Library/CloudStorage/OneDrive-SharedLibraries-ThePennsylvaniaStateUniversity/AI Adoption Meta Analysis - Documents/Meta/AI Adoption/PDFs/S214.pdf,candidate_only_not_analytic_input_until_human_confirmed
possible_densification_source_review_candidate,ai_candidate_only_missing_pair_no_value_added,human_check_source_table_for_missing_pair_value,S214,ANX-FC,ANX,FC,21,24,1117.0,,apprehension,FC;facilitating;facilitating conditions;resources;support,correlation;fornell;larcker;latent;table,S214,true,S214_source_packet_20260609.txt,true,S214,ok,/Users/newhosung/Library/CloudStorage/OneDrive-SharedLibraries-ThePennsylvaniaStateUniversity/AI Adoption Meta Analysis - Documents/Meta/AI Adoption/PDFs/S214.pdf,candidate_only_not_analytic_input_until_human_confirmed
possible_densification_source_review_candidate,ai_candidate_only_missing_pair_no_value_added,human_check_source_table_for_missing_pair_value,S214,ANX-PE,ANX,PE,21,24,1117.0,,apprehension,PE;performance expectancy,correlation;fornell;larcker;latent;table,S214,true,S214_source_packet_20260609.txt,true,S214,ok,/Users/newhosung/Library/CloudStorage/OneDrive-SharedLibraries-ThePennsylvaniaStateUniversity/AI Adoption Meta Analysis - Documents/Meta/AI Adoption/PDFs/S214.pdf,candidate_only_not_analytic_input_until_human_confirmed
possible_densification_source_review_candidate,ai_candidate_only_missing_pair_no_value_added,human_check_source_table_for_missing_pair_value,S214,ANX-SE,ANX,SE,21,24,1117.0,,apprehension,efficacy;self-efficacy,correlation;fornell;larcker;latent;table,S214,true,S214_source_packet_20260609.txt,true,S214,ok,/Users/newhosung/Library/CloudStorage/OneDrive-SharedLibraries-ThePennsylvaniaStateUniversity/AI Adoption Meta Analysis - Documents/Meta/AI Adoption/PDFs/S214.pdf,candidate_only_not_analytic_input_until_human_confirmed
possible_densification_source_review_candidate,ai_candidate_only_missing_pair_no_value_added,human_check_source_table_for_missing_pair_value,S214,ANX-SI,ANX,SI,21,24,1117.0,,apprehension,SI;social influence,correlation;fornell;larcker;latent;table,S214,true,S214_source_packet_20260609.txt,true,S214,ok,/Users/newhosung/Library/CloudStorage/OneDrive-SharedLibraries-ThePennsylvaniaStateUniversity/AI Adoption Meta Analysis - Documents/Meta/AI Adoption/PDFs/S214.pdf,candidate_only_not_analytic_input_until_human_confirmed
likely_not_densifiable_one_construct_not_visible,ai_candidate_only_missing_pair_no_value_added,human_verify_construct_absence_before_excluding_pair,S214,ANX-TRU,ANX,TRU,21,24,1117.0,,apprehension,,correlation;fornell;larcker;latent;table,S214,true,S214_source_packet_20260609.txt,true,S214,ok,/Users/newhosung/Library/CloudStorage/OneDrive-SharedLibraries-ThePennsylvaniaStateUniversity/AI Adoption Meta Analysis - Documents/Meta/AI Adoption/PDFs/S214.pdf,candidate_only_not_analytic_input_until_human_confirmed
possible_densification_source_review_candidate,ai_candidate_only_missing_pair_no_value_added,human_check_source_table_for_missing_pair_value,S214,ANX-UB,ANX,UB,21,24,1117.0,,apprehension,UB;actual use;use;use behavior,correlation;fornell;larcker;latent;table,S214,true,S214_source_packet_20260609.txt,true,S214,ok,/Users/newhosung/Library/CloudStorage/OneDrive-SharedLibraries-ThePennsylvaniaStateUniversity/AI Adoption Meta Analysis - Documents/Meta/AI Adoption/PDFs/S214.pdf,candidate_only_not_analytic_input_until_human_confirmed
possible_densification_source_review_candidate,ai_candidate_only_missing_pair_no_value_added,human_check_source_table_for_missing_pair_value,S214,ATT-SE,ATT,SE,21,24,1117.0,,attitudes,efficacy;self-efficacy,correlation;fornell;larcker;latent;table,S214,true,S214_source_packet_20260609.txt,true,S214,ok,/Users/newhosung/Library/CloudStorage/OneDrive-SharedLibraries-ThePennsylvaniaStateUniversity/AI Adoption Meta Analysis - Documents/Meta/AI Adoption/PDFs/S214.pdf,candidate_only_not_analytic_input_until_human_confirmed
likely_not_densifiable_one_construct_not_visible,ai_candidate_only_missing_pair_no_value_added,human_verify_construct_absence_before_excluding_pair,S214,ATT-TRU,ATT,TRU,21,24,1117.0,,attitudes,,correlation;fornell;larcker;latent;table,S214,true,S214_source_packet_20260609.txt,true,S214,ok,/Users/newhosung/Library/CloudStorage/OneDrive-SharedLibraries-ThePennsylvaniaStateUniversity/AI Adoption Meta Analysis - Documents/Meta/AI Adoption/PDFs/S214.pdf,candidate_only_not_analytic_input_until_human_confirmed
possible_densification_source_review_candidate,ai_candidate_only_missing_pair_no_value_added,human_check_source_table_for_missing_pair_value,S214,BI-SE,BI,SE,21,24,1117.0,,BI;behavioral intention;intention to use;usage intention,efficacy;self-efficacy,correlation;fornell;larcker;latent;table,S214,true,S214_source_packet_20260609.txt,true,S214,ok,/Users/newhosung/Library/CloudStorage/OneDrive-SharedLibraries-ThePennsylvaniaStateUniversity/AI Adoption Meta Analysis - Documents/Meta/AI Adoption/PDFs/S214.pdf,candidate_only_not_analytic_input_until_human_confirmed
likely_not_densifiable_one_construct_not_visible,ai_candidate_only_missing_pair_no_value_added,human_verify_construct_absence_before_excluding_pair,S214,BI-TRU,BI,TRU,21,24,1117.0,,BI;behavioral intention;intention to use;usage intention,,correlation;fornell;larcker;latent;table,S214,true,S214_source_packet_20260609.txt,true,S214,ok,/Users/newhosung/Library/CloudStorage/OneDrive-SharedLibraries-ThePennsylvaniaStateUniversity/AI Adoption Meta Analysis - Documents/Meta/AI Adoption/PDFs/S214.pdf,candidate_only_not_analytic_input_until_human_confirmed
possible_densification_source_review_candidate,ai_candidate_only_missing_pair_no_value_added,human_check_source_table_for_missing_pair_value,S214,EE-SE,EE,SE,21,24,1117.0,,EE;effort expectancy,efficacy;self-efficacy,correlation;fornell;larcker;latent;table,S214,true,S214_source_packet_20260609.txt,true,S214,ok,/Users/newhosung/Library/CloudStorage/OneDrive-SharedLibraries-ThePennsylvaniaStateUniversity/AI Adoption Meta Analysis - Documents/Meta/AI Adoption/PDFs/S214.pdf,candidate_only_not_analytic_input_until_human_confirmed
likely_not_densifiable_one_construct_not_visible,ai_candidate_only_missing_pair_no_value_added,human_verify_construct_absence_before_excluding_pair,S214,EE-TRU,EE,TRU,21,24,1117.0,,EE;effort expectancy,,correlation;fornell;larcker;latent;table,S214,true,S214_source_packet_20260609.txt,true,S214,ok,/Users/newhosung/Library/CloudStorage/OneDrive-SharedLibraries-ThePennsylvaniaStateUniversity/AI Adoption Meta Analysis - Documents/Meta/AI Adoption/PDFs/S214.pdf,candidate_only_not_analytic_input_until_human_confirmed
possible_densification_source_review_candidate,ai_candidate_only_missing_pair_no_value_added,human_check_source_table_for_missing_pair_value,S214,FC-SE,FC,SE,21,24,1117.0,,FC;facilitating;facilitating conditions;resources;support,efficacy;self-efficacy,correlation;fornell;larcker;latent;table,S214,true,S214_source_packet_20260609.txt,true,S214,ok,/Users/newhosung/Library/CloudStorage/OneDrive-SharedLibraries-ThePennsylvaniaStateUniversity/AI Adoption Meta Analysis - Documents/Meta/AI Adoption/PDFs/S214.pdf,candidate_only_not_analytic_input_until_human_confirmed
likely_not_densifiable_one_construct_not_visible,ai_candidate_only_missing_pair_no_value_added,human_verify_construct_absence_before_excluding_pair,S214,FC-TRU,FC,TRU,21,24,1117.0,,FC;facilitating;facilitating conditions;resources;support,,correlation;fornell;larcker;latent;table,S214,true,S214_source_packet_20260609.txt,true,S214,ok,/Users/newhosung/Library/CloudStorage/OneDrive-SharedLibraries-ThePennsylvaniaStateUniversity/AI Adoption Meta Analysis - Documents/Meta/AI Adoption/PDFs/S214.pdf,candidate_only_not_analytic_input_until_human_confirmed
possible_densification_source_review_candidate,ai_candidate_only_missing_pair_no_value_added,human_check_source_table_for_missing_pair_value,S214,PE-SE,PE,SE,21,24,1117.0,,PE;performance expectancy,efficacy;self-efficacy,correlation;fornell;larcker;latent;table,S214,true,S214_source_packet_20260609.txt,true,S214,ok,/Users/newhosung/Library/CloudStorage/OneDrive-SharedLibraries-ThePennsylvaniaStateUniversity/AI Adoption Meta Analysis - Documents/Meta/AI Adoption/PDFs/S214.pdf,candidate_only_not_analytic_input_until_human_confirmed
likely_not_densifiable_one_construct_not_visible,ai_candidate_only_missing_pair_no_value_added,human_verify_construct_absence_before_excluding_pair,S214,PE-TRU,PE,TRU,21,24,1117.0,,PE;performance expectancy,,correlation;fornell;larcker;latent;table,S214,true,S214_source_packet_20260609.txt,true,S214,ok,/Users/newhosung/Library/CloudStorage/OneDrive-SharedLibraries-ThePennsylvaniaStateUniversity/AI Adoption Meta Analysis - Documents/Meta/AI Adoption/PDFs/S214.pdf,candidate_only_not_analytic_input_until_human_confirmed
possible_densification_source_review_candidate,ai_candidate_only_missing_pair_no_value_added,human_check_source_table_for_missing_pair_value,S214,SE-SI,SE,SI,21,24,1117.0,,efficacy;self-efficacy,SI;social influence,correlation;fornell;larcker;latent;table,S214,true,S214_source_packet_20260609.txt,true,S214,ok,/Users/newhosung/Library/CloudStorage/OneDrive-SharedLibraries-ThePennsylvaniaStateUniversity/AI Adoption Meta Analysis - Documents/Meta/AI Adoption/PDFs/S214.pdf,candidate_only_not_analytic_input_until_human_confirmed
likely_not_densifiable_one_construct_not_visible,ai_candidate_only_missing_pair_no_value_added,human_verify_construct_absence_before_excluding_pair,S214,SE-TRU,SE,TRU,21,24,1117.0,,efficacy;self-efficacy,,correlation;fornell;larcker;latent;table,S214,true,S214_source_packet_20260609.txt,true,S214,ok,/Users/newhosung/Library/CloudStorage/OneDrive-SharedLibraries-ThePennsylvaniaStateUniversity/AI Adoption Meta Analysis - Documents/Meta/AI Adoption/PDFs/S214.pdf,candidate_only_not_analytic_input_until_human_confirmed
possible_densification_source_review_candidate,ai_candidate_only_missing_pair_no_value_added,human_check_source_table_for_missing_pair_value,S214,SE-UB,SE,UB,21,24,1117.0,,efficacy;self-efficacy,UB;actual use;use;use behavior,correlation;fornell;larcker;latent;table,S214,true,S214_source_packet_20260609.txt,true,S214,ok,/Users/newhosung/Library/CloudStorage/OneDrive-SharedLibraries-ThePennsylvaniaStateUniversity/AI Adoption Meta Analysis - Documents/Meta/AI Adoption/PDFs/S214.pdf,candidate_only_not_analytic_input_until_human_confirmed
likely_not_densifiable_one_construct_not_visible,ai_candidate_only_missing_pair_no_value_added,human_verify_construct_absence_before_excluding_pair,S214,SI-TRU,SI,TRU,21,24,1117.0,,SI;social influence,,correlation;fornell;larcker;latent;table,S214,true,S214_source_packet_20260609.txt,true,S214,ok,/Users/newhosung/Library/CloudStorage/OneDrive-SharedLibraries-ThePennsylvaniaStateUniversity/AI Adoption Meta Analysis - Documents/Meta/AI Adoption/PDFs/S214.pdf,candidate_only_not_analytic_input_until_human_confirmed
likely_not_densifiable_one_construct_not_visible,ai_candidate_only_missing_pair_no_value_added,human_verify_construct_absence_before_excluding_pair,S214,TRU-UB,TRU,UB,21,24,1117.0,,,UB;actual use;use;use behavior,correlation;fornell;larcker;latent;table,S214,true,S214_source_packet_20260609.txt,true,S214,ok,/Users/newhosung/Library/CloudStorage/OneDrive-SharedLibraries-ThePennsylvaniaStateUniversity/AI Adoption Meta Analysis - Documents/Meta/AI Adoption/PDFs/S214.pdf,candidate_only_not_analytic_input_until_human_confirmed
likely_not_densifiable_one_construct_not_visible,ai_candidate_only_missing_pair_no_value_added,human_verify_construct_absence_before_excluding_pair,S223,ANX-ATT,ANX,ATT,21,24,300.0,,,attitude;attitudes,correlation;fornell;larcker;latent;pearson;table,S223,true,S223_source_packet_20260609.txt,true,S223,ok,/Users/newhosung/Library/CloudStorage/OneDrive-SharedLibraries-ThePennsylvaniaStateUniversity/AI Adoption Meta Analysis - Documents/Meta/AI Adoption/PDFs/S223.pdf,candidate_only_not_analytic_input_until_human_confirmed
likely_not_densifiable_one_construct_not_visible,ai_candidate_only_missing_pair_no_value_added,human_verify_construct_absence_before_excluding_pair,S223,ANX-BI,ANX,BI,21,24,300.0,,,BI;behavioral intention;intention to use;usage intention,correlation;fornell;larcker;latent;pearson;table,S223,true,S223_source_packet_20260609.txt,true,S223,ok,/Users/newhosung/Library/CloudStorage/OneDrive-SharedLibraries-ThePennsylvaniaStateUniversity/AI Adoption Meta Analysis - Documents/Meta/AI Adoption/PDFs/S223.pdf,candidate_only_not_analytic_input_until_human_confirmed
likely_not_densifiable_one_construct_not_visible,ai_candidate_only_missing_pair_no_value_added,human_verify_construct_absence_before_excluding_pair,S223,ANX-EE,ANX,EE,21,24,300.0,,,EE;PEOU;ease of use;easy to use;perceived ease of use,correlation;fornell;larcker;latent;pearson;table,S223,true,S223_source_packet_20260609.txt,true,S223,ok,/Users/newhosung/Library/CloudStorage/OneDrive-SharedLibraries-ThePennsylvaniaStateUniversity/AI Adoption Meta Analysis - Documents/Meta/AI Adoption/PDFs/S223.pdf,candidate_only_not_analytic_input_until_human_confirmed
likely_not_densifiable_one_construct_not_visible,ai_candidate_only_missing_pair_no_value_added,human_verify_construct_absence_before_excluding_pair,S223,ANX-FC,ANX,FC,21,24,300.0,,,FC;facilitating;facilitating conditions;resources;support,correlation;fornell;larcker;latent;pearson;table,S223,true,S223_source_packet_20260609.txt,true,S223,ok,/Users/newhosung/Library/CloudStorage/OneDrive-SharedLibraries-ThePennsylvaniaStateUniversity/AI Adoption Meta Analysis - Documents/Meta/AI Adoption/PDFs/S223.pdf,candidate_only_not_analytic_input_until_human_confirmed
likely_not_densifiable_one_construct_not_visible,ai_candidate_only_missing_pair_no_value_added,human_verify_construct_absence_before_excluding_pair,S223,ANX-PE,ANX,PE,21,24,300.0,,,PE;PU;perceived usefulness;useful;usefulness,correlation;fornell;larcker;latent;pearson;table,S223,true,S223_source_packet_20260609.txt,true,S223,ok,/Users/newhosung/Library/CloudStorage/OneDrive-SharedLibraries-ThePennsylvaniaStateUniversity/AI Adoption Meta Analysis - Documents/Meta/AI Adoption/PDFs/S223.pdf,candidate_only_not_analytic_input_until_human_confirmed
likely_not_densifiable_one_construct_not_visible,ai_candidate_only_missing_pair_no_value_added,human_verify_construct_absence_before_excluding_pair,S223,ANX-SE,ANX,SE,21,24,300.0,,,SE,correlation;fornell;larcker;latent;pearson;table,S223,true,S223_source_packet_20260609.txt,true,S223,ok,/Users/newhosung/Library/CloudStorage/OneDrive-SharedLibraries-ThePennsylvaniaStateUniversity/AI Adoption Meta Analysis - Documents/Meta/AI Adoption/PDFs/S223.pdf,candidate_only_not_analytic_input_until_human_confirmed
likely_not_densifiable_one_construct_not_visible,ai_candidate_only_missing_pair_no_value_added,human_verify_construct_absence_before_excluding_pair,S223,ANX-SI,ANX,SI,21,24,300.0,,,SI;social influence;subjective norm,correlation;fornell;larcker;latent;pearson;table,S223,true,S223_source_packet_20260609.txt,true,S223,ok,/Users/newhosung/Library/CloudStorage/OneDrive-SharedLibraries-ThePennsylvaniaStateUniversity/AI Adoption Meta Analysis - Documents/Meta/AI Adoption/PDFs/S223.pdf,candidate_only_not_analytic_input_until_human_confirmed
likely_not_densifiable_one_construct_not_visible,ai_candidate_only_missing_pair_no_value_added,human_verify_construct_absence_before_excluding_pair,S223,ANX-TRU,ANX,TRU,21,24,300.0,,,TRU;trust,correlation;fornell;larcker;latent;pearson;table,S223,true,S223_source_packet_20260609.txt,true,S223,ok,/Users/newhosung/Library/CloudStorage/OneDrive-SharedLibraries-ThePennsylvaniaStateUniversity/AI Adoption Meta Analysis - Documents/Meta/AI Adoption/PDFs/S223.pdf,candidate_only_not_analytic_input_until_human_confirmed
likely_not_densifiable_one_construct_not_visible,ai_candidate_only_missing_pair_no_value_added,human_verify_construct_absence_before_excluding_pair,S223,ANX-UB,ANX,UB,21,24,300.0,,,UB;actual use;use,correlation;fornell;larcker;latent;pearson;table,S223,true,S223_source_packet_20260609.txt,true,S223,ok,/Users/newhosung/Library/CloudStorage/OneDrive-SharedLibraries-ThePennsylvaniaStateUniversity/AI Adoption Meta Analysis - Documents/Meta/AI Adoption/PDFs/S223.pdf,candidate_only_not_analytic_input_until_human_confirmed
possible_densification_source_review_candidate,ai_candidate_only_missing_pair_no_value_added,human_check_source_table_for_missing_pair_value,S223,ATT-BI,ATT,BI,21,24,300.0,,attitude;attitudes,BI;behavioral intention;intention to use;usage intention,correlation;fornell;larcker;latent;pearson;table,S223,true,S223_source_packet_20260609.txt,true,S223,ok,/Users/newhosung/Library/CloudStorage/OneDrive-SharedLibraries-ThePennsylvaniaStateUniversity/AI Adoption Meta Analysis - Documents/Meta/AI Adoption/PDFs/S223.pdf,candidate_only_not_analytic_input_until_human_confirmed
possible_densification_source_review_candidate,ai_candidate_only_missing_pair_no_value_added,human_check_source_table_for_missing_pair_value,S223,ATT-EE,ATT,EE,21,24,300.0,,attitude;attitudes,EE;PEOU;ease of use;easy to use;perceived ease of use,correlation;fornell;larcker;latent;pearson;table,S223,true,S223_source_packet_20260609.txt,true,S223,ok,/Users/newhosung/Library/CloudStorage/OneDrive-SharedLibraries-ThePennsylvaniaStateUniversity/AI Adoption Meta Analysis - Documents/Meta/AI Adoption/PDFs/S223.pdf,candidate_only_not_analytic_input_until_human_confirmed
possible_densification_source_review_candidate,ai_candidate_only_missing_pair_no_value_added,human_check_source_table_for_missing_pair_value,S223,ATT-FC,ATT,FC,21,24,300.0,,attitude;attitudes,FC;facilitating;facilitating conditions;resources;support,correlation;fornell;larcker;latent;pearson;table,S223,true,S223_source_packet_20260609.txt,true,S223,ok,/Users/newhosung/Library/CloudStorage/OneDrive-SharedLibraries-ThePennsylvaniaStateUniversity/AI Adoption Meta Analysis - Documents/Meta/AI Adoption/PDFs/S223.pdf,candidate_only_not_analytic_input_until_human_confirmed
possible_densification_source_review_candidate,ai_candidate_only_missing_pair_no_value_added,human_check_source_table_for_missing_pair_value,S223,ATT-PE,ATT,PE,21,24,300.0,,attitude;attitudes,PE;PU;perceived usefulness;useful;usefulness,correlation;fornell;larcker;latent;pearson;table,S223,true,S223_source_packet_20260609.txt,true,S223,ok,/Users/newhosung/Library/CloudStorage/OneDrive-SharedLibraries-ThePennsylvaniaStateUniversity/AI Adoption Meta Analysis - Documents/Meta/AI Adoption/PDFs/S223.pdf,candidate_only_not_analytic_input_until_human_confirmed
possible_densification_source_review_candidate,ai_candidate_only_missing_pair_no_value_added,human_check_source_table_for_missing_pair_value,S223,ATT-SE,ATT,SE,21,24,300.0,,attitude;attitudes,SE,correlation;fornell;larcker;latent;pearson;table,S223,true,S223_source_packet_20260609.txt,true,S223,ok,/Users/newhosung/Library/CloudStorage/OneDrive-SharedLibraries-ThePennsylvaniaStateUniversity/AI Adoption Meta Analysis - Documents/Meta/AI Adoption/PDFs/S223.pdf,candidate_only_not_analytic_input_until_human_confirmed
possible_densification_source_review_candidate,ai_candidate_only_missing_pair_no_value_added,human_check_source_table_for_missing_pair_value,S223,ATT-SI,ATT,SI,21,24,300.0,,attitude;attitudes,SI;social influence;subjective norm,correlation;fornell;larcker;latent;pearson;table,S223,true,S223_source_packet_20260609.txt,true,S223,ok,/Users/newhosung/Library/CloudStorage/OneDrive-SharedLibraries-ThePennsylvaniaStateUniversity/AI Adoption Meta Analysis - Documents/Meta/AI Adoption/PDFs/S223.pdf,candidate_only_not_analytic_input_until_human_confirmed
possible_densification_source_review_candidate,ai_candidate_only_missing_pair_no_value_added,human_check_source_table_for_missing_pair_value,S223,ATT-TRU,ATT,TRU,21,24,300.0,,attitude;attitudes,TRU;trust,correlation;fornell;larcker;latent;pearson;table,S223,true,S223_source_packet_20260609.txt,true,S223,ok,/Users/newhosung/Library/CloudStorage/OneDrive-SharedLibraries-ThePennsylvaniaStateUniversity/AI Adoption Meta Analysis - Documents/Meta/AI Adoption/PDFs/S223.pdf,candidate_only_not_analytic_input_until_human_confirmed
possible_densification_source_review_candidate,ai_candidate_only_missing_pair_no_value_added,human_check_source_table_for_missing_pair_value,S223,ATT-UB,ATT,UB,21,24,300.0,,attitude;attitudes,UB;actual use;use,correlation;fornell;larcker;latent;pearson;table,S223,true,S223_source_packet_20260609.txt,true,S223,ok,/Users/newhosung/Library/CloudStorage/OneDrive-SharedLibraries-ThePennsylvaniaStateUniversity/AI Adoption Meta Analysis - Documents/Meta/AI Adoption/PDFs/S223.pdf,candidate_only_not_analytic_input_until_human_confirmed
possible_densification_source_review_candidate,ai_candidate_only_missing_pair_no_value_added,human_check_source_table_for_missing_pair_value,S223,BI-SE,BI,SE,21,24,300.0,,BI;behavioral intention;intention to use;usage intention,SE,correlation;fornell;larcker;latent;pearson;table,S223,true,S223_source_packet_20260609.txt,true,S223,ok,/Users/newhosung/Library/CloudStorage/OneDrive-SharedLibraries-ThePennsylvaniaStateUniversity/AI Adoption Meta Analysis - Documents/Meta/AI Adoption/PDFs/S223.pdf,candidate_only_not_analytic_input_until_human_confirmed
possible_densification_source_review_candidate,ai_candidate_only_missing_pair_no_value_added,human_check_source_table_for_missing_pair_value,S223,EE-SE,EE,SE,21,24,300.0,,EE;PEOU;ease of use;easy to use;perceived ease of use,SE,correlation;fornell;larcker;latent;pearson;table,S223,true,S223_source_packet_20260609.txt,true,S223,ok,/Users/newhosung/Library/CloudStorage/OneDrive-SharedLibraries-ThePennsylvaniaStateUniversity/AI Adoption Meta Analysis - Documents/Meta/AI Adoption/PDFs/S223.pdf,candidate_only_not_analytic_input_until_human_confirmed
possible_densification_source_review_candidate,ai_candidate_only_missing_pair_no_value_added,human_check_source_table_for_missing_pair_value,S223,FC-SE,FC,SE,21,24,300.0,,FC;facilitating;facilitating conditions;resources;support,SE,correlation;fornell;larcker;latent;pearson;table,S223,true,S223_source_packet_20260609.txt,true,S223,ok,/Users/newhosung/Library/CloudStorage/OneDrive-SharedLibraries-ThePennsylvaniaStateUniversity/AI Adoption Meta Analysis - Documents/Meta/AI Adoption/PDFs/S223.pdf,candidate_only_not_analytic_input_until_human_confirmed
possible_densification_source_review_candidate,ai_candidate_only_missing_pair_no_value_added,human_check_source_table_for_missing_pair_value,S223,PE-SE,PE,SE,21,24,300.0,,PE;PU;perceived usefulness;useful;usefulness,SE,correlation;fornell;larcker;latent;pearson;table,S223,true,S223_source_packet_20260609.txt,true,S223,ok,/Users/newhosung/Library/CloudStorage/OneDrive-SharedLibraries-ThePennsylvaniaStateUniversity/AI Adoption Meta Analysis - Documents/Meta/AI Adoption/PDFs/S223.pdf,candidate_only_not_analytic_input_until_human_confirmed
possible_densification_source_review_candidate,ai_candidate_only_missing_pair_no_value_added,human_check_source_table_for_missing_pair_value,S223,SE-SI,SE,SI,21,24,300.0,,SE,SI;social influence;subjective norm,correlation;fornell;larcker;latent;pearson;table,S223,true,S223_source_packet_20260609.txt,true,S223,ok,/Users/newhosung/Library/CloudStorage/OneDrive-SharedLibraries-ThePennsylvaniaStateUniversity/AI Adoption Meta Analysis - Documents/Meta/AI Adoption/PDFs/S223.pdf,candidate_only_not_analytic_input_until_human_confirmed
possible_densification_source_review_candidate,ai_candidate_only_missing_pair_no_value_added,human_check_source_table_for_missing_pair_value,S223,SE-TRU,SE,TRU,21,24,300.0,,SE,TRU;trust,correlation;fornell;larcker;latent;pearson;table,S223,true,S223_source_packet_20260609.txt,true,S223,ok,/Users/newhosung/Library/CloudStorage/OneDrive-SharedLibraries-ThePennsylvaniaStateUniversity/AI Adoption Meta Analysis - Documents/Meta/AI Adoption/PDFs/S223.pdf,candidate_only_not_analytic_input_until_human_confirmed
possible_densification_source_review_candidate,ai_candidate_only_missing_pair_no_value_added,human_check_source_table_for_missing_pair_value,S223,SE-UB,SE,UB,21,24,300.0,,SE,UB;actual use;use,correlation;fornell;larcker;latent;pearson;table,S223,true,S223_source_packet_20260609.txt,true,S223,ok,/Users/newhosung/Library/CloudStorage/OneDrive-SharedLibraries-ThePennsylvaniaStateUniversity/AI Adoption Meta Analysis - Documents/Meta/AI Adoption/PDFs/S223.pdf,candidate_only_not_analytic_input_until_human_confirmed
