ai_trace_status,candidate_status,recommended_human_action,review_priority,study_id,pair,construct_1,construct_2,human_coded_value_to_check,sample_size_numeric,source_file,source_location,source_location_terms_found,construct_1_terms_found,construct_2_terms_found,table_terms_found,base_study_id_used_for_source_text,source_packet_exists,source_packet_file,exact_value_found_in_source_packet_text,broad_value_found_in_source_packet_text,pdf_exists,pdf_matched_stem,pdf_text_status,exact_value_found_in_pdf_text,broad_value_found_in_pdf_text,pdf_path_local_only,paper_b_boundary
ai_trace_auto_value_visible_exact,ai_candidate_only_existing_human_value_under_review,human_confirm_source_table_before_any_use,p2_source_or_pdf_presence_gap,S222,BI-EE,BI,EE,0.46,50.0,latest_human_R1_CORRELATIONS,"Table 6, p.2028",Table 6,BI;behavioral intention;behavioural intention;continuance intention;intention to use,PEOU;ease of use;easy to use;effort expectancy;perceived ease of use,correlation;fornell;larcker;table,S222,false,,false,false,true,S222,ok,true,true,/Users/newhosung/Library/CloudStorage/OneDrive-SharedLibraries-ThePennsylvaniaStateUniversity/AI Adoption Meta Analysis - Documents/Meta/AI Adoption/PDFs/S222.pdf,candidate_only_not_analytic_input_until_human_confirmed
ai_trace_possible_value_visible_broad_match,ai_candidate_only_existing_human_value_under_review,human_check_broad_numeric_match_for_false_positive,p1_review_value_not_found_in_any_text,S222,BI-PE,BI,PE,0.58,50.0,latest_human_R1_CORRELATIONS,"Table 6, p.2028",Table 6,BI;behavioral intention;behavioural intention;continuance intention;intention to use,PE;PU;perceived usefulness;performance expectancy;useful;usefulness,correlation;fornell;larcker;table,S222,false,,false,false,true,S222,ok,false,true,/Users/newhosung/Library/CloudStorage/OneDrive-SharedLibraries-ThePennsylvaniaStateUniversity/AI Adoption Meta Analysis - Documents/Meta/AI Adoption/PDFs/S222.pdf,candidate_only_not_analytic_input_until_human_confirmed
ai_trace_possible_value_visible_broad_match,ai_candidate_only_existing_human_value_under_review,human_check_broad_numeric_match_for_false_positive,p1_review_value_not_found_in_any_text,S218,ATT-BI,ATT,BI,0.78,242.0,latest_human_R1_CORRELATIONS,"Table 1, p.5",Table 1,attitude;attitude toward;attitudes,behavioral intention;behavioural intention;intention to use,correlation;matrix;table,S218,false,,false,false,true,S218,ok,false,true,/Users/newhosung/Library/CloudStorage/OneDrive-SharedLibraries-ThePennsylvaniaStateUniversity/AI Adoption Meta Analysis - Documents/Meta/AI Adoption/PDFs/S218.pdf,candidate_only_not_analytic_input_until_human_confirmed
ai_trace_possible_value_visible_broad_match,ai_candidate_only_existing_human_value_under_review,human_check_broad_numeric_match_for_false_positive,p1_review_value_not_found_in_any_text,S218,ATT-EE,ATT,EE,0.69,242.0,latest_human_R1_CORRELATIONS,"Table 1, p.5",Table 1,attitude;attitude toward;attitudes,ease of use;easy to use;perceived ease of use,correlation;matrix;table,S218,false,,false,false,true,S218,ok,false,true,/Users/newhosung/Library/CloudStorage/OneDrive-SharedLibraries-ThePennsylvaniaStateUniversity/AI Adoption Meta Analysis - Documents/Meta/AI Adoption/PDFs/S218.pdf,candidate_only_not_analytic_input_until_human_confirmed
ai_trace_auto_value_visible_exact,ai_candidate_only_existing_human_value_under_review,human_confirm_source_table_before_any_use,p1_review_value_not_found_in_any_text,S218,ATT-PE,ATT,PE,0.7,242.0,latest_human_R1_CORRELATIONS,"Table 1, p.5",Table 1,attitude;attitude toward;attitudes,perceived usefulness;useful;usefulness,correlation;matrix;table,S218,false,,false,false,true,S218,ok,true,true,/Users/newhosung/Library/CloudStorage/OneDrive-SharedLibraries-ThePennsylvaniaStateUniversity/AI Adoption Meta Analysis - Documents/Meta/AI Adoption/PDFs/S218.pdf,candidate_only_not_analytic_input_until_human_confirmed
ai_trace_auto_value_visible_exact,ai_candidate_only_existing_human_value_under_review,human_confirm_source_table_before_any_use,p2_source_or_pdf_presence_gap,S218,BI-EE,BI,EE,0.59,242.0,latest_human_R1_CORRELATIONS,"Table 1, p.5",Table 1,behavioral intention;behavioural intention;intention to use,ease of use;easy to use;perceived ease of use,correlation;matrix;table,S218,false,,false,false,true,S218,ok,true,true,/Users/newhosung/Library/CloudStorage/OneDrive-SharedLibraries-ThePennsylvaniaStateUniversity/AI Adoption Meta Analysis - Documents/Meta/AI Adoption/PDFs/S218.pdf,candidate_only_not_analytic_input_until_human_confirmed
ai_trace_possible_value_visible_broad_match,ai_candidate_only_existing_human_value_under_review,human_check_broad_numeric_match_for_false_positive,p1_review_value_not_found_in_any_text,S218,BI-PE,BI,PE,0.63,242.0,latest_human_R1_CORRELATIONS,"Table 1, p.5",Table 1,behavioral intention;behavioural intention;intention to use,perceived usefulness;useful;usefulness,correlation;matrix;table,S218,false,,false,false,true,S218,ok,false,true,/Users/newhosung/Library/CloudStorage/OneDrive-SharedLibraries-ThePennsylvaniaStateUniversity/AI Adoption Meta Analysis - Documents/Meta/AI Adoption/PDFs/S218.pdf,candidate_only_not_analytic_input_until_human_confirmed
ai_trace_auto_value_visible_exact,ai_candidate_only_existing_human_value_under_review,human_confirm_source_table_before_any_use,p2_source_or_pdf_presence_gap,S218,EE-PE,EE,PE,0.66,242.0,latest_human_R1_CORRELATIONS,"Table 1, p.5",Table 1,ease of use;easy to use;perceived ease of use,perceived usefulness;useful;usefulness,correlation;matrix;table,S218,false,,false,false,true,S218,ok,true,true,/Users/newhosung/Library/CloudStorage/OneDrive-SharedLibraries-ThePennsylvaniaStateUniversity/AI Adoption Meta Analysis - Documents/Meta/AI Adoption/PDFs/S218.pdf,candidate_only_not_analytic_input_until_human_confirmed
ai_trace_auto_value_visible_exact,ai_candidate_only_existing_human_value_under_review,human_confirm_source_table_before_any_use,p2_source_or_pdf_presence_gap,S185,ANX-ATT,ANX,ATT,0.46,298.0,latest_human_R1_CORRELATIONS,"Table 3, p.7",Table 3,anxiety;apprehension,ATT;attitude;attitude toward;attitudes,correlation;fornell;larcker;table,S185,false,,false,false,true,S185,ok,true,true,/Users/newhosung/Library/CloudStorage/OneDrive-SharedLibraries-ThePennsylvaniaStateUniversity/AI Adoption Meta Analysis - Documents/Meta/AI Adoption/PDFs/S185.pdf,candidate_only_not_analytic_input_until_human_confirmed
ai_trace_auto_value_visible_exact,ai_candidate_only_existing_human_value_under_review,human_confirm_source_table_before_any_use,p2_source_or_pdf_presence_gap,S185,ANX-BI,ANX,BI,0.47,298.0,latest_human_R1_CORRELATIONS,"Table 3, p.7",Table 3,anxiety;apprehension,BI;behavioral intention;intention to use;usage intention,correlation;fornell;larcker;table,S185,false,,false,false,true,S185,ok,true,true,/Users/newhosung/Library/CloudStorage/OneDrive-SharedLibraries-ThePennsylvaniaStateUniversity/AI Adoption Meta Analysis - Documents/Meta/AI Adoption/PDFs/S185.pdf,candidate_only_not_analytic_input_until_human_confirmed
ai_trace_auto_value_visible_exact,ai_candidate_only_existing_human_value_under_review,human_confirm_source_table_before_any_use,p2_source_or_pdf_presence_gap,S185,ANX-EE,ANX,EE,0.47,298.0,latest_human_R1_CORRELATIONS,"Table 3, p.7",Table 3,anxiety;apprehension,ease of use;easy to use;perceived ease of use,correlation;fornell;larcker;table,S185,false,,false,false,true,S185,ok,true,true,/Users/newhosung/Library/CloudStorage/OneDrive-SharedLibraries-ThePennsylvaniaStateUniversity/AI Adoption Meta Analysis - Documents/Meta/AI Adoption/PDFs/S185.pdf,candidate_only_not_analytic_input_until_human_confirmed
ai_trace_auto_value_visible_exact,ai_candidate_only_existing_human_value_under_review,human_confirm_source_table_before_any_use,p1_review_value_not_found_in_any_text,S185,ANX-PE,ANX,PE,0.44,298.0,latest_human_R1_CORRELATIONS,"Table 3, p.7",Table 3,anxiety;apprehension,PE;PU;perceived usefulness;useful;usefulness,correlation;fornell;larcker;table,S185,false,,false,false,true,S185,ok,true,true,/Users/newhosung/Library/CloudStorage/OneDrive-SharedLibraries-ThePennsylvaniaStateUniversity/AI Adoption Meta Analysis - Documents/Meta/AI Adoption/PDFs/S185.pdf,candidate_only_not_analytic_input_until_human_confirmed
ai_trace_auto_value_visible_exact,ai_candidate_only_existing_human_value_under_review,human_confirm_source_table_before_any_use,p2_source_or_pdf_presence_gap,S185,ATT-BI,ATT,BI,0.45,298.0,latest_human_R1_CORRELATIONS,"Table 3, p.7",Table 3,ATT;attitude;attitude toward;attitudes,BI;behavioral intention;intention to use;usage intention,correlation;fornell;larcker;table,S185,false,,false,false,true,S185,ok,true,true,/Users/newhosung/Library/CloudStorage/OneDrive-SharedLibraries-ThePennsylvaniaStateUniversity/AI Adoption Meta Analysis - Documents/Meta/AI Adoption/PDFs/S185.pdf,candidate_only_not_analytic_input_until_human_confirmed
ai_trace_auto_value_visible_exact,ai_candidate_only_existing_human_value_under_review,human_confirm_source_table_before_any_use,p2_source_or_pdf_presence_gap,S185,ATT-EE,ATT,EE,0.47,298.0,latest_human_R1_CORRELATIONS,"Table 3, p.7",Table 3,ATT;attitude;attitude toward;attitudes,ease of use;easy to use;perceived ease of use,correlation;fornell;larcker;table,S185,false,,false,false,true,S185,ok,true,true,/Users/newhosung/Library/CloudStorage/OneDrive-SharedLibraries-ThePennsylvaniaStateUniversity/AI Adoption Meta Analysis - Documents/Meta/AI Adoption/PDFs/S185.pdf,candidate_only_not_analytic_input_until_human_confirmed
ai_trace_auto_value_visible_exact,ai_candidate_only_existing_human_value_under_review,human_confirm_source_table_before_any_use,p2_source_or_pdf_presence_gap,S185,ATT-PE,ATT,PE,0.5,298.0,latest_human_R1_CORRELATIONS,"Table 3, p.7",Table 3,ATT;attitude;attitude toward;attitudes,PE;PU;perceived usefulness;useful;usefulness,correlation;fornell;larcker;table,S185,false,,false,false,true,S185,ok,true,true,/Users/newhosung/Library/CloudStorage/OneDrive-SharedLibraries-ThePennsylvaniaStateUniversity/AI Adoption Meta Analysis - Documents/Meta/AI Adoption/PDFs/S185.pdf,candidate_only_not_analytic_input_until_human_confirmed
ai_trace_auto_value_visible_exact,ai_candidate_only_existing_human_value_under_review,human_confirm_source_table_before_any_use,p2_source_or_pdf_presence_gap,S185,BI-EE,BI,EE,0.52,298.0,latest_human_R1_CORRELATIONS,"Table 3, p.7",Table 3,BI;behavioral intention;intention to use;usage intention,ease of use;easy to use;perceived ease of use,correlation;fornell;larcker;table,S185,false,,false,false,true,S185,ok,true,true,/Users/newhosung/Library/CloudStorage/OneDrive-SharedLibraries-ThePennsylvaniaStateUniversity/AI Adoption Meta Analysis - Documents/Meta/AI Adoption/PDFs/S185.pdf,candidate_only_not_analytic_input_until_human_confirmed
ai_trace_auto_value_visible_exact,ai_candidate_only_existing_human_value_under_review,human_confirm_source_table_before_any_use,p2_source_or_pdf_presence_gap,S185,BI-PE,BI,PE,0.46,298.0,latest_human_R1_CORRELATIONS,"Table 3, p.7",Table 3,BI;behavioral intention;intention to use;usage intention,PE;PU;perceived usefulness;useful;usefulness,correlation;fornell;larcker;table,S185,false,,false,false,true,S185,ok,true,true,/Users/newhosung/Library/CloudStorage/OneDrive-SharedLibraries-ThePennsylvaniaStateUniversity/AI Adoption Meta Analysis - Documents/Meta/AI Adoption/PDFs/S185.pdf,candidate_only_not_analytic_input_until_human_confirmed
ai_trace_auto_value_visible_exact,ai_candidate_only_existing_human_value_under_review,human_confirm_source_table_before_any_use,p2_source_or_pdf_presence_gap,S185,EE-PE,EE,PE,0.48,298.0,latest_human_R1_CORRELATIONS,"Table 3, p.7",Table 3,ease of use;easy to use;perceived ease of use,PE;PU;perceived usefulness;useful;usefulness,correlation;fornell;larcker;table,S185,false,,false,false,true,S185,ok,true,true,/Users/newhosung/Library/CloudStorage/OneDrive-SharedLibraries-ThePennsylvaniaStateUniversity/AI Adoption Meta Analysis - Documents/Meta/AI Adoption/PDFs/S185.pdf,candidate_only_not_analytic_input_until_human_confirmed
ai_trace_auto_value_visible_exact,ai_candidate_only_existing_human_value_under_review,human_confirm_source_table_before_any_use,p2_source_or_pdf_presence_gap,S194,BI-EE,BI,EE,0.44,469.0,latest_human_R1_CORRELATIONS,"Table 3, p.825",Table 3,BI;behavioral intention;behavioural intention;intention to use,EE;PEOU;ease of use;easy to use;effort expectancy;perceived ease of use,correlation;fornell;larcker;latent;table,S194,false,,false,false,true,S194,ok,true,true,/Users/newhosung/Library/CloudStorage/OneDrive-SharedLibraries-ThePennsylvaniaStateUniversity/AI Adoption Meta Analysis - Documents/Meta/AI Adoption/PDFs/S194.pdf,candidate_only_not_analytic_input_until_human_confirmed
ai_trace_auto_value_visible_exact,ai_candidate_only_existing_human_value_under_review,human_confirm_source_table_before_any_use,p2_source_or_pdf_presence_gap,S194,BI-FC,BI,FC,0.49,469.0,latest_human_R1_CORRELATIONS,"Table 3, p.825",Table 3,BI;behavioral intention;behavioural intention;intention to use,FC;facilitating;facilitating condition;facilitating conditions;resources;support,correlation;fornell;larcker;latent;table,S194,false,,false,false,true,S194,ok,true,true,/Users/newhosung/Library/CloudStorage/OneDrive-SharedLibraries-ThePennsylvaniaStateUniversity/AI Adoption Meta Analysis - Documents/Meta/AI Adoption/PDFs/S194.pdf,candidate_only_not_analytic_input_until_human_confirmed
ai_trace_auto_value_visible_exact,ai_candidate_only_existing_human_value_under_review,human_confirm_source_table_before_any_use,p2_source_or_pdf_presence_gap,S194,BI-PE,BI,PE,-0.08,469.0,latest_human_R1_CORRELATIONS,"Table 3, p.825",Table 3,BI;behavioral intention;behavioural intention;intention to use,PE;PU;perceived usefulness;performance expectancy;useful;usefulness,correlation;fornell;larcker;latent;table,S194,false,,false,false,true,S194,ok,true,true,/Users/newhosung/Library/CloudStorage/OneDrive-SharedLibraries-ThePennsylvaniaStateUniversity/AI Adoption Meta Analysis - Documents/Meta/AI Adoption/PDFs/S194.pdf,candidate_only_not_analytic_input_until_human_confirmed
ai_trace_auto_value_visible_exact,ai_candidate_only_existing_human_value_under_review,human_confirm_source_table_before_any_use,p2_source_or_pdf_presence_gap,S194,BI-SI,BI,SI,0.62,469.0,latest_human_R1_CORRELATIONS,"Table 3, p.825",Table 3,BI;behavioral intention;behavioural intention;intention to use,SI;social influence,correlation;fornell;larcker;latent;table,S194,false,,false,false,true,S194,ok,true,true,/Users/newhosung/Library/CloudStorage/OneDrive-SharedLibraries-ThePennsylvaniaStateUniversity/AI Adoption Meta Analysis - Documents/Meta/AI Adoption/PDFs/S194.pdf,candidate_only_not_analytic_input_until_human_confirmed
ai_trace_auto_value_visible_exact,ai_candidate_only_existing_human_value_under_review,human_confirm_source_table_before_any_use,p2_source_or_pdf_presence_gap,S194,BI-UB,BI,UB,0.64,469.0,latest_human_R1_CORRELATIONS,"Table 3, p.825",Table 3,BI;behavioral intention;behavioural intention;intention to use,UB;actual use;usage behavior;use;use behavior,correlation;fornell;larcker;latent;table,S194,false,,false,false,true,S194,ok,true,true,/Users/newhosung/Library/CloudStorage/OneDrive-SharedLibraries-ThePennsylvaniaStateUniversity/AI Adoption Meta Analysis - Documents/Meta/AI Adoption/PDFs/S194.pdf,candidate_only_not_analytic_input_until_human_confirmed
ai_trace_auto_value_visible_exact,ai_candidate_only_existing_human_value_under_review,human_confirm_source_table_before_any_use,p2_source_or_pdf_presence_gap,S194,EE-FC,EE,FC,0.55,469.0,latest_human_R1_CORRELATIONS,"Table 3, p.825",Table 3,EE;PEOU;ease of use;easy to use;effort expectancy;perceived ease of use,FC;facilitating;facilitating condition;facilitating conditions;resources;support,correlation;fornell;larcker;latent;table,S194,false,,false,false,true,S194,ok,true,true,/Users/newhosung/Library/CloudStorage/OneDrive-SharedLibraries-ThePennsylvaniaStateUniversity/AI Adoption Meta Analysis - Documents/Meta/AI Adoption/PDFs/S194.pdf,candidate_only_not_analytic_input_until_human_confirmed
ai_trace_auto_value_visible_exact,ai_candidate_only_existing_human_value_under_review,human_confirm_source_table_before_any_use,p2_source_or_pdf_presence_gap,S194,EE-PE,EE,PE,-0.1,469.0,latest_human_R1_CORRELATIONS,"Table 3, p.825",Table 3,EE;PEOU;ease of use;easy to use;effort expectancy;perceived ease of use,PE;PU;perceived usefulness;performance expectancy;useful;usefulness,correlation;fornell;larcker;latent;table,S194,false,,false,false,true,S194,ok,true,true,/Users/newhosung/Library/CloudStorage/OneDrive-SharedLibraries-ThePennsylvaniaStateUniversity/AI Adoption Meta Analysis - Documents/Meta/AI Adoption/PDFs/S194.pdf,candidate_only_not_analytic_input_until_human_confirmed
ai_trace_auto_value_visible_exact,ai_candidate_only_existing_human_value_under_review,human_confirm_source_table_before_any_use,p2_source_or_pdf_presence_gap,S194,EE-SI,EE,SI,0.52,469.0,latest_human_R1_CORRELATIONS,"Table 3, p.825",Table 3,EE;PEOU;ease of use;easy to use;effort expectancy;perceived ease of use,SI;social influence,correlation;fornell;larcker;latent;table,S194,false,,false,false,true,S194,ok,true,true,/Users/newhosung/Library/CloudStorage/OneDrive-SharedLibraries-ThePennsylvaniaStateUniversity/AI Adoption Meta Analysis - Documents/Meta/AI Adoption/PDFs/S194.pdf,candidate_only_not_analytic_input_until_human_confirmed
ai_trace_auto_value_visible_exact,ai_candidate_only_existing_human_value_under_review,human_confirm_source_table_before_any_use,p2_source_or_pdf_presence_gap,S194,EE-UB,EE,UB,0.49,469.0,latest_human_R1_CORRELATIONS,"Table 3, p.825",Table 3,EE;PEOU;ease of use;easy to use;effort expectancy;perceived ease of use,UB;actual use;usage behavior;use;use behavior,correlation;fornell;larcker;latent;table,S194,false,,false,false,true,S194,ok,true,true,/Users/newhosung/Library/CloudStorage/OneDrive-SharedLibraries-ThePennsylvaniaStateUniversity/AI Adoption Meta Analysis - Documents/Meta/AI Adoption/PDFs/S194.pdf,candidate_only_not_analytic_input_until_human_confirmed
ai_trace_auto_value_visible_exact,ai_candidate_only_existing_human_value_under_review,human_confirm_source_table_before_any_use,p2_source_or_pdf_presence_gap,S194,FC-PE,FC,PE,-0.12,469.0,latest_human_R1_CORRELATIONS,"Table 3, p.825",Table 3,FC;facilitating;facilitating condition;facilitating conditions;resources;support,PE;PU;perceived usefulness;performance expectancy;useful;usefulness,correlation;fornell;larcker;latent;table,S194,false,,false,false,true,S194,ok,true,true,/Users/newhosung/Library/CloudStorage/OneDrive-SharedLibraries-ThePennsylvaniaStateUniversity/AI Adoption Meta Analysis - Documents/Meta/AI Adoption/PDFs/S194.pdf,candidate_only_not_analytic_input_until_human_confirmed
ai_trace_auto_value_visible_exact,ai_candidate_only_existing_human_value_under_review,human_confirm_source_table_before_any_use,p2_source_or_pdf_presence_gap,S194,FC-SI,FC,SI,0.59,469.0,latest_human_R1_CORRELATIONS,"Table 3, p.825",Table 3,FC;facilitating;facilitating condition;facilitating conditions;resources;support,SI;social influence,correlation;fornell;larcker;latent;table,S194,false,,false,false,true,S194,ok,true,true,/Users/newhosung/Library/CloudStorage/OneDrive-SharedLibraries-ThePennsylvaniaStateUniversity/AI Adoption Meta Analysis - Documents/Meta/AI Adoption/PDFs/S194.pdf,candidate_only_not_analytic_input_until_human_confirmed
ai_trace_auto_value_visible_exact,ai_candidate_only_existing_human_value_under_review,human_confirm_source_table_before_any_use,p2_source_or_pdf_presence_gap,S194,FC-UB,FC,UB,0.52,469.0,latest_human_R1_CORRELATIONS,"Table 3, p.825",Table 3,FC;facilitating;facilitating condition;facilitating conditions;resources;support,UB;actual use;usage behavior;use;use behavior,correlation;fornell;larcker;latent;table,S194,false,,false,false,true,S194,ok,true,true,/Users/newhosung/Library/CloudStorage/OneDrive-SharedLibraries-ThePennsylvaniaStateUniversity/AI Adoption Meta Analysis - Documents/Meta/AI Adoption/PDFs/S194.pdf,candidate_only_not_analytic_input_until_human_confirmed
ai_trace_auto_value_visible_exact,ai_candidate_only_existing_human_value_under_review,human_confirm_source_table_before_any_use,p2_source_or_pdf_presence_gap,S194,PE-SI,PE,SI,-0.12,469.0,latest_human_R1_CORRELATIONS,"Table 3, p.825",Table 3,PE;PU;perceived usefulness;performance expectancy;useful;usefulness,SI;social influence,correlation;fornell;larcker;latent;table,S194,false,,false,false,true,S194,ok,true,true,/Users/newhosung/Library/CloudStorage/OneDrive-SharedLibraries-ThePennsylvaniaStateUniversity/AI Adoption Meta Analysis - Documents/Meta/AI Adoption/PDFs/S194.pdf,candidate_only_not_analytic_input_until_human_confirmed
ai_trace_auto_value_visible_exact,ai_candidate_only_existing_human_value_under_review,human_confirm_source_table_before_any_use,p2_source_or_pdf_presence_gap,S194,PE-UB,PE,UB,-0.05,469.0,latest_human_R1_CORRELATIONS,"Table 3, p.825",Table 3,PE;PU;perceived usefulness;performance expectancy;useful;usefulness,UB;actual use;usage behavior;use;use behavior,correlation;fornell;larcker;latent;table,S194,false,,false,false,true,S194,ok,true,true,/Users/newhosung/Library/CloudStorage/OneDrive-SharedLibraries-ThePennsylvaniaStateUniversity/AI Adoption Meta Analysis - Documents/Meta/AI Adoption/PDFs/S194.pdf,candidate_only_not_analytic_input_until_human_confirmed
ai_trace_auto_value_visible_exact,ai_candidate_only_existing_human_value_under_review,human_confirm_source_table_before_any_use,p2_source_or_pdf_presence_gap,S194,SI-UB,SI,UB,0.56,469.0,latest_human_R1_CORRELATIONS,"Table 3, p.825",Table 3,SI;social influence,UB;actual use;usage behavior;use;use behavior,correlation;fornell;larcker;latent;table,S194,false,,false,false,true,S194,ok,true,true,/Users/newhosung/Library/CloudStorage/OneDrive-SharedLibraries-ThePennsylvaniaStateUniversity/AI Adoption Meta Analysis - Documents/Meta/AI Adoption/PDFs/S194.pdf,candidate_only_not_analytic_input_until_human_confirmed
ai_trace_auto_value_visible_exact,ai_candidate_only_existing_human_value_under_review,human_confirm_source_table_before_any_use,p2_source_or_pdf_presence_gap,S208,BI-EE,BI,EE,0.43,526.0,latest_human_R1_CORRELATIONS,"Table 2, p.829",Table 2,behavioural intention;usage intention,EE;ease of use;effort expectancy,correlation;correlations;fornell;larcker;latent;matrix;table,S208,false,,false,false,true,S208,ok,true,true,/Users/newhosung/Library/CloudStorage/OneDrive-SharedLibraries-ThePennsylvaniaStateUniversity/AI Adoption Meta Analysis - Documents/Meta/AI Adoption/PDFs/S208.pdf,candidate_only_not_analytic_input_until_human_confirmed
ai_trace_auto_value_visible_exact,ai_candidate_only_existing_human_value_under_review,human_confirm_source_table_before_any_use,p1_review_value_not_found_in_any_text,S208,BI-PE,BI,PE,0.24,526.0,latest_human_R1_CORRELATIONS,"Table 2, p.829",Table 2,behavioural intention;usage intention,PE;performance expectancy,correlation;correlations;fornell;larcker;latent;matrix;table,S208,false,,false,false,true,S208,ok,true,true,/Users/newhosung/Library/CloudStorage/OneDrive-SharedLibraries-ThePennsylvaniaStateUniversity/AI Adoption Meta Analysis - Documents/Meta/AI Adoption/PDFs/S208.pdf,candidate_only_not_analytic_input_until_human_confirmed
ai_trace_auto_value_visible_exact,ai_candidate_only_existing_human_value_under_review,human_confirm_source_table_before_any_use,p2_source_or_pdf_presence_gap,S208,BI-SI,BI,SI,0.46,526.0,latest_human_R1_CORRELATIONS,"Table 2, p.829",Table 2,behavioural intention;usage intention,SI;social influence,correlation;correlations;fornell;larcker;latent;matrix;table,S208,false,,false,false,true,S208,ok,true,true,/Users/newhosung/Library/CloudStorage/OneDrive-SharedLibraries-ThePennsylvaniaStateUniversity/AI Adoption Meta Analysis - Documents/Meta/AI Adoption/PDFs/S208.pdf,candidate_only_not_analytic_input_until_human_confirmed
ai_trace_auto_value_visible_exact,ai_candidate_only_existing_human_value_under_review,human_confirm_source_table_before_any_use,p2_source_or_pdf_presence_gap,S208,BI-TRU,BI,TRU,0.52,526.0,latest_human_R1_CORRELATIONS,"Table 2, p.829",Table 2,behavioural intention;usage intention,trust,correlation;correlations;fornell;larcker;latent;matrix;table,S208,false,,false,false,true,S208,ok,true,true,/Users/newhosung/Library/CloudStorage/OneDrive-SharedLibraries-ThePennsylvaniaStateUniversity/AI Adoption Meta Analysis - Documents/Meta/AI Adoption/PDFs/S208.pdf,candidate_only_not_analytic_input_until_human_confirmed
ai_trace_auto_value_visible_exact,ai_candidate_only_existing_human_value_under_review,human_confirm_source_table_before_any_use,p2_source_or_pdf_presence_gap,S208,EE-PE,EE,PE,0.4,526.0,latest_human_R1_CORRELATIONS,"Table 2, p.829",Table 2,EE;ease of use;effort expectancy,PE;performance expectancy,correlation;correlations;fornell;larcker;latent;matrix;table,S208,false,,false,false,true,S208,ok,true,true,/Users/newhosung/Library/CloudStorage/OneDrive-SharedLibraries-ThePennsylvaniaStateUniversity/AI Adoption Meta Analysis - Documents/Meta/AI Adoption/PDFs/S208.pdf,candidate_only_not_analytic_input_until_human_confirmed
ai_trace_auto_value_visible_exact,ai_candidate_only_existing_human_value_under_review,human_confirm_source_table_before_any_use,p2_source_or_pdf_presence_gap,S208,EE-SI,EE,SI,0.36,526.0,latest_human_R1_CORRELATIONS,"Table 2, p.829",Table 2,EE;ease of use;effort expectancy,SI;social influence,correlation;correlations;fornell;larcker;latent;matrix;table,S208,false,,false,false,true,S208,ok,true,true,/Users/newhosung/Library/CloudStorage/OneDrive-SharedLibraries-ThePennsylvaniaStateUniversity/AI Adoption Meta Analysis - Documents/Meta/AI Adoption/PDFs/S208.pdf,candidate_only_not_analytic_input_until_human_confirmed
ai_trace_auto_value_visible_exact,ai_candidate_only_existing_human_value_under_review,human_confirm_source_table_before_any_use,p2_source_or_pdf_presence_gap,S208,EE-TRU,EE,TRU,0.4,526.0,latest_human_R1_CORRELATIONS,"Table 2, p.829",Table 2,EE;ease of use;effort expectancy,trust,correlation;correlations;fornell;larcker;latent;matrix;table,S208,false,,false,false,true,S208,ok,true,true,/Users/newhosung/Library/CloudStorage/OneDrive-SharedLibraries-ThePennsylvaniaStateUniversity/AI Adoption Meta Analysis - Documents/Meta/AI Adoption/PDFs/S208.pdf,candidate_only_not_analytic_input_until_human_confirmed
ai_trace_auto_value_visible_exact,ai_candidate_only_existing_human_value_under_review,human_confirm_source_table_before_any_use,p1_review_value_not_found_in_any_text,S208,PE-SI,PE,SI,0.3,526.0,latest_human_R1_CORRELATIONS,"Table 2, p.829",Table 2,PE;performance expectancy,SI;social influence,correlation;correlations;fornell;larcker;latent;matrix;table,S208,false,,false,false,true,S208,ok,true,true,/Users/newhosung/Library/CloudStorage/OneDrive-SharedLibraries-ThePennsylvaniaStateUniversity/AI Adoption Meta Analysis - Documents/Meta/AI Adoption/PDFs/S208.pdf,candidate_only_not_analytic_input_until_human_confirmed
ai_trace_auto_value_visible_exact,ai_candidate_only_existing_human_value_under_review,human_confirm_source_table_before_any_use,p1_review_value_not_found_in_any_text,S208,PE-TRU,PE,TRU,0.3,526.0,latest_human_R1_CORRELATIONS,"Table 2, p.829",Table 2,PE;performance expectancy,trust,correlation;correlations;fornell;larcker;latent;matrix;table,S208,false,,false,false,true,S208,ok,true,true,/Users/newhosung/Library/CloudStorage/OneDrive-SharedLibraries-ThePennsylvaniaStateUniversity/AI Adoption Meta Analysis - Documents/Meta/AI Adoption/PDFs/S208.pdf,candidate_only_not_analytic_input_until_human_confirmed
ai_trace_auto_value_visible_exact,ai_candidate_only_existing_human_value_under_review,human_confirm_source_table_before_any_use,p1_review_value_not_found_in_any_text,S208,SI-TRU,SI,TRU,0.24,526.0,latest_human_R1_CORRELATIONS,"Table 2, p.829",Table 2,SI;social influence,trust,correlation;correlations;fornell;larcker;latent;matrix;table,S208,false,,false,false,true,S208,ok,true,true,/Users/newhosung/Library/CloudStorage/OneDrive-SharedLibraries-ThePennsylvaniaStateUniversity/AI Adoption Meta Analysis - Documents/Meta/AI Adoption/PDFs/S208.pdf,candidate_only_not_analytic_input_until_human_confirmed
ai_trace_auto_value_visible_exact,ai_candidate_only_existing_human_value_under_review,human_confirm_source_table_before_any_use,p1_review_value_not_found_in_any_text,S028,ATT-BI,ATT,BI,0.88,508.0,latest_human_R1_CORRELATIONS,"Table 4, p.7",Table 4,attitude;attitude toward;attitudes,behavioral intention;intention to use;usage intention,correlation;latent;table,S028,false,,false,false,true,S028,ok,true,true,/Users/newhosung/Library/CloudStorage/OneDrive-SharedLibraries-ThePennsylvaniaStateUniversity/AI Adoption Meta Analysis - Documents/Meta/AI Adoption/PDFs/S028.pdf,candidate_only_not_analytic_input_until_human_confirmed
ai_trace_auto_value_visible_exact,ai_candidate_only_existing_human_value_under_review,human_confirm_source_table_before_any_use,p2_source_or_pdf_presence_gap,S028,ATT-EE,ATT,EE,0.63,508.0,latest_human_R1_CORRELATIONS,"Table 4, p.7",Table 4,attitude;attitude toward;attitudes,PEOU;ease of use;easy to use;perceived ease of use,correlation;latent;table,S028,false,,false,false,true,S028,ok,true,true,/Users/newhosung/Library/CloudStorage/OneDrive-SharedLibraries-ThePennsylvaniaStateUniversity/AI Adoption Meta Analysis - Documents/Meta/AI Adoption/PDFs/S028.pdf,candidate_only_not_analytic_input_until_human_confirmed
ai_trace_auto_value_visible_exact,ai_candidate_only_existing_human_value_under_review,human_confirm_source_table_before_any_use,p2_source_or_pdf_presence_gap,S028,ATT-PE,ATT,PE,0.81,508.0,latest_human_R1_CORRELATIONS,"Table 4, p.7",Table 4,attitude;attitude toward;attitudes,PU;perceived usefulness;useful;usefulness,correlation;latent;table,S028,false,,false,false,true,S028,ok,true,true,/Users/newhosung/Library/CloudStorage/OneDrive-SharedLibraries-ThePennsylvaniaStateUniversity/AI Adoption Meta Analysis - Documents/Meta/AI Adoption/PDFs/S028.pdf,candidate_only_not_analytic_input_until_human_confirmed
ai_trace_possible_value_visible_broad_match,ai_candidate_only_existing_human_value_under_review,human_check_broad_numeric_match_for_false_positive,p1_review_value_not_found_in_any_text,S028,ATT-SE,ATT,SE,0.72,508.0,latest_human_R1_CORRELATIONS,"Table 4, p.7",Table 4,attitude;attitude toward;attitudes,computer self-efficacy;efficacy;self-efficacy,correlation;latent;table,S028,false,,false,false,true,S028,ok,false,true,/Users/newhosung/Library/CloudStorage/OneDrive-SharedLibraries-ThePennsylvaniaStateUniversity/AI Adoption Meta Analysis - Documents/Meta/AI Adoption/PDFs/S028.pdf,candidate_only_not_analytic_input_until_human_confirmed
ai_trace_auto_value_visible_exact,ai_candidate_only_existing_human_value_under_review,human_confirm_source_table_before_any_use,p2_source_or_pdf_presence_gap,S028,BI-EE,BI,EE,0.63,508.0,latest_human_R1_CORRELATIONS,"Table 4, p.7",Table 4,behavioral intention;intention to use;usage intention,PEOU;ease of use;easy to use;perceived ease of use,correlation;latent;table,S028,false,,false,false,true,S028,ok,true,true,/Users/newhosung/Library/CloudStorage/OneDrive-SharedLibraries-ThePennsylvaniaStateUniversity/AI Adoption Meta Analysis - Documents/Meta/AI Adoption/PDFs/S028.pdf,candidate_only_not_analytic_input_until_human_confirmed
ai_trace_auto_value_visible_exact,ai_candidate_only_existing_human_value_under_review,human_confirm_source_table_before_any_use,p2_source_or_pdf_presence_gap,S028,BI-PE,BI,PE,0.82,508.0,latest_human_R1_CORRELATIONS,"Table 4, p.7",Table 4,behavioral intention;intention to use;usage intention,PU;perceived usefulness;useful;usefulness,correlation;latent;table,S028,false,,false,false,true,S028,ok,true,true,/Users/newhosung/Library/CloudStorage/OneDrive-SharedLibraries-ThePennsylvaniaStateUniversity/AI Adoption Meta Analysis - Documents/Meta/AI Adoption/PDFs/S028.pdf,candidate_only_not_analytic_input_until_human_confirmed
ai_trace_possible_value_visible_broad_match,ai_candidate_only_existing_human_value_under_review,human_check_broad_numeric_match_for_false_positive,p1_review_value_not_found_in_any_text,S028,BI-SE,BI,SE,0.69,508.0,latest_human_R1_CORRELATIONS,"Table 4, p.7",Table 4,behavioral intention;intention to use;usage intention,computer self-efficacy;efficacy;self-efficacy,correlation;latent;table,S028,false,,false,false,true,S028,ok,false,true,/Users/newhosung/Library/CloudStorage/OneDrive-SharedLibraries-ThePennsylvaniaStateUniversity/AI Adoption Meta Analysis - Documents/Meta/AI Adoption/PDFs/S028.pdf,candidate_only_not_analytic_input_until_human_confirmed
ai_trace_possible_value_visible_broad_match,ai_candidate_only_existing_human_value_under_review,human_check_broad_numeric_match_for_false_positive,p1_review_value_not_found_in_any_text,S028,EE-PE,EE,PE,0.67,508.0,latest_human_R1_CORRELATIONS,"Table 4, p.7",Table 4,PEOU;ease of use;easy to use;perceived ease of use,PU;perceived usefulness;useful;usefulness,correlation;latent;table,S028,false,,false,false,true,S028,ok,false,true,/Users/newhosung/Library/CloudStorage/OneDrive-SharedLibraries-ThePennsylvaniaStateUniversity/AI Adoption Meta Analysis - Documents/Meta/AI Adoption/PDFs/S028.pdf,candidate_only_not_analytic_input_until_human_confirmed
ai_trace_possible_value_visible_broad_match,ai_candidate_only_existing_human_value_under_review,human_check_broad_numeric_match_for_false_positive,p1_review_value_not_found_in_any_text,S028,EE-SE,EE,SE,0.79,508.0,latest_human_R1_CORRELATIONS,"Table 4, p.7",Table 4,PEOU;ease of use;easy to use;perceived ease of use,computer self-efficacy;efficacy;self-efficacy,correlation;latent;table,S028,false,,false,false,true,S028,ok,false,true,/Users/newhosung/Library/CloudStorage/OneDrive-SharedLibraries-ThePennsylvaniaStateUniversity/AI Adoption Meta Analysis - Documents/Meta/AI Adoption/PDFs/S028.pdf,candidate_only_not_analytic_input_until_human_confirmed
ai_trace_possible_value_visible_broad_match,ai_candidate_only_existing_human_value_under_review,human_check_broad_numeric_match_for_false_positive,p1_review_value_not_found_in_any_text,S028,PE-SE,PE,SE,0.69,508.0,latest_human_R1_CORRELATIONS,"Table 4, p.7",Table 4,PU;perceived usefulness;useful;usefulness,computer self-efficacy;efficacy;self-efficacy,correlation;latent;table,S028,false,,false,false,true,S028,ok,false,true,/Users/newhosung/Library/CloudStorage/OneDrive-SharedLibraries-ThePennsylvaniaStateUniversity/AI Adoption Meta Analysis - Documents/Meta/AI Adoption/PDFs/S028.pdf,candidate_only_not_analytic_input_until_human_confirmed
ai_trace_auto_value_visible_exact,ai_candidate_only_existing_human_value_under_review,human_confirm_source_table_before_any_use,p2_source_or_pdf_presence_gap,S059,ATT-BI,ATT,BI,0.9,645.0,latest_human_R1_CORRELATIONS,"Table 4, p.9",Table 4,attitude;attitudes,behavioural intention;intention to use,correlation;correlations;table,S059,false,,false,false,true,S059,ok,true,true,/Users/newhosung/Library/CloudStorage/OneDrive-SharedLibraries-ThePennsylvaniaStateUniversity/AI Adoption Meta Analysis - Documents/Meta/AI Adoption/PDFs/S059.pdf,candidate_only_not_analytic_input_until_human_confirmed
ai_trace_auto_value_visible_exact,ai_candidate_only_existing_human_value_under_review,human_confirm_source_table_before_any_use,p1_review_value_not_found_in_any_text,S059,ATT-EE,ATT,EE,0.26,645.0,latest_human_R1_CORRELATIONS,"Table 4, p.9",Table 4,attitude;attitudes,ease of use;perceived ease of use,correlation;correlations;table,S059,false,,false,false,true,S059,ok,true,true,/Users/newhosung/Library/CloudStorage/OneDrive-SharedLibraries-ThePennsylvaniaStateUniversity/AI Adoption Meta Analysis - Documents/Meta/AI Adoption/PDFs/S059.pdf,candidate_only_not_analytic_input_until_human_confirmed
ai_trace_auto_value_visible_exact,ai_candidate_only_existing_human_value_under_review,human_confirm_source_table_before_any_use,p1_review_value_not_found_in_any_text,S059,ATT-PE,ATT,PE,0.29,645.0,latest_human_R1_CORRELATIONS,"Table 4, p.9",Table 4,attitude;attitudes,PU;perceived usefulness;useful;usefulness,correlation;correlations;table,S059,false,,false,false,true,S059,ok,true,true,/Users/newhosung/Library/CloudStorage/OneDrive-SharedLibraries-ThePennsylvaniaStateUniversity/AI Adoption Meta Analysis - Documents/Meta/AI Adoption/PDFs/S059.pdf,candidate_only_not_analytic_input_until_human_confirmed
ai_trace_auto_value_visible_exact,ai_candidate_only_existing_human_value_under_review,human_confirm_source_table_before_any_use,p1_review_value_not_found_in_any_text,S059,EE-PE,EE,PE,0.18,645.0,latest_human_R1_CORRELATIONS,"Table 4, p.9",Table 4,ease of use;perceived ease of use,PU;perceived usefulness;useful;usefulness,correlation;correlations;table,S059,false,,false,false,true,S059,ok,true,true,/Users/newhosung/Library/CloudStorage/OneDrive-SharedLibraries-ThePennsylvaniaStateUniversity/AI Adoption Meta Analysis - Documents/Meta/AI Adoption/PDFs/S059.pdf,candidate_only_not_analytic_input_until_human_confirmed
ai_trace_auto_value_visible_exact,ai_candidate_only_existing_human_value_under_review,human_confirm_source_table_before_any_use,p2_source_or_pdf_presence_gap,S145,BI-EE,BI,EE,0.2,374.0,latest_human_R1_CORRELATIONS,"Table 3, p.24",Table 3,behavioral intention;intention to use,EE;ease of use;easy to use;effort expectancy;perceived ease of use,correlation;correlations;latent;table,S145,false,,false,false,true,S145,ok,true,true,/Users/newhosung/Library/CloudStorage/OneDrive-SharedLibraries-ThePennsylvaniaStateUniversity/AI Adoption Meta Analysis - Documents/Meta/AI Adoption/PDFs/S145.pdf,candidate_only_not_analytic_input_until_human_confirmed
ai_trace_auto_value_visible_exact,ai_candidate_only_existing_human_value_under_review,human_confirm_source_table_before_any_use,p2_source_or_pdf_presence_gap,S145,BI-UB,BI,UB,0.34,374.0,latest_human_R1_CORRELATIONS,"Table 3, p.24",Table 3,behavioral intention;intention to use,use;use behavior,correlation;correlations;latent;table,S145,false,,false,false,true,S145,ok,true,true,/Users/newhosung/Library/CloudStorage/OneDrive-SharedLibraries-ThePennsylvaniaStateUniversity/AI Adoption Meta Analysis - Documents/Meta/AI Adoption/PDFs/S145.pdf,candidate_only_not_analytic_input_until_human_confirmed
ai_trace_auto_value_visible_exact,ai_candidate_only_existing_human_value_under_review,human_confirm_source_table_before_any_use,p2_source_or_pdf_presence_gap,S145,EE-UB,EE,UB,0.2,374.0,latest_human_R1_CORRELATIONS,"Table 3, p.24",Table 3,EE;ease of use;easy to use;effort expectancy;perceived ease of use,use;use behavior,correlation;correlations;latent;table,S145,false,,false,false,true,S145,ok,true,true,/Users/newhosung/Library/CloudStorage/OneDrive-SharedLibraries-ThePennsylvaniaStateUniversity/AI Adoption Meta Analysis - Documents/Meta/AI Adoption/PDFs/S145.pdf,candidate_only_not_analytic_input_until_human_confirmed
ai_trace_possible_value_visible_broad_match,ai_candidate_only_existing_human_value_under_review,human_check_broad_numeric_match_for_false_positive,p1_review_value_not_found_in_any_text,S110,BI-EE,BI,EE,0.62,353.0,latest_human_R1_CORRELATIONS,"Table 4, p.627",Table 4,BI;behavioral intention;behavioural intention;intention to use,EE;ease of use;effort expectancy;perceived ease of use,correlation;correlations;latent;table,S110,false,,false,false,true,S110,ok,false,true,/Users/newhosung/Library/CloudStorage/OneDrive-SharedLibraries-ThePennsylvaniaStateUniversity/AI Adoption Meta Analysis - Documents/Meta/AI Adoption/PDFs/S110.pdf,candidate_only_not_analytic_input_until_human_confirmed
ai_trace_possible_value_visible_broad_match,ai_candidate_only_existing_human_value_under_review,human_check_broad_numeric_match_for_false_positive,p1_review_value_not_found_in_any_text,S110,BI-PE,BI,PE,0.68,353.0,latest_human_R1_CORRELATIONS,"Table 4, p.627",Table 4,BI;behavioral intention;behavioural intention;intention to use,PE;perceived usefulness;performance expectancy;usefulness,correlation;correlations;latent;table,S110,false,,false,false,true,S110,ok,false,true,/Users/newhosung/Library/CloudStorage/OneDrive-SharedLibraries-ThePennsylvaniaStateUniversity/AI Adoption Meta Analysis - Documents/Meta/AI Adoption/PDFs/S110.pdf,candidate_only_not_analytic_input_until_human_confirmed
ai_trace_auto_value_visible_exact,ai_candidate_only_existing_human_value_under_review,human_confirm_source_table_before_any_use,p2_source_or_pdf_presence_gap,S110,BI-SI,BI,SI,0.52,353.0,latest_human_R1_CORRELATIONS,"Table 4, p.627",Table 4,BI;behavioral intention;behavioural intention;intention to use,SI;social influence,correlation;correlations;latent;table,S110,false,,false,false,true,S110,ok,true,true,/Users/newhosung/Library/CloudStorage/OneDrive-SharedLibraries-ThePennsylvaniaStateUniversity/AI Adoption Meta Analysis - Documents/Meta/AI Adoption/PDFs/S110.pdf,candidate_only_not_analytic_input_until_human_confirmed
ai_trace_possible_value_visible_broad_match,ai_candidate_only_existing_human_value_under_review,human_check_broad_numeric_match_for_false_positive,p1_review_value_not_found_in_any_text,S015,BI-PE,BI,PE,0.816,528.0,latest_human_R1_CORRELATIONS,"Table 1 (Fornell-Larcker Poland), p.8",Table 1,BI;behavioral intention;behavioural intention;intention to use,PE;perceived usefulness;performance expectancy;usefulness,correlation;correlations;latent;table,S015,true,S015_source_packet_20260609.txt,false,true,true,S015,ok,false,true,/Users/newhosung/Library/CloudStorage/OneDrive-SharedLibraries-ThePennsylvaniaStateUniversity/AI Adoption Meta Analysis - Documents/Meta/AI Adoption/PDFs/S015.pdf,candidate_only_not_analytic_input_until_human_confirmed
ai_trace_possible_value_visible_broad_match,ai_candidate_only_existing_human_value_under_review,human_check_broad_numeric_match_for_false_positive,p1_review_value_not_found_in_any_text,S015,BI-SI,BI,SI,0.59,528.0,latest_human_R1_CORRELATIONS,"Table 1 (Fornell-Larcker Poland), p.8",Table 1,BI;behavioral intention;behavioural intention;intention to use,SI;social influence,correlation;correlations;latent;table,S015,true,S015_source_packet_20260609.txt,false,true,true,S015,ok,false,true,/Users/newhosung/Library/CloudStorage/OneDrive-SharedLibraries-ThePennsylvaniaStateUniversity/AI Adoption Meta Analysis - Documents/Meta/AI Adoption/PDFs/S015.pdf,candidate_only_not_analytic_input_until_human_confirmed
ai_trace_auto_value_visible_exact,ai_candidate_only_existing_human_value_under_review,human_confirm_source_table_before_any_use,p1_review_value_not_found_in_any_text,S046,ANX-BI,ANX,BI,-0.377,361.0,latest_human_R1_CORRELATIONS,"Table 5 (Fornell-Larcker), p.12",Table 5,AI anxiety;ANX;anxiety,BI;behavioral intention;behavioural intention;continuance intention;intention to use,correlation;correlations;fornell;larcker;latent;table,S046,true,S046_source_packet_20260609.txt,true,true,true,S046,ok,true,true,/Users/newhosung/Library/CloudStorage/OneDrive-SharedLibraries-ThePennsylvaniaStateUniversity/AI Adoption Meta Analysis - Documents/Meta/AI Adoption/PDFs/S046.pdf,candidate_only_not_analytic_input_until_human_confirmed
ai_trace_auto_value_visible_exact,ai_candidate_only_existing_human_value_under_review,human_confirm_source_table_before_any_use,p1_review_value_not_found_in_any_text,S046,ANX-EE,ANX,EE,-0.423,361.0,latest_human_R1_CORRELATIONS,"Table 5 (Fornell-Larcker), p.12",Table 5,AI anxiety;ANX;anxiety,EE;PEOU;ease of use;easy to use;effort expectancy;perceived ease of use,correlation;correlations;fornell;larcker;latent;table,S046,true,S046_source_packet_20260609.txt,true,true,true,S046,ok,true,true,/Users/newhosung/Library/CloudStorage/OneDrive-SharedLibraries-ThePennsylvaniaStateUniversity/AI Adoption Meta Analysis - Documents/Meta/AI Adoption/PDFs/S046.pdf,candidate_only_not_analytic_input_until_human_confirmed
ai_trace_auto_value_visible_exact,ai_candidate_only_existing_human_value_under_review,human_confirm_source_table_before_any_use,p1_review_value_not_found_in_any_text,S046,ANX-PE,ANX,PE,-0.462,361.0,latest_human_R1_CORRELATIONS,"Table 5 (Fornell-Larcker), p.12",Table 5,AI anxiety;ANX;anxiety,PE;PU;perceived usefulness;performance expectancy;useful;usefulness,correlation;correlations;fornell;larcker;latent;table,S046,true,S046_source_packet_20260609.txt,true,true,true,S046,ok,true,true,/Users/newhosung/Library/CloudStorage/OneDrive-SharedLibraries-ThePennsylvaniaStateUniversity/AI Adoption Meta Analysis - Documents/Meta/AI Adoption/PDFs/S046.pdf,candidate_only_not_analytic_input_until_human_confirmed
ai_trace_possible_value_visible_broad_match,ai_candidate_only_existing_human_value_under_review,human_check_broad_numeric_match_for_false_positive,p1_review_value_not_found_in_any_text,S046,ANX-SE,ANX,SE,-0.069,361.0,latest_human_R1_CORRELATIONS,"Table 5 (Fornell-Larcker), p.12",Table 5,AI anxiety;ANX;anxiety,SE;efficacy,correlation;correlations;fornell;larcker;latent;table,S046,true,S046_source_packet_20260609.txt,false,true,true,S046,ok,false,true,/Users/newhosung/Library/CloudStorage/OneDrive-SharedLibraries-ThePennsylvaniaStateUniversity/AI Adoption Meta Analysis - Documents/Meta/AI Adoption/PDFs/S046.pdf,candidate_only_not_analytic_input_until_human_confirmed
ai_trace_auto_value_visible_exact,ai_candidate_only_existing_human_value_under_review,human_confirm_source_table_before_any_use,p1_review_value_not_found_in_any_text,S046,ANX-SI,ANX,SI,-0.032,361.0,latest_human_R1_CORRELATIONS,"Table 5 (Fornell-Larcker), p.12",Table 5,AI anxiety;ANX;anxiety,SI;subjective norm,correlation;correlations;fornell;larcker;latent;table,S046,true,S046_source_packet_20260609.txt,false,true,true,S046,ok,true,true,/Users/newhosung/Library/CloudStorage/OneDrive-SharedLibraries-ThePennsylvaniaStateUniversity/AI Adoption Meta Analysis - Documents/Meta/AI Adoption/PDFs/S046.pdf,candidate_only_not_analytic_input_until_human_confirmed
ai_trace_auto_value_visible_exact,ai_candidate_only_existing_human_value_under_review,human_confirm_source_table_before_any_use,p1_review_value_not_found_in_any_text,S053,EE-UB,EE,UB,-0.032,445.0,latest_human_R1_CORRELATIONS,"Table 5 (Fornell-Larcker), p.5676",Table 5,EE;ease of use;easy to use;effort expectancy,UB;usage behavior;use,correlation;correlations;fornell;larcker;latent;matrix;table,S053,true,S053_source_packet_20260609.txt,false,true,true,S053,ok,true,true,/Users/newhosung/Library/CloudStorage/OneDrive-SharedLibraries-ThePennsylvaniaStateUniversity/AI Adoption Meta Analysis - Documents/Meta/AI Adoption/R1/PDFs/S053.pdf,candidate_only_not_analytic_input_until_human_confirmed
ai_trace_auto_value_visible_exact,ai_candidate_only_existing_human_value_under_review,human_confirm_source_table_before_any_use,p1_review_value_not_found_in_any_text,S164,ATT-SI,ATT,SI,-0.031,2078.0,latest_human_R1_CORRELATIONS,"Table 4 (Fornell-Larcker), p.8",Table 4,ATT;attitude;attitudes,SI;social influence;subjective norm,correlation;correlations;fornell;larcker;latent;table,S164,true,S164_source_packet_20260609.txt,false,true,true,S164,ok,true,true,/Users/newhosung/Library/CloudStorage/OneDrive-SharedLibraries-ThePennsylvaniaStateUniversity/AI Adoption Meta Analysis - Documents/Meta/AI Adoption/PDFs/S164.pdf,candidate_only_not_analytic_input_until_human_confirmed
ai_trace_auto_value_visible_exact,ai_candidate_only_existing_human_value_under_review,human_confirm_source_table_before_any_use,p1_review_value_not_found_in_any_text,S164,BI-SI,BI,SI,-0.03,2078.0,latest_human_R1_CORRELATIONS,"Table 4 (Fornell-Larcker), p.8",Table 4,BI;behavioral intention;continuance intention;intention to use,SI;social influence;subjective norm,correlation;correlations;fornell;larcker;latent;table,S164,true,S164_source_packet_20260609.txt,false,true,true,S164,ok,true,true,/Users/newhosung/Library/CloudStorage/OneDrive-SharedLibraries-ThePennsylvaniaStateUniversity/AI Adoption Meta Analysis - Documents/Meta/AI Adoption/PDFs/S164.pdf,candidate_only_not_analytic_input_until_human_confirmed
ai_trace_possible_value_visible_broad_match,ai_candidate_only_existing_human_value_under_review,human_check_broad_numeric_match_for_false_positive,p1_review_value_not_found_in_any_text,S164,EE-SI,EE,SI,-0.024,2078.0,latest_human_R1_CORRELATIONS,"Table 4 (Fornell-Larcker), p.8",Table 4,EE;easy to use;effort expectancy,SI;social influence;subjective norm,correlation;correlations;fornell;larcker;latent;table,S164,true,S164_source_packet_20260609.txt,false,true,true,S164,ok,false,true,/Users/newhosung/Library/CloudStorage/OneDrive-SharedLibraries-ThePennsylvaniaStateUniversity/AI Adoption Meta Analysis - Documents/Meta/AI Adoption/PDFs/S164.pdf,candidate_only_not_analytic_input_until_human_confirmed
ai_trace_auto_value_visible_exact,ai_candidate_only_existing_human_value_under_review,human_confirm_source_table_before_any_use,p1_review_value_not_found_in_any_text,S164,FC-SI,FC,SI,-0.011,2078.0,latest_human_R1_CORRELATIONS,"Table 4 (Fornell-Larcker), p.8",Table 4,FC;facilitating;facilitating conditions;resources;support,SI;social influence;subjective norm,correlation;correlations;fornell;larcker;latent;table,S164,true,S164_source_packet_20260609.txt,true,true,true,S164,ok,true,true,/Users/newhosung/Library/CloudStorage/OneDrive-SharedLibraries-ThePennsylvaniaStateUniversity/AI Adoption Meta Analysis - Documents/Meta/AI Adoption/PDFs/S164.pdf,candidate_only_not_analytic_input_until_human_confirmed
ai_trace_possible_value_visible_broad_match,ai_candidate_only_existing_human_value_under_review,human_check_broad_numeric_match_for_false_positive,p1_review_value_not_found_in_any_text,S164,PE-SI,PE,SI,-0.021,2078.0,latest_human_R1_CORRELATIONS,"Table 4 (Fornell-Larcker), p.8",Table 4,PE;performance expectancy;useful,SI;social influence;subjective norm,correlation;correlations;fornell;larcker;latent;table,S164,true,S164_source_packet_20260609.txt,false,true,true,S164,ok,false,true,/Users/newhosung/Library/CloudStorage/OneDrive-SharedLibraries-ThePennsylvaniaStateUniversity/AI Adoption Meta Analysis - Documents/Meta/AI Adoption/PDFs/S164.pdf,candidate_only_not_analytic_input_until_human_confirmed
ai_trace_auto_value_visible_exact,ai_candidate_only_existing_human_value_under_review,human_confirm_source_table_before_any_use,p1_review_value_not_found_in_any_text,S164,PE-UB,PE,UB,-0.031,2078.0,latest_human_R1_CORRELATIONS,"Table 4 (Fornell-Larcker), p.8",Table 4,PE;performance expectancy;useful,UB;actual use;use,correlation;correlations;fornell;larcker;latent;table,S164,true,S164_source_packet_20260609.txt,false,true,true,S164,ok,true,true,/Users/newhosung/Library/CloudStorage/OneDrive-SharedLibraries-ThePennsylvaniaStateUniversity/AI Adoption Meta Analysis - Documents/Meta/AI Adoption/PDFs/S164.pdf,candidate_only_not_analytic_input_until_human_confirmed
ai_trace_auto_value_visible_exact,ai_candidate_only_existing_human_value_under_review,human_confirm_source_table_before_any_use,p1_review_value_not_found_in_any_text,S164,SI-UB,SI,UB,-0.005,2078.0,latest_human_R1_CORRELATIONS,"Table 4 (Fornell-Larcker), p.8",Table 4,SI;social influence;subjective norm,UB;actual use;use,correlation;correlations;fornell;larcker;latent;table,S164,true,S164_source_packet_20260609.txt,true,true,true,S164,ok,true,true,/Users/newhosung/Library/CloudStorage/OneDrive-SharedLibraries-ThePennsylvaniaStateUniversity/AI Adoption Meta Analysis - Documents/Meta/AI Adoption/PDFs/S164.pdf,candidate_only_not_analytic_input_until_human_confirmed
ai_trace_auto_value_visible_exact,ai_candidate_only_existing_human_value_under_review,human_confirm_source_table_before_any_use,p1_review_value_not_found_in_any_text,S168,BI-EE,BI,EE,0.14,534.0,latest_human_R1_CORRELATIONS,Table 4,Table 4,BI;behavioral intention;intention to use,EE;ease of use;easy to use;effort expectancy;perceived ease of use,correlations;fornell;larcker;latent;table,S168,true,S168_source_packet_20260609.txt,true,true,true,S168,ok,true,true,/Users/newhosung/Library/CloudStorage/OneDrive-SharedLibraries-ThePennsylvaniaStateUniversity/AI Adoption Meta Analysis - Documents/Meta/AI Adoption/PDFs/S168.pdf,candidate_only_not_analytic_input_until_human_confirmed
ai_trace_possible_value_visible_broad_match,ai_candidate_only_existing_human_value_under_review,human_check_broad_numeric_match_for_false_positive,p1_review_value_not_found_in_any_text,S168,BI-FC,BI,FC,-0.05,534.0,latest_human_R1_CORRELATIONS,Table 4,Table 4,BI;behavioral intention;intention to use,FC;facilitating;facilitating conditions;resources;support,correlations;fornell;larcker;latent;table,S168,true,S168_source_packet_20260609.txt,false,true,true,S168,ok,false,true,/Users/newhosung/Library/CloudStorage/OneDrive-SharedLibraries-ThePennsylvaniaStateUniversity/AI Adoption Meta Analysis - Documents/Meta/AI Adoption/PDFs/S168.pdf,candidate_only_not_analytic_input_until_human_confirmed
ai_trace_possible_value_visible_broad_match,ai_candidate_only_existing_human_value_under_review,human_check_broad_numeric_match_for_false_positive,p1_review_value_not_found_in_any_text,S168,BI-UB,BI,UB,0.47,534.0,latest_human_R1_CORRELATIONS,Table 4,Table 4,BI;behavioral intention;intention to use,UB;use;use behavior,correlations;fornell;larcker;latent;table,S168,true,S168_source_packet_20260609.txt,false,true,true,S168,ok,false,true,/Users/newhosung/Library/CloudStorage/OneDrive-SharedLibraries-ThePennsylvaniaStateUniversity/AI Adoption Meta Analysis - Documents/Meta/AI Adoption/PDFs/S168.pdf,candidate_only_not_analytic_input_until_human_confirmed
ai_trace_auto_value_visible_exact,ai_candidate_only_existing_human_value_under_review,human_confirm_source_table_before_any_use,p1_review_value_not_found_in_any_text,S011,ATT-PE,ATT,PE,0.28,304.0,latest_human_R1_CORRELATIONS,Table 6,Table 6,ATT;attitude;attitudes,PE;PU;perceived usefulness;useful;usefulness,correlations;latent;pearson;table,S011,true,S011_source_packet_20260609.txt,true,true,true,S011,ok,true,true,/Users/newhosung/Library/CloudStorage/OneDrive-SharedLibraries-ThePennsylvaniaStateUniversity/AI Adoption Meta Analysis - Documents/Meta/AI Adoption/PDFs/S011.pdf,candidate_only_not_analytic_input_until_human_confirmed
ai_trace_possible_value_visible_broad_match,ai_candidate_only_existing_human_value_under_review,human_check_broad_numeric_match_for_false_positive,p1_review_value_not_found_in_any_text,S044,ATT-EE,ATT,EE,0.64,441.0,latest_human_R1_CORRELATIONS,Table 2,Table 2,ATT;attitude;attitude toward;attitudes,EE;ease of use;effort expectancy;perceived ease of use,correlation;correlations;latent;pearson;table,S044,true,S044_source_packet_20260609.txt,false,true,true,S044,ok,false,true,/Users/newhosung/Library/CloudStorage/OneDrive-SharedLibraries-ThePennsylvaniaStateUniversity/AI Adoption Meta Analysis - Documents/Meta/AI Adoption/PDFs/S044.pdf,candidate_only_not_analytic_input_until_human_confirmed
ai_trace_possible_value_visible_broad_match,ai_candidate_only_existing_human_value_under_review,human_check_broad_numeric_match_for_false_positive,p1_review_value_not_found_in_any_text,S044,ATT-SI,ATT,SI,0.64,441.0,latest_human_R1_CORRELATIONS,Table 2,Table 2,ATT;attitude;attitude toward;attitudes,SI;social influence,correlation;correlations;latent;pearson;table,S044,true,S044_source_packet_20260609.txt,false,true,true,S044,ok,false,true,/Users/newhosung/Library/CloudStorage/OneDrive-SharedLibraries-ThePennsylvaniaStateUniversity/AI Adoption Meta Analysis - Documents/Meta/AI Adoption/PDFs/S044.pdf,candidate_only_not_analytic_input_until_human_confirmed
ai_trace_auto_value_visible_exact,ai_candidate_only_existing_human_value_under_review,human_confirm_source_table_before_any_use,p1_review_value_not_found_in_any_text,S044,EE-PE,EE,PE,0.66,441.0,latest_human_R1_CORRELATIONS,Table 2,Table 2,EE;ease of use;effort expectancy;perceived ease of use,PE;perceived usefulness;performance expectancy;useful;usefulness,correlation;correlations;latent;pearson;table,S044,true,S044_source_packet_20260609.txt,true,true,true,S044,ok,true,true,/Users/newhosung/Library/CloudStorage/OneDrive-SharedLibraries-ThePennsylvaniaStateUniversity/AI Adoption Meta Analysis - Documents/Meta/AI Adoption/PDFs/S044.pdf,candidate_only_not_analytic_input_until_human_confirmed
ai_trace_auto_value_visible_exact,ai_candidate_only_existing_human_value_under_review,human_confirm_source_table_before_any_use,p1_review_value_not_found_in_any_text,S044,FC-SI,FC,SI,0.57,441.0,latest_human_R1_CORRELATIONS,Table 2,Table 2,FC;facilitating;facilitating conditions;resources;support,SI;social influence,correlation;correlations;latent;pearson;table,S044,true,S044_source_packet_20260609.txt,true,true,true,S044,ok,true,true,/Users/newhosung/Library/CloudStorage/OneDrive-SharedLibraries-ThePennsylvaniaStateUniversity/AI Adoption Meta Analysis - Documents/Meta/AI Adoption/PDFs/S044.pdf,candidate_only_not_analytic_input_until_human_confirmed
ai_trace_possible_value_visible_broad_match,ai_candidate_only_existing_human_value_under_review,human_check_broad_numeric_match_for_false_positive,p1_review_value_not_found_in_any_text,S044,PE-SI,PE,SI,0.68,441.0,latest_human_R1_CORRELATIONS,Table 2,Table 2,PE;perceived usefulness;performance expectancy;useful;usefulness,SI;social influence,correlation;correlations;latent;pearson;table,S044,true,S044_source_packet_20260609.txt,false,true,true,S044,ok,false,true,/Users/newhosung/Library/CloudStorage/OneDrive-SharedLibraries-ThePennsylvaniaStateUniversity/AI Adoption Meta Analysis - Documents/Meta/AI Adoption/PDFs/S044.pdf,candidate_only_not_analytic_input_until_human_confirmed
ai_trace_possible_value_visible_broad_match,ai_candidate_only_existing_human_value_under_review,human_check_broad_numeric_match_for_false_positive,p1_review_value_not_found_in_any_text,S151,FC-UB,FC,UB,0.56,295.0,latest_human_R1_CORRELATIONS,Table 2,Table 2,FC;facilitating;resources;support,UB;actual use;usage behavior;usage behaviour;use;use behaviour,correlation;fornell;larcker;latent;table,S151,true,S151_source_packet_20260609.txt,false,true,true,S151,ok,false,true,/Users/newhosung/Library/CloudStorage/OneDrive-SharedLibraries-ThePennsylvaniaStateUniversity/AI Adoption Meta Analysis - Documents/Meta/AI Adoption/R1/PDFs/S151.pdf,candidate_only_not_analytic_input_until_human_confirmed
ai_trace_possible_value_visible_broad_match,ai_candidate_only_existing_human_value_under_review,human_check_broad_numeric_match_for_false_positive,p1_review_value_not_found_in_any_text,S151,PE-UB,PE,UB,0.57,295.0,latest_human_R1_CORRELATIONS,Table 2,Table 2,PE;PU;perceived usefulness;useful;usefulness,UB;actual use;usage behavior;usage behaviour;use;use behaviour,correlation;fornell;larcker;latent;table,S151,true,S151_source_packet_20260609.txt,false,true,true,S151,ok,false,true,/Users/newhosung/Library/CloudStorage/OneDrive-SharedLibraries-ThePennsylvaniaStateUniversity/AI Adoption Meta Analysis - Documents/Meta/AI Adoption/R1/PDFs/S151.pdf,candidate_only_not_analytic_input_until_human_confirmed
ai_trace_possible_value_visible_broad_match,ai_candidate_only_existing_human_value_under_review,human_check_broad_numeric_match_for_false_positive,p1_review_value_not_found_in_any_text,S151,SE-UB,SE,UB,0.56,295.0,latest_human_R1_CORRELATIONS,Table 2,Table 2,SE;computer self-efficacy;efficacy;self efficacy;self-efficacy,UB;actual use;usage behavior;usage behaviour;use;use behaviour,correlation;fornell;larcker;latent;table,S151,true,S151_source_packet_20260609.txt,false,true,true,S151,ok,false,true,/Users/newhosung/Library/CloudStorage/OneDrive-SharedLibraries-ThePennsylvaniaStateUniversity/AI Adoption Meta Analysis - Documents/Meta/AI Adoption/R1/PDFs/S151.pdf,candidate_only_not_analytic_input_until_human_confirmed
ai_trace_auto_value_visible_exact,ai_candidate_only_existing_human_value_under_review,human_confirm_source_table_before_any_use,p1_review_value_not_found_in_any_text,S051,ANX-EE,ANX,EE,-0.14,524.0,latest_human_R1_CORRELATIONS,Table 2,Table 2,,EE;ease of use;effort expectancy;perceived ease of use,correlations;latent;table,S051,true,S051_source_packet_20260609.txt,true,true,true,S051,ok,true,true,/Users/newhosung/Library/CloudStorage/OneDrive-SharedLibraries-ThePennsylvaniaStateUniversity/AI Adoption Meta Analysis - Documents/Meta/AI Adoption/PDFs/S051.pdf,candidate_only_not_analytic_input_until_human_confirmed
ai_trace_auto_value_visible_exact,ai_candidate_only_existing_human_value_under_review,human_confirm_source_table_before_any_use,p1_review_value_not_found_in_any_text,S051,ANX-FC,ANX,FC,-0.34,524.0,latest_human_R1_CORRELATIONS,Table 2,Table 2,,FC;facilitating;facilitating conditions;resources;support,correlations;latent;table,S051,true,S051_source_packet_20260609.txt,false,true,true,S051,ok,true,true,/Users/newhosung/Library/CloudStorage/OneDrive-SharedLibraries-ThePennsylvaniaStateUniversity/AI Adoption Meta Analysis - Documents/Meta/AI Adoption/PDFs/S051.pdf,candidate_only_not_analytic_input_until_human_confirmed
ai_trace_auto_value_visible_exact,ai_candidate_only_existing_human_value_under_review,human_confirm_source_table_before_any_use,p1_review_value_not_found_in_any_text,S051,ANX-PE,ANX,PE,-0.16,524.0,latest_human_R1_CORRELATIONS,Table 2,Table 2,,PE;perceived usefulness;performance expectancy;usefulness,correlations;latent;table,S051,true,S051_source_packet_20260609.txt,true,true,true,S051,ok,true,true,/Users/newhosung/Library/CloudStorage/OneDrive-SharedLibraries-ThePennsylvaniaStateUniversity/AI Adoption Meta Analysis - Documents/Meta/AI Adoption/PDFs/S051.pdf,candidate_only_not_analytic_input_until_human_confirmed
ai_trace_auto_value_visible_exact,ai_candidate_only_existing_human_value_under_review,human_confirm_source_table_before_any_use,p1_review_value_not_found_in_any_text,S051,ANX-SI,ANX,SI,-0.21,524.0,latest_human_R1_CORRELATIONS,Table 2,Table 2,,SI;social influence,correlations;latent;table,S051,true,S051_source_packet_20260609.txt,true,true,true,S051,ok,true,true,/Users/newhosung/Library/CloudStorage/OneDrive-SharedLibraries-ThePennsylvaniaStateUniversity/AI Adoption Meta Analysis - Documents/Meta/AI Adoption/PDFs/S051.pdf,candidate_only_not_analytic_input_until_human_confirmed
ai_trace_possible_value_visible_broad_match,ai_candidate_only_existing_human_value_under_review,human_check_broad_numeric_match_for_false_positive,p1_review_value_not_found_in_any_text,S051,ANX-UB,ANX,UB,-0.06,524.0,latest_human_R1_CORRELATIONS,Table 2,Table 2,,UB;usage behavior;use,correlations;latent;table,S051,true,S051_source_packet_20260609.txt,false,true,true,S051,ok,false,true,/Users/newhosung/Library/CloudStorage/OneDrive-SharedLibraries-ThePennsylvaniaStateUniversity/AI Adoption Meta Analysis - Documents/Meta/AI Adoption/PDFs/S051.pdf,candidate_only_not_analytic_input_until_human_confirmed
ai_trace_auto_value_visible_exact,ai_candidate_only_existing_human_value_under_review,human_confirm_source_table_before_any_use,p1_review_value_not_found_in_any_text,S086,BI-FC,BI,FC,0.32,235.0,latest_human_R1_CORRELATIONS,Table 2,Table 2,BI;behavioral intention;intention to use,FC;facilitating;facilitating conditions;resources;support,correlation;correlations;latent;matrix;pearson;table,S086,true,S086_source_packet_20260609.txt,false,true,true,S086,ok,true,true,/Users/newhosung/Library/CloudStorage/OneDrive-SharedLibraries-ThePennsylvaniaStateUniversity/AI Adoption Meta Analysis - Documents/Meta/AI Adoption/PDFs/S086.pdf,candidate_only_not_analytic_input_until_human_confirmed
ai_trace_possible_value_visible_broad_match,ai_candidate_only_existing_human_value_under_review,human_check_broad_numeric_match_for_false_positive,p1_review_value_not_found_in_any_text,S086,BI-PE,BI,PE,0.64,235.0,latest_human_R1_CORRELATIONS,Table 2,Table 2,BI;behavioral intention;intention to use,PE;perceived usefulness;performance expectancy;useful;usefulness,correlation;correlations;latent;matrix;pearson;table,S086,true,S086_source_packet_20260609.txt,false,true,true,S086,ok,false,true,/Users/newhosung/Library/CloudStorage/OneDrive-SharedLibraries-ThePennsylvaniaStateUniversity/AI Adoption Meta Analysis - Documents/Meta/AI Adoption/PDFs/S086.pdf,candidate_only_not_analytic_input_until_human_confirmed
ai_trace_auto_value_visible_exact,ai_candidate_only_existing_human_value_under_review,human_confirm_source_table_before_any_use,p1_review_value_not_found_in_any_text,S086,EE-SI,EE,SI,0.39,235.0,latest_human_R1_CORRELATIONS,Table 2,Table 2,EE;ease of use;easy to use;effort expectancy,SI;social influence,correlation;correlations;latent;matrix;pearson;table,S086,true,S086_source_packet_20260609.txt,true,true,true,S086,ok,true,true,/Users/newhosung/Library/CloudStorage/OneDrive-SharedLibraries-ThePennsylvaniaStateUniversity/AI Adoption Meta Analysis - Documents/Meta/AI Adoption/PDFs/S086.pdf,candidate_only_not_analytic_input_until_human_confirmed
ai_trace_auto_value_visible_exact,ai_candidate_only_existing_human_value_under_review,human_confirm_source_table_before_any_use,p1_review_value_not_found_in_any_text,S086,FC-TRU,FC,TRU,0.41,235.0,latest_human_R1_CORRELATIONS,Table 2,Table 2,FC;facilitating;facilitating conditions;resources;support,TRU;trust,correlation;correlations;latent;matrix;pearson;table,S086,true,S086_source_packet_20260609.txt,true,true,true,S086,ok,true,true,/Users/newhosung/Library/CloudStorage/OneDrive-SharedLibraries-ThePennsylvaniaStateUniversity/AI Adoption Meta Analysis - Documents/Meta/AI Adoption/PDFs/S086.pdf,candidate_only_not_analytic_input_until_human_confirmed
ai_trace_auto_value_visible_exact,ai_candidate_only_existing_human_value_under_review,human_confirm_source_table_before_any_use,p1_review_value_not_found_in_any_text,S086,PE-SI,PE,SI,0.44,235.0,latest_human_R1_CORRELATIONS,Table 2,Table 2,PE;perceived usefulness;performance expectancy;useful;usefulness,SI;social influence,correlation;correlations;latent;matrix;pearson;table,S086,true,S086_source_packet_20260609.txt,true,true,true,S086,ok,true,true,/Users/newhosung/Library/CloudStorage/OneDrive-SharedLibraries-ThePennsylvaniaStateUniversity/AI Adoption Meta Analysis - Documents/Meta/AI Adoption/PDFs/S086.pdf,candidate_only_not_analytic_input_until_human_confirmed
ai_trace_auto_value_visible_exact,ai_candidate_only_existing_human_value_under_review,human_confirm_source_table_before_any_use,p1_review_value_not_found_in_any_text,S086,SI-UB,SI,UB,0.41,235.0,latest_human_R1_CORRELATIONS,Table 2,Table 2,SI;social influence,UB;usage behavior;use;use behavior,correlation;correlations;latent;matrix;pearson;table,S086,true,S086_source_packet_20260609.txt,true,true,true,S086,ok,true,true,/Users/newhosung/Library/CloudStorage/OneDrive-SharedLibraries-ThePennsylvaniaStateUniversity/AI Adoption Meta Analysis - Documents/Meta/AI Adoption/PDFs/S086.pdf,candidate_only_not_analytic_input_until_human_confirmed
ai_trace_auto_value_visible_exact,ai_candidate_only_existing_human_value_under_review,human_confirm_source_table_before_any_use,p1_review_value_not_found_in_any_text,S074,ANX-BI,ANX,BI,0.6,1260.0,latest_human_R1_CORRELATIONS,Table 3,Table 3,AI anxiety;ANX;anxiety;fear,BI;behavioral intention;intention to use,correlation;correlations;fornell;larcker;latent;table,S074,true,S074_source_packet_20260609.txt,true,true,true,S074,ok,true,true,/Users/newhosung/Library/CloudStorage/OneDrive-SharedLibraries-ThePennsylvaniaStateUniversity/AI Adoption Meta Analysis - Documents/Meta/AI Adoption/PDFs/S074.pdf,candidate_only_not_analytic_input_until_human_confirmed
ai_trace_auto_value_visible_exact,ai_candidate_only_existing_human_value_under_review,human_confirm_source_table_before_any_use,p1_review_value_not_found_in_any_text,S074,ANX-EE,ANX,EE,0.18,1260.0,latest_human_R1_CORRELATIONS,Table 3,Table 3,AI anxiety;ANX;anxiety;fear,EE;PEOU;ease of use;easy to use;effort expectancy;perceived ease of use,correlation;correlations;fornell;larcker;latent;table,S074,true,S074_source_packet_20260609.txt,true,true,true,S074,ok,true,true,/Users/newhosung/Library/CloudStorage/OneDrive-SharedLibraries-ThePennsylvaniaStateUniversity/AI Adoption Meta Analysis - Documents/Meta/AI Adoption/PDFs/S074.pdf,candidate_only_not_analytic_input_until_human_confirmed
ai_trace_possible_value_visible_broad_match,ai_candidate_only_existing_human_value_under_review,human_check_broad_numeric_match_for_false_positive,p1_review_value_not_found_in_any_text,S074,ATT-BI,ATT,BI,0.64,1260.0,latest_human_R1_CORRELATIONS,Table 3,Table 3,ATT;attitude;attitude toward;attitudes,BI;behavioral intention;intention to use,correlation;correlations;fornell;larcker;latent;table,S074,true,S074_source_packet_20260609.txt,false,true,true,S074,ok,false,true,/Users/newhosung/Library/CloudStorage/OneDrive-SharedLibraries-ThePennsylvaniaStateUniversity/AI Adoption Meta Analysis - Documents/Meta/AI Adoption/PDFs/S074.pdf,candidate_only_not_analytic_input_until_human_confirmed
ai_trace_auto_value_visible_exact,ai_candidate_only_existing_human_value_under_review,human_confirm_source_table_before_any_use,p1_review_value_not_found_in_any_text,S074,ATT-EE,ATT,EE,0.27,1260.0,latest_human_R1_CORRELATIONS,Table 3,Table 3,ATT;attitude;attitude toward;attitudes,EE;PEOU;ease of use;easy to use;effort expectancy;perceived ease of use,correlation;correlations;fornell;larcker;latent;table,S074,true,S074_source_packet_20260609.txt,false,true,true,S074,ok,true,true,/Users/newhosung/Library/CloudStorage/OneDrive-SharedLibraries-ThePennsylvaniaStateUniversity/AI Adoption Meta Analysis - Documents/Meta/AI Adoption/PDFs/S074.pdf,candidate_only_not_analytic_input_until_human_confirmed
ai_trace_auto_value_visible_exact,ai_candidate_only_existing_human_value_under_review,human_confirm_source_table_before_any_use,p1_review_value_not_found_in_any_text,S074,BI-EE,BI,EE,0.33,1260.0,latest_human_R1_CORRELATIONS,Table 3,Table 3,BI;behavioral intention;intention to use,EE;PEOU;ease of use;easy to use;effort expectancy;perceived ease of use,correlation;correlations;fornell;larcker;latent;table,S074,true,S074_source_packet_20260609.txt,true,true,true,S074,ok,false,true,/Users/newhosung/Library/CloudStorage/OneDrive-SharedLibraries-ThePennsylvaniaStateUniversity/AI Adoption Meta Analysis - Documents/Meta/AI Adoption/PDFs/S074.pdf,candidate_only_not_analytic_input_until_human_confirmed
ai_trace_auto_value_visible_exact,ai_candidate_only_existing_human_value_under_review,human_confirm_source_table_before_any_use,p1_review_value_not_found_in_any_text,S074,BI-PE,BI,PE,0.59,1260.0,latest_human_R1_CORRELATIONS,Table 3,Table 3,BI;behavioral intention;intention to use,PE;PU;perceived usefulness;performance expectancy;usefulness,correlation;correlations;fornell;larcker;latent;table,S074,true,S074_source_packet_20260609.txt,false,true,true,S074,ok,true,true,/Users/newhosung/Library/CloudStorage/OneDrive-SharedLibraries-ThePennsylvaniaStateUniversity/AI Adoption Meta Analysis - Documents/Meta/AI Adoption/PDFs/S074.pdf,candidate_only_not_analytic_input_until_human_confirmed
ai_trace_auto_value_visible_exact,ai_candidate_only_existing_human_value_under_review,human_confirm_source_table_before_any_use,p1_review_value_not_found_in_any_text,S074,EE-PE,EE,PE,0.34,1260.0,latest_human_R1_CORRELATIONS,Table 3,Table 3,EE;PEOU;ease of use;easy to use;effort expectancy;perceived ease of use,PE;PU;perceived usefulness;performance expectancy;usefulness,correlation;correlations;fornell;larcker;latent;table,S074,true,S074_source_packet_20260609.txt,true,true,true,S074,ok,false,true,/Users/newhosung/Library/CloudStorage/OneDrive-SharedLibraries-ThePennsylvaniaStateUniversity/AI Adoption Meta Analysis - Documents/Meta/AI Adoption/PDFs/S074.pdf,candidate_only_not_analytic_input_until_human_confirmed
ai_trace_auto_value_visible_exact,ai_candidate_only_existing_human_value_under_review,human_confirm_source_table_before_any_use,p1_review_value_not_found_in_any_text,S074,EE-SE,EE,SE,0.3,1260.0,latest_human_R1_CORRELATIONS,Table 3,Table 3,EE;PEOU;ease of use;easy to use;effort expectancy;perceived ease of use,SE;computer self-efficacy;efficacy;self efficacy;self-efficacy,correlation;correlations;fornell;larcker;latent;table,S074,true,S074_source_packet_20260609.txt,true,true,true,S074,ok,true,true,/Users/newhosung/Library/CloudStorage/OneDrive-SharedLibraries-ThePennsylvaniaStateUniversity/AI Adoption Meta Analysis - Documents/Meta/AI Adoption/PDFs/S074.pdf,candidate_only_not_analytic_input_until_human_confirmed
ai_trace_possible_value_visible_broad_match,ai_candidate_only_existing_human_value_under_review,human_check_broad_numeric_match_for_false_positive,p1_review_value_not_found_in_any_text,S074,PE-SE,PE,SE,0.64,1260.0,latest_human_R1_CORRELATIONS,Table 3,Table 3,PE;PU;perceived usefulness;performance expectancy;usefulness,SE;computer self-efficacy;efficacy;self efficacy;self-efficacy,correlation;correlations;fornell;larcker;latent;table,S074,true,S074_source_packet_20260609.txt,false,true,true,S074,ok,false,true,/Users/newhosung/Library/CloudStorage/OneDrive-SharedLibraries-ThePennsylvaniaStateUniversity/AI Adoption Meta Analysis - Documents/Meta/AI Adoption/PDFs/S074.pdf,candidate_only_not_analytic_input_until_human_confirmed
ai_trace_auto_value_visible_exact,ai_candidate_only_existing_human_value_under_review,human_confirm_source_table_before_any_use,p1_review_value_not_found_in_any_text,S189,ATT-BI,ATT,BI,0.4,236.0,latest_human_R1_CORRELATIONS,Table 7,Table 7,ATT;attitude;attitude toward;attitudes,BI;behavioral intention;intention to use,correlation;latent;matrix;pearson;table,S189,true,S189_source_packet_20260609.txt,true,true,true,S189,ok,true,true,/Users/newhosung/Library/CloudStorage/OneDrive-SharedLibraries-ThePennsylvaniaStateUniversity/AI Adoption Meta Analysis - Documents/Meta/AI Adoption/PDFs/S189.pdf,candidate_only_not_analytic_input_until_human_confirmed
ai_trace_auto_value_visible_exact,ai_candidate_only_existing_human_value_under_review,human_confirm_source_table_before_any_use,p1_review_value_not_found_in_any_text,S189,ATT-EE,ATT,EE,0.36,236.0,latest_human_R1_CORRELATIONS,Table 7,Table 7,ATT;attitude;attitude toward;attitudes,EE;PEOU;ease of use;easy to use;perceived ease of use,correlation;latent;matrix;pearson;table,S189,true,S189_source_packet_20260609.txt,true,true,true,S189,ok,true,true,/Users/newhosung/Library/CloudStorage/OneDrive-SharedLibraries-ThePennsylvaniaStateUniversity/AI Adoption Meta Analysis - Documents/Meta/AI Adoption/PDFs/S189.pdf,candidate_only_not_analytic_input_until_human_confirmed
ai_trace_auto_value_visible_exact,ai_candidate_only_existing_human_value_under_review,human_confirm_source_table_before_any_use,p1_review_value_not_found_in_any_text,S189,ATT-PE,ATT,PE,0.39,236.0,latest_human_R1_CORRELATIONS,Table 7,Table 7,ATT;attitude;attitude toward;attitudes,PE;PU;perceived usefulness;useful;usefulness,correlation;latent;matrix;pearson;table,S189,true,S189_source_packet_20260609.txt,true,true,true,S189,ok,true,true,/Users/newhosung/Library/CloudStorage/OneDrive-SharedLibraries-ThePennsylvaniaStateUniversity/AI Adoption Meta Analysis - Documents/Meta/AI Adoption/PDFs/S189.pdf,candidate_only_not_analytic_input_until_human_confirmed
ai_trace_auto_value_visible_exact,ai_candidate_only_existing_human_value_under_review,human_confirm_source_table_before_any_use,p1_review_value_not_found_in_any_text,S120,BI-PE,BI,PE,0.32,351.0,latest_human_R1_CORRELATIONS,Table 10,Table 10,BI;behavioral intention;intention to use,PE;perceived usefulness;performance expectancy;useful;usefulness,correlations;fornell;larcker;latent;table,S120,true,S120_source_packet_20260609.txt,true,true,true,S120,ok,true,true,/Users/newhosung/Library/CloudStorage/OneDrive-SharedLibraries-ThePennsylvaniaStateUniversity/AI Adoption Meta Analysis - Documents/Meta/AI Adoption/PDFs/S120.pdf,candidate_only_not_analytic_input_until_human_confirmed
ai_trace_auto_value_visible_exact,ai_candidate_only_existing_human_value_under_review,human_confirm_source_table_before_any_use,p1_review_value_not_found_in_any_text,S081,BI-FC,BI,FC,0.43,305.0,latest_human_R1_CORRELATIONS,Table 4,Table 4,BI;behavioral intention;behavioural intention;intention to use,FC;facilitating;facilitating conditions;resources;support,correlation;correlations;fornell;larcker;latent;pearson;table,S081,true,S081_source_packet_20260609.txt,true,true,true,S081,ok,true,true,/Users/newhosung/Library/CloudStorage/OneDrive-SharedLibraries-ThePennsylvaniaStateUniversity/AI Adoption Meta Analysis - Documents/Meta/AI Adoption/PDFs/S081.pdf,candidate_only_not_analytic_input_until_human_confirmed
ai_trace_auto_value_visible_exact,ai_candidate_only_existing_human_value_under_review,human_confirm_source_table_before_any_use,p1_review_value_not_found_in_any_text,S081,BI-PE,BI,PE,0.41,305.0,latest_human_R1_CORRELATIONS,Table 4,Table 4,BI;behavioral intention;behavioural intention;intention to use,PE;performance expectancy;useful;usefulness,correlation;correlations;fornell;larcker;latent;pearson;table,S081,true,S081_source_packet_20260609.txt,false,true,true,S081,ok,true,true,/Users/newhosung/Library/CloudStorage/OneDrive-SharedLibraries-ThePennsylvaniaStateUniversity/AI Adoption Meta Analysis - Documents/Meta/AI Adoption/PDFs/S081.pdf,candidate_only_not_analytic_input_until_human_confirmed
ai_trace_auto_value_visible_exact,ai_candidate_only_existing_human_value_under_review,human_confirm_source_table_before_any_use,p1_review_value_not_found_in_any_text,S081,EE-PE,EE,PE,0.4,305.0,latest_human_R1_CORRELATIONS,Table 4,Table 4,EE;ease of use;easy to use;effort expectancy;perceived ease of use,PE;performance expectancy;useful;usefulness,correlation;correlations;fornell;larcker;latent;pearson;table,S081,true,S081_source_packet_20260609.txt,true,true,true,S081,ok,true,true,/Users/newhosung/Library/CloudStorage/OneDrive-SharedLibraries-ThePennsylvaniaStateUniversity/AI Adoption Meta Analysis - Documents/Meta/AI Adoption/PDFs/S081.pdf,candidate_only_not_analytic_input_until_human_confirmed
ai_trace_auto_value_visible_exact,ai_candidate_only_existing_human_value_under_review,human_confirm_source_table_before_any_use,p1_review_value_not_found_in_any_text,S081,EE-SI,EE,SI,0.43,305.0,latest_human_R1_CORRELATIONS,Table 4,Table 4,EE;ease of use;easy to use;effort expectancy;perceived ease of use,SI;social influence,correlation;correlations;fornell;larcker;latent;pearson;table,S081,true,S081_source_packet_20260609.txt,true,true,true,S081,ok,true,true,/Users/newhosung/Library/CloudStorage/OneDrive-SharedLibraries-ThePennsylvaniaStateUniversity/AI Adoption Meta Analysis - Documents/Meta/AI Adoption/PDFs/S081.pdf,candidate_only_not_analytic_input_until_human_confirmed
ai_trace_possible_value_visible_broad_match,ai_candidate_only_existing_human_value_under_review,human_check_broad_numeric_match_for_false_positive,p1_review_value_not_found_in_any_text,S035,BI-EE,BI,EE,0.74,622.0,latest_human_R1_CORRELATIONS,Table 4,Table 4,BI;behavioral intention;behavioural intention;intention to use;usage intention,EE;easy to use;effort expectancy,correlation;correlations;fornell;larcker;latent;matrix;table,S035,true,S035_source_packet_20260609.txt,false,true,true,S035,ok,false,true,/Users/newhosung/Library/CloudStorage/OneDrive-SharedLibraries-ThePennsylvaniaStateUniversity/AI Adoption Meta Analysis - Documents/Meta/AI Adoption/R1/PDFs/S035.pdf,candidate_only_not_analytic_input_until_human_confirmed
ai_trace_possible_value_visible_broad_match,ai_candidate_only_existing_human_value_under_review,human_check_broad_numeric_match_for_false_positive,p1_review_value_not_found_in_any_text,S035,BI-PE,BI,PE,0.68,622.0,latest_human_R1_CORRELATIONS,Table 4,Table 4,BI;behavioral intention;behavioural intention;intention to use;usage intention,PE;performance expectancy;useful;usefulness,correlation;correlations;fornell;larcker;latent;matrix;table,S035,true,S035_source_packet_20260609.txt,false,true,true,S035,ok,false,true,/Users/newhosung/Library/CloudStorage/OneDrive-SharedLibraries-ThePennsylvaniaStateUniversity/AI Adoption Meta Analysis - Documents/Meta/AI Adoption/R1/PDFs/S035.pdf,candidate_only_not_analytic_input_until_human_confirmed
ai_trace_possible_value_visible_broad_match,ai_candidate_only_existing_human_value_under_review,human_check_broad_numeric_match_for_false_positive,p1_review_value_not_found_in_any_text,S035,BI-SI,BI,SI,0.74,622.0,latest_human_R1_CORRELATIONS,Table 4,Table 4,BI;behavioral intention;behavioural intention;intention to use;usage intention,SI;social influence,correlation;correlations;fornell;larcker;latent;matrix;table,S035,true,S035_source_packet_20260609.txt,false,true,true,S035,ok,false,true,/Users/newhosung/Library/CloudStorage/OneDrive-SharedLibraries-ThePennsylvaniaStateUniversity/AI Adoption Meta Analysis - Documents/Meta/AI Adoption/R1/PDFs/S035.pdf,candidate_only_not_analytic_input_until_human_confirmed
ai_trace_possible_value_visible_broad_match,ai_candidate_only_existing_human_value_under_review,human_check_broad_numeric_match_for_false_positive,p1_review_value_not_found_in_any_text,S035,BI-TRU,BI,TRU,0.75,622.0,latest_human_R1_CORRELATIONS,Table 4,Table 4,BI;behavioral intention;behavioural intention;intention to use;usage intention,TRU;trust,correlation;correlations;fornell;larcker;latent;matrix;table,S035,true,S035_source_packet_20260609.txt,false,true,true,S035,ok,false,true,/Users/newhosung/Library/CloudStorage/OneDrive-SharedLibraries-ThePennsylvaniaStateUniversity/AI Adoption Meta Analysis - Documents/Meta/AI Adoption/R1/PDFs/S035.pdf,candidate_only_not_analytic_input_until_human_confirmed
ai_trace_possible_value_visible_broad_match,ai_candidate_only_existing_human_value_under_review,human_check_broad_numeric_match_for_false_positive,p1_review_value_not_found_in_any_text,S035,EE-SI,EE,SI,0.72,622.0,latest_human_R1_CORRELATIONS,Table 4,Table 4,EE;easy to use;effort expectancy,SI;social influence,correlation;correlations;fornell;larcker;latent;matrix;table,S035,true,S035_source_packet_20260609.txt,false,true,true,S035,ok,false,true,/Users/newhosung/Library/CloudStorage/OneDrive-SharedLibraries-ThePennsylvaniaStateUniversity/AI Adoption Meta Analysis - Documents/Meta/AI Adoption/R1/PDFs/S035.pdf,candidate_only_not_analytic_input_until_human_confirmed
ai_trace_possible_value_visible_broad_match,ai_candidate_only_existing_human_value_under_review,human_check_broad_numeric_match_for_false_positive,p1_review_value_not_found_in_any_text,S035,EE-TRU,EE,TRU,0.63,622.0,latest_human_R1_CORRELATIONS,Table 4,Table 4,EE;easy to use;effort expectancy,TRU;trust,correlation;correlations;fornell;larcker;latent;matrix;table,S035,true,S035_source_packet_20260609.txt,false,true,true,S035,ok,false,true,/Users/newhosung/Library/CloudStorage/OneDrive-SharedLibraries-ThePennsylvaniaStateUniversity/AI Adoption Meta Analysis - Documents/Meta/AI Adoption/R1/PDFs/S035.pdf,candidate_only_not_analytic_input_until_human_confirmed
ai_trace_possible_value_visible_broad_match,ai_candidate_only_existing_human_value_under_review,human_check_broad_numeric_match_for_false_positive,p1_review_value_not_found_in_any_text,S035,EE-UB,EE,UB,0.64,622.0,latest_human_R1_CORRELATIONS,Table 4,Table 4,EE;easy to use;effort expectancy,UB;usage behavior;use;use behavior,correlation;correlations;fornell;larcker;latent;matrix;table,S035,true,S035_source_packet_20260609.txt,false,true,true,S035,ok,false,true,/Users/newhosung/Library/CloudStorage/OneDrive-SharedLibraries-ThePennsylvaniaStateUniversity/AI Adoption Meta Analysis - Documents/Meta/AI Adoption/R1/PDFs/S035.pdf,candidate_only_not_analytic_input_until_human_confirmed
ai_trace_auto_value_visible_exact,ai_candidate_only_existing_human_value_under_review,human_confirm_source_table_before_any_use,p1_review_value_not_found_in_any_text,S035,FC-PE,FC,PE,0.57,622.0,latest_human_R1_CORRELATIONS,Table 4,Table 4,FC;facilitating;facilitating condition;facilitating conditions;resources;support,PE;performance expectancy;useful;usefulness,correlation;correlations;fornell;larcker;latent;matrix;table,S035,true,S035_source_packet_20260609.txt,true,true,true,S035,ok,true,true,/Users/newhosung/Library/CloudStorage/OneDrive-SharedLibraries-ThePennsylvaniaStateUniversity/AI Adoption Meta Analysis - Documents/Meta/AI Adoption/R1/PDFs/S035.pdf,candidate_only_not_analytic_input_until_human_confirmed
ai_trace_auto_value_visible_exact,ai_candidate_only_existing_human_value_under_review,human_confirm_source_table_before_any_use,p1_review_value_not_found_in_any_text,S035,FC-SI,FC,SI,0.66,622.0,latest_human_R1_CORRELATIONS,Table 4,Table 4,FC;facilitating;facilitating condition;facilitating conditions;resources;support,SI;social influence,correlation;correlations;fornell;larcker;latent;matrix;table,S035,true,S035_source_packet_20260609.txt,false,true,true,S035,ok,true,true,/Users/newhosung/Library/CloudStorage/OneDrive-SharedLibraries-ThePennsylvaniaStateUniversity/AI Adoption Meta Analysis - Documents/Meta/AI Adoption/R1/PDFs/S035.pdf,candidate_only_not_analytic_input_until_human_confirmed
ai_trace_possible_value_visible_broad_match,ai_candidate_only_existing_human_value_under_review,human_check_broad_numeric_match_for_false_positive,p1_review_value_not_found_in_any_text,S035,FC-TRU,FC,TRU,0.73,622.0,latest_human_R1_CORRELATIONS,Table 4,Table 4,FC;facilitating;facilitating condition;facilitating conditions;resources;support,TRU;trust,correlation;correlations;fornell;larcker;latent;matrix;table,S035,true,S035_source_packet_20260609.txt,false,true,true,S035,ok,false,true,/Users/newhosung/Library/CloudStorage/OneDrive-SharedLibraries-ThePennsylvaniaStateUniversity/AI Adoption Meta Analysis - Documents/Meta/AI Adoption/R1/PDFs/S035.pdf,candidate_only_not_analytic_input_until_human_confirmed
ai_trace_auto_value_visible_exact,ai_candidate_only_existing_human_value_under_review,human_confirm_source_table_before_any_use,p1_review_value_not_found_in_any_text,S035,PE-TRU,PE,TRU,0.56,622.0,latest_human_R1_CORRELATIONS,Table 4,Table 4,PE;performance expectancy;useful;usefulness,TRU;trust,correlation;correlations;fornell;larcker;latent;matrix;table,S035,true,S035_source_packet_20260609.txt,true,true,true,S035,ok,false,true,/Users/newhosung/Library/CloudStorage/OneDrive-SharedLibraries-ThePennsylvaniaStateUniversity/AI Adoption Meta Analysis - Documents/Meta/AI Adoption/R1/PDFs/S035.pdf,candidate_only_not_analytic_input_until_human_confirmed
ai_trace_auto_value_visible_exact,ai_candidate_only_existing_human_value_under_review,human_confirm_source_table_before_any_use,p1_review_value_not_found_in_any_text,S035,PE-UB,PE,UB,0.67,622.0,latest_human_R1_CORRELATIONS,Table 4,Table 4,PE;performance expectancy;useful;usefulness,UB;usage behavior;use;use behavior,correlation;correlations;fornell;larcker;latent;matrix;table,S035,true,S035_source_packet_20260609.txt,false,true,true,S035,ok,true,true,/Users/newhosung/Library/CloudStorage/OneDrive-SharedLibraries-ThePennsylvaniaStateUniversity/AI Adoption Meta Analysis - Documents/Meta/AI Adoption/R1/PDFs/S035.pdf,candidate_only_not_analytic_input_until_human_confirmed
ai_trace_possible_value_visible_broad_match,ai_candidate_only_existing_human_value_under_review,human_check_broad_numeric_match_for_false_positive,p1_review_value_not_found_in_any_text,S035,SI-TRU,SI,TRU,0.68,622.0,latest_human_R1_CORRELATIONS,Table 4,Table 4,SI;social influence,TRU;trust,correlation;correlations;fornell;larcker;latent;matrix;table,S035,true,S035_source_packet_20260609.txt,false,true,true,S035,ok,false,true,/Users/newhosung/Library/CloudStorage/OneDrive-SharedLibraries-ThePennsylvaniaStateUniversity/AI Adoption Meta Analysis - Documents/Meta/AI Adoption/R1/PDFs/S035.pdf,candidate_only_not_analytic_input_until_human_confirmed
ai_trace_possible_value_visible_broad_match,ai_candidate_only_existing_human_value_under_review,human_check_broad_numeric_match_for_false_positive,p1_review_value_not_found_in_any_text,S035,SI-UB,SI,UB,0.68,622.0,latest_human_R1_CORRELATIONS,Table 4,Table 4,SI;social influence,UB;usage behavior;use;use behavior,correlation;correlations;fornell;larcker;latent;matrix;table,S035,true,S035_source_packet_20260609.txt,false,true,true,S035,ok,false,true,/Users/newhosung/Library/CloudStorage/OneDrive-SharedLibraries-ThePennsylvaniaStateUniversity/AI Adoption Meta Analysis - Documents/Meta/AI Adoption/R1/PDFs/S035.pdf,candidate_only_not_analytic_input_until_human_confirmed
ai_trace_possible_value_visible_broad_match,ai_candidate_only_existing_human_value_under_review,human_check_broad_numeric_match_for_false_positive,p1_review_value_not_found_in_any_text,S035,TRU-UB,TRU,UB,0.76,622.0,latest_human_R1_CORRELATIONS,Table 4,Table 4,TRU;trust,UB;usage behavior;use;use behavior,correlation;correlations;fornell;larcker;latent;matrix;table,S035,true,S035_source_packet_20260609.txt,false,true,true,S035,ok,false,true,/Users/newhosung/Library/CloudStorage/OneDrive-SharedLibraries-ThePennsylvaniaStateUniversity/AI Adoption Meta Analysis - Documents/Meta/AI Adoption/R1/PDFs/S035.pdf,candidate_only_not_analytic_input_until_human_confirmed
ai_trace_auto_value_visible_exact,ai_candidate_only_existing_human_value_under_review,human_confirm_source_table_before_any_use,p1_review_value_not_found_in_any_text,S191,BI-PE,BI,PE,0.76,331.0,latest_human_R1_CORRELATIONS,Table 2,Table 2,BI;behavioral intention;behavioural intention;intention to use,PE;performance expectancy;useful,correlation;correlations;fornell;inter-construct;larcker;latent;table,S191,true,S191_source_packet_20260609.txt,true,true,true,S191,ok,true,true,/Users/newhosung/Library/CloudStorage/OneDrive-SharedLibraries-ThePennsylvaniaStateUniversity/AI Adoption Meta Analysis - Documents/Meta/AI Adoption/PDFs/S191.pdf,candidate_only_not_analytic_input_until_human_confirmed
ai_trace_auto_value_visible_exact,ai_candidate_only_existing_human_value_under_review,human_confirm_source_table_before_any_use,p1_review_value_not_found_in_any_text,S191,BI-SE,BI,SE,0.58,331.0,latest_human_R1_CORRELATIONS,Table 2,Table 2,BI;behavioral intention;behavioural intention;intention to use,SE;computer self-efficacy;efficacy;self efficacy;self-efficacy,correlation;correlations;fornell;inter-construct;larcker;latent;table,S191,true,S191_source_packet_20260609.txt,true,true,true,S191,ok,true,true,/Users/newhosung/Library/CloudStorage/OneDrive-SharedLibraries-ThePennsylvaniaStateUniversity/AI Adoption Meta Analysis - Documents/Meta/AI Adoption/PDFs/S191.pdf,candidate_only_not_analytic_input_until_human_confirmed
ai_trace_possible_value_visible_broad_match,ai_candidate_only_existing_human_value_under_review,human_check_broad_numeric_match_for_false_positive,p1_review_value_not_found_in_any_text,S191,BI-UB,BI,UB,0.72,331.0,latest_human_R1_CORRELATIONS,Table 2,Table 2,BI;behavioral intention;behavioural intention;intention to use,UB;actual use;usage behavior;use;use behaviour,correlation;correlations;fornell;inter-construct;larcker;latent;table,S191,true,S191_source_packet_20260609.txt,false,true,true,S191,ok,false,true,/Users/newhosung/Library/CloudStorage/OneDrive-SharedLibraries-ThePennsylvaniaStateUniversity/AI Adoption Meta Analysis - Documents/Meta/AI Adoption/PDFs/S191.pdf,candidate_only_not_analytic_input_until_human_confirmed
ai_trace_possible_value_visible_broad_match,ai_candidate_only_existing_human_value_under_review,human_check_broad_numeric_match_for_false_positive,p1_review_value_not_found_in_any_text,S191,EE-FC,EE,FC,0.62,331.0,latest_human_R1_CORRELATIONS,Table 2,Table 2,EE;ease of use;easy to use;effort expectancy,FC;facilitating;facilitating conditions;resources;support,correlation;correlations;fornell;inter-construct;larcker;latent;table,S191,true,S191_source_packet_20260609.txt,false,true,true,S191,ok,false,true,/Users/newhosung/Library/CloudStorage/OneDrive-SharedLibraries-ThePennsylvaniaStateUniversity/AI Adoption Meta Analysis - Documents/Meta/AI Adoption/PDFs/S191.pdf,candidate_only_not_analytic_input_until_human_confirmed
ai_trace_possible_value_visible_broad_match,ai_candidate_only_existing_human_value_under_review,human_check_broad_numeric_match_for_false_positive,p1_review_value_not_found_in_any_text,S191,EE-PE,EE,PE,0.71,331.0,latest_human_R1_CORRELATIONS,Table 2,Table 2,EE;ease of use;easy to use;effort expectancy,PE;performance expectancy;useful,correlation;correlations;fornell;inter-construct;larcker;latent;table,S191,true,S191_source_packet_20260609.txt,false,true,true,S191,ok,false,true,/Users/newhosung/Library/CloudStorage/OneDrive-SharedLibraries-ThePennsylvaniaStateUniversity/AI Adoption Meta Analysis - Documents/Meta/AI Adoption/PDFs/S191.pdf,candidate_only_not_analytic_input_until_human_confirmed
ai_trace_auto_value_visible_exact,ai_candidate_only_existing_human_value_under_review,human_confirm_source_table_before_any_use,p1_review_value_not_found_in_any_text,S191,EE-SI,EE,SI,0.59,331.0,latest_human_R1_CORRELATIONS,Table 2,Table 2,EE;ease of use;easy to use;effort expectancy,SI;social influence,correlation;correlations;fornell;inter-construct;larcker;latent;table,S191,true,S191_source_packet_20260609.txt,true,true,true,S191,ok,true,true,/Users/newhosung/Library/CloudStorage/OneDrive-SharedLibraries-ThePennsylvaniaStateUniversity/AI Adoption Meta Analysis - Documents/Meta/AI Adoption/PDFs/S191.pdf,candidate_only_not_analytic_input_until_human_confirmed
ai_trace_possible_value_visible_broad_match,ai_candidate_only_existing_human_value_under_review,human_check_broad_numeric_match_for_false_positive,p1_review_value_not_found_in_any_text,S191,FC-PE,FC,PE,0.56,331.0,latest_human_R1_CORRELATIONS,Table 2,Table 2,FC;facilitating;facilitating conditions;resources;support,PE;performance expectancy;useful,correlation;correlations;fornell;inter-construct;larcker;latent;table,S191,true,S191_source_packet_20260609.txt,false,true,true,S191,ok,false,true,/Users/newhosung/Library/CloudStorage/OneDrive-SharedLibraries-ThePennsylvaniaStateUniversity/AI Adoption Meta Analysis - Documents/Meta/AI Adoption/PDFs/S191.pdf,candidate_only_not_analytic_input_until_human_confirmed
ai_trace_possible_value_visible_broad_match,ai_candidate_only_existing_human_value_under_review,human_check_broad_numeric_match_for_false_positive,p1_review_value_not_found_in_any_text,S191,FC-UB,FC,UB,0.67,331.0,latest_human_R1_CORRELATIONS,Table 2,Table 2,FC;facilitating;facilitating conditions;resources;support,UB;actual use;usage behavior;use;use behaviour,correlation;correlations;fornell;inter-construct;larcker;latent;table,S191,true,S191_source_packet_20260609.txt,false,true,true,S191,ok,false,true,/Users/newhosung/Library/CloudStorage/OneDrive-SharedLibraries-ThePennsylvaniaStateUniversity/AI Adoption Meta Analysis - Documents/Meta/AI Adoption/PDFs/S191.pdf,candidate_only_not_analytic_input_until_human_confirmed
ai_trace_auto_value_visible_exact,ai_candidate_only_existing_human_value_under_review,human_confirm_source_table_before_any_use,p1_review_value_not_found_in_any_text,S191,PE-SE,PE,SE,0.26,331.0,latest_human_R1_CORRELATIONS,Table 2,Table 2,PE;performance expectancy;useful,SE;computer self-efficacy;efficacy;self efficacy;self-efficacy,correlation;correlations;fornell;inter-construct;larcker;latent;table,S191,true,S191_source_packet_20260609.txt,false,true,true,S191,ok,true,true,/Users/newhosung/Library/CloudStorage/OneDrive-SharedLibraries-ThePennsylvaniaStateUniversity/AI Adoption Meta Analysis - Documents/Meta/AI Adoption/PDFs/S191.pdf,candidate_only_not_analytic_input_until_human_confirmed
ai_trace_auto_value_visible_exact,ai_candidate_only_existing_human_value_under_review,human_confirm_source_table_before_any_use,p1_review_value_not_found_in_any_text,S191,SE-UB,SE,UB,0.58,331.0,latest_human_R1_CORRELATIONS,Table 2,Table 2,SE;computer self-efficacy;efficacy;self efficacy;self-efficacy,UB;actual use;usage behavior;use;use behaviour,correlation;correlations;fornell;inter-construct;larcker;latent;table,S191,true,S191_source_packet_20260609.txt,true,true,true,S191,ok,true,true,/Users/newhosung/Library/CloudStorage/OneDrive-SharedLibraries-ThePennsylvaniaStateUniversity/AI Adoption Meta Analysis - Documents/Meta/AI Adoption/PDFs/S191.pdf,candidate_only_not_analytic_input_until_human_confirmed
ai_trace_possible_value_visible_broad_match,ai_candidate_only_existing_human_value_under_review,human_check_broad_numeric_match_for_false_positive,p1_review_value_not_found_in_any_text,S217,ATT-TRU,ATT,TRU,0.73,344.0,latest_human_R1_CORRELATIONS,Table 4,Table 4,ATT;attitude;attitude toward;attitudes,TRU;trust;trustworthiness,correlations;fornell;larcker;latent;pearson;table,S217,true,S217_source_packet_20260609.txt,false,true,true,S217,ok,false,true,/Users/newhosung/Library/CloudStorage/OneDrive-SharedLibraries-ThePennsylvaniaStateUniversity/AI Adoption Meta Analysis - Documents/Meta/AI Adoption/PDFs/S217.pdf,candidate_only_not_analytic_input_until_human_confirmed
ai_trace_auto_value_visible_exact,ai_candidate_only_existing_human_value_under_review,human_confirm_source_table_before_any_use,p1_review_value_not_found_in_any_text,S217,BI-PE,BI,PE,0.75,344.0,latest_human_R1_CORRELATIONS,Table 4,Table 4,BI;behavioural intention;continuance intention;intention to use,PE;PU;perceived usefulness;useful;usefulness,correlations;fornell;larcker;latent;pearson;table,S217,true,S217_source_packet_20260609.txt,false,true,true,S217,ok,true,true,/Users/newhosung/Library/CloudStorage/OneDrive-SharedLibraries-ThePennsylvaniaStateUniversity/AI Adoption Meta Analysis - Documents/Meta/AI Adoption/PDFs/S217.pdf,candidate_only_not_analytic_input_until_human_confirmed
ai_trace_possible_value_visible_broad_match,ai_candidate_only_existing_human_value_under_review,human_check_broad_numeric_match_for_false_positive,p1_review_value_not_found_in_any_text,S217,BI-TRU,BI,TRU,0.78,344.0,latest_human_R1_CORRELATIONS,Table 4,Table 4,BI;behavioural intention;continuance intention;intention to use,TRU;trust;trustworthiness,correlations;fornell;larcker;latent;pearson;table,S217,true,S217_source_packet_20260609.txt,false,true,true,S217,ok,false,true,/Users/newhosung/Library/CloudStorage/OneDrive-SharedLibraries-ThePennsylvaniaStateUniversity/AI Adoption Meta Analysis - Documents/Meta/AI Adoption/PDFs/S217.pdf,candidate_only_not_analytic_input_until_human_confirmed
ai_trace_possible_value_visible_broad_match,ai_candidate_only_existing_human_value_under_review,human_check_broad_numeric_match_for_false_positive,p1_review_value_not_found_in_any_text,S217,EE-TRU,EE,TRU,0.8,344.0,latest_human_R1_CORRELATIONS,Table 4,Table 4,EE;ease of use;easy to use;perceived ease of use,TRU;trust;trustworthiness,correlations;fornell;larcker;latent;pearson;table,S217,true,S217_source_packet_20260609.txt,false,true,true,S217,ok,false,true,/Users/newhosung/Library/CloudStorage/OneDrive-SharedLibraries-ThePennsylvaniaStateUniversity/AI Adoption Meta Analysis - Documents/Meta/AI Adoption/PDFs/S217.pdf,candidate_only_not_analytic_input_until_human_confirmed
ai_trace_auto_value_visible_exact,ai_candidate_only_existing_human_value_under_review,human_confirm_source_table_before_any_use,p1_review_value_not_found_in_any_text,S166,BI-EE,BI,EE,-0.15,104.0,latest_human_R1_CORRELATIONS,Table 4,Table 4,BI;behavioral intention;intention to use,EE;ease of use;effort expectancy;perceived ease of use,correlation;correlations;latent;table,S166,true,S166_source_packet_20260609.txt,true,true,true,S166,ok,true,true,/Users/newhosung/Library/CloudStorage/OneDrive-SharedLibraries-ThePennsylvaniaStateUniversity/AI Adoption Meta Analysis - Documents/Meta/AI Adoption/PDFs/S166.pdf,candidate_only_not_analytic_input_until_human_confirmed
ai_trace_auto_value_visible_exact,ai_candidate_only_existing_human_value_under_review,human_confirm_source_table_before_any_use,p1_review_value_not_found_in_any_text,S166,FC-UB,FC,UB,-0.14,104.0,latest_human_R1_CORRELATIONS,Table 4,Table 4,FC;facilitating;facilitating conditions;resources;support,UB;use;use behavior,correlation;correlations;latent;table,S166,true,S166_source_packet_20260609.txt,true,true,true,S166,ok,true,true,/Users/newhosung/Library/CloudStorage/OneDrive-SharedLibraries-ThePennsylvaniaStateUniversity/AI Adoption Meta Analysis - Documents/Meta/AI Adoption/PDFs/S166.pdf,candidate_only_not_analytic_input_until_human_confirmed
ai_trace_auto_value_visible_exact,ai_candidate_only_existing_human_value_under_review,human_confirm_source_table_before_any_use,p1_review_value_not_found_in_any_text,S033,ATT-PE,ATT,PE,0.84,437.0,latest_human_R1_CORRELATIONS,Table 5,Table 5,ATT;attitude;attitude toward;attitudes,PE;PU;perceived usefulness;usefulness,correlation;latent;table,S033,true,S033_source_packet_20260609.txt,false,true,true,S033,ok,true,true,/Users/newhosung/Library/CloudStorage/OneDrive-SharedLibraries-ThePennsylvaniaStateUniversity/AI Adoption Meta Analysis - Documents/Meta/AI Adoption/PDFs/S033.pdf,candidate_only_not_analytic_input_until_human_confirmed
ai_trace_possible_value_visible_broad_match,ai_candidate_only_existing_human_value_under_review,human_check_broad_numeric_match_for_false_positive,p1_review_value_not_found_in_any_text,S089,BI-PE,BI,PE,0.36,322.0,latest_human_R1_CORRELATIONS,Table 8,Table 8,BI;behavioral intention;behavioural intention;intention to use;usage intention,PE;PU;perceived usefulness;usefulness,correlation;correlations;fornell;larcker;latent;pearson;table,S089,true,S089_source_packet_20260609.txt,false,true,true,S089,ok,false,true,/Users/newhosung/Library/CloudStorage/OneDrive-SharedLibraries-ThePennsylvaniaStateUniversity/AI Adoption Meta Analysis - Documents/Meta/AI Adoption/PDFs/S089.pdf,candidate_only_not_analytic_input_until_human_confirmed
ai_trace_auto_value_visible_exact,ai_candidate_only_existing_human_value_under_review,human_confirm_source_table_before_any_use,p1_review_value_not_found_in_any_text,S058,ATT-EE,ATT,EE,0.42,541.0,latest_human_R1_CORRELATIONS,Table 4,Table 4,ATT;attitude;attitude toward;attitudes,EE;ease of use;perceived ease of use,correlation;latent;pearson;table,S058,true,S058_source_packet_20260609.txt,true,true,true,S058,ok,false,true,/Users/newhosung/Library/CloudStorage/OneDrive-SharedLibraries-ThePennsylvaniaStateUniversity/AI Adoption Meta Analysis - Documents/Meta/AI Adoption/PDFs/S058.pdf,candidate_only_not_analytic_input_until_human_confirmed
ai_trace_auto_value_visible_exact,ai_candidate_only_existing_human_value_under_review,human_confirm_source_table_before_any_use,p1_review_value_not_found_in_any_text,S058,ATT-PE,ATT,PE,0.53,541.0,latest_human_R1_CORRELATIONS,Table 4,Table 4,ATT;attitude;attitude toward;attitudes,PE;PU;perceived usefulness;useful;usefulness,correlation;latent;pearson;table,S058,true,S058_source_packet_20260609.txt,false,true,true,S058,ok,true,true,/Users/newhosung/Library/CloudStorage/OneDrive-SharedLibraries-ThePennsylvaniaStateUniversity/AI Adoption Meta Analysis - Documents/Meta/AI Adoption/PDFs/S058.pdf,candidate_only_not_analytic_input_until_human_confirmed
ai_trace_possible_value_visible_broad_match,ai_candidate_only_existing_human_value_under_review,human_check_broad_numeric_match_for_false_positive,p1_review_value_not_found_in_any_text,S093,ATT-BI,ATT,BI,0.89,127.0,latest_human_R1_CORRELATIONS,Table 3,Table 3,ATT;attitude;attitudes,BI;behavioral intention,latent;table,S093,true,S093_source_packet_20260609.txt,false,true,true,S093,ok,false,true,/Users/newhosung/Library/CloudStorage/OneDrive-SharedLibraries-ThePennsylvaniaStateUniversity/AI Adoption Meta Analysis - Documents/Meta/AI Adoption/PDFs/S093.pdf,candidate_only_not_analytic_input_until_human_confirmed
ai_trace_auto_value_visible_exact,ai_candidate_only_existing_human_value_under_review,human_confirm_source_table_before_any_use,p1_review_value_not_found_in_any_text,S093,ATT-EE,ATT,EE,0.48,127.0,latest_human_R1_CORRELATIONS,Table 3,Table 3,ATT;attitude;attitudes,EE;ease of use;easy to use;effort expectancy,latent;table,S093,true,S093_source_packet_20260609.txt,false,true,true,S093,ok,true,true,/Users/newhosung/Library/CloudStorage/OneDrive-SharedLibraries-ThePennsylvaniaStateUniversity/AI Adoption Meta Analysis - Documents/Meta/AI Adoption/PDFs/S093.pdf,candidate_only_not_analytic_input_until_human_confirmed
ai_trace_auto_value_visible_exact,ai_candidate_only_existing_human_value_under_review,human_confirm_source_table_before_any_use,p1_review_value_not_found_in_any_text,S093,ATT-PE,ATT,PE,0.39,127.0,latest_human_R1_CORRELATIONS,Table 3,Table 3,ATT;attitude;attitudes,PE;performance expectancy;useful;usefulness,latent;table,S093,true,S093_source_packet_20260609.txt,true,true,true,S093,ok,true,true,/Users/newhosung/Library/CloudStorage/OneDrive-SharedLibraries-ThePennsylvaniaStateUniversity/AI Adoption Meta Analysis - Documents/Meta/AI Adoption/PDFs/S093.pdf,candidate_only_not_analytic_input_until_human_confirmed
ai_trace_possible_value_visible_broad_match,ai_candidate_only_existing_human_value_under_review,human_check_broad_numeric_match_for_false_positive,p1_review_value_not_found_in_any_text,S093,BI-FC,BI,FC,-0.08,127.0,latest_human_R1_CORRELATIONS,Table 3,Table 3,BI;behavioral intention,FC;facilitating;facilitating condition;facilitating conditions;resources;support,latent;table,S093,true,S093_source_packet_20260609.txt,false,true,true,S093,ok,false,true,/Users/newhosung/Library/CloudStorage/OneDrive-SharedLibraries-ThePennsylvaniaStateUniversity/AI Adoption Meta Analysis - Documents/Meta/AI Adoption/PDFs/S093.pdf,candidate_only_not_analytic_input_until_human_confirmed
ai_trace_possible_value_visible_broad_match,ai_candidate_only_existing_human_value_under_review,human_check_broad_numeric_match_for_false_positive,p1_review_value_not_found_in_any_text,S093,BI-UB,BI,UB,0.62,127.0,latest_human_R1_CORRELATIONS,Table 3,Table 3,BI;behavioral intention,UB;actual use;use,latent;table,S093,true,S093_source_packet_20260609.txt,false,true,true,S093,ok,false,true,/Users/newhosung/Library/CloudStorage/OneDrive-SharedLibraries-ThePennsylvaniaStateUniversity/AI Adoption Meta Analysis - Documents/Meta/AI Adoption/PDFs/S093.pdf,candidate_only_not_analytic_input_until_human_confirmed
ai_trace_auto_value_visible_exact,ai_candidate_only_existing_human_value_under_review,human_confirm_source_table_before_any_use,p1_review_value_not_found_in_any_text,S093,EE-FC,EE,FC,0.15,127.0,latest_human_R1_CORRELATIONS,Table 3,Table 3,EE;ease of use;easy to use;effort expectancy,FC;facilitating;facilitating condition;facilitating conditions;resources;support,latent;table,S093,true,S093_source_packet_20260609.txt,true,true,true,S093,ok,true,true,/Users/newhosung/Library/CloudStorage/OneDrive-SharedLibraries-ThePennsylvaniaStateUniversity/AI Adoption Meta Analysis - Documents/Meta/AI Adoption/PDFs/S093.pdf,candidate_only_not_analytic_input_until_human_confirmed
ai_trace_auto_value_visible_exact,ai_candidate_only_existing_human_value_under_review,human_confirm_source_table_before_any_use,p1_review_value_not_found_in_any_text,S066,ANX-BI,ANX,BI,0.12,175.0,latest_human_R1_CORRELATIONS,Table 7,Table 7,ANX;anxiety;apprehension;fear,BI;behavioral intention;behavioural intention;intention to use;usage intention,correlation;correlations;fornell;larcker;latent;table,S066,true,S066_source_packet_20260609.txt,true,true,true,S066,ok,true,true,/Users/newhosung/Library/CloudStorage/OneDrive-SharedLibraries-ThePennsylvaniaStateUniversity/AI Adoption Meta Analysis - Documents/Meta/AI Adoption/PDFs/S066.pdf,candidate_only_not_analytic_input_until_human_confirmed
ai_trace_auto_value_visible_exact,ai_candidate_only_existing_human_value_under_review,human_confirm_source_table_before_any_use,p1_review_value_not_found_in_any_text,S066,ANX-FC,ANX,FC,0.18,175.0,latest_human_R1_CORRELATIONS,Table 7,Table 7,ANX;anxiety;apprehension;fear,FC;facilitating;facilitating condition;facilitating conditions;resources;support,correlation;correlations;fornell;larcker;latent;table,S066,true,S066_source_packet_20260609.txt,false,true,true,S066,ok,true,true,/Users/newhosung/Library/CloudStorage/OneDrive-SharedLibraries-ThePennsylvaniaStateUniversity/AI Adoption Meta Analysis - Documents/Meta/AI Adoption/PDFs/S066.pdf,candidate_only_not_analytic_input_until_human_confirmed
ai_trace_auto_value_visible_exact,ai_candidate_only_existing_human_value_under_review,human_confirm_source_table_before_any_use,p1_review_value_not_found_in_any_text,S066,ANX-TRU,ANX,TRU,0.19,175.0,latest_human_R1_CORRELATIONS,Table 7,Table 7,ANX;anxiety;apprehension;fear,TRU;trust,correlation;correlations;fornell;larcker;latent;table,S066,true,S066_source_packet_20260609.txt,false,true,true,S066,ok,true,true,/Users/newhosung/Library/CloudStorage/OneDrive-SharedLibraries-ThePennsylvaniaStateUniversity/AI Adoption Meta Analysis - Documents/Meta/AI Adoption/PDFs/S066.pdf,candidate_only_not_analytic_input_until_human_confirmed
ai_trace_auto_value_visible_exact,ai_candidate_only_existing_human_value_under_review,human_confirm_source_table_before_any_use,p1_review_value_not_found_in_any_text,S066,BI-EE,BI,EE,0.23,175.0,latest_human_R1_CORRELATIONS,Table 7,Table 7,BI;behavioral intention;behavioural intention;intention to use;usage intention,EE;ease of use;effort expectancy;perceived ease of use,correlation;correlations;fornell;larcker;latent;table,S066,true,S066_source_packet_20260609.txt,false,true,true,S066,ok,true,true,/Users/newhosung/Library/CloudStorage/OneDrive-SharedLibraries-ThePennsylvaniaStateUniversity/AI Adoption Meta Analysis - Documents/Meta/AI Adoption/PDFs/S066.pdf,candidate_only_not_analytic_input_until_human_confirmed
ai_trace_auto_value_visible_exact,ai_candidate_only_existing_human_value_under_review,human_confirm_source_table_before_any_use,p1_review_value_not_found_in_any_text,S162,ANX-ATT,ANX,ATT,-0.323,156.0,latest_human_R1_CORRELATIONS,Table 3,Table 3,ANX;anxiety;fear,ATT;attitude;attitude toward;attitudes,correlation;correlations;fornell;larcker;latent;table,S162,true,S162_source_packet_20260609.txt,false,true,true,S162,ok,true,true,/Users/newhosung/Library/CloudStorage/OneDrive-SharedLibraries-ThePennsylvaniaStateUniversity/AI Adoption Meta Analysis - Documents/Meta/AI Adoption/PDFs/S162.pdf,candidate_only_not_analytic_input_until_human_confirmed
ai_trace_possible_value_visible_broad_match,ai_candidate_only_existing_human_value_under_review,human_check_broad_numeric_match_for_false_positive,p1_review_value_not_found_in_any_text,S162,ATT-PE,ATT,PE,-0.591,156.0,latest_human_R1_CORRELATIONS,Table 3,Table 3,ATT;attitude;attitude toward;attitudes,PE;PU;perceived usefulness;useful;usefulness,correlation;correlations;fornell;larcker;latent;table,S162,true,S162_source_packet_20260609.txt,false,true,true,S162,ok,false,true,/Users/newhosung/Library/CloudStorage/OneDrive-SharedLibraries-ThePennsylvaniaStateUniversity/AI Adoption Meta Analysis - Documents/Meta/AI Adoption/PDFs/S162.pdf,candidate_only_not_analytic_input_until_human_confirmed
ai_trace_possible_value_visible_broad_match,ai_candidate_only_existing_human_value_under_review,human_check_broad_numeric_match_for_false_positive,p1_review_value_not_found_in_any_text,S162,PE-UB,PE,UB,-0.079,156.0,latest_human_R1_CORRELATIONS,Table 3,Table 3,PE;PU;perceived usefulness;useful;usefulness,UB;actual use;use,correlation;correlations;fornell;larcker;latent;table,S162,true,S162_source_packet_20260609.txt,false,true,true,S162,ok,false,true,/Users/newhosung/Library/CloudStorage/OneDrive-SharedLibraries-ThePennsylvaniaStateUniversity/AI Adoption Meta Analysis - Documents/Meta/AI Adoption/PDFs/S162.pdf,candidate_only_not_analytic_input_until_human_confirmed
ai_trace_auto_value_visible_exact,ai_candidate_only_existing_human_value_under_review,human_confirm_source_table_before_any_use,p1_review_value_not_found_in_any_text,S080,BI-FC,BI,FC,-0.11,251.0,latest_human_R1_CORRELATIONS,Table III,,BI;behavioral intention;behavioural intention;intention to use,FC;facilitating;facilitating conditions;resources;support,correlation;fornell;larcker;latent;matrix;table,S080,true,S080_source_packet_20260609.txt,true,true,true,S080,ok,true,true,/Users/newhosung/Library/CloudStorage/OneDrive-SharedLibraries-ThePennsylvaniaStateUniversity/AI Adoption Meta Analysis - Documents/Meta/AI Adoption/PDFs/S080.pdf,candidate_only_not_analytic_input_until_human_confirmed
ai_trace_auto_value_visible_exact,ai_candidate_only_existing_human_value_under_review,human_confirm_source_table_before_any_use,p1_review_value_not_found_in_any_text,S080,BI-PE,BI,PE,0.26,251.0,latest_human_R1_CORRELATIONS,Table III,,BI;behavioral intention;behavioural intention;intention to use,PE;perceived usefulness;performance expectancy;useful;usefulness,correlation;fornell;larcker;latent;matrix;table,S080,true,S080_source_packet_20260609.txt,true,true,true,S080,ok,true,true,/Users/newhosung/Library/CloudStorage/OneDrive-SharedLibraries-ThePennsylvaniaStateUniversity/AI Adoption Meta Analysis - Documents/Meta/AI Adoption/PDFs/S080.pdf,candidate_only_not_analytic_input_until_human_confirmed
ai_trace_auto_value_visible_exact,ai_candidate_only_existing_human_value_under_review,human_confirm_source_table_before_any_use,p1_review_value_not_found_in_any_text,S216,ANX-EE,ANX,EE,0.14,348.0,latest_human_R1_CORRELATIONS,Table 5,Table 5,AI anxiety;ANX;anxiety;fear,EE;PEOU;ease of use;perceived ease of use,correlation;correlations;table,S216,true,S216_source_packet_20260609.txt,true,true,true,S216,ok,true,true,/Users/newhosung/Library/CloudStorage/OneDrive-SharedLibraries-ThePennsylvaniaStateUniversity/AI Adoption Meta Analysis - Documents/Meta/AI Adoption/PDFs/S216.pdf,candidate_only_not_analytic_input_until_human_confirmed
ai_trace_auto_value_visible_exact,ai_candidate_only_existing_human_value_under_review,human_confirm_source_table_before_any_use,p1_review_value_not_found_in_any_text,S216,BI-EE,BI,EE,0.25,348.0,latest_human_R1_CORRELATIONS,Table 5,Table 5,BI;behavioral intention;intention to use,EE;PEOU;ease of use;perceived ease of use,correlation;correlations;table,S216,true,S216_source_packet_20260609.txt,false,true,true,S216,ok,true,true,/Users/newhosung/Library/CloudStorage/OneDrive-SharedLibraries-ThePennsylvaniaStateUniversity/AI Adoption Meta Analysis - Documents/Meta/AI Adoption/PDFs/S216.pdf,candidate_only_not_analytic_input_until_human_confirmed
ai_trace_auto_value_visible_exact,ai_candidate_only_existing_human_value_under_review,human_confirm_source_table_before_any_use,p1_review_value_not_found_in_any_text,S216,BI-PE,BI,PE,0.25,348.0,latest_human_R1_CORRELATIONS,Table 5,Table 5,BI;behavioral intention;intention to use,PE;PU;perceived usefulness;useful;usefulness,correlation;correlations;table,S216,true,S216_source_packet_20260609.txt,false,true,true,S216,ok,true,true,/Users/newhosung/Library/CloudStorage/OneDrive-SharedLibraries-ThePennsylvaniaStateUniversity/AI Adoption Meta Analysis - Documents/Meta/AI Adoption/PDFs/S216.pdf,candidate_only_not_analytic_input_until_human_confirmed
ai_trace_auto_value_visible_exact,ai_candidate_only_existing_human_value_under_review,human_confirm_source_table_before_any_use,p1_review_value_not_found_in_any_text,S216,BI-SI,BI,SI,0.21,348.0,latest_human_R1_CORRELATIONS,Table 5,Table 5,BI;behavioral intention;intention to use,SI;subjective norm,correlation;correlations;table,S216,true,S216_source_packet_20260609.txt,false,true,true,S216,ok,true,true,/Users/newhosung/Library/CloudStorage/OneDrive-SharedLibraries-ThePennsylvaniaStateUniversity/AI Adoption Meta Analysis - Documents/Meta/AI Adoption/PDFs/S216.pdf,candidate_only_not_analytic_input_until_human_confirmed
ai_trace_auto_value_visible_exact,ai_candidate_only_existing_human_value_under_review,human_confirm_source_table_before_any_use,p1_review_value_not_found_in_any_text,S216,EE-PE,EE,PE,0.28,348.0,latest_human_R1_CORRELATIONS,Table 5,Table 5,EE;PEOU;ease of use;perceived ease of use,PE;PU;perceived usefulness;useful;usefulness,correlation;correlations;table,S216,true,S216_source_packet_20260609.txt,true,true,true,S216,ok,true,true,/Users/newhosung/Library/CloudStorage/OneDrive-SharedLibraries-ThePennsylvaniaStateUniversity/AI Adoption Meta Analysis - Documents/Meta/AI Adoption/PDFs/S216.pdf,candidate_only_not_analytic_input_until_human_confirmed
ai_trace_auto_value_visible_exact,ai_candidate_only_existing_human_value_under_review,human_confirm_source_table_before_any_use,p1_review_value_not_found_in_any_text,S216,EE-SE,EE,SE,0.28,348.0,latest_human_R1_CORRELATIONS,Table 5,Table 5,EE;PEOU;ease of use;perceived ease of use,SE;efficacy;self efficacy;self-efficacy,correlation;correlations;table,S216,true,S216_source_packet_20260609.txt,true,true,true,S216,ok,true,true,/Users/newhosung/Library/CloudStorage/OneDrive-SharedLibraries-ThePennsylvaniaStateUniversity/AI Adoption Meta Analysis - Documents/Meta/AI Adoption/PDFs/S216.pdf,candidate_only_not_analytic_input_until_human_confirmed
ai_trace_possible_value_visible_broad_match,ai_candidate_only_existing_human_value_under_review,human_check_broad_numeric_match_for_false_positive,p1_review_value_not_found_in_any_text,S192,BI-FC,BI,FC,0.34,693.0,latest_human_R1_CORRELATIONS,Table 5,Table 5,BI;behavioral intention;intention to use,FC;facilitating;facilitating conditions;resources;support,correlation;table,S192,true,S192_source_packet_20260609.txt,false,true,true,S192,ok,false,true,/Users/newhosung/Library/CloudStorage/OneDrive-SharedLibraries-ThePennsylvaniaStateUniversity/AI Adoption Meta Analysis - Documents/Meta/AI Adoption/PDFs/S192.pdf,candidate_only_not_analytic_input_until_human_confirmed
ai_trace_auto_value_visible_exact,ai_candidate_only_existing_human_value_under_review,human_confirm_source_table_before_any_use,p1_review_value_not_found_in_any_text,S112,BI-EE,BI,EE,0.16,500.0,latest_human_R1_CORRELATIONS,Table 9,Table 9,BI;behavioral intention;behavioural intention;intention to use,EE;easy to use;effort expectancy,correlation;latent;table,S112,true,S112_source_packet_20260609.txt,true,true,true,S112,ok,true,true,/Users/newhosung/Library/CloudStorage/OneDrive-SharedLibraries-ThePennsylvaniaStateUniversity/AI Adoption Meta Analysis - Documents/Meta/AI Adoption/PDFs/S112.pdf,candidate_only_not_analytic_input_until_human_confirmed
ai_trace_auto_value_visible_exact,ai_candidate_only_existing_human_value_under_review,human_confirm_source_table_before_any_use,p1_review_value_not_found_in_any_text,S112,BI-FC,BI,FC,0.16,500.0,latest_human_R1_CORRELATIONS,Table 9,Table 9,BI;behavioral intention;behavioural intention;intention to use,FC;facilitating;facilitating conditions;resources;support,correlation;latent;table,S112,true,S112_source_packet_20260609.txt,true,true,true,S112,ok,true,true,/Users/newhosung/Library/CloudStorage/OneDrive-SharedLibraries-ThePennsylvaniaStateUniversity/AI Adoption Meta Analysis - Documents/Meta/AI Adoption/PDFs/S112.pdf,candidate_only_not_analytic_input_until_human_confirmed
ai_trace_auto_value_visible_exact,ai_candidate_only_existing_human_value_under_review,human_confirm_source_table_before_any_use,p1_review_value_not_found_in_any_text,S112,BI-PE,BI,PE,0.23,500.0,latest_human_R1_CORRELATIONS,Table 9,Table 9,BI;behavioral intention;behavioural intention;intention to use,PE;performance expectancy;useful;usefulness,correlation;latent;table,S112,true,S112_source_packet_20260609.txt,false,true,true,S112,ok,true,true,/Users/newhosung/Library/CloudStorage/OneDrive-SharedLibraries-ThePennsylvaniaStateUniversity/AI Adoption Meta Analysis - Documents/Meta/AI Adoption/PDFs/S112.pdf,candidate_only_not_analytic_input_until_human_confirmed
ai_trace_auto_value_visible_exact,ai_candidate_only_existing_human_value_under_review,human_confirm_source_table_before_any_use,p1_review_value_not_found_in_any_text,S134,BI-EE,BI,EE,0.1,506.0,latest_human_R1_CORRELATIONS,Tables 8-9,,BI;behavioral intention;intention to use,EE;ease of use;effort expectancy;perceived ease of use,table,S134,true,S134_source_packet_20260609.txt,true,true,true,S134,ok,true,true,/Users/newhosung/Library/CloudStorage/OneDrive-SharedLibraries-ThePennsylvaniaStateUniversity/AI Adoption Meta Analysis - Documents/Meta/AI Adoption/PDFs/S134.pdf,candidate_only_not_analytic_input_until_human_confirmed
ai_trace_possible_value_visible_broad_match,ai_candidate_only_existing_human_value_under_review,human_check_broad_numeric_match_for_false_positive,p1_review_value_not_found_in_any_text,S134,BI-FC,BI,FC,0.07,506.0,latest_human_R1_CORRELATIONS,Tables 8-9,,BI;behavioral intention;intention to use,FC;facilitating;facilitating conditions;resources;support,table,S134,true,S134_source_packet_20260609.txt,false,true,true,S134,ok,false,true,/Users/newhosung/Library/CloudStorage/OneDrive-SharedLibraries-ThePennsylvaniaStateUniversity/AI Adoption Meta Analysis - Documents/Meta/AI Adoption/PDFs/S134.pdf,candidate_only_not_analytic_input_until_human_confirmed
ai_trace_possible_value_visible_broad_match,ai_candidate_only_existing_human_value_under_review,human_check_broad_numeric_match_for_false_positive,p1_review_value_not_found_in_any_text,S148,ATT-BI,ATT,BI,0.99,603.0,latest_human_R1_CORRELATIONS,Table 4 / results text,Table 4,ATT;attitude;attitude toward;attitudes,BI;behavioral intention;intention to use,correlation;correlations;latent;table,S148,true,S148_source_packet_20260609.txt,false,true,true,S148,ok,false,true,/Users/newhosung/Library/CloudStorage/OneDrive-SharedLibraries-ThePennsylvaniaStateUniversity/AI Adoption Meta Analysis - Documents/Meta/AI Adoption/PDFs/S148.pdf,candidate_only_not_analytic_input_until_human_confirmed
ai_trace_auto_value_visible_exact,ai_candidate_only_existing_human_value_under_review,human_confirm_source_table_before_any_use,p1_review_value_not_found_in_any_text,S129,BI-EE,BI,EE,0.29,300.0,latest_human_R1_CORRELATIONS,Table 5,Table 5,BI;behavioral intention;behavioural intention;intention to use;usage intention,EE;PEOU;ease of use;easy to use;effort expectancy;perceived ease of use,correlations;fornell;larcker;latent;pearson;table,S129,true,S129_source_packet_20260609.txt,true,true,true,S129,ok,true,true,/Users/newhosung/Library/CloudStorage/OneDrive-SharedLibraries-ThePennsylvaniaStateUniversity/AI Adoption Meta Analysis - Documents/Meta/AI Adoption/PDFs/S129.pdf,candidate_only_not_analytic_input_until_human_confirmed
ai_trace_auto_value_visible_exact,ai_candidate_only_existing_human_value_under_review,human_confirm_source_table_before_any_use,p1_review_value_not_found_in_any_text,S129,BI-SI,BI,SI,-0.14,300.0,latest_human_R1_CORRELATIONS,Table 5,Table 5,BI;behavioral intention;behavioural intention;intention to use;usage intention,SI;social influence,correlations;fornell;larcker;latent;pearson;table,S129,true,S129_source_packet_20260609.txt,true,true,true,S129,ok,true,true,/Users/newhosung/Library/CloudStorage/OneDrive-SharedLibraries-ThePennsylvaniaStateUniversity/AI Adoption Meta Analysis - Documents/Meta/AI Adoption/PDFs/S129.pdf,candidate_only_not_analytic_input_until_human_confirmed
ai_trace_auto_value_visible_exact,ai_candidate_only_existing_human_value_under_review,human_confirm_source_table_before_any_use,p1_review_value_not_found_in_any_text,S129,BI-UB,BI,UB,0.46,300.0,latest_human_R1_CORRELATIONS,Table 5,Table 5,BI;behavioral intention;behavioural intention;intention to use;usage intention,UB;actual use;usage behaviour;use,correlations;fornell;larcker;latent;pearson;table,S129,true,S129_source_packet_20260609.txt,true,true,true,S129,ok,true,true,/Users/newhosung/Library/CloudStorage/OneDrive-SharedLibraries-ThePennsylvaniaStateUniversity/AI Adoption Meta Analysis - Documents/Meta/AI Adoption/PDFs/S129.pdf,candidate_only_not_analytic_input_until_human_confirmed
ai_trace_auto_value_visible_exact,ai_candidate_only_existing_human_value_under_review,human_confirm_source_table_before_any_use,p1_review_value_not_found_in_any_text,S129,EE-FC,EE,FC,0.28,300.0,latest_human_R1_CORRELATIONS,Table 5,Table 5,EE;PEOU;ease of use;easy to use;effort expectancy;perceived ease of use,FC;facilitating;facilitating conditions;resources;support,correlations;fornell;larcker;latent;pearson;table,S129,true,S129_source_packet_20260609.txt,true,true,true,S129,ok,true,true,/Users/newhosung/Library/CloudStorage/OneDrive-SharedLibraries-ThePennsylvaniaStateUniversity/AI Adoption Meta Analysis - Documents/Meta/AI Adoption/PDFs/S129.pdf,candidate_only_not_analytic_input_until_human_confirmed
ai_trace_auto_value_visible_exact,ai_candidate_only_existing_human_value_under_review,human_confirm_source_table_before_any_use,p1_review_value_not_found_in_any_text,S129,EE-PE,EE,PE,0.52,300.0,latest_human_R1_CORRELATIONS,Table 5,Table 5,EE;PEOU;ease of use;easy to use;effort expectancy;perceived ease of use,PE;PU;perceived usefulness;performance expectancy;useful;usefulness,correlations;fornell;larcker;latent;pearson;table,S129,true,S129_source_packet_20260609.txt,true,true,true,S129,ok,true,true,/Users/newhosung/Library/CloudStorage/OneDrive-SharedLibraries-ThePennsylvaniaStateUniversity/AI Adoption Meta Analysis - Documents/Meta/AI Adoption/PDFs/S129.pdf,candidate_only_not_analytic_input_until_human_confirmed
ai_trace_auto_value_visible_exact,ai_candidate_only_existing_human_value_under_review,human_confirm_source_table_before_any_use,p1_review_value_not_found_in_any_text,S129,EE-SI,EE,SI,-0.11,300.0,latest_human_R1_CORRELATIONS,Table 5,Table 5,EE;PEOU;ease of use;easy to use;effort expectancy;perceived ease of use,SI;social influence,correlations;fornell;larcker;latent;pearson;table,S129,true,S129_source_packet_20260609.txt,true,true,true,S129,ok,true,true,/Users/newhosung/Library/CloudStorage/OneDrive-SharedLibraries-ThePennsylvaniaStateUniversity/AI Adoption Meta Analysis - Documents/Meta/AI Adoption/PDFs/S129.pdf,candidate_only_not_analytic_input_until_human_confirmed
ai_trace_auto_value_visible_exact,ai_candidate_only_existing_human_value_under_review,human_confirm_source_table_before_any_use,p1_review_value_not_found_in_any_text,S129,EE-TRU,EE,TRU,0.4,300.0,latest_human_R1_CORRELATIONS,Table 5,Table 5,EE;PEOU;ease of use;easy to use;effort expectancy;perceived ease of use,TRU;trust,correlations;fornell;larcker;latent;pearson;table,S129,true,S129_source_packet_20260609.txt,false,true,true,S129,ok,true,true,/Users/newhosung/Library/CloudStorage/OneDrive-SharedLibraries-ThePennsylvaniaStateUniversity/AI Adoption Meta Analysis - Documents/Meta/AI Adoption/PDFs/S129.pdf,candidate_only_not_analytic_input_until_human_confirmed
ai_trace_auto_value_visible_exact,ai_candidate_only_existing_human_value_under_review,human_confirm_source_table_before_any_use,p1_review_value_not_found_in_any_text,S129,PE-SI,PE,SI,0.42,300.0,latest_human_R1_CORRELATIONS,Table 5,Table 5,PE;PU;perceived usefulness;performance expectancy;useful;usefulness,SI;social influence,correlations;fornell;larcker;latent;pearson;table,S129,true,S129_source_packet_20260609.txt,true,true,true,S129,ok,true,true,/Users/newhosung/Library/CloudStorage/OneDrive-SharedLibraries-ThePennsylvaniaStateUniversity/AI Adoption Meta Analysis - Documents/Meta/AI Adoption/PDFs/S129.pdf,candidate_only_not_analytic_input_until_human_confirmed
ai_trace_auto_value_visible_exact,ai_candidate_only_existing_human_value_under_review,human_confirm_source_table_before_any_use,p1_review_value_not_found_in_any_text,S014,PE-UB,PE,UB,0.31,750.0,latest_human_R1_CORRELATIONS,Table 4,Table 4,PU;perceived usefulness;performance expectancy;useful;usefulness,use,fornell;larcker;table,S014,false,,false,false,true,S014,ok,true,true,/Users/newhosung/Library/CloudStorage/OneDrive-SharedLibraries-ThePennsylvaniaStateUniversity/AI Adoption Meta Analysis - Documents/Meta/AI Adoption/PDFs/S014.pdf,candidate_only_not_analytic_input_until_human_confirmed
ai_trace_auto_value_visible_exact,ai_candidate_only_existing_human_value_under_review,human_confirm_source_table_before_any_use,p1_review_value_not_found_in_any_text,S014,SI-UB,SI,UB,0.3,750.0,latest_human_R1_CORRELATIONS,Table 4,Table 4,SI;social influence,use,fornell;larcker;table,S014,false,,false,false,true,S014,ok,true,true,/Users/newhosung/Library/CloudStorage/OneDrive-SharedLibraries-ThePennsylvaniaStateUniversity/AI Adoption Meta Analysis - Documents/Meta/AI Adoption/PDFs/S014.pdf,candidate_only_not_analytic_input_until_human_confirmed
ai_trace_auto_value_visible_exact,ai_candidate_only_existing_human_value_under_review,human_confirm_source_table_before_any_use,p1_review_value_not_found_in_any_text,S036,ANX-BI,ANX,BI,-0.336,480.0,latest_human_R1_CORRELATIONS,Table 4,Table 4,AI anxiety;ANX;anxiety;apprehension;fear,BI;behavioral intention;behavioural intention;continuance intention;intention to use,correlations;fornell;larcker;latent;table,S036,true,S036_source_packet_20260609.txt,false,true,true,S036,ok,true,true,/Users/newhosung/Library/CloudStorage/OneDrive-SharedLibraries-ThePennsylvaniaStateUniversity/AI Adoption Meta Analysis - Documents/Meta/AI Adoption/PDFs/S036.pdf,candidate_only_not_analytic_input_until_human_confirmed
ai_trace_auto_value_visible_exact,ai_candidate_only_existing_human_value_under_review,human_confirm_source_table_before_any_use,p1_review_value_not_found_in_any_text,S036,ANX-EE,ANX,EE,-0.321,480.0,latest_human_R1_CORRELATIONS,Table 4,Table 4,AI anxiety;ANX;anxiety;apprehension;fear,EE;PEOU;ease of use;easy to use;perceived ease of use,correlations;fornell;larcker;latent;table,S036,true,S036_source_packet_20260609.txt,false,true,true,S036,ok,true,true,/Users/newhosung/Library/CloudStorage/OneDrive-SharedLibraries-ThePennsylvaniaStateUniversity/AI Adoption Meta Analysis - Documents/Meta/AI Adoption/PDFs/S036.pdf,candidate_only_not_analytic_input_until_human_confirmed
ai_trace_auto_value_visible_exact,ai_candidate_only_existing_human_value_under_review,human_confirm_source_table_before_any_use,p1_review_value_not_found_in_any_text,S036,ANX-PE,ANX,PE,-0.366,480.0,latest_human_R1_CORRELATIONS,Table 4,Table 4,AI anxiety;ANX;anxiety;apprehension;fear,PE;PU;perceived usefulness;useful;usefulness,correlations;fornell;larcker;latent;table,S036,true,S036_source_packet_20260609.txt,true,true,true,S036,ok,true,true,/Users/newhosung/Library/CloudStorage/OneDrive-SharedLibraries-ThePennsylvaniaStateUniversity/AI Adoption Meta Analysis - Documents/Meta/AI Adoption/PDFs/S036.pdf,candidate_only_not_analytic_input_until_human_confirmed
ai_trace_auto_value_visible_exact,ai_candidate_only_existing_human_value_under_review,human_confirm_source_table_before_any_use,p1_review_value_not_found_in_any_text,S036,ANX-SE,ANX,SE,-0.318,480.0,latest_human_R1_CORRELATIONS,Table 4,Table 4,AI anxiety;ANX;anxiety;apprehension;fear,AI self-efficacy;SE;computer self-efficacy;efficacy;self-efficacy,correlations;fornell;larcker;latent;table,S036,true,S036_source_packet_20260609.txt,false,true,true,S036,ok,true,true,/Users/newhosung/Library/CloudStorage/OneDrive-SharedLibraries-ThePennsylvaniaStateUniversity/AI Adoption Meta Analysis - Documents/Meta/AI Adoption/PDFs/S036.pdf,candidate_only_not_analytic_input_until_human_confirmed
ai_trace_auto_value_visible_exact,ai_candidate_only_existing_human_value_under_review,human_confirm_source_table_before_any_use,p1_review_value_not_found_in_any_text,S036,ANX-SI,ANX,SI,-0.374,480.0,latest_human_R1_CORRELATIONS,Table 4,Table 4,AI anxiety;ANX;anxiety;apprehension;fear,SI;social influence,correlations;fornell;larcker;latent;table,S036,true,S036_source_packet_20260609.txt,true,true,true,S036,ok,true,true,/Users/newhosung/Library/CloudStorage/OneDrive-SharedLibraries-ThePennsylvaniaStateUniversity/AI Adoption Meta Analysis - Documents/Meta/AI Adoption/PDFs/S036.pdf,candidate_only_not_analytic_input_until_human_confirmed
ai_trace_auto_value_visible_exact,ai_candidate_only_existing_human_value_under_review,human_confirm_source_table_before_any_use,p1_review_value_not_found_in_any_text,S036,ANX-TRU,ANX,TRU,-0.26,480.0,latest_human_R1_CORRELATIONS,Table 4,Table 4,AI anxiety;ANX;anxiety;apprehension;fear,TRU;trust,correlations;fornell;larcker;latent;table,S036,true,S036_source_packet_20260609.txt,false,true,true,S036,ok,true,true,/Users/newhosung/Library/CloudStorage/OneDrive-SharedLibraries-ThePennsylvaniaStateUniversity/AI Adoption Meta Analysis - Documents/Meta/AI Adoption/PDFs/S036.pdf,candidate_only_not_analytic_input_until_human_confirmed
ai_trace_auto_value_visible_exact,ai_candidate_only_existing_human_value_under_review,human_confirm_source_table_before_any_use,p1_review_value_not_found_in_any_text,S061,BI-FC,BI,FC,-0.1,473.0,latest_human_R1_CORRELATIONS,Table 6,Table 6,BI;behavioral intention;intention to use,FC;facilitating;facilitating conditions;resources;support,correlation;correlations;fornell;larcker;latent;pearson;table,S061,true,S061_source_packet_20260609.txt,true,true,true,S061,ok,true,true,/Users/newhosung/Library/CloudStorage/OneDrive-SharedLibraries-ThePennsylvaniaStateUniversity/AI Adoption Meta Analysis - Documents/Meta/AI Adoption/PDFs/S061.pdf,candidate_only_not_analytic_input_until_human_confirmed
ai_trace_auto_value_visible_exact,ai_candidate_only_existing_human_value_under_review,human_confirm_source_table_before_any_use,p1_review_value_not_found_in_any_text,S128,BI-FC,BI,FC,-0.216,395.0,latest_human_R1_CORRELATIONS,Table 3,Table 3,BI;behavioral intention;behavioural intention;intention to use,FC;facilitating;facilitating conditions;resources;support,correlation;correlations;fornell;larcker;matrix;table,S128,true,S128_source_packet_20260609.txt,true,true,true,S128,ok,true,true,/Users/newhosung/Library/CloudStorage/OneDrive-SharedLibraries-ThePennsylvaniaStateUniversity/AI Adoption Meta Analysis - Documents/Meta/AI Adoption/PDFs/S128.pdf,candidate_only_not_analytic_input_until_human_confirmed
ai_trace_auto_value_visible_exact,ai_candidate_only_existing_human_value_under_review,human_confirm_source_table_before_any_use,p1_review_value_not_found_in_any_text,S128,EE-FC,EE,FC,-0.121,395.0,latest_human_R1_CORRELATIONS,Table 3,Table 3,EE;ease of use;effort expectancy;perceived ease of use,FC;facilitating;facilitating conditions;resources;support,correlation;correlations;fornell;larcker;matrix;table,S128,true,S128_source_packet_20260609.txt,true,true,true,S128,ok,true,true,/Users/newhosung/Library/CloudStorage/OneDrive-SharedLibraries-ThePennsylvaniaStateUniversity/AI Adoption Meta Analysis - Documents/Meta/AI Adoption/PDFs/S128.pdf,candidate_only_not_analytic_input_until_human_confirmed
ai_trace_possible_value_visible_broad_match,ai_candidate_only_existing_human_value_under_review,human_check_broad_numeric_match_for_false_positive,p1_review_value_not_found_in_any_text,S128,FC-PE,FC,PE,-0.065,395.0,latest_human_R1_CORRELATIONS,Table 3,Table 3,FC;facilitating;facilitating conditions;resources;support,PE;perceived usefulness;performance expectancy;useful;usefulness,correlation;correlations;fornell;larcker;matrix;table,S128,true,S128_source_packet_20260609.txt,false,true,true,S128,ok,false,true,/Users/newhosung/Library/CloudStorage/OneDrive-SharedLibraries-ThePennsylvaniaStateUniversity/AI Adoption Meta Analysis - Documents/Meta/AI Adoption/PDFs/S128.pdf,candidate_only_not_analytic_input_until_human_confirmed
ai_trace_possible_value_visible_broad_match,ai_candidate_only_existing_human_value_under_review,human_check_broad_numeric_match_for_false_positive,p1_review_value_not_found_in_any_text,S128,FC-SI,FC,SI,-0.063,395.0,latest_human_R1_CORRELATIONS,Table 3,Table 3,FC;facilitating;facilitating conditions;resources;support,SI;social influence,correlation;correlations;fornell;larcker;matrix;table,S128,true,S128_source_packet_20260609.txt,false,true,true,S128,ok,false,true,/Users/newhosung/Library/CloudStorage/OneDrive-SharedLibraries-ThePennsylvaniaStateUniversity/AI Adoption Meta Analysis - Documents/Meta/AI Adoption/PDFs/S128.pdf,candidate_only_not_analytic_input_until_human_confirmed
ai_trace_auto_value_visible_exact,ai_candidate_only_existing_human_value_under_review,human_confirm_source_table_before_any_use,p1_review_value_not_found_in_any_text,S128,FC-UB,FC,UB,-0.101,395.0,latest_human_R1_CORRELATIONS,Table 3,Table 3,FC;facilitating;facilitating conditions;resources;support,UB;use;use behaviour,correlation;correlations;fornell;larcker;matrix;table,S128,true,S128_source_packet_20260609.txt,true,true,true,S128,ok,true,true,/Users/newhosung/Library/CloudStorage/OneDrive-SharedLibraries-ThePennsylvaniaStateUniversity/AI Adoption Meta Analysis - Documents/Meta/AI Adoption/PDFs/S128.pdf,candidate_only_not_analytic_input_until_human_confirmed
ai_trace_auto_value_visible_exact,ai_candidate_only_existing_human_value_under_review,human_confirm_source_table_before_any_use,p1_review_value_not_found_in_any_text,S128,PE-SI,PE,SI,-0.22,395.0,latest_human_R1_CORRELATIONS,Table 3,Table 3,PE;perceived usefulness;performance expectancy;useful;usefulness,SI;social influence,correlation;correlations;fornell;larcker;matrix;table,S128,true,S128_source_packet_20260609.txt,true,true,true,S128,ok,true,true,/Users/newhosung/Library/CloudStorage/OneDrive-SharedLibraries-ThePennsylvaniaStateUniversity/AI Adoption Meta Analysis - Documents/Meta/AI Adoption/PDFs/S128.pdf,candidate_only_not_analytic_input_until_human_confirmed
ai_trace_auto_value_visible_exact,ai_candidate_only_existing_human_value_under_review,human_confirm_source_table_before_any_use,p1_review_value_not_found_in_any_text,S152,ATT-BI,ATT,BI,0.21,604.0,latest_human_R1_CORRELATIONS,Table 3,Table 3,ATT;attitude;attitude toward;attitudes,BI;behavioral intention;intention to use,correlation;correlations;fornell;inter-construct;larcker;latent;table,S152,true,S152_source_packet_20260609.txt,true,true,true,S152,ok,true,true,/Users/newhosung/Library/CloudStorage/OneDrive-SharedLibraries-ThePennsylvaniaStateUniversity/AI Adoption Meta Analysis - Documents/Meta/AI Adoption/PDFs/S152.pdf,candidate_only_not_analytic_input_until_human_confirmed
ai_trace_auto_value_visible_exact,ai_candidate_only_existing_human_value_under_review,human_confirm_source_table_before_any_use,p1_review_value_not_found_in_any_text,S152,BI-PE,BI,PE,0.11,604.0,latest_human_R1_CORRELATIONS,Table 3,Table 3,BI;behavioral intention;intention to use,PE;PU;perceived usefulness;usefulness,correlation;correlations;fornell;inter-construct;larcker;latent;table,S152,true,S152_source_packet_20260609.txt,true,true,true,S152,ok,true,true,/Users/newhosung/Library/CloudStorage/OneDrive-SharedLibraries-ThePennsylvaniaStateUniversity/AI Adoption Meta Analysis - Documents/Meta/AI Adoption/PDFs/S152.pdf,candidate_only_not_analytic_input_until_human_confirmed
ai_trace_auto_value_visible_exact,ai_candidate_only_existing_human_value_under_review,human_confirm_source_table_before_any_use,p1_review_value_not_found_in_any_text,S152,BI-SE,BI,SE,0.16,604.0,latest_human_R1_CORRELATIONS,Table 3,Table 3,BI;behavioral intention;intention to use,SE;efficacy;self-efficacy,correlation;correlations;fornell;inter-construct;larcker;latent;table,S152,true,S152_source_packet_20260609.txt,true,true,true,S152,ok,true,true,/Users/newhosung/Library/CloudStorage/OneDrive-SharedLibraries-ThePennsylvaniaStateUniversity/AI Adoption Meta Analysis - Documents/Meta/AI Adoption/PDFs/S152.pdf,candidate_only_not_analytic_input_until_human_confirmed
ai_trace_auto_value_visible_exact,ai_candidate_only_existing_human_value_under_review,human_confirm_source_table_before_any_use,p1_review_value_not_found_in_any_text,S113,BI-EE,BI,EE,0.45,118.0,latest_human_R1_CORRELATIONS,Table 7,Table 7,BI;behavioral intention;intention to use,EE;ease of use;easy to use;effort expectancy;perceived ease of use,correlation;correlations;latent;matrix;table,S113,true,S113_source_packet_20260609.txt,true,true,true,S113,ok,true,true,/Users/newhosung/Library/CloudStorage/OneDrive-SharedLibraries-ThePennsylvaniaStateUniversity/AI Adoption Meta Analysis - Documents/Meta/AI Adoption/PDFs/S113.pdf,candidate_only_not_analytic_input_until_human_confirmed
ai_trace_auto_value_visible_exact,ai_candidate_only_existing_human_value_under_review,human_confirm_source_table_before_any_use,p1_review_value_not_found_in_any_text,S113,BI-PE,BI,PE,0.53,118.0,latest_human_R1_CORRELATIONS,Table 7,Table 7,BI;behavioral intention;intention to use,PE;PU;perceived usefulness;useful;usefulness,correlation;correlations;latent;matrix;table,S113,true,S113_source_packet_20260609.txt,false,true,true,S113,ok,true,true,/Users/newhosung/Library/CloudStorage/OneDrive-SharedLibraries-ThePennsylvaniaStateUniversity/AI Adoption Meta Analysis - Documents/Meta/AI Adoption/PDFs/S113.pdf,candidate_only_not_analytic_input_until_human_confirmed
ai_trace_auto_value_visible_exact,ai_candidate_only_existing_human_value_under_review,human_confirm_source_table_before_any_use,p1_review_value_not_found_in_any_text,S070,BI-EE,BI,EE,0.581,245.0,latest_human_R1_CORRELATIONS,Figure 3 / results text,,BI;behavioral intention;behavioural intention;intention to use;usage intention,EE;ease of use;effort expectancy,correlation;correlations;latent;table,S070,true,S070_source_packet_20260609.txt,false,true,true,S070,ok,true,true,/Users/newhosung/Library/CloudStorage/OneDrive-SharedLibraries-ThePennsylvaniaStateUniversity/AI Adoption Meta Analysis - Documents/Meta/AI Adoption/PDFs/S070.pdf,candidate_only_not_analytic_input_until_human_confirmed
ai_trace_auto_value_visible_exact,ai_candidate_only_existing_human_value_under_review,human_confirm_source_table_before_any_use,p1_review_value_not_found_in_any_text,S070,BI-FC,BI,FC,0.469,245.0,latest_human_R1_CORRELATIONS,Figure 3 / results text,,BI;behavioral intention;behavioural intention;intention to use;usage intention,FC;facilitating;facilitating condition;facilitating conditions;resources;support,correlation;correlations;latent;table,S070,true,S070_source_packet_20260609.txt,false,true,true,S070,ok,true,true,/Users/newhosung/Library/CloudStorage/OneDrive-SharedLibraries-ThePennsylvaniaStateUniversity/AI Adoption Meta Analysis - Documents/Meta/AI Adoption/PDFs/S070.pdf,candidate_only_not_analytic_input_until_human_confirmed
ai_trace_auto_value_visible_exact,ai_candidate_only_existing_human_value_under_review,human_confirm_source_table_before_any_use,p1_review_value_not_found_in_any_text,S070,BI-PE,BI,PE,0.502,245.0,latest_human_R1_CORRELATIONS,Figure 3 / results text,,BI;behavioral intention;behavioural intention;intention to use;usage intention,PE;performance expectancy;useful;usefulness,correlation;correlations;latent;table,S070,true,S070_source_packet_20260609.txt,false,true,true,S070,ok,true,true,/Users/newhosung/Library/CloudStorage/OneDrive-SharedLibraries-ThePennsylvaniaStateUniversity/AI Adoption Meta Analysis - Documents/Meta/AI Adoption/PDFs/S070.pdf,candidate_only_not_analytic_input_until_human_confirmed
ai_trace_auto_value_visible_exact,ai_candidate_only_existing_human_value_under_review,human_confirm_source_table_before_any_use,p1_review_value_not_found_in_any_text,S070,EE-FC,EE,FC,0.576,245.0,latest_human_R1_CORRELATIONS,Figure 4 / results text,,EE;ease of use;effort expectancy,FC;facilitating;facilitating condition;facilitating conditions;resources;support,correlation;correlations;latent;table,S070,true,S070_source_packet_20260609.txt,false,true,true,S070,ok,true,true,/Users/newhosung/Library/CloudStorage/OneDrive-SharedLibraries-ThePennsylvaniaStateUniversity/AI Adoption Meta Analysis - Documents/Meta/AI Adoption/PDFs/S070.pdf,candidate_only_not_analytic_input_until_human_confirmed
ai_trace_auto_value_visible_exact,ai_candidate_only_existing_human_value_under_review,human_confirm_source_table_before_any_use,p1_review_value_not_found_in_any_text,S070,EE-PE,EE,PE,0.502,245.0,latest_human_R1_CORRELATIONS,Figure 4 / results text,,EE;ease of use;effort expectancy,PE;performance expectancy;useful;usefulness,correlation;correlations;latent;table,S070,true,S070_source_packet_20260609.txt,false,true,true,S070,ok,true,true,/Users/newhosung/Library/CloudStorage/OneDrive-SharedLibraries-ThePennsylvaniaStateUniversity/AI Adoption Meta Analysis - Documents/Meta/AI Adoption/PDFs/S070.pdf,candidate_only_not_analytic_input_until_human_confirmed
ai_trace_auto_value_visible_exact,ai_candidate_only_existing_human_value_under_review,human_confirm_source_table_before_any_use,p1_review_value_not_found_in_any_text,S070,EE-UB,EE,UB,0.563,245.0,latest_human_R1_CORRELATIONS,Figure 3 / results text,,EE;ease of use;effort expectancy,UB;actual use;use;use behaviour,correlation;correlations;latent;table,S070,true,S070_source_packet_20260609.txt,false,true,true,S070,ok,true,true,/Users/newhosung/Library/CloudStorage/OneDrive-SharedLibraries-ThePennsylvaniaStateUniversity/AI Adoption Meta Analysis - Documents/Meta/AI Adoption/PDFs/S070.pdf,candidate_only_not_analytic_input_until_human_confirmed
ai_trace_auto_value_visible_exact,ai_candidate_only_existing_human_value_under_review,human_confirm_source_table_before_any_use,p1_review_value_not_found_in_any_text,S070,FC-PE,FC,PE,0.346,245.0,latest_human_R1_CORRELATIONS,Figure 4 / results text,,FC;facilitating;facilitating condition;facilitating conditions;resources;support,PE;performance expectancy;useful;usefulness,correlation;correlations;latent;table,S070,true,S070_source_packet_20260609.txt,true,true,true,S070,ok,true,true,/Users/newhosung/Library/CloudStorage/OneDrive-SharedLibraries-ThePennsylvaniaStateUniversity/AI Adoption Meta Analysis - Documents/Meta/AI Adoption/PDFs/S070.pdf,candidate_only_not_analytic_input_until_human_confirmed
ai_trace_auto_value_visible_exact,ai_candidate_only_existing_human_value_under_review,human_confirm_source_table_before_any_use,p1_review_value_not_found_in_any_text,S070,FC-SI,FC,SI,0.611,245.0,latest_human_R1_CORRELATIONS,Figure 4 / results text,,FC;facilitating;facilitating condition;facilitating conditions;resources;support,SI;social influence,correlation;correlations;latent;table,S070,true,S070_source_packet_20260609.txt,false,true,true,S070,ok,true,true,/Users/newhosung/Library/CloudStorage/OneDrive-SharedLibraries-ThePennsylvaniaStateUniversity/AI Adoption Meta Analysis - Documents/Meta/AI Adoption/PDFs/S070.pdf,candidate_only_not_analytic_input_until_human_confirmed
ai_trace_auto_value_visible_exact,ai_candidate_only_existing_human_value_under_review,human_confirm_source_table_before_any_use,p1_review_value_not_found_in_any_text,S070,FC-UB,FC,UB,0.488,245.0,latest_human_R1_CORRELATIONS,Figure 3 / results text,,FC;facilitating;facilitating condition;facilitating conditions;resources;support,UB;actual use;use;use behaviour,correlation;correlations;latent;table,S070,true,S070_source_packet_20260609.txt,false,true,true,S070,ok,true,true,/Users/newhosung/Library/CloudStorage/OneDrive-SharedLibraries-ThePennsylvaniaStateUniversity/AI Adoption Meta Analysis - Documents/Meta/AI Adoption/PDFs/S070.pdf,candidate_only_not_analytic_input_until_human_confirmed
ai_trace_auto_value_visible_exact,ai_candidate_only_existing_human_value_under_review,human_confirm_source_table_before_any_use,p1_review_value_not_found_in_any_text,S070,PE-SI,PE,SI,0.471,245.0,latest_human_R1_CORRELATIONS,Figure 4 / results text,,PE;performance expectancy;useful;usefulness,SI;social influence,correlation;correlations;latent;table,S070,true,S070_source_packet_20260609.txt,false,true,true,S070,ok,true,true,/Users/newhosung/Library/CloudStorage/OneDrive-SharedLibraries-ThePennsylvaniaStateUniversity/AI Adoption Meta Analysis - Documents/Meta/AI Adoption/PDFs/S070.pdf,candidate_only_not_analytic_input_until_human_confirmed
ai_trace_possible_value_visible_broad_match,ai_candidate_only_existing_human_value_under_review,human_check_broad_numeric_match_for_false_positive,p1_review_value_not_found_in_any_text,S070,PE-UB,PE,UB,0.524,245.0,latest_human_R1_CORRELATIONS,Figure 3 / results text,,PE;performance expectancy;useful;usefulness,UB;actual use;use;use behaviour,correlation;correlations;latent;table,S070,true,S070_source_packet_20260609.txt,false,true,true,S070,ok,false,true,/Users/newhosung/Library/CloudStorage/OneDrive-SharedLibraries-ThePennsylvaniaStateUniversity/AI Adoption Meta Analysis - Documents/Meta/AI Adoption/PDFs/S070.pdf,candidate_only_not_analytic_input_until_human_confirmed
ai_trace_auto_value_visible_exact,ai_candidate_only_existing_human_value_under_review,human_confirm_source_table_before_any_use,p1_review_value_not_found_in_any_text,S070,SI-UB,SI,UB,0.675,245.0,latest_human_R1_CORRELATIONS,Figure 3 / results text,,SI;social influence,UB;actual use;use;use behaviour,correlation;correlations;latent;table,S070,true,S070_source_packet_20260609.txt,false,true,true,S070,ok,true,true,/Users/newhosung/Library/CloudStorage/OneDrive-SharedLibraries-ThePennsylvaniaStateUniversity/AI Adoption Meta Analysis - Documents/Meta/AI Adoption/PDFs/S070.pdf,candidate_only_not_analytic_input_until_human_confirmed
ai_trace_auto_value_visible_exact,ai_candidate_only_existing_human_value_under_review,human_confirm_source_table_before_any_use,p1_review_value_not_found_in_any_text,S200,BI-FC,BI,FC,-0.17,431.0,latest_human_R1_CORRELATIONS,Table 6,Table 6,BI;behavioral intention;intention to use,FC;facilitating;facilitating condition;facilitating conditions;resources;support,correlation;correlations;fornell;larcker;latent;pearson;table,S200,true,S200_source_packet_20260609.txt,true,true,true,S200,ok,true,true,/Users/newhosung/Library/CloudStorage/OneDrive-SharedLibraries-ThePennsylvaniaStateUniversity/AI Adoption Meta Analysis - Documents/Meta/AI Adoption/PDFs/S200.pdf,candidate_only_not_analytic_input_until_human_confirmed
ai_trace_auto_value_visible_exact,ai_candidate_only_existing_human_value_under_review,human_confirm_source_table_before_any_use,p2_source_or_pdf_presence_gap,S218,ATT-BI,ATT,BI,0.784,242.0,latest_human_R2_CORRELATIONS,Table1,,attitude;attitude toward;attitudes,behavioral intention;behavioural intention;intention to use,correlation;matrix;table,S218,false,,false,false,true,S218,ok,true,true,/Users/newhosung/Library/CloudStorage/OneDrive-SharedLibraries-ThePennsylvaniaStateUniversity/AI Adoption Meta Analysis - Documents/Meta/AI Adoption/PDFs/S218.pdf,candidate_only_not_analytic_input_until_human_confirmed
ai_trace_auto_value_visible_exact,ai_candidate_only_existing_human_value_under_review,human_confirm_source_table_before_any_use,p2_source_or_pdf_presence_gap,S218,ATT-EE,ATT,EE,0.688,242.0,latest_human_R2_CORRELATIONS,Table1,,attitude;attitude toward;attitudes,ease of use;easy to use;perceived ease of use,correlation;matrix;table,S218,false,,false,false,true,S218,ok,true,true,/Users/newhosung/Library/CloudStorage/OneDrive-SharedLibraries-ThePennsylvaniaStateUniversity/AI Adoption Meta Analysis - Documents/Meta/AI Adoption/PDFs/S218.pdf,candidate_only_not_analytic_input_until_human_confirmed
ai_trace_auto_value_visible_exact,ai_candidate_only_existing_human_value_under_review,human_confirm_source_table_before_any_use,p2_source_or_pdf_presence_gap,S218,ATT-PE,ATT,PE,0.701,242.0,latest_human_R2_CORRELATIONS,Table1,,attitude;attitude toward;attitudes,perceived usefulness;useful;usefulness,correlation;matrix;table,S218,false,,false,false,true,S218,ok,true,true,/Users/newhosung/Library/CloudStorage/OneDrive-SharedLibraries-ThePennsylvaniaStateUniversity/AI Adoption Meta Analysis - Documents/Meta/AI Adoption/PDFs/S218.pdf,candidate_only_not_analytic_input_until_human_confirmed
ai_trace_auto_value_visible_exact,ai_candidate_only_existing_human_value_under_review,human_confirm_source_table_before_any_use,p2_source_or_pdf_presence_gap,S218,BI-EE,BI,EE,0.59,242.0,latest_human_R2_CORRELATIONS,"Table 1, p.5",Table 1,behavioral intention;behavioural intention;intention to use,ease of use;easy to use;perceived ease of use,correlation;matrix;table,S218,false,,false,false,true,S218,ok,true,true,/Users/newhosung/Library/CloudStorage/OneDrive-SharedLibraries-ThePennsylvaniaStateUniversity/AI Adoption Meta Analysis - Documents/Meta/AI Adoption/PDFs/S218.pdf,candidate_only_not_analytic_input_until_human_confirmed
ai_trace_auto_value_visible_exact,ai_candidate_only_existing_human_value_under_review,human_confirm_source_table_before_any_use,p2_source_or_pdf_presence_gap,S218,BI-PE,BI,PE,0.632,242.0,latest_human_R2_CORRELATIONS,Table1,,behavioral intention;behavioural intention;intention to use,perceived usefulness;useful;usefulness,correlation;matrix;table,S218,false,,false,false,true,S218,ok,true,true,/Users/newhosung/Library/CloudStorage/OneDrive-SharedLibraries-ThePennsylvaniaStateUniversity/AI Adoption Meta Analysis - Documents/Meta/AI Adoption/PDFs/S218.pdf,candidate_only_not_analytic_input_until_human_confirmed
ai_trace_auto_value_visible_exact,ai_candidate_only_existing_human_value_under_review,human_confirm_source_table_before_any_use,p2_source_or_pdf_presence_gap,S218,EE-PE,EE,PE,0.66,242.0,latest_human_R2_CORRELATIONS,"Table 1, p.5",Table 1,ease of use;easy to use;perceived ease of use,perceived usefulness;useful;usefulness,correlation;matrix;table,S218,false,,false,false,true,S218,ok,true,true,/Users/newhosung/Library/CloudStorage/OneDrive-SharedLibraries-ThePennsylvaniaStateUniversity/AI Adoption Meta Analysis - Documents/Meta/AI Adoption/PDFs/S218.pdf,candidate_only_not_analytic_input_until_human_confirmed
ai_trace_auto_value_visible_exact,ai_candidate_only_existing_human_value_under_review,human_confirm_source_table_before_any_use,p2_source_or_pdf_presence_gap,S185,ATT-BI,ATT,BI,0.453,298.0,latest_human_R2_CORRELATIONS,Table3,,ATT;attitude;attitude toward;attitudes,BI;behavioral intention;intention to use;usage intention,correlation;fornell;larcker;table,S185,false,,false,false,true,S185,ok,true,true,/Users/newhosung/Library/CloudStorage/OneDrive-SharedLibraries-ThePennsylvaniaStateUniversity/AI Adoption Meta Analysis - Documents/Meta/AI Adoption/PDFs/S185.pdf,candidate_only_not_analytic_input_until_human_confirmed
ai_trace_auto_value_visible_exact,ai_candidate_only_existing_human_value_under_review,human_confirm_source_table_before_any_use,p2_source_or_pdf_presence_gap,S185,ATT-EE,ATT,EE,0.473,298.0,latest_human_R2_CORRELATIONS,Table3,,ATT;attitude;attitude toward;attitudes,ease of use;easy to use;perceived ease of use,correlation;fornell;larcker;table,S185,false,,false,false,true,S185,ok,true,true,/Users/newhosung/Library/CloudStorage/OneDrive-SharedLibraries-ThePennsylvaniaStateUniversity/AI Adoption Meta Analysis - Documents/Meta/AI Adoption/PDFs/S185.pdf,candidate_only_not_analytic_input_until_human_confirmed
ai_trace_auto_value_visible_exact,ai_candidate_only_existing_human_value_under_review,human_confirm_source_table_before_any_use,p2_source_or_pdf_presence_gap,S185,ATT-PE,ATT,PE,0.504,298.0,latest_human_R2_CORRELATIONS,Table3,,ATT;attitude;attitude toward;attitudes,PE;PU;perceived usefulness;useful;usefulness,correlation;fornell;larcker;table,S185,false,,false,false,true,S185,ok,true,true,/Users/newhosung/Library/CloudStorage/OneDrive-SharedLibraries-ThePennsylvaniaStateUniversity/AI Adoption Meta Analysis - Documents/Meta/AI Adoption/PDFs/S185.pdf,candidate_only_not_analytic_input_until_human_confirmed
ai_trace_auto_value_visible_exact,ai_candidate_only_existing_human_value_under_review,human_confirm_source_table_before_any_use,p2_source_or_pdf_presence_gap,S185,ATT-SI,ATT,SI,0.207,298.0,latest_human_R2_CORRELATIONS,Table3,,ATT;attitude;attitude toward;attitudes,social influence;subjective norm,correlation;fornell;larcker;table,S185,false,,false,false,true,S185,ok,true,true,/Users/newhosung/Library/CloudStorage/OneDrive-SharedLibraries-ThePennsylvaniaStateUniversity/AI Adoption Meta Analysis - Documents/Meta/AI Adoption/PDFs/S185.pdf,candidate_only_not_analytic_input_until_human_confirmed
ai_trace_auto_value_visible_exact,ai_candidate_only_existing_human_value_under_review,human_confirm_source_table_before_any_use,p2_source_or_pdf_presence_gap,S185,BI-EE,BI,EE,0.524,298.0,latest_human_R2_CORRELATIONS,Table3,,BI;behavioral intention;intention to use;usage intention,ease of use;easy to use;perceived ease of use,correlation;fornell;larcker;table,S185,false,,false,false,true,S185,ok,true,true,/Users/newhosung/Library/CloudStorage/OneDrive-SharedLibraries-ThePennsylvaniaStateUniversity/AI Adoption Meta Analysis - Documents/Meta/AI Adoption/PDFs/S185.pdf,candidate_only_not_analytic_input_until_human_confirmed
ai_trace_auto_value_visible_exact,ai_candidate_only_existing_human_value_under_review,human_confirm_source_table_before_any_use,p2_source_or_pdf_presence_gap,S185,BI-PE,BI,PE,0.459,298.0,latest_human_R2_CORRELATIONS,Table3,,BI;behavioral intention;intention to use;usage intention,PE;PU;perceived usefulness;useful;usefulness,correlation;fornell;larcker;table,S185,false,,false,false,true,S185,ok,true,true,/Users/newhosung/Library/CloudStorage/OneDrive-SharedLibraries-ThePennsylvaniaStateUniversity/AI Adoption Meta Analysis - Documents/Meta/AI Adoption/PDFs/S185.pdf,candidate_only_not_analytic_input_until_human_confirmed
ai_trace_auto_value_visible_exact,ai_candidate_only_existing_human_value_under_review,human_confirm_source_table_before_any_use,p2_source_or_pdf_presence_gap,S185,BI-SI,BI,SI,0.216,298.0,latest_human_R2_CORRELATIONS,Table3,,BI;behavioral intention;intention to use;usage intention,social influence;subjective norm,correlation;fornell;larcker;table,S185,false,,false,false,true,S185,ok,true,true,/Users/newhosung/Library/CloudStorage/OneDrive-SharedLibraries-ThePennsylvaniaStateUniversity/AI Adoption Meta Analysis - Documents/Meta/AI Adoption/PDFs/S185.pdf,candidate_only_not_analytic_input_until_human_confirmed
ai_trace_auto_value_visible_exact,ai_candidate_only_existing_human_value_under_review,human_confirm_source_table_before_any_use,p2_source_or_pdf_presence_gap,S185,EE-PE,EE,PE,0.482,298.0,latest_human_R2_CORRELATIONS,Table3,,ease of use;easy to use;perceived ease of use,PE;PU;perceived usefulness;useful;usefulness,correlation;fornell;larcker;table,S185,false,,false,false,true,S185,ok,true,true,/Users/newhosung/Library/CloudStorage/OneDrive-SharedLibraries-ThePennsylvaniaStateUniversity/AI Adoption Meta Analysis - Documents/Meta/AI Adoption/PDFs/S185.pdf,candidate_only_not_analytic_input_until_human_confirmed
ai_trace_auto_value_visible_exact,ai_candidate_only_existing_human_value_under_review,human_confirm_source_table_before_any_use,p2_source_or_pdf_presence_gap,S185,EE-SI,EE,SI,0.279,298.0,latest_human_R2_CORRELATIONS,Table3,,ease of use;easy to use;perceived ease of use,social influence;subjective norm,correlation;fornell;larcker;table,S185,false,,false,false,true,S185,ok,true,true,/Users/newhosung/Library/CloudStorage/OneDrive-SharedLibraries-ThePennsylvaniaStateUniversity/AI Adoption Meta Analysis - Documents/Meta/AI Adoption/PDFs/S185.pdf,candidate_only_not_analytic_input_until_human_confirmed
ai_trace_auto_value_visible_exact,ai_candidate_only_existing_human_value_under_review,human_confirm_source_table_before_any_use,p2_source_or_pdf_presence_gap,S185,PE-SI,PE,SI,0.28,298.0,latest_human_R2_CORRELATIONS,Table3,,PE;PU;perceived usefulness;useful;usefulness,social influence;subjective norm,correlation;fornell;larcker;table,S185,false,,false,false,true,S185,ok,true,true,/Users/newhosung/Library/CloudStorage/OneDrive-SharedLibraries-ThePennsylvaniaStateUniversity/AI Adoption Meta Analysis - Documents/Meta/AI Adoption/PDFs/S185.pdf,candidate_only_not_analytic_input_until_human_confirmed
ai_trace_auto_value_visible_exact,ai_candidate_only_existing_human_value_under_review,human_confirm_source_table_before_any_use,p2_source_or_pdf_presence_gap,S194,BI-EE,BI,EE,0.44,469.0,latest_human_R2_CORRELATIONS,"Table 3, p.825",Table 3,BI;behavioral intention;behavioural intention;intention to use,EE;PEOU;ease of use;easy to use;effort expectancy;perceived ease of use,correlation;fornell;larcker;latent;table,S194,false,,false,false,true,S194,ok,true,true,/Users/newhosung/Library/CloudStorage/OneDrive-SharedLibraries-ThePennsylvaniaStateUniversity/AI Adoption Meta Analysis - Documents/Meta/AI Adoption/PDFs/S194.pdf,candidate_only_not_analytic_input_until_human_confirmed
ai_trace_auto_value_visible_exact,ai_candidate_only_existing_human_value_under_review,human_confirm_source_table_before_any_use,p2_source_or_pdf_presence_gap,S194,BI-FC,BI,FC,0.49,469.0,latest_human_R2_CORRELATIONS,"Table 3, p.825",Table 3,BI;behavioral intention;behavioural intention;intention to use,FC;facilitating;facilitating condition;facilitating conditions;resources;support,correlation;fornell;larcker;latent;table,S194,false,,false,false,true,S194,ok,true,true,/Users/newhosung/Library/CloudStorage/OneDrive-SharedLibraries-ThePennsylvaniaStateUniversity/AI Adoption Meta Analysis - Documents/Meta/AI Adoption/PDFs/S194.pdf,candidate_only_not_analytic_input_until_human_confirmed
ai_trace_auto_value_visible_exact,ai_candidate_only_existing_human_value_under_review,human_confirm_source_table_before_any_use,p2_source_or_pdf_presence_gap,S194,BI-PE,BI,PE,-0.08,469.0,latest_human_R2_CORRELATIONS,"Table 3, p.825",Table 3,BI;behavioral intention;behavioural intention;intention to use,PE;PU;perceived usefulness;performance expectancy;useful;usefulness,correlation;fornell;larcker;latent;table,S194,false,,false,false,true,S194,ok,true,true,/Users/newhosung/Library/CloudStorage/OneDrive-SharedLibraries-ThePennsylvaniaStateUniversity/AI Adoption Meta Analysis - Documents/Meta/AI Adoption/PDFs/S194.pdf,candidate_only_not_analytic_input_until_human_confirmed
ai_trace_auto_value_visible_exact,ai_candidate_only_existing_human_value_under_review,human_confirm_source_table_before_any_use,p2_source_or_pdf_presence_gap,S194,BI-SI,BI,SI,0.62,469.0,latest_human_R2_CORRELATIONS,"Table 3, p.825",Table 3,BI;behavioral intention;behavioural intention;intention to use,SI;social influence,correlation;fornell;larcker;latent;table,S194,false,,false,false,true,S194,ok,true,true,/Users/newhosung/Library/CloudStorage/OneDrive-SharedLibraries-ThePennsylvaniaStateUniversity/AI Adoption Meta Analysis - Documents/Meta/AI Adoption/PDFs/S194.pdf,candidate_only_not_analytic_input_until_human_confirmed
ai_trace_auto_value_visible_exact,ai_candidate_only_existing_human_value_under_review,human_confirm_source_table_before_any_use,p2_source_or_pdf_presence_gap,S194,BI-UB,BI,UB,0.64,469.0,latest_human_R2_CORRELATIONS,"Table 3, p.825",Table 3,BI;behavioral intention;behavioural intention;intention to use,UB;actual use;usage behavior;use;use behavior,correlation;fornell;larcker;latent;table,S194,false,,false,false,true,S194,ok,true,true,/Users/newhosung/Library/CloudStorage/OneDrive-SharedLibraries-ThePennsylvaniaStateUniversity/AI Adoption Meta Analysis - Documents/Meta/AI Adoption/PDFs/S194.pdf,candidate_only_not_analytic_input_until_human_confirmed
ai_trace_auto_value_visible_exact,ai_candidate_only_existing_human_value_under_review,human_confirm_source_table_before_any_use,p2_source_or_pdf_presence_gap,S194,EE-FC,EE,FC,0.55,469.0,latest_human_R2_CORRELATIONS,"Table 3, p.825",Table 3,EE;PEOU;ease of use;easy to use;effort expectancy;perceived ease of use,FC;facilitating;facilitating condition;facilitating conditions;resources;support,correlation;fornell;larcker;latent;table,S194,false,,false,false,true,S194,ok,true,true,/Users/newhosung/Library/CloudStorage/OneDrive-SharedLibraries-ThePennsylvaniaStateUniversity/AI Adoption Meta Analysis - Documents/Meta/AI Adoption/PDFs/S194.pdf,candidate_only_not_analytic_input_until_human_confirmed
ai_trace_auto_value_visible_exact,ai_candidate_only_existing_human_value_under_review,human_confirm_source_table_before_any_use,p2_source_or_pdf_presence_gap,S194,EE-PE,EE,PE,-0.1,469.0,latest_human_R2_CORRELATIONS,"Table 3, p.825",Table 3,EE;PEOU;ease of use;easy to use;effort expectancy;perceived ease of use,PE;PU;perceived usefulness;performance expectancy;useful;usefulness,correlation;fornell;larcker;latent;table,S194,false,,false,false,true,S194,ok,true,true,/Users/newhosung/Library/CloudStorage/OneDrive-SharedLibraries-ThePennsylvaniaStateUniversity/AI Adoption Meta Analysis - Documents/Meta/AI Adoption/PDFs/S194.pdf,candidate_only_not_analytic_input_until_human_confirmed
ai_trace_auto_value_visible_exact,ai_candidate_only_existing_human_value_under_review,human_confirm_source_table_before_any_use,p2_source_or_pdf_presence_gap,S194,EE-SI,EE,SI,0.52,469.0,latest_human_R2_CORRELATIONS,"Table 3, p.825",Table 3,EE;PEOU;ease of use;easy to use;effort expectancy;perceived ease of use,SI;social influence,correlation;fornell;larcker;latent;table,S194,false,,false,false,true,S194,ok,true,true,/Users/newhosung/Library/CloudStorage/OneDrive-SharedLibraries-ThePennsylvaniaStateUniversity/AI Adoption Meta Analysis - Documents/Meta/AI Adoption/PDFs/S194.pdf,candidate_only_not_analytic_input_until_human_confirmed
ai_trace_auto_value_visible_exact,ai_candidate_only_existing_human_value_under_review,human_confirm_source_table_before_any_use,p2_source_or_pdf_presence_gap,S194,EE-UB,EE,UB,0.49,469.0,latest_human_R2_CORRELATIONS,"Table 3, p.825",Table 3,EE;PEOU;ease of use;easy to use;effort expectancy;perceived ease of use,UB;actual use;usage behavior;use;use behavior,correlation;fornell;larcker;latent;table,S194,false,,false,false,true,S194,ok,true,true,/Users/newhosung/Library/CloudStorage/OneDrive-SharedLibraries-ThePennsylvaniaStateUniversity/AI Adoption Meta Analysis - Documents/Meta/AI Adoption/PDFs/S194.pdf,candidate_only_not_analytic_input_until_human_confirmed
ai_trace_auto_value_visible_exact,ai_candidate_only_existing_human_value_under_review,human_confirm_source_table_before_any_use,p2_source_or_pdf_presence_gap,S194,FC-PE,FC,PE,-0.12,469.0,latest_human_R2_CORRELATIONS,"Table 3, p.825",Table 3,FC;facilitating;facilitating condition;facilitating conditions;resources;support,PE;PU;perceived usefulness;performance expectancy;useful;usefulness,correlation;fornell;larcker;latent;table,S194,false,,false,false,true,S194,ok,true,true,/Users/newhosung/Library/CloudStorage/OneDrive-SharedLibraries-ThePennsylvaniaStateUniversity/AI Adoption Meta Analysis - Documents/Meta/AI Adoption/PDFs/S194.pdf,candidate_only_not_analytic_input_until_human_confirmed
ai_trace_auto_value_visible_exact,ai_candidate_only_existing_human_value_under_review,human_confirm_source_table_before_any_use,p2_source_or_pdf_presence_gap,S194,FC-SI,FC,SI,0.59,469.0,latest_human_R2_CORRELATIONS,"Table 3, p.825",Table 3,FC;facilitating;facilitating condition;facilitating conditions;resources;support,SI;social influence,correlation;fornell;larcker;latent;table,S194,false,,false,false,true,S194,ok,true,true,/Users/newhosung/Library/CloudStorage/OneDrive-SharedLibraries-ThePennsylvaniaStateUniversity/AI Adoption Meta Analysis - Documents/Meta/AI Adoption/PDFs/S194.pdf,candidate_only_not_analytic_input_until_human_confirmed
ai_trace_auto_value_visible_exact,ai_candidate_only_existing_human_value_under_review,human_confirm_source_table_before_any_use,p2_source_or_pdf_presence_gap,S194,FC-UB,FC,UB,0.52,469.0,latest_human_R2_CORRELATIONS,"Table 3, p.825",Table 3,FC;facilitating;facilitating condition;facilitating conditions;resources;support,UB;actual use;usage behavior;use;use behavior,correlation;fornell;larcker;latent;table,S194,false,,false,false,true,S194,ok,true,true,/Users/newhosung/Library/CloudStorage/OneDrive-SharedLibraries-ThePennsylvaniaStateUniversity/AI Adoption Meta Analysis - Documents/Meta/AI Adoption/PDFs/S194.pdf,candidate_only_not_analytic_input_until_human_confirmed
ai_trace_auto_value_visible_exact,ai_candidate_only_existing_human_value_under_review,human_confirm_source_table_before_any_use,p2_source_or_pdf_presence_gap,S194,PE-SI,PE,SI,-0.12,469.0,latest_human_R2_CORRELATIONS,"Table 3, p.825",Table 3,PE;PU;perceived usefulness;performance expectancy;useful;usefulness,SI;social influence,correlation;fornell;larcker;latent;table,S194,false,,false,false,true,S194,ok,true,true,/Users/newhosung/Library/CloudStorage/OneDrive-SharedLibraries-ThePennsylvaniaStateUniversity/AI Adoption Meta Analysis - Documents/Meta/AI Adoption/PDFs/S194.pdf,candidate_only_not_analytic_input_until_human_confirmed
ai_trace_auto_value_visible_exact,ai_candidate_only_existing_human_value_under_review,human_confirm_source_table_before_any_use,p2_source_or_pdf_presence_gap,S194,PE-UB,PE,UB,-0.05,469.0,latest_human_R2_CORRELATIONS,"Table 3, p.825",Table 3,PE;PU;perceived usefulness;performance expectancy;useful;usefulness,UB;actual use;usage behavior;use;use behavior,correlation;fornell;larcker;latent;table,S194,false,,false,false,true,S194,ok,true,true,/Users/newhosung/Library/CloudStorage/OneDrive-SharedLibraries-ThePennsylvaniaStateUniversity/AI Adoption Meta Analysis - Documents/Meta/AI Adoption/PDFs/S194.pdf,candidate_only_not_analytic_input_until_human_confirmed
ai_trace_auto_value_visible_exact,ai_candidate_only_existing_human_value_under_review,human_confirm_source_table_before_any_use,p2_source_or_pdf_presence_gap,S194,SI-UB,SI,UB,0.56,469.0,latest_human_R2_CORRELATIONS,"Table 3, p.825",Table 3,SI;social influence,UB;actual use;usage behavior;use;use behavior,correlation;fornell;larcker;latent;table,S194,false,,false,false,true,S194,ok,true,true,/Users/newhosung/Library/CloudStorage/OneDrive-SharedLibraries-ThePennsylvaniaStateUniversity/AI Adoption Meta Analysis - Documents/Meta/AI Adoption/PDFs/S194.pdf,candidate_only_not_analytic_input_until_human_confirmed
ai_trace_auto_value_visible_exact,ai_candidate_only_existing_human_value_under_review,human_confirm_source_table_before_any_use,p2_source_or_pdf_presence_gap,S208,BI-EE,BI,EE,0.434,526.0,latest_human_R2_CORRELATIONS,Table2,,behavioural intention;usage intention,EE;ease of use;effort expectancy,correlation;correlations;fornell;larcker;latent;matrix;table,S208,false,,false,false,true,S208,ok,true,true,/Users/newhosung/Library/CloudStorage/OneDrive-SharedLibraries-ThePennsylvaniaStateUniversity/AI Adoption Meta Analysis - Documents/Meta/AI Adoption/PDFs/S208.pdf,candidate_only_not_analytic_input_until_human_confirmed
ai_trace_auto_value_visible_exact,ai_candidate_only_existing_human_value_under_review,human_confirm_source_table_before_any_use,p2_source_or_pdf_presence_gap,S208,BI-PE,BI,PE,0.241,526.0,latest_human_R2_CORRELATIONS,Table2,,behavioural intention;usage intention,PE;performance expectancy,correlation;correlations;fornell;larcker;latent;matrix;table,S208,false,,false,false,true,S208,ok,true,true,/Users/newhosung/Library/CloudStorage/OneDrive-SharedLibraries-ThePennsylvaniaStateUniversity/AI Adoption Meta Analysis - Documents/Meta/AI Adoption/PDFs/S208.pdf,candidate_only_not_analytic_input_until_human_confirmed
ai_trace_auto_value_visible_exact,ai_candidate_only_existing_human_value_under_review,human_confirm_source_table_before_any_use,p2_source_or_pdf_presence_gap,S208,BI-SI,BI,SI,0.462,526.0,latest_human_R2_CORRELATIONS,Table2,,behavioural intention;usage intention,SI;social influence,correlation;correlations;fornell;larcker;latent;matrix;table,S208,false,,false,false,true,S208,ok,true,true,/Users/newhosung/Library/CloudStorage/OneDrive-SharedLibraries-ThePennsylvaniaStateUniversity/AI Adoption Meta Analysis - Documents/Meta/AI Adoption/PDFs/S208.pdf,candidate_only_not_analytic_input_until_human_confirmed
ai_trace_auto_value_visible_exact,ai_candidate_only_existing_human_value_under_review,human_confirm_source_table_before_any_use,p2_source_or_pdf_presence_gap,S208,BI-TRU,BI,TRU,0.524,526.0,latest_human_R2_CORRELATIONS,Table2,,behavioural intention;usage intention,trust,correlation;correlations;fornell;larcker;latent;matrix;table,S208,false,,false,false,true,S208,ok,true,true,/Users/newhosung/Library/CloudStorage/OneDrive-SharedLibraries-ThePennsylvaniaStateUniversity/AI Adoption Meta Analysis - Documents/Meta/AI Adoption/PDFs/S208.pdf,candidate_only_not_analytic_input_until_human_confirmed
ai_trace_auto_value_visible_exact,ai_candidate_only_existing_human_value_under_review,human_confirm_source_table_before_any_use,p2_source_or_pdf_presence_gap,S208,EE-PE,EE,PE,0.402,526.0,latest_human_R2_CORRELATIONS,Table2,,EE;ease of use;effort expectancy,PE;performance expectancy,correlation;correlations;fornell;larcker;latent;matrix;table,S208,false,,false,false,true,S208,ok,true,true,/Users/newhosung/Library/CloudStorage/OneDrive-SharedLibraries-ThePennsylvaniaStateUniversity/AI Adoption Meta Analysis - Documents/Meta/AI Adoption/PDFs/S208.pdf,candidate_only_not_analytic_input_until_human_confirmed
ai_trace_auto_value_visible_exact,ai_candidate_only_existing_human_value_under_review,human_confirm_source_table_before_any_use,p1_review_value_not_found_in_any_text,S208,EE-SI,EE,SI,0.632,526.0,latest_human_R2_CORRELATIONS,Table2,,EE;ease of use;effort expectancy,SI;social influence,correlation;correlations;fornell;larcker;latent;matrix;table,S208,false,,false,false,true,S208,ok,true,true,/Users/newhosung/Library/CloudStorage/OneDrive-SharedLibraries-ThePennsylvaniaStateUniversity/AI Adoption Meta Analysis - Documents/Meta/AI Adoption/PDFs/S208.pdf,candidate_only_not_analytic_input_until_human_confirmed
ai_trace_auto_value_visible_exact,ai_candidate_only_existing_human_value_under_review,human_confirm_source_table_before_any_use,p2_source_or_pdf_presence_gap,S208,EE-TRU,EE,TRU,0.395,526.0,latest_human_R2_CORRELATIONS,Table2,,EE;ease of use;effort expectancy,trust,correlation;correlations;fornell;larcker;latent;matrix;table,S208,false,,false,false,true,S208,ok,true,true,/Users/newhosung/Library/CloudStorage/OneDrive-SharedLibraries-ThePennsylvaniaStateUniversity/AI Adoption Meta Analysis - Documents/Meta/AI Adoption/PDFs/S208.pdf,candidate_only_not_analytic_input_until_human_confirmed
ai_trace_auto_value_visible_exact,ai_candidate_only_existing_human_value_under_review,human_confirm_source_table_before_any_use,p2_source_or_pdf_presence_gap,S208,PE-SI,PE,SI,0.296,526.0,latest_human_R2_CORRELATIONS,Table2,,PE;performance expectancy,SI;social influence,correlation;correlations;fornell;larcker;latent;matrix;table,S208,false,,false,false,true,S208,ok,true,true,/Users/newhosung/Library/CloudStorage/OneDrive-SharedLibraries-ThePennsylvaniaStateUniversity/AI Adoption Meta Analysis - Documents/Meta/AI Adoption/PDFs/S208.pdf,candidate_only_not_analytic_input_until_human_confirmed
ai_trace_auto_value_visible_exact,ai_candidate_only_existing_human_value_under_review,human_confirm_source_table_before_any_use,p2_source_or_pdf_presence_gap,S208,PE-TRU,PE,TRU,0.295,526.0,latest_human_R2_CORRELATIONS,Table2,,PE;performance expectancy,trust,correlation;correlations;fornell;larcker;latent;matrix;table,S208,false,,false,false,true,S208,ok,true,true,/Users/newhosung/Library/CloudStorage/OneDrive-SharedLibraries-ThePennsylvaniaStateUniversity/AI Adoption Meta Analysis - Documents/Meta/AI Adoption/PDFs/S208.pdf,candidate_only_not_analytic_input_until_human_confirmed
ai_trace_auto_value_visible_exact,ai_candidate_only_existing_human_value_under_review,human_confirm_source_table_before_any_use,p2_source_or_pdf_presence_gap,S208,SI-TRU,SI,TRU,0.241,526.0,latest_human_R2_CORRELATIONS,Table2,,SI;social influence,trust,correlation;correlations;fornell;larcker;latent;matrix;table,S208,false,,false,false,true,S208,ok,true,true,/Users/newhosung/Library/CloudStorage/OneDrive-SharedLibraries-ThePennsylvaniaStateUniversity/AI Adoption Meta Analysis - Documents/Meta/AI Adoption/PDFs/S208.pdf,candidate_only_not_analytic_input_until_human_confirmed
ai_trace_auto_value_visible_exact,ai_candidate_only_existing_human_value_under_review,human_confirm_source_table_before_any_use,p2_source_or_pdf_presence_gap,S028,ATT-BI,ATT,BI,0.877,508.0,latest_human_R2_CORRELATIONS,Table4,,attitude;attitude toward;attitudes,behavioral intention;intention to use;usage intention,correlation;latent;table,S028,false,,false,false,true,S028,ok,true,true,/Users/newhosung/Library/CloudStorage/OneDrive-SharedLibraries-ThePennsylvaniaStateUniversity/AI Adoption Meta Analysis - Documents/Meta/AI Adoption/PDFs/S028.pdf,candidate_only_not_analytic_input_until_human_confirmed
ai_trace_auto_value_visible_exact,ai_candidate_only_existing_human_value_under_review,human_confirm_source_table_before_any_use,p2_source_or_pdf_presence_gap,S028,ATT-EE,ATT,EE,0.63,508.0,latest_human_R2_CORRELATIONS,"Table 4, p.7",Table 4,attitude;attitude toward;attitudes,PEOU;ease of use;easy to use;perceived ease of use,correlation;latent;table,S028,false,,false,false,true,S028,ok,true,true,/Users/newhosung/Library/CloudStorage/OneDrive-SharedLibraries-ThePennsylvaniaStateUniversity/AI Adoption Meta Analysis - Documents/Meta/AI Adoption/PDFs/S028.pdf,candidate_only_not_analytic_input_until_human_confirmed
ai_trace_auto_value_visible_exact,ai_candidate_only_existing_human_value_under_review,human_confirm_source_table_before_any_use,p2_source_or_pdf_presence_gap,S028,ATT-PE,ATT,PE,0.809,508.0,latest_human_R2_CORRELATIONS,Table4,,attitude;attitude toward;attitudes,PU;perceived usefulness;useful;usefulness,correlation;latent;table,S028,false,,false,false,true,S028,ok,true,true,/Users/newhosung/Library/CloudStorage/OneDrive-SharedLibraries-ThePennsylvaniaStateUniversity/AI Adoption Meta Analysis - Documents/Meta/AI Adoption/PDFs/S028.pdf,candidate_only_not_analytic_input_until_human_confirmed
ai_trace_auto_value_visible_exact,ai_candidate_only_existing_human_value_under_review,human_confirm_source_table_before_any_use,p2_source_or_pdf_presence_gap,S028,ATT-SE,ATT,SE,0.721,508.0,latest_human_R2_CORRELATIONS,Table4,,attitude;attitude toward;attitudes,computer self-efficacy;efficacy;self-efficacy,correlation;latent;table,S028,false,,false,false,true,S028,ok,true,true,/Users/newhosung/Library/CloudStorage/OneDrive-SharedLibraries-ThePennsylvaniaStateUniversity/AI Adoption Meta Analysis - Documents/Meta/AI Adoption/PDFs/S028.pdf,candidate_only_not_analytic_input_until_human_confirmed
ai_trace_auto_value_visible_exact,ai_candidate_only_existing_human_value_under_review,human_confirm_source_table_before_any_use,p2_source_or_pdf_presence_gap,S028,BI-EE,BI,EE,0.627,508.0,latest_human_R2_CORRELATIONS,Table4,,behavioral intention;intention to use;usage intention,PEOU;ease of use;easy to use;perceived ease of use,correlation;latent;table,S028,false,,false,false,true,S028,ok,true,true,/Users/newhosung/Library/CloudStorage/OneDrive-SharedLibraries-ThePennsylvaniaStateUniversity/AI Adoption Meta Analysis - Documents/Meta/AI Adoption/PDFs/S028.pdf,candidate_only_not_analytic_input_until_human_confirmed
ai_trace_auto_value_visible_exact,ai_candidate_only_existing_human_value_under_review,human_confirm_source_table_before_any_use,p2_source_or_pdf_presence_gap,S028,BI-PE,BI,PE,0.823,508.0,latest_human_R2_CORRELATIONS,Table4,,behavioral intention;intention to use;usage intention,PU;perceived usefulness;useful;usefulness,correlation;latent;table,S028,false,,false,false,true,S028,ok,true,true,/Users/newhosung/Library/CloudStorage/OneDrive-SharedLibraries-ThePennsylvaniaStateUniversity/AI Adoption Meta Analysis - Documents/Meta/AI Adoption/PDFs/S028.pdf,candidate_only_not_analytic_input_until_human_confirmed
ai_trace_auto_value_visible_exact,ai_candidate_only_existing_human_value_under_review,human_confirm_source_table_before_any_use,p2_source_or_pdf_presence_gap,S028,BI-SE,BI,SE,0.685,508.0,latest_human_R2_CORRELATIONS,Table4,,behavioral intention;intention to use;usage intention,computer self-efficacy;efficacy;self-efficacy,correlation;latent;table,S028,false,,false,false,true,S028,ok,true,true,/Users/newhosung/Library/CloudStorage/OneDrive-SharedLibraries-ThePennsylvaniaStateUniversity/AI Adoption Meta Analysis - Documents/Meta/AI Adoption/PDFs/S028.pdf,candidate_only_not_analytic_input_until_human_confirmed
ai_trace_auto_value_visible_exact,ai_candidate_only_existing_human_value_under_review,human_confirm_source_table_before_any_use,p2_source_or_pdf_presence_gap,S028,EE-PE,EE,PE,0.667,508.0,latest_human_R2_CORRELATIONS,Table4,,PEOU;ease of use;easy to use;perceived ease of use,PU;perceived usefulness;useful;usefulness,correlation;latent;table,S028,false,,false,false,true,S028,ok,true,true,/Users/newhosung/Library/CloudStorage/OneDrive-SharedLibraries-ThePennsylvaniaStateUniversity/AI Adoption Meta Analysis - Documents/Meta/AI Adoption/PDFs/S028.pdf,candidate_only_not_analytic_input_until_human_confirmed
ai_trace_auto_value_visible_exact,ai_candidate_only_existing_human_value_under_review,human_confirm_source_table_before_any_use,p2_source_or_pdf_presence_gap,S028,EE-SE,EE,SE,0.792,508.0,latest_human_R2_CORRELATIONS,Table4,,PEOU;ease of use;easy to use;perceived ease of use,computer self-efficacy;efficacy;self-efficacy,correlation;latent;table,S028,false,,false,false,true,S028,ok,true,true,/Users/newhosung/Library/CloudStorage/OneDrive-SharedLibraries-ThePennsylvaniaStateUniversity/AI Adoption Meta Analysis - Documents/Meta/AI Adoption/PDFs/S028.pdf,candidate_only_not_analytic_input_until_human_confirmed
ai_trace_auto_value_visible_exact,ai_candidate_only_existing_human_value_under_review,human_confirm_source_table_before_any_use,p2_source_or_pdf_presence_gap,S028,PE-SE,PE,SE,0.744,508.0,latest_human_R2_CORRELATIONS,Table4,,PU;perceived usefulness;useful;usefulness,computer self-efficacy;efficacy;self-efficacy,correlation;latent;table,S028,false,,false,false,true,S028,ok,true,true,/Users/newhosung/Library/CloudStorage/OneDrive-SharedLibraries-ThePennsylvaniaStateUniversity/AI Adoption Meta Analysis - Documents/Meta/AI Adoption/PDFs/S028.pdf,candidate_only_not_analytic_input_until_human_confirmed
ai_trace_auto_value_visible_exact,ai_candidate_only_existing_human_value_under_review,human_confirm_source_table_before_any_use,p2_source_or_pdf_presence_gap,S145,BI-EE,BI,EE,0.201,374.0,latest_human_R2_CORRELATIONS,Table3,,behavioral intention;intention to use,EE;ease of use;easy to use;effort expectancy;perceived ease of use,correlation;correlations;latent;table,S145,false,,false,false,true,S145,ok,true,true,/Users/newhosung/Library/CloudStorage/OneDrive-SharedLibraries-ThePennsylvaniaStateUniversity/AI Adoption Meta Analysis - Documents/Meta/AI Adoption/PDFs/S145.pdf,candidate_only_not_analytic_input_until_human_confirmed
ai_trace_auto_value_visible_exact,ai_candidate_only_existing_human_value_under_review,human_confirm_source_table_before_any_use,p2_source_or_pdf_presence_gap,S145,BI-UB,BI,UB,0.338,374.0,latest_human_R2_CORRELATIONS,Table3,,behavioral intention;intention to use,use;use behavior,correlation;correlations;latent;table,S145,false,,false,false,true,S145,ok,true,true,/Users/newhosung/Library/CloudStorage/OneDrive-SharedLibraries-ThePennsylvaniaStateUniversity/AI Adoption Meta Analysis - Documents/Meta/AI Adoption/PDFs/S145.pdf,candidate_only_not_analytic_input_until_human_confirmed
ai_trace_auto_value_visible_exact,ai_candidate_only_existing_human_value_under_review,human_confirm_source_table_before_any_use,p2_source_or_pdf_presence_gap,S145,EE-UB,EE,UB,0.204,374.0,latest_human_R2_CORRELATIONS,Table3,,EE;ease of use;easy to use;effort expectancy;perceived ease of use,use;use behavior,correlation;correlations;latent;table,S145,false,,false,false,true,S145,ok,true,true,/Users/newhosung/Library/CloudStorage/OneDrive-SharedLibraries-ThePennsylvaniaStateUniversity/AI Adoption Meta Analysis - Documents/Meta/AI Adoption/PDFs/S145.pdf,candidate_only_not_analytic_input_until_human_confirmed
ai_trace_auto_value_visible_exact,ai_candidate_only_existing_human_value_under_review,human_confirm_source_table_before_any_use,p2_source_or_pdf_presence_gap,S110,BI-EE,BI,EE,0.623,353.0,latest_human_R2_CORRELATIONS,Figure3,,BI;behavioral intention;behavioural intention;intention to use,EE;ease of use;effort expectancy;perceived ease of use,correlation;correlations;latent;table,S110,false,,false,false,true,S110,ok,true,true,/Users/newhosung/Library/CloudStorage/OneDrive-SharedLibraries-ThePennsylvaniaStateUniversity/AI Adoption Meta Analysis - Documents/Meta/AI Adoption/PDFs/S110.pdf,candidate_only_not_analytic_input_until_human_confirmed
ai_trace_auto_value_visible_exact,ai_candidate_only_existing_human_value_under_review,human_confirm_source_table_before_any_use,p2_source_or_pdf_presence_gap,S110,BI-PE,BI,PE,0.681,353.0,latest_human_R2_CORRELATIONS,Figure3,,BI;behavioral intention;behavioural intention;intention to use,PE;perceived usefulness;performance expectancy;usefulness,correlation;correlations;latent;table,S110,false,,false,false,true,S110,ok,true,true,/Users/newhosung/Library/CloudStorage/OneDrive-SharedLibraries-ThePennsylvaniaStateUniversity/AI Adoption Meta Analysis - Documents/Meta/AI Adoption/PDFs/S110.pdf,candidate_only_not_analytic_input_until_human_confirmed
ai_trace_auto_value_visible_exact,ai_candidate_only_existing_human_value_under_review,human_confirm_source_table_before_any_use,p2_source_or_pdf_presence_gap,S110,BI-SI,BI,SI,0.52,353.0,latest_human_R2_CORRELATIONS,"Table 4, p.627",Table 4,BI;behavioral intention;behavioural intention;intention to use,SI;social influence,correlation;correlations;latent;table,S110,false,,false,false,true,S110,ok,true,true,/Users/newhosung/Library/CloudStorage/OneDrive-SharedLibraries-ThePennsylvaniaStateUniversity/AI Adoption Meta Analysis - Documents/Meta/AI Adoption/PDFs/S110.pdf,candidate_only_not_analytic_input_until_human_confirmed
ai_trace_auto_value_visible_exact,ai_candidate_only_existing_human_value_under_review,human_confirm_source_table_before_any_use,p2_source_or_pdf_presence_gap,S222,BI-EE,BI,EE,0.45,50.0,latest_human_R3_(합의) CORRELATIONS,"Table 6, p. 2028",Table 6,BI;behavioral intention;behavioural intention;continuance intention;intention to use,PEOU;ease of use;easy to use;effort expectancy;perceived ease of use,correlation;fornell;larcker;table,S222,false,,false,false,true,S222,ok,true,true,/Users/newhosung/Library/CloudStorage/OneDrive-SharedLibraries-ThePennsylvaniaStateUniversity/AI Adoption Meta Analysis - Documents/Meta/AI Adoption/PDFs/S222.pdf,candidate_only_not_analytic_input_until_human_confirmed
ai_trace_possible_value_visible_broad_match,ai_candidate_only_existing_human_value_under_review,human_check_broad_numeric_match_for_false_positive,p1_review_value_not_found_in_any_text,S222,BI-PE,BI,PE,0.58,50.0,latest_human_R3_(합의) CORRELATIONS,"Table 6, p.2028",Table 6,BI;behavioral intention;behavioural intention;continuance intention;intention to use,PE;PU;perceived usefulness;performance expectancy;useful;usefulness,correlation;fornell;larcker;table,S222,false,,false,false,true,S222,ok,false,true,/Users/newhosung/Library/CloudStorage/OneDrive-SharedLibraries-ThePennsylvaniaStateUniversity/AI Adoption Meta Analysis - Documents/Meta/AI Adoption/PDFs/S222.pdf,candidate_only_not_analytic_input_until_human_confirmed
ai_trace_possible_value_visible_broad_match,ai_candidate_only_existing_human_value_under_review,human_check_broad_numeric_match_for_false_positive,p1_review_value_not_found_in_any_text,S218,ATT-BI,ATT,BI,0.78,242.0,latest_human_R3_(합의) CORRELATIONS,"Table 1, p.5",Table 1,attitude;attitude toward;attitudes,behavioral intention;behavioural intention;intention to use,correlation;matrix;table,S218,false,,false,false,true,S218,ok,false,true,/Users/newhosung/Library/CloudStorage/OneDrive-SharedLibraries-ThePennsylvaniaStateUniversity/AI Adoption Meta Analysis - Documents/Meta/AI Adoption/PDFs/S218.pdf,candidate_only_not_analytic_input_until_human_confirmed
ai_trace_possible_value_visible_broad_match,ai_candidate_only_existing_human_value_under_review,human_check_broad_numeric_match_for_false_positive,p1_review_value_not_found_in_any_text,S218,ATT-EE,ATT,EE,0.68,242.0,latest_human_R3_(합의) CORRELATIONS,"Table 1, p. 5",Table 1,attitude;attitude toward;attitudes,ease of use;easy to use;perceived ease of use,correlation;matrix;table,S218,false,,false,false,true,S218,ok,false,true,/Users/newhosung/Library/CloudStorage/OneDrive-SharedLibraries-ThePennsylvaniaStateUniversity/AI Adoption Meta Analysis - Documents/Meta/AI Adoption/PDFs/S218.pdf,candidate_only_not_analytic_input_until_human_confirmed
ai_trace_auto_value_visible_exact,ai_candidate_only_existing_human_value_under_review,human_confirm_source_table_before_any_use,p1_review_value_not_found_in_any_text,S218,ATT-PE,ATT,PE,0.7,242.0,latest_human_R3_(합의) CORRELATIONS,"Table 1, p.5",Table 1,attitude;attitude toward;attitudes,perceived usefulness;useful;usefulness,correlation;matrix;table,S218,false,,false,false,true,S218,ok,true,true,/Users/newhosung/Library/CloudStorage/OneDrive-SharedLibraries-ThePennsylvaniaStateUniversity/AI Adoption Meta Analysis - Documents/Meta/AI Adoption/PDFs/S218.pdf,candidate_only_not_analytic_input_until_human_confirmed
ai_trace_auto_value_visible_exact,ai_candidate_only_existing_human_value_under_review,human_confirm_source_table_before_any_use,p2_source_or_pdf_presence_gap,S218,BI-EE,BI,EE,0.59,242.0,latest_human_R3_(합의) CORRELATIONS,"Table 1, p.5",Table 1,behavioral intention;behavioural intention;intention to use,ease of use;easy to use;perceived ease of use,correlation;matrix;table,S218,false,,false,false,true,S218,ok,true,true,/Users/newhosung/Library/CloudStorage/OneDrive-SharedLibraries-ThePennsylvaniaStateUniversity/AI Adoption Meta Analysis - Documents/Meta/AI Adoption/PDFs/S218.pdf,candidate_only_not_analytic_input_until_human_confirmed
ai_trace_possible_value_visible_broad_match,ai_candidate_only_existing_human_value_under_review,human_check_broad_numeric_match_for_false_positive,p1_review_value_not_found_in_any_text,S218,BI-PE,BI,PE,0.63,242.0,latest_human_R3_(합의) CORRELATIONS,"Table 1, p.5",Table 1,behavioral intention;behavioural intention;intention to use,perceived usefulness;useful;usefulness,correlation;matrix;table,S218,false,,false,false,true,S218,ok,false,true,/Users/newhosung/Library/CloudStorage/OneDrive-SharedLibraries-ThePennsylvaniaStateUniversity/AI Adoption Meta Analysis - Documents/Meta/AI Adoption/PDFs/S218.pdf,candidate_only_not_analytic_input_until_human_confirmed
ai_trace_auto_value_visible_exact,ai_candidate_only_existing_human_value_under_review,human_confirm_source_table_before_any_use,p2_source_or_pdf_presence_gap,S218,EE-PE,EE,PE,0.66,242.0,latest_human_R3_(합의) CORRELATIONS,"Table 1, p.5",Table 1,ease of use;easy to use;perceived ease of use,perceived usefulness;useful;usefulness,correlation;matrix;table,S218,false,,false,false,true,S218,ok,true,true,/Users/newhosung/Library/CloudStorage/OneDrive-SharedLibraries-ThePennsylvaniaStateUniversity/AI Adoption Meta Analysis - Documents/Meta/AI Adoption/PDFs/S218.pdf,candidate_only_not_analytic_input_until_human_confirmed
ai_trace_auto_value_visible_exact,ai_candidate_only_existing_human_value_under_review,human_confirm_source_table_before_any_use,p2_source_or_pdf_presence_gap,S185,ANX-ATT,ANX,ATT,0.46,298.0,latest_human_R3_(합의) CORRELATIONS,"Table 3, p.7",Table 3,anxiety;apprehension,ATT;attitude;attitude toward;attitudes,correlation;fornell;larcker;table,S185,false,,false,false,true,S185,ok,true,true,/Users/newhosung/Library/CloudStorage/OneDrive-SharedLibraries-ThePennsylvaniaStateUniversity/AI Adoption Meta Analysis - Documents/Meta/AI Adoption/PDFs/S185.pdf,candidate_only_not_analytic_input_until_human_confirmed
ai_trace_auto_value_visible_exact,ai_candidate_only_existing_human_value_under_review,human_confirm_source_table_before_any_use,p2_source_or_pdf_presence_gap,S185,ANX-EE,ANX,EE,0.473,298.0,latest_human_R3_(합의) CORRELATIONS,,,anxiety;apprehension,ease of use;easy to use;perceived ease of use,correlation;fornell;larcker;table,S185,false,,false,false,true,S185,ok,true,true,/Users/newhosung/Library/CloudStorage/OneDrive-SharedLibraries-ThePennsylvaniaStateUniversity/AI Adoption Meta Analysis - Documents/Meta/AI Adoption/PDFs/S185.pdf,candidate_only_not_analytic_input_until_human_confirmed
ai_trace_auto_value_visible_exact,ai_candidate_only_existing_human_value_under_review,human_confirm_source_table_before_any_use,p2_source_or_pdf_presence_gap,S185,ANX-PE,ANX,PE,0.435,298.0,latest_human_R3_(합의) CORRELATIONS,,,anxiety;apprehension,PE;PU;perceived usefulness;useful;usefulness,correlation;fornell;larcker;table,S185,false,,false,false,true,S185,ok,true,true,/Users/newhosung/Library/CloudStorage/OneDrive-SharedLibraries-ThePennsylvaniaStateUniversity/AI Adoption Meta Analysis - Documents/Meta/AI Adoption/PDFs/S185.pdf,candidate_only_not_analytic_input_until_human_confirmed
ai_trace_auto_value_visible_exact,ai_candidate_only_existing_human_value_under_review,human_confirm_source_table_before_any_use,p2_source_or_pdf_presence_gap,S185,ANX-SI,ANX,SI,0.216,298.0,latest_human_R3_(합의) CORRELATIONS,,,anxiety;apprehension,social influence;subjective norm,correlation;fornell;larcker;table,S185,false,,false,false,true,S185,ok,true,true,/Users/newhosung/Library/CloudStorage/OneDrive-SharedLibraries-ThePennsylvaniaStateUniversity/AI Adoption Meta Analysis - Documents/Meta/AI Adoption/PDFs/S185.pdf,candidate_only_not_analytic_input_until_human_confirmed
ai_trace_auto_value_visible_exact,ai_candidate_only_existing_human_value_under_review,human_confirm_source_table_before_any_use,p2_source_or_pdf_presence_gap,S185,ATT-BI,ATT,BI,0.453,298.0,latest_human_R3_(합의) CORRELATIONS,Table3,,ATT;attitude;attitude toward;attitudes,BI;behavioral intention;intention to use;usage intention,correlation;fornell;larcker;table,S185,false,,false,false,true,S185,ok,true,true,/Users/newhosung/Library/CloudStorage/OneDrive-SharedLibraries-ThePennsylvaniaStateUniversity/AI Adoption Meta Analysis - Documents/Meta/AI Adoption/PDFs/S185.pdf,candidate_only_not_analytic_input_until_human_confirmed
ai_trace_auto_value_visible_exact,ai_candidate_only_existing_human_value_under_review,human_confirm_source_table_before_any_use,p2_source_or_pdf_presence_gap,S185,ATT-EE,ATT,EE,0.473,298.0,latest_human_R3_(합의) CORRELATIONS,Table3,,ATT;attitude;attitude toward;attitudes,ease of use;easy to use;perceived ease of use,correlation;fornell;larcker;table,S185,false,,false,false,true,S185,ok,true,true,/Users/newhosung/Library/CloudStorage/OneDrive-SharedLibraries-ThePennsylvaniaStateUniversity/AI Adoption Meta Analysis - Documents/Meta/AI Adoption/PDFs/S185.pdf,candidate_only_not_analytic_input_until_human_confirmed
ai_trace_auto_value_visible_exact,ai_candidate_only_existing_human_value_under_review,human_confirm_source_table_before_any_use,p2_source_or_pdf_presence_gap,S185,ATT-PE,ATT,PE,0.504,298.0,latest_human_R3_(합의) CORRELATIONS,Table3,,ATT;attitude;attitude toward;attitudes,PE;PU;perceived usefulness;useful;usefulness,correlation;fornell;larcker;table,S185,false,,false,false,true,S185,ok,true,true,/Users/newhosung/Library/CloudStorage/OneDrive-SharedLibraries-ThePennsylvaniaStateUniversity/AI Adoption Meta Analysis - Documents/Meta/AI Adoption/PDFs/S185.pdf,candidate_only_not_analytic_input_until_human_confirmed
ai_trace_auto_value_visible_exact,ai_candidate_only_existing_human_value_under_review,human_confirm_source_table_before_any_use,p2_source_or_pdf_presence_gap,S185,ATT-SI,ATT,SI,0.207,298.0,latest_human_R3_(합의) CORRELATIONS,Table3,,ATT;attitude;attitude toward;attitudes,social influence;subjective norm,correlation;fornell;larcker;table,S185,false,,false,false,true,S185,ok,true,true,/Users/newhosung/Library/CloudStorage/OneDrive-SharedLibraries-ThePennsylvaniaStateUniversity/AI Adoption Meta Analysis - Documents/Meta/AI Adoption/PDFs/S185.pdf,candidate_only_not_analytic_input_until_human_confirmed
ai_trace_auto_value_visible_exact,ai_candidate_only_existing_human_value_under_review,human_confirm_source_table_before_any_use,p2_source_or_pdf_presence_gap,S185,BI-EE,BI,EE,0.524,298.0,latest_human_R3_(합의) CORRELATIONS,Table3,,BI;behavioral intention;intention to use;usage intention,ease of use;easy to use;perceived ease of use,correlation;fornell;larcker;table,S185,false,,false,false,true,S185,ok,true,true,/Users/newhosung/Library/CloudStorage/OneDrive-SharedLibraries-ThePennsylvaniaStateUniversity/AI Adoption Meta Analysis - Documents/Meta/AI Adoption/PDFs/S185.pdf,candidate_only_not_analytic_input_until_human_confirmed
ai_trace_auto_value_visible_exact,ai_candidate_only_existing_human_value_under_review,human_confirm_source_table_before_any_use,p2_source_or_pdf_presence_gap,S185,BI-PE,BI,PE,0.459,298.0,latest_human_R3_(합의) CORRELATIONS,Table3,,BI;behavioral intention;intention to use;usage intention,PE;PU;perceived usefulness;useful;usefulness,correlation;fornell;larcker;table,S185,false,,false,false,true,S185,ok,true,true,/Users/newhosung/Library/CloudStorage/OneDrive-SharedLibraries-ThePennsylvaniaStateUniversity/AI Adoption Meta Analysis - Documents/Meta/AI Adoption/PDFs/S185.pdf,candidate_only_not_analytic_input_until_human_confirmed
ai_trace_auto_value_visible_exact,ai_candidate_only_existing_human_value_under_review,human_confirm_source_table_before_any_use,p2_source_or_pdf_presence_gap,S185,BI-SI,BI,SI,0.433,298.0,latest_human_R3_(합의) CORRELATIONS,,,BI;behavioral intention;intention to use;usage intention,social influence;subjective norm,correlation;fornell;larcker;table,S185,false,,false,false,true,S185,ok,true,true,/Users/newhosung/Library/CloudStorage/OneDrive-SharedLibraries-ThePennsylvaniaStateUniversity/AI Adoption Meta Analysis - Documents/Meta/AI Adoption/PDFs/S185.pdf,candidate_only_not_analytic_input_until_human_confirmed
ai_trace_auto_value_visible_exact,ai_candidate_only_existing_human_value_under_review,human_confirm_source_table_before_any_use,p2_source_or_pdf_presence_gap,S185,EE-PE,EE,PE,0.482,298.0,latest_human_R3_(합의) CORRELATIONS,Table3,,ease of use;easy to use;perceived ease of use,PE;PU;perceived usefulness;useful;usefulness,correlation;fornell;larcker;table,S185,false,,false,false,true,S185,ok,true,true,/Users/newhosung/Library/CloudStorage/OneDrive-SharedLibraries-ThePennsylvaniaStateUniversity/AI Adoption Meta Analysis - Documents/Meta/AI Adoption/PDFs/S185.pdf,candidate_only_not_analytic_input_until_human_confirmed
ai_trace_auto_value_visible_exact,ai_candidate_only_existing_human_value_under_review,human_confirm_source_table_before_any_use,p2_source_or_pdf_presence_gap,S185,EE-SI,EE,SI,0.279,298.0,latest_human_R3_(합의) CORRELATIONS,Table3,,ease of use;easy to use;perceived ease of use,social influence;subjective norm,correlation;fornell;larcker;table,S185,false,,false,false,true,S185,ok,true,true,/Users/newhosung/Library/CloudStorage/OneDrive-SharedLibraries-ThePennsylvaniaStateUniversity/AI Adoption Meta Analysis - Documents/Meta/AI Adoption/PDFs/S185.pdf,candidate_only_not_analytic_input_until_human_confirmed
ai_trace_auto_value_visible_exact,ai_candidate_only_existing_human_value_under_review,human_confirm_source_table_before_any_use,p2_source_or_pdf_presence_gap,S185,PE-SI,PE,SI,0.28,298.0,latest_human_R3_(합의) CORRELATIONS,Table3,,PE;PU;perceived usefulness;useful;usefulness,social influence;subjective norm,correlation;fornell;larcker;table,S185,false,,false,false,true,S185,ok,true,true,/Users/newhosung/Library/CloudStorage/OneDrive-SharedLibraries-ThePennsylvaniaStateUniversity/AI Adoption Meta Analysis - Documents/Meta/AI Adoption/PDFs/S185.pdf,candidate_only_not_analytic_input_until_human_confirmed
ai_trace_auto_value_visible_exact,ai_candidate_only_existing_human_value_under_review,human_confirm_source_table_before_any_use,p2_source_or_pdf_presence_gap,S194,BI-EE,BI,EE,0.44,469.0,latest_human_R3_(합의) CORRELATIONS,"Table 3, p.825",Table 3,BI;behavioral intention;behavioural intention;intention to use,EE;PEOU;ease of use;easy to use;effort expectancy;perceived ease of use,correlation;fornell;larcker;latent;table,S194,false,,false,false,true,S194,ok,true,true,/Users/newhosung/Library/CloudStorage/OneDrive-SharedLibraries-ThePennsylvaniaStateUniversity/AI Adoption Meta Analysis - Documents/Meta/AI Adoption/PDFs/S194.pdf,candidate_only_not_analytic_input_until_human_confirmed
ai_trace_auto_value_visible_exact,ai_candidate_only_existing_human_value_under_review,human_confirm_source_table_before_any_use,p2_source_or_pdf_presence_gap,S194,BI-FC,BI,FC,0.49,469.0,latest_human_R3_(합의) CORRELATIONS,"Table 3, p.825",Table 3,BI;behavioral intention;behavioural intention;intention to use,FC;facilitating;facilitating condition;facilitating conditions;resources;support,correlation;fornell;larcker;latent;table,S194,false,,false,false,true,S194,ok,true,true,/Users/newhosung/Library/CloudStorage/OneDrive-SharedLibraries-ThePennsylvaniaStateUniversity/AI Adoption Meta Analysis - Documents/Meta/AI Adoption/PDFs/S194.pdf,candidate_only_not_analytic_input_until_human_confirmed
ai_trace_auto_value_visible_exact,ai_candidate_only_existing_human_value_under_review,human_confirm_source_table_before_any_use,p2_source_or_pdf_presence_gap,S194,BI-PE,BI,PE,-0.08,469.0,latest_human_R3_(합의) CORRELATIONS,"Table 3, p.825",Table 3,BI;behavioral intention;behavioural intention;intention to use,PE;PU;perceived usefulness;performance expectancy;useful;usefulness,correlation;fornell;larcker;latent;table,S194,false,,false,false,true,S194,ok,true,true,/Users/newhosung/Library/CloudStorage/OneDrive-SharedLibraries-ThePennsylvaniaStateUniversity/AI Adoption Meta Analysis - Documents/Meta/AI Adoption/PDFs/S194.pdf,candidate_only_not_analytic_input_until_human_confirmed
ai_trace_auto_value_visible_exact,ai_candidate_only_existing_human_value_under_review,human_confirm_source_table_before_any_use,p2_source_or_pdf_presence_gap,S194,BI-SI,BI,SI,0.62,469.0,latest_human_R3_(합의) CORRELATIONS,"Table 3, p.825",Table 3,BI;behavioral intention;behavioural intention;intention to use,SI;social influence,correlation;fornell;larcker;latent;table,S194,false,,false,false,true,S194,ok,true,true,/Users/newhosung/Library/CloudStorage/OneDrive-SharedLibraries-ThePennsylvaniaStateUniversity/AI Adoption Meta Analysis - Documents/Meta/AI Adoption/PDFs/S194.pdf,candidate_only_not_analytic_input_until_human_confirmed
ai_trace_auto_value_visible_exact,ai_candidate_only_existing_human_value_under_review,human_confirm_source_table_before_any_use,p2_source_or_pdf_presence_gap,S194,BI-UB,BI,UB,0.64,469.0,latest_human_R3_(합의) CORRELATIONS,"Table 3, p.825",Table 3,BI;behavioral intention;behavioural intention;intention to use,UB;actual use;usage behavior;use;use behavior,correlation;fornell;larcker;latent;table,S194,false,,false,false,true,S194,ok,true,true,/Users/newhosung/Library/CloudStorage/OneDrive-SharedLibraries-ThePennsylvaniaStateUniversity/AI Adoption Meta Analysis - Documents/Meta/AI Adoption/PDFs/S194.pdf,candidate_only_not_analytic_input_until_human_confirmed
ai_trace_auto_value_visible_exact,ai_candidate_only_existing_human_value_under_review,human_confirm_source_table_before_any_use,p2_source_or_pdf_presence_gap,S194,EE-FC,EE,FC,0.55,469.0,latest_human_R3_(합의) CORRELATIONS,"Table 3, p.825",Table 3,EE;PEOU;ease of use;easy to use;effort expectancy;perceived ease of use,FC;facilitating;facilitating condition;facilitating conditions;resources;support,correlation;fornell;larcker;latent;table,S194,false,,false,false,true,S194,ok,true,true,/Users/newhosung/Library/CloudStorage/OneDrive-SharedLibraries-ThePennsylvaniaStateUniversity/AI Adoption Meta Analysis - Documents/Meta/AI Adoption/PDFs/S194.pdf,candidate_only_not_analytic_input_until_human_confirmed
ai_trace_auto_value_visible_exact,ai_candidate_only_existing_human_value_under_review,human_confirm_source_table_before_any_use,p2_source_or_pdf_presence_gap,S194,EE-PE,EE,PE,-0.1,469.0,latest_human_R3_(합의) CORRELATIONS,"Table 3, p.825",Table 3,EE;PEOU;ease of use;easy to use;effort expectancy;perceived ease of use,PE;PU;perceived usefulness;performance expectancy;useful;usefulness,correlation;fornell;larcker;latent;table,S194,false,,false,false,true,S194,ok,true,true,/Users/newhosung/Library/CloudStorage/OneDrive-SharedLibraries-ThePennsylvaniaStateUniversity/AI Adoption Meta Analysis - Documents/Meta/AI Adoption/PDFs/S194.pdf,candidate_only_not_analytic_input_until_human_confirmed
ai_trace_auto_value_visible_exact,ai_candidate_only_existing_human_value_under_review,human_confirm_source_table_before_any_use,p2_source_or_pdf_presence_gap,S194,EE-SI,EE,SI,0.52,469.0,latest_human_R3_(합의) CORRELATIONS,"Table 3, p.825",Table 3,EE;PEOU;ease of use;easy to use;effort expectancy;perceived ease of use,SI;social influence,correlation;fornell;larcker;latent;table,S194,false,,false,false,true,S194,ok,true,true,/Users/newhosung/Library/CloudStorage/OneDrive-SharedLibraries-ThePennsylvaniaStateUniversity/AI Adoption Meta Analysis - Documents/Meta/AI Adoption/PDFs/S194.pdf,candidate_only_not_analytic_input_until_human_confirmed
ai_trace_auto_value_visible_exact,ai_candidate_only_existing_human_value_under_review,human_confirm_source_table_before_any_use,p2_source_or_pdf_presence_gap,S194,EE-UB,EE,UB,0.49,469.0,latest_human_R3_(합의) CORRELATIONS,"Table 3, p.825",Table 3,EE;PEOU;ease of use;easy to use;effort expectancy;perceived ease of use,UB;actual use;usage behavior;use;use behavior,correlation;fornell;larcker;latent;table,S194,false,,false,false,true,S194,ok,true,true,/Users/newhosung/Library/CloudStorage/OneDrive-SharedLibraries-ThePennsylvaniaStateUniversity/AI Adoption Meta Analysis - Documents/Meta/AI Adoption/PDFs/S194.pdf,candidate_only_not_analytic_input_until_human_confirmed
ai_trace_auto_value_visible_exact,ai_candidate_only_existing_human_value_under_review,human_confirm_source_table_before_any_use,p2_source_or_pdf_presence_gap,S194,FC-PE,FC,PE,-0.12,469.0,latest_human_R3_(합의) CORRELATIONS,"Table 3, p.825",Table 3,FC;facilitating;facilitating condition;facilitating conditions;resources;support,PE;PU;perceived usefulness;performance expectancy;useful;usefulness,correlation;fornell;larcker;latent;table,S194,false,,false,false,true,S194,ok,true,true,/Users/newhosung/Library/CloudStorage/OneDrive-SharedLibraries-ThePennsylvaniaStateUniversity/AI Adoption Meta Analysis - Documents/Meta/AI Adoption/PDFs/S194.pdf,candidate_only_not_analytic_input_until_human_confirmed
ai_trace_auto_value_visible_exact,ai_candidate_only_existing_human_value_under_review,human_confirm_source_table_before_any_use,p2_source_or_pdf_presence_gap,S194,FC-SI,FC,SI,0.59,469.0,latest_human_R3_(합의) CORRELATIONS,"Table 3, p.825",Table 3,FC;facilitating;facilitating condition;facilitating conditions;resources;support,SI;social influence,correlation;fornell;larcker;latent;table,S194,false,,false,false,true,S194,ok,true,true,/Users/newhosung/Library/CloudStorage/OneDrive-SharedLibraries-ThePennsylvaniaStateUniversity/AI Adoption Meta Analysis - Documents/Meta/AI Adoption/PDFs/S194.pdf,candidate_only_not_analytic_input_until_human_confirmed
ai_trace_auto_value_visible_exact,ai_candidate_only_existing_human_value_under_review,human_confirm_source_table_before_any_use,p2_source_or_pdf_presence_gap,S194,FC-UB,FC,UB,0.52,469.0,latest_human_R3_(합의) CORRELATIONS,"Table 3, p.825",Table 3,FC;facilitating;facilitating condition;facilitating conditions;resources;support,UB;actual use;usage behavior;use;use behavior,correlation;fornell;larcker;latent;table,S194,false,,false,false,true,S194,ok,true,true,/Users/newhosung/Library/CloudStorage/OneDrive-SharedLibraries-ThePennsylvaniaStateUniversity/AI Adoption Meta Analysis - Documents/Meta/AI Adoption/PDFs/S194.pdf,candidate_only_not_analytic_input_until_human_confirmed
ai_trace_auto_value_visible_exact,ai_candidate_only_existing_human_value_under_review,human_confirm_source_table_before_any_use,p2_source_or_pdf_presence_gap,S194,PE-SI,PE,SI,-0.12,469.0,latest_human_R3_(합의) CORRELATIONS,"Table 3, p.825",Table 3,PE;PU;perceived usefulness;performance expectancy;useful;usefulness,SI;social influence,correlation;fornell;larcker;latent;table,S194,false,,false,false,true,S194,ok,true,true,/Users/newhosung/Library/CloudStorage/OneDrive-SharedLibraries-ThePennsylvaniaStateUniversity/AI Adoption Meta Analysis - Documents/Meta/AI Adoption/PDFs/S194.pdf,candidate_only_not_analytic_input_until_human_confirmed
ai_trace_auto_value_visible_exact,ai_candidate_only_existing_human_value_under_review,human_confirm_source_table_before_any_use,p2_source_or_pdf_presence_gap,S194,PE-UB,PE,UB,-0.05,469.0,latest_human_R3_(합의) CORRELATIONS,"Table 3, p.825",Table 3,PE;PU;perceived usefulness;performance expectancy;useful;usefulness,UB;actual use;usage behavior;use;use behavior,correlation;fornell;larcker;latent;table,S194,false,,false,false,true,S194,ok,true,true,/Users/newhosung/Library/CloudStorage/OneDrive-SharedLibraries-ThePennsylvaniaStateUniversity/AI Adoption Meta Analysis - Documents/Meta/AI Adoption/PDFs/S194.pdf,candidate_only_not_analytic_input_until_human_confirmed
ai_trace_auto_value_visible_exact,ai_candidate_only_existing_human_value_under_review,human_confirm_source_table_before_any_use,p2_source_or_pdf_presence_gap,S194,SI-UB,SI,UB,0.56,469.0,latest_human_R3_(합의) CORRELATIONS,"Table 3, p.825",Table 3,SI;social influence,UB;actual use;usage behavior;use;use behavior,correlation;fornell;larcker;latent;table,S194,false,,false,false,true,S194,ok,true,true,/Users/newhosung/Library/CloudStorage/OneDrive-SharedLibraries-ThePennsylvaniaStateUniversity/AI Adoption Meta Analysis - Documents/Meta/AI Adoption/PDFs/S194.pdf,candidate_only_not_analytic_input_until_human_confirmed
ai_trace_auto_value_visible_exact,ai_candidate_only_existing_human_value_under_review,human_confirm_source_table_before_any_use,p2_source_or_pdf_presence_gap,S208,BI-EE,BI,EE,0.43,526.0,latest_human_R3_(합의) CORRELATIONS,"Table 2, p.829",Table 2,behavioural intention;usage intention,EE;ease of use;effort expectancy,correlation;correlations;fornell;larcker;latent;matrix;table,S208,false,,false,false,true,S208,ok,true,true,/Users/newhosung/Library/CloudStorage/OneDrive-SharedLibraries-ThePennsylvaniaStateUniversity/AI Adoption Meta Analysis - Documents/Meta/AI Adoption/PDFs/S208.pdf,candidate_only_not_analytic_input_until_human_confirmed
ai_trace_auto_value_visible_exact,ai_candidate_only_existing_human_value_under_review,human_confirm_source_table_before_any_use,p1_review_value_not_found_in_any_text,S208,BI-PE,BI,PE,0.24,526.0,latest_human_R3_(합의) CORRELATIONS,"Table 2, p.829",Table 2,behavioural intention;usage intention,PE;performance expectancy,correlation;correlations;fornell;larcker;latent;matrix;table,S208,false,,false,false,true,S208,ok,true,true,/Users/newhosung/Library/CloudStorage/OneDrive-SharedLibraries-ThePennsylvaniaStateUniversity/AI Adoption Meta Analysis - Documents/Meta/AI Adoption/PDFs/S208.pdf,candidate_only_not_analytic_input_until_human_confirmed
ai_trace_auto_value_visible_exact,ai_candidate_only_existing_human_value_under_review,human_confirm_source_table_before_any_use,p2_source_or_pdf_presence_gap,S208,BI-SI,BI,SI,0.46,526.0,latest_human_R3_(합의) CORRELATIONS,"Table 2, p.829",Table 2,behavioural intention;usage intention,SI;social influence,correlation;correlations;fornell;larcker;latent;matrix;table,S208,false,,false,false,true,S208,ok,true,true,/Users/newhosung/Library/CloudStorage/OneDrive-SharedLibraries-ThePennsylvaniaStateUniversity/AI Adoption Meta Analysis - Documents/Meta/AI Adoption/PDFs/S208.pdf,candidate_only_not_analytic_input_until_human_confirmed
ai_trace_auto_value_visible_exact,ai_candidate_only_existing_human_value_under_review,human_confirm_source_table_before_any_use,p2_source_or_pdf_presence_gap,S208,BI-TRU,BI,TRU,0.52,526.0,latest_human_R3_(합의) CORRELATIONS,"Table 2, p.829",Table 2,behavioural intention;usage intention,trust,correlation;correlations;fornell;larcker;latent;matrix;table,S208,false,,false,false,true,S208,ok,true,true,/Users/newhosung/Library/CloudStorage/OneDrive-SharedLibraries-ThePennsylvaniaStateUniversity/AI Adoption Meta Analysis - Documents/Meta/AI Adoption/PDFs/S208.pdf,candidate_only_not_analytic_input_until_human_confirmed
ai_trace_auto_value_visible_exact,ai_candidate_only_existing_human_value_under_review,human_confirm_source_table_before_any_use,p2_source_or_pdf_presence_gap,S208,EE-PE,EE,PE,0.4,526.0,latest_human_R3_(합의) CORRELATIONS,"Table 2, p.829",Table 2,EE;ease of use;effort expectancy,PE;performance expectancy,correlation;correlations;fornell;larcker;latent;matrix;table,S208,false,,false,false,true,S208,ok,true,true,/Users/newhosung/Library/CloudStorage/OneDrive-SharedLibraries-ThePennsylvaniaStateUniversity/AI Adoption Meta Analysis - Documents/Meta/AI Adoption/PDFs/S208.pdf,candidate_only_not_analytic_input_until_human_confirmed
ai_trace_auto_value_visible_exact,ai_candidate_only_existing_human_value_under_review,human_confirm_source_table_before_any_use,p2_source_or_pdf_presence_gap,S208,EE-SI,EE,SI,0.36,526.0,latest_human_R3_(합의) CORRELATIONS,"Table 2, p.829",Table 2,EE;ease of use;effort expectancy,SI;social influence,correlation;correlations;fornell;larcker;latent;matrix;table,S208,false,,false,false,true,S208,ok,true,true,/Users/newhosung/Library/CloudStorage/OneDrive-SharedLibraries-ThePennsylvaniaStateUniversity/AI Adoption Meta Analysis - Documents/Meta/AI Adoption/PDFs/S208.pdf,candidate_only_not_analytic_input_until_human_confirmed
ai_trace_auto_value_visible_exact,ai_candidate_only_existing_human_value_under_review,human_confirm_source_table_before_any_use,p2_source_or_pdf_presence_gap,S208,EE-TRU,EE,TRU,0.39,526.0,latest_human_R3_(합의) CORRELATIONS,"Table 2, p. 829",Table 2,EE;ease of use;effort expectancy,trust,correlation;correlations;fornell;larcker;latent;matrix;table,S208,false,,false,false,true,S208,ok,true,true,/Users/newhosung/Library/CloudStorage/OneDrive-SharedLibraries-ThePennsylvaniaStateUniversity/AI Adoption Meta Analysis - Documents/Meta/AI Adoption/PDFs/S208.pdf,candidate_only_not_analytic_input_until_human_confirmed
ai_trace_auto_value_visible_exact,ai_candidate_only_existing_human_value_under_review,human_confirm_source_table_before_any_use,p1_review_value_not_found_in_any_text,S208,PE-SI,PE,SI,0.29,526.0,latest_human_R3_(합의) CORRELATIONS,"Table 2, p. 829",Table 2,PE;performance expectancy,SI;social influence,correlation;correlations;fornell;larcker;latent;matrix;table,S208,false,,false,false,true,S208,ok,true,true,/Users/newhosung/Library/CloudStorage/OneDrive-SharedLibraries-ThePennsylvaniaStateUniversity/AI Adoption Meta Analysis - Documents/Meta/AI Adoption/PDFs/S208.pdf,candidate_only_not_analytic_input_until_human_confirmed
ai_trace_auto_value_visible_exact,ai_candidate_only_existing_human_value_under_review,human_confirm_source_table_before_any_use,p1_review_value_not_found_in_any_text,S208,PE-TRU,PE,TRU,0.29,526.0,latest_human_R3_(합의) CORRELATIONS,"Table 2, p. 829",Table 2,PE;performance expectancy,trust,correlation;correlations;fornell;larcker;latent;matrix;table,S208,false,,false,false,true,S208,ok,true,true,/Users/newhosung/Library/CloudStorage/OneDrive-SharedLibraries-ThePennsylvaniaStateUniversity/AI Adoption Meta Analysis - Documents/Meta/AI Adoption/PDFs/S208.pdf,candidate_only_not_analytic_input_until_human_confirmed
ai_trace_auto_value_visible_exact,ai_candidate_only_existing_human_value_under_review,human_confirm_source_table_before_any_use,p1_review_value_not_found_in_any_text,S208,SI-TRU,SI,TRU,0.24,526.0,latest_human_R3_(합의) CORRELATIONS,"Table 2, p.829",Table 2,SI;social influence,trust,correlation;correlations;fornell;larcker;latent;matrix;table,S208,false,,false,false,true,S208,ok,true,true,/Users/newhosung/Library/CloudStorage/OneDrive-SharedLibraries-ThePennsylvaniaStateUniversity/AI Adoption Meta Analysis - Documents/Meta/AI Adoption/PDFs/S208.pdf,candidate_only_not_analytic_input_until_human_confirmed
ai_trace_possible_value_visible_broad_match,ai_candidate_only_existing_human_value_under_review,human_check_broad_numeric_match_for_false_positive,p1_review_value_not_found_in_any_text,S028,ATT-BI,ATT,BI,0.87,508.0,latest_human_R3_(합의) CORRELATIONS,"Table 4, p. 7",Table 4,attitude;attitude toward;attitudes,behavioral intention;intention to use;usage intention,correlation;latent;table,S028,false,,false,false,true,S028,ok,false,true,/Users/newhosung/Library/CloudStorage/OneDrive-SharedLibraries-ThePennsylvaniaStateUniversity/AI Adoption Meta Analysis - Documents/Meta/AI Adoption/PDFs/S028.pdf,candidate_only_not_analytic_input_until_human_confirmed
ai_trace_auto_value_visible_exact,ai_candidate_only_existing_human_value_under_review,human_confirm_source_table_before_any_use,p2_source_or_pdf_presence_gap,S028,ATT-EE,ATT,EE,0.63,508.0,latest_human_R3_(합의) CORRELATIONS,"Table 4, p.7",Table 4,attitude;attitude toward;attitudes,PEOU;ease of use;easy to use;perceived ease of use,correlation;latent;table,S028,false,,false,false,true,S028,ok,true,true,/Users/newhosung/Library/CloudStorage/OneDrive-SharedLibraries-ThePennsylvaniaStateUniversity/AI Adoption Meta Analysis - Documents/Meta/AI Adoption/PDFs/S028.pdf,candidate_only_not_analytic_input_until_human_confirmed
ai_trace_possible_value_visible_broad_match,ai_candidate_only_existing_human_value_under_review,human_check_broad_numeric_match_for_false_positive,p1_review_value_not_found_in_any_text,S028,ATT-PE,ATT,PE,0.8,508.0,latest_human_R3_(합의) CORRELATIONS,"Table 4, p. 7",Table 4,attitude;attitude toward;attitudes,PU;perceived usefulness;useful;usefulness,correlation;latent;table,S028,false,,false,false,true,S028,ok,false,true,/Users/newhosung/Library/CloudStorage/OneDrive-SharedLibraries-ThePennsylvaniaStateUniversity/AI Adoption Meta Analysis - Documents/Meta/AI Adoption/PDFs/S028.pdf,candidate_only_not_analytic_input_until_human_confirmed
ai_trace_possible_value_visible_broad_match,ai_candidate_only_existing_human_value_under_review,human_check_broad_numeric_match_for_false_positive,p1_review_value_not_found_in_any_text,S028,ATT-SE,ATT,SE,0.72,508.0,latest_human_R3_(합의) CORRELATIONS,"Table 4, p.7",Table 4,attitude;attitude toward;attitudes,computer self-efficacy;efficacy;self-efficacy,correlation;latent;table,S028,false,,false,false,true,S028,ok,false,true,/Users/newhosung/Library/CloudStorage/OneDrive-SharedLibraries-ThePennsylvaniaStateUniversity/AI Adoption Meta Analysis - Documents/Meta/AI Adoption/PDFs/S028.pdf,candidate_only_not_analytic_input_until_human_confirmed
ai_trace_possible_value_visible_broad_match,ai_candidate_only_existing_human_value_under_review,human_check_broad_numeric_match_for_false_positive,p1_review_value_not_found_in_any_text,S028,BI-EE,BI,EE,0.62,508.0,latest_human_R3_(합의) CORRELATIONS,"Table 4, p. 7",Table 4,behavioral intention;intention to use;usage intention,PEOU;ease of use;easy to use;perceived ease of use,correlation;latent;table,S028,false,,false,false,true,S028,ok,false,true,/Users/newhosung/Library/CloudStorage/OneDrive-SharedLibraries-ThePennsylvaniaStateUniversity/AI Adoption Meta Analysis - Documents/Meta/AI Adoption/PDFs/S028.pdf,candidate_only_not_analytic_input_until_human_confirmed
ai_trace_auto_value_visible_exact,ai_candidate_only_existing_human_value_under_review,human_confirm_source_table_before_any_use,p2_source_or_pdf_presence_gap,S028,BI-PE,BI,PE,0.82,508.0,latest_human_R3_(합의) CORRELATIONS,"Table 4, p.7",Table 4,behavioral intention;intention to use;usage intention,PU;perceived usefulness;useful;usefulness,correlation;latent;table,S028,false,,false,false,true,S028,ok,true,true,/Users/newhosung/Library/CloudStorage/OneDrive-SharedLibraries-ThePennsylvaniaStateUniversity/AI Adoption Meta Analysis - Documents/Meta/AI Adoption/PDFs/S028.pdf,candidate_only_not_analytic_input_until_human_confirmed
ai_trace_possible_value_visible_broad_match,ai_candidate_only_existing_human_value_under_review,human_check_broad_numeric_match_for_false_positive,p1_review_value_not_found_in_any_text,S028,BI-SE,BI,SE,0.68,508.0,latest_human_R3_(합의) CORRELATIONS,"Table 4, p. 7",Table 4,behavioral intention;intention to use;usage intention,computer self-efficacy;efficacy;self-efficacy,correlation;latent;table,S028,false,,false,false,true,S028,ok,false,true,/Users/newhosung/Library/CloudStorage/OneDrive-SharedLibraries-ThePennsylvaniaStateUniversity/AI Adoption Meta Analysis - Documents/Meta/AI Adoption/PDFs/S028.pdf,candidate_only_not_analytic_input_until_human_confirmed
ai_trace_possible_value_visible_broad_match,ai_candidate_only_existing_human_value_under_review,human_check_broad_numeric_match_for_false_positive,p1_review_value_not_found_in_any_text,S028,EE-PE,EE,PE,0.66,508.0,latest_human_R3_(합의) CORRELATIONS,"Table 4, p. 7",Table 4,PEOU;ease of use;easy to use;perceived ease of use,PU;perceived usefulness;useful;usefulness,correlation;latent;table,S028,false,,false,false,true,S028,ok,false,true,/Users/newhosung/Library/CloudStorage/OneDrive-SharedLibraries-ThePennsylvaniaStateUniversity/AI Adoption Meta Analysis - Documents/Meta/AI Adoption/PDFs/S028.pdf,candidate_only_not_analytic_input_until_human_confirmed
ai_trace_possible_value_visible_broad_match,ai_candidate_only_existing_human_value_under_review,human_check_broad_numeric_match_for_false_positive,p1_review_value_not_found_in_any_text,S028,EE-SE,EE,SE,0.79,508.0,latest_human_R3_(합의) CORRELATIONS,"Table 4, p.7",Table 4,PEOU;ease of use;easy to use;perceived ease of use,computer self-efficacy;efficacy;self-efficacy,correlation;latent;table,S028,false,,false,false,true,S028,ok,false,true,/Users/newhosung/Library/CloudStorage/OneDrive-SharedLibraries-ThePennsylvaniaStateUniversity/AI Adoption Meta Analysis - Documents/Meta/AI Adoption/PDFs/S028.pdf,candidate_only_not_analytic_input_until_human_confirmed
ai_trace_auto_value_visible_exact,ai_candidate_only_existing_human_value_under_review,human_confirm_source_table_before_any_use,p2_source_or_pdf_presence_gap,S028,PE-SE,PE,SE,0.74,508.0,latest_human_R3_(합의) CORRELATIONS,"Table 4, p. 7",Table 4,PU;perceived usefulness;useful;usefulness,computer self-efficacy;efficacy;self-efficacy,correlation;latent;table,S028,false,,false,false,true,S028,ok,true,true,/Users/newhosung/Library/CloudStorage/OneDrive-SharedLibraries-ThePennsylvaniaStateUniversity/AI Adoption Meta Analysis - Documents/Meta/AI Adoption/PDFs/S028.pdf,candidate_only_not_analytic_input_until_human_confirmed
ai_trace_auto_value_visible_exact,ai_candidate_only_existing_human_value_under_review,human_confirm_source_table_before_any_use,p2_source_or_pdf_presence_gap,S059,ATT-BI,ATT,BI,0.9,645.0,latest_human_R3_(합의) CORRELATIONS,"Table 4, p.9",Table 4,attitude;attitudes,behavioural intention;intention to use,correlation;correlations;table,S059,false,,false,false,true,S059,ok,true,true,/Users/newhosung/Library/CloudStorage/OneDrive-SharedLibraries-ThePennsylvaniaStateUniversity/AI Adoption Meta Analysis - Documents/Meta/AI Adoption/PDFs/S059.pdf,candidate_only_not_analytic_input_until_human_confirmed
ai_trace_auto_value_visible_exact,ai_candidate_only_existing_human_value_under_review,human_confirm_source_table_before_any_use,p1_review_value_not_found_in_any_text,S059,ATT-EE,ATT,EE,0.26,645.0,latest_human_R3_(합의) CORRELATIONS,"Table 4, p.9",Table 4,attitude;attitudes,ease of use;perceived ease of use,correlation;correlations;table,S059,false,,false,false,true,S059,ok,true,true,/Users/newhosung/Library/CloudStorage/OneDrive-SharedLibraries-ThePennsylvaniaStateUniversity/AI Adoption Meta Analysis - Documents/Meta/AI Adoption/PDFs/S059.pdf,candidate_only_not_analytic_input_until_human_confirmed
ai_trace_auto_value_visible_exact,ai_candidate_only_existing_human_value_under_review,human_confirm_source_table_before_any_use,p1_review_value_not_found_in_any_text,S059,ATT-PE,ATT,PE,0.29,645.0,latest_human_R3_(합의) CORRELATIONS,"Table 4, p.9",Table 4,attitude;attitudes,PU;perceived usefulness;useful;usefulness,correlation;correlations;table,S059,false,,false,false,true,S059,ok,true,true,/Users/newhosung/Library/CloudStorage/OneDrive-SharedLibraries-ThePennsylvaniaStateUniversity/AI Adoption Meta Analysis - Documents/Meta/AI Adoption/PDFs/S059.pdf,candidate_only_not_analytic_input_until_human_confirmed
ai_trace_auto_value_visible_exact,ai_candidate_only_existing_human_value_under_review,human_confirm_source_table_before_any_use,p2_source_or_pdf_presence_gap,S059,BI-FC,BI,FC,0.13,645.0,latest_human_R3_(합의) CORRELATIONS,"Table 4, p. 9",Table 4,behavioural intention;intention to use,facilitating;facilitating conditions;resources;support,correlation;correlations;table,S059,false,,false,false,true,S059,ok,true,true,/Users/newhosung/Library/CloudStorage/OneDrive-SharedLibraries-ThePennsylvaniaStateUniversity/AI Adoption Meta Analysis - Documents/Meta/AI Adoption/PDFs/S059.pdf,candidate_only_not_analytic_input_until_human_confirmed
ai_trace_auto_value_visible_exact,ai_candidate_only_existing_human_value_under_review,human_confirm_source_table_before_any_use,p2_source_or_pdf_presence_gap,S059,EE-FC,EE,FC,0.93,645.0,latest_human_R3_(합의) CORRELATIONS,"Table 4, p. 9",Table 4,ease of use;perceived ease of use,facilitating;facilitating conditions;resources;support,correlation;correlations;table,S059,false,,false,false,true,S059,ok,true,true,/Users/newhosung/Library/CloudStorage/OneDrive-SharedLibraries-ThePennsylvaniaStateUniversity/AI Adoption Meta Analysis - Documents/Meta/AI Adoption/PDFs/S059.pdf,candidate_only_not_analytic_input_until_human_confirmed
ai_trace_possible_value_visible_broad_match,ai_candidate_only_existing_human_value_under_review,human_check_broad_numeric_match_for_false_positive,p1_review_value_not_found_in_any_text,S059,EE-PE,EE,PE,0.17,645.0,latest_human_R3_(합의) CORRELATIONS,"Table 4, p. 9",Table 4,ease of use;perceived ease of use,PU;perceived usefulness;useful;usefulness,correlation;correlations;table,S059,false,,false,false,true,S059,ok,false,true,/Users/newhosung/Library/CloudStorage/OneDrive-SharedLibraries-ThePennsylvaniaStateUniversity/AI Adoption Meta Analysis - Documents/Meta/AI Adoption/PDFs/S059.pdf,candidate_only_not_analytic_input_until_human_confirmed
ai_trace_auto_value_visible_exact,ai_candidate_only_existing_human_value_under_review,human_confirm_source_table_before_any_use,p2_source_or_pdf_presence_gap,S145,ATT-BI,ATT,BI,0.17,374.0,latest_human_R3_(합의) CORRELATIONS,"Table 3, p. 24",Table 3,attitude;attitude toward;attitudes,behavioral intention;intention to use,correlation;correlations;latent;table,S145,false,,false,false,true,S145,ok,true,true,/Users/newhosung/Library/CloudStorage/OneDrive-SharedLibraries-ThePennsylvaniaStateUniversity/AI Adoption Meta Analysis - Documents/Meta/AI Adoption/PDFs/S145.pdf,candidate_only_not_analytic_input_until_human_confirmed
ai_trace_possible_value_visible_broad_match,ai_candidate_only_existing_human_value_under_review,human_check_broad_numeric_match_for_false_positive,p1_review_value_not_found_in_any_text,S145,ATT-EE,ATT,EE,0.4,374.0,latest_human_R3_(합의) CORRELATIONS,"Table 3, p. 24",Table 3,attitude;attitude toward;attitudes,EE;ease of use;easy to use;effort expectancy;perceived ease of use,correlation;correlations;latent;table,S145,false,,false,false,true,S145,ok,false,true,/Users/newhosung/Library/CloudStorage/OneDrive-SharedLibraries-ThePennsylvaniaStateUniversity/AI Adoption Meta Analysis - Documents/Meta/AI Adoption/PDFs/S145.pdf,candidate_only_not_analytic_input_until_human_confirmed
ai_trace_auto_value_visible_exact,ai_candidate_only_existing_human_value_under_review,human_confirm_source_table_before_any_use,p2_source_or_pdf_presence_gap,S145,ATT-UB,ATT,UB,0.15,374.0,latest_human_R3_(합의) CORRELATIONS,"Table 3, p. 24",Table 3,attitude;attitude toward;attitudes,use;use behavior,correlation;correlations;latent;table,S145,false,,false,false,true,S145,ok,true,true,/Users/newhosung/Library/CloudStorage/OneDrive-SharedLibraries-ThePennsylvaniaStateUniversity/AI Adoption Meta Analysis - Documents/Meta/AI Adoption/PDFs/S145.pdf,candidate_only_not_analytic_input_until_human_confirmed
ai_trace_auto_value_visible_exact,ai_candidate_only_existing_human_value_under_review,human_confirm_source_table_before_any_use,p2_source_or_pdf_presence_gap,S145,BI-EE,BI,EE,0.2,374.0,latest_human_R3_(합의) CORRELATIONS,"Table 3, p.24",Table 3,behavioral intention;intention to use,EE;ease of use;easy to use;effort expectancy;perceived ease of use,correlation;correlations;latent;table,S145,false,,false,false,true,S145,ok,true,true,/Users/newhosung/Library/CloudStorage/OneDrive-SharedLibraries-ThePennsylvaniaStateUniversity/AI Adoption Meta Analysis - Documents/Meta/AI Adoption/PDFs/S145.pdf,candidate_only_not_analytic_input_until_human_confirmed
ai_trace_auto_value_visible_exact,ai_candidate_only_existing_human_value_under_review,human_confirm_source_table_before_any_use,p2_source_or_pdf_presence_gap,S145,BI-UB,BI,UB,0.33,374.0,latest_human_R3_(합의) CORRELATIONS,"Table 3, p. 24",Table 3,behavioral intention;intention to use,use;use behavior,correlation;correlations;latent;table,S145,false,,false,false,true,S145,ok,true,true,/Users/newhosung/Library/CloudStorage/OneDrive-SharedLibraries-ThePennsylvaniaStateUniversity/AI Adoption Meta Analysis - Documents/Meta/AI Adoption/PDFs/S145.pdf,candidate_only_not_analytic_input_until_human_confirmed
ai_trace_auto_value_visible_exact,ai_candidate_only_existing_human_value_under_review,human_confirm_source_table_before_any_use,p2_source_or_pdf_presence_gap,S145,EE-UB,EE,UB,0.2,374.0,latest_human_R3_(합의) CORRELATIONS,"Table 3, p.24",Table 3,EE;ease of use;easy to use;effort expectancy;perceived ease of use,use;use behavior,correlation;correlations;latent;table,S145,false,,false,false,true,S145,ok,true,true,/Users/newhosung/Library/CloudStorage/OneDrive-SharedLibraries-ThePennsylvaniaStateUniversity/AI Adoption Meta Analysis - Documents/Meta/AI Adoption/PDFs/S145.pdf,candidate_only_not_analytic_input_until_human_confirmed
ai_trace_auto_value_visible_exact,ai_candidate_only_existing_human_value_under_review,human_confirm_source_table_before_any_use,p2_source_or_pdf_presence_gap,S110,BI-EE,BI,EE,0.17,353.0,latest_human_R3_(합의) CORRELATIONS,"Table 4, p. 627",Table 4,BI;behavioral intention;behavioural intention;intention to use,EE;ease of use;effort expectancy;perceived ease of use,correlation;correlations;latent;table,S110,false,,false,false,true,S110,ok,true,true,/Users/newhosung/Library/CloudStorage/OneDrive-SharedLibraries-ThePennsylvaniaStateUniversity/AI Adoption Meta Analysis - Documents/Meta/AI Adoption/PDFs/S110.pdf,candidate_only_not_analytic_input_until_human_confirmed
ai_trace_auto_value_visible_exact,ai_candidate_only_existing_human_value_under_review,human_confirm_source_table_before_any_use,p2_source_or_pdf_presence_gap,S110,BI-PE,BI,PE,0.19,353.0,latest_human_R3_(합의) CORRELATIONS,"Table 4, p. 627",Table 4,BI;behavioral intention;behavioural intention;intention to use,PE;perceived usefulness;performance expectancy;usefulness,correlation;correlations;latent;table,S110,false,,false,false,true,S110,ok,true,true,/Users/newhosung/Library/CloudStorage/OneDrive-SharedLibraries-ThePennsylvaniaStateUniversity/AI Adoption Meta Analysis - Documents/Meta/AI Adoption/PDFs/S110.pdf,candidate_only_not_analytic_input_until_human_confirmed
ai_trace_auto_value_visible_exact,ai_candidate_only_existing_human_value_under_review,human_confirm_source_table_before_any_use,p2_source_or_pdf_presence_gap,S110,BI-SI,BI,SI,0.05,353.0,latest_human_R3_(합의) CORRELATIONS,"Table 4, p. 627",Table 4,BI;behavioral intention;behavioural intention;intention to use,SI;social influence,correlation;correlations;latent;table,S110,false,,false,false,true,S110,ok,true,true,/Users/newhosung/Library/CloudStorage/OneDrive-SharedLibraries-ThePennsylvaniaStateUniversity/AI Adoption Meta Analysis - Documents/Meta/AI Adoption/PDFs/S110.pdf,candidate_only_not_analytic_input_until_human_confirmed
ai_trace_auto_value_visible_exact,ai_candidate_only_existing_human_value_under_review,human_confirm_source_table_before_any_use,p1_review_value_not_found_in_any_text,S072,ATT-PE,ATT,PE,0.31,500.0,latest_human_R3_(합의) CORRELATIONS,,,attitudes,PE;perceived usefulness;performance expectancy;useful;usefulness,correlation;correlations;fornell;larcker;latent;table,S072,true,S072_source_packet_20260609.txt,true,true,true,S072,ok,true,true,/Users/newhosung/Library/CloudStorage/OneDrive-SharedLibraries-ThePennsylvaniaStateUniversity/AI Adoption Meta Analysis - Documents/Meta/AI Adoption/PDFs/S072.pdf,candidate_only_not_analytic_input_until_human_confirmed
ai_trace_auto_value_visible_exact,ai_candidate_only_existing_human_value_under_review,human_confirm_source_table_before_any_use,p1_review_value_not_found_in_any_text,S219,ANX-ATT,ANX,ATT,-0.08,432.0,latest_human_R3_(합의) CORRELATIONS,,,ANX,ATT;attitude;attitude toward;attitudes,correlation;correlations;matrix;table,S219,true,S219_source_packet_20260609.txt,true,true,true,S219,ok,true,true,/Users/newhosung/Library/CloudStorage/OneDrive-SharedLibraries-ThePennsylvaniaStateUniversity/AI Adoption Meta Analysis - Documents/Meta/AI Adoption/PDFs/S219.pdf,candidate_only_not_analytic_input_until_human_confirmed
ai_trace_auto_value_visible_exact,ai_candidate_only_existing_human_value_under_review,human_confirm_source_table_before_any_use,p1_review_value_not_found_in_any_text,S219,ANX-BI,ANX,BI,-0.12,432.0,latest_human_R3_(합의) CORRELATIONS,,,ANX,BI;behavioral intention;intention to use,correlation;correlations;matrix;table,S219,true,S219_source_packet_20260609.txt,true,true,true,S219,ok,true,true,/Users/newhosung/Library/CloudStorage/OneDrive-SharedLibraries-ThePennsylvaniaStateUniversity/AI Adoption Meta Analysis - Documents/Meta/AI Adoption/PDFs/S219.pdf,candidate_only_not_analytic_input_until_human_confirmed
ai_trace_auto_value_visible_exact,ai_candidate_only_existing_human_value_under_review,human_confirm_source_table_before_any_use,p1_review_value_not_found_in_any_text,S219,ANX-EE,ANX,EE,-0.1,432.0,latest_human_R3_(합의) CORRELATIONS,,,ANX,EE;ease of use;easy to use;effort expectancy;perceived ease of use,correlation;correlations;matrix;table,S219,true,S219_source_packet_20260609.txt,true,true,true,S219,ok,true,true,/Users/newhosung/Library/CloudStorage/OneDrive-SharedLibraries-ThePennsylvaniaStateUniversity/AI Adoption Meta Analysis - Documents/Meta/AI Adoption/PDFs/S219.pdf,candidate_only_not_analytic_input_until_human_confirmed
ai_trace_auto_value_visible_exact,ai_candidate_only_existing_human_value_under_review,human_confirm_source_table_before_any_use,p1_review_value_not_found_in_any_text,S219,ANX-PE,ANX,PE,-0.07,432.0,latest_human_R3_(합의) CORRELATIONS,,,ANX,PE;perceived usefulness;performance expectancy;useful;usefulness,correlation;correlations;matrix;table,S219,true,S219_source_packet_20260609.txt,true,true,true,S219,ok,true,true,/Users/newhosung/Library/CloudStorage/OneDrive-SharedLibraries-ThePennsylvaniaStateUniversity/AI Adoption Meta Analysis - Documents/Meta/AI Adoption/PDFs/S219.pdf,candidate_only_not_analytic_input_until_human_confirmed
ai_trace_possible_value_visible_broad_match,ai_candidate_only_existing_human_value_under_review,human_check_broad_numeric_match_for_false_positive,p1_review_value_not_found_in_any_text,S052,BI-SI,BI,SI,0.61,524.0,latest_human_R3_(합의) CORRELATIONS,,,BI;behavioral intention;continuance intention;intention to use,SI;social influence,correlation;correlations;fornell;larcker;latent;table,S052,true,S052_source_packet_20260609.txt,false,true,true,S052,ok,false,true,/Users/newhosung/Library/CloudStorage/OneDrive-SharedLibraries-ThePennsylvaniaStateUniversity/AI Adoption Meta Analysis - Documents/Meta/AI Adoption/PDFs/S052.pdf,candidate_only_not_analytic_input_until_human_confirmed
ai_trace_possible_value_visible_broad_match,ai_candidate_only_existing_human_value_under_review,human_check_broad_numeric_match_for_false_positive,p1_review_value_not_found_in_any_text,S052,EE-FC,EE,FC,0.55,524.0,latest_human_R3_(합의) CORRELATIONS,,,EE;ease of use;easy to use;effort expectancy;perceived ease of use,FC;facilitating;facilitating condition;facilitating conditions;resources;support,correlation;correlations;fornell;larcker;latent;table,S052,true,S052_source_packet_20260609.txt,false,true,true,S052,ok,false,true,/Users/newhosung/Library/CloudStorage/OneDrive-SharedLibraries-ThePennsylvaniaStateUniversity/AI Adoption Meta Analysis - Documents/Meta/AI Adoption/PDFs/S052.pdf,candidate_only_not_analytic_input_until_human_confirmed
ai_trace_possible_value_visible_broad_match,ai_candidate_only_existing_human_value_under_review,human_check_broad_numeric_match_for_false_positive,p1_review_value_not_found_in_any_text,S052,EE-PE,EE,PE,0.79,524.0,latest_human_R3_(합의) CORRELATIONS,,,EE;ease of use;easy to use;effort expectancy;perceived ease of use,PE;perceived usefulness;performance expectancy;useful;usefulness,correlation;correlations;fornell;larcker;latent;table,S052,true,S052_source_packet_20260609.txt,false,true,true,S052,ok,false,true,/Users/newhosung/Library/CloudStorage/OneDrive-SharedLibraries-ThePennsylvaniaStateUniversity/AI Adoption Meta Analysis - Documents/Meta/AI Adoption/PDFs/S052.pdf,candidate_only_not_analytic_input_until_human_confirmed
ai_trace_auto_value_visible_exact,ai_candidate_only_existing_human_value_under_review,human_confirm_source_table_before_any_use,p1_review_value_not_found_in_any_text,S052,FC-SI,FC,SI,0.41,524.0,latest_human_R3_(합의) CORRELATIONS,,,FC;facilitating;facilitating condition;facilitating conditions;resources;support,SI;social influence,correlation;correlations;fornell;larcker;latent;table,S052,true,S052_source_packet_20260609.txt,true,true,true,S052,ok,true,true,/Users/newhosung/Library/CloudStorage/OneDrive-SharedLibraries-ThePennsylvaniaStateUniversity/AI Adoption Meta Analysis - Documents/Meta/AI Adoption/PDFs/S052.pdf,candidate_only_not_analytic_input_until_human_confirmed
ai_trace_auto_value_visible_exact,ai_candidate_only_existing_human_value_under_review,human_confirm_source_table_before_any_use,p1_review_value_not_found_in_any_text,S052,PE-SI,PE,SI,0.65,524.0,latest_human_R3_(합의) CORRELATIONS,,,PE;perceived usefulness;performance expectancy;useful;usefulness,SI;social influence,correlation;correlations;fornell;larcker;latent;table,S052,true,S052_source_packet_20260609.txt,false,true,true,S052,ok,true,true,/Users/newhosung/Library/CloudStorage/OneDrive-SharedLibraries-ThePennsylvaniaStateUniversity/AI Adoption Meta Analysis - Documents/Meta/AI Adoption/PDFs/S052.pdf,candidate_only_not_analytic_input_until_human_confirmed
ai_trace_possible_value_visible_broad_match,ai_candidate_only_existing_human_value_under_review,human_check_broad_numeric_match_for_false_positive,p1_review_value_not_found_in_any_text,S111,BI-SI,BI,SI,0.8,224.0,latest_human_R3_(합의) CORRELATIONS,,,BI,SI;social influence,correlation;correlations;fornell;larcker;latent;table,S111,true,S111_source_packet_20260609.txt,false,true,true,S111,ok,false,true,/Users/newhosung/Library/CloudStorage/OneDrive-SharedLibraries-ThePennsylvaniaStateUniversity/AI Adoption Meta Analysis - Documents/Meta/AI Adoption/PDFs/S111.pdf,candidate_only_not_analytic_input_until_human_confirmed
ai_trace_possible_value_visible_broad_match,ai_candidate_only_existing_human_value_under_review,human_check_broad_numeric_match_for_false_positive,p1_review_value_not_found_in_any_text,S212,ATT-BI,ATT,BI,0.52,465.0,latest_human_R3_(합의) CORRELATIONS,,,ATT;attitude;attitude toward;attitudes,BI;intention to use,correlation;correlations;fornell;larcker;latent;pearson;table,S212,true,S212_source_packet_20260609.txt,false,true,true,S212,ok,false,true,/Users/newhosung/Library/CloudStorage/OneDrive-SharedLibraries-ThePennsylvaniaStateUniversity/AI Adoption Meta Analysis - Documents/Meta/AI Adoption/PDFs/S212.pdf,candidate_only_not_analytic_input_until_human_confirmed
ai_trace_possible_value_visible_broad_match,ai_candidate_only_existing_human_value_under_review,human_check_broad_numeric_match_for_false_positive,p1_review_value_not_found_in_any_text,S212,ATT-PE,ATT,PE,0.19,465.0,latest_human_R3_(합의) CORRELATIONS,,,ATT;attitude;attitude toward;attitudes,PE;PU;perceived usefulness;performance expectancy;useful;usefulness,correlation;correlations;fornell;larcker;latent;pearson;table,S212,true,S212_source_packet_20260609.txt,false,true,true,S212,ok,false,true,/Users/newhosung/Library/CloudStorage/OneDrive-SharedLibraries-ThePennsylvaniaStateUniversity/AI Adoption Meta Analysis - Documents/Meta/AI Adoption/PDFs/S212.pdf,candidate_only_not_analytic_input_until_human_confirmed
ai_trace_possible_value_visible_broad_match,ai_candidate_only_existing_human_value_under_review,human_check_broad_numeric_match_for_false_positive,p1_review_value_not_found_in_any_text,S212,BI-PE,BI,PE,0.25,465.0,latest_human_R3_(합의) CORRELATIONS,,,BI;intention to use,PE;PU;perceived usefulness;performance expectancy;useful;usefulness,correlation;correlations;fornell;larcker;latent;pearson;table,S212,true,S212_source_packet_20260609.txt,false,true,true,S212,ok,false,true,/Users/newhosung/Library/CloudStorage/OneDrive-SharedLibraries-ThePennsylvaniaStateUniversity/AI Adoption Meta Analysis - Documents/Meta/AI Adoption/PDFs/S212.pdf,candidate_only_not_analytic_input_until_human_confirmed
ai_trace_auto_value_visible_exact,ai_candidate_only_existing_human_value_under_review,human_confirm_source_table_before_any_use,p1_review_value_not_found_in_any_text,S212,EE-PE,EE,PE,0.17,465.0,latest_human_R3_(합의) CORRELATIONS,,,EE;PEOU;ease of use;easy to use;effort expectancy;perceived ease of use,PE;PU;perceived usefulness;performance expectancy;useful;usefulness,correlation;correlations;fornell;larcker;latent;pearson;table,S212,true,S212_source_packet_20260609.txt,true,true,true,S212,ok,true,true,/Users/newhosung/Library/CloudStorage/OneDrive-SharedLibraries-ThePennsylvaniaStateUniversity/AI Adoption Meta Analysis - Documents/Meta/AI Adoption/PDFs/S212.pdf,candidate_only_not_analytic_input_until_human_confirmed
ai_trace_auto_value_visible_exact,ai_candidate_only_existing_human_value_under_review,human_confirm_source_table_before_any_use,p1_review_value_not_found_in_any_text,S186,BI-EE,BI,EE,0.32,657.0,latest_human_R3_(합의) CORRELATIONS,,,BI;behavioral intention;behavioural intention;continuance intention;intention to use;usage intention,EE;PEOU;ease of use;perceived ease of use,correlation;fornell;larcker;latent;pearson;table,S186,true,S186_source_packet_20260609.txt,true,true,true,S186,ok,true,true,/Users/newhosung/Library/CloudStorage/OneDrive-SharedLibraries-ThePennsylvaniaStateUniversity/AI Adoption Meta Analysis - Documents/Meta/AI Adoption/PDFs/S186.pdf,candidate_only_not_analytic_input_until_human_confirmed
ai_trace_auto_value_visible_exact,ai_candidate_only_existing_human_value_under_review,human_confirm_source_table_before_any_use,p1_review_value_not_found_in_any_text,S186,BI-UB,BI,UB,0.23,657.0,latest_human_R3_(합의) CORRELATIONS,,,BI;behavioral intention;behavioural intention;continuance intention;intention to use;usage intention,UB;actual use;use;use behavior,correlation;fornell;larcker;latent;pearson;table,S186,true,S186_source_packet_20260609.txt,true,true,true,S186,ok,true,true,/Users/newhosung/Library/CloudStorage/OneDrive-SharedLibraries-ThePennsylvaniaStateUniversity/AI Adoption Meta Analysis - Documents/Meta/AI Adoption/PDFs/S186.pdf,candidate_only_not_analytic_input_until_human_confirmed
ai_trace_auto_value_visible_exact,ai_candidate_only_existing_human_value_under_review,human_confirm_source_table_before_any_use,p1_review_value_not_found_in_any_text,S198,BI-FC,BI,FC,-0.171,520.0,latest_human_R3_(합의) CORRELATIONS,,,BI;behavioral intention;intention to use,FC;facilitating;facilitating conditions;resources;support,correlations;fornell;larcker;table,S198,true,S198_source_packet_20260609.txt,true,true,true,S198,ok,true,true,/Users/newhosung/Library/CloudStorage/OneDrive-SharedLibraries-ThePennsylvaniaStateUniversity/AI Adoption Meta Analysis - Documents/Meta/AI Adoption/PDFs/S198.pdf,candidate_only_not_analytic_input_until_human_confirmed
ai_trace_auto_value_visible_exact,ai_candidate_only_existing_human_value_under_review,human_confirm_source_table_before_any_use,p1_review_value_not_found_in_any_text,S198,EE-SI,EE,SI,-0.136,520.0,latest_human_R3_(합의) CORRELATIONS,,,EE;ease of use;easy to use;effort expectancy;perceived ease of use,SI;social influence,correlations;fornell;larcker;table,S198,true,S198_source_packet_20260609.txt,true,true,true,S198,ok,true,true,/Users/newhosung/Library/CloudStorage/OneDrive-SharedLibraries-ThePennsylvaniaStateUniversity/AI Adoption Meta Analysis - Documents/Meta/AI Adoption/PDFs/S198.pdf,candidate_only_not_analytic_input_until_human_confirmed
ai_trace_possible_value_visible_broad_match,ai_candidate_only_existing_human_value_under_review,human_check_broad_numeric_match_for_false_positive,p1_review_value_not_found_in_any_text,S198,FC-PE,FC,PE,-0.027,520.0,latest_human_R3_(합의) CORRELATIONS,,,FC;facilitating;facilitating conditions;resources;support,PE;perceived usefulness;performance expectancy;useful;usefulness,correlations;fornell;larcker;table,S198,true,S198_source_packet_20260609.txt,false,true,true,S198,ok,false,true,/Users/newhosung/Library/CloudStorage/OneDrive-SharedLibraries-ThePennsylvaniaStateUniversity/AI Adoption Meta Analysis - Documents/Meta/AI Adoption/PDFs/S198.pdf,candidate_only_not_analytic_input_until_human_confirmed
ai_trace_auto_value_visible_exact,ai_candidate_only_existing_human_value_under_review,human_confirm_source_table_before_any_use,p1_review_value_not_found_in_any_text,S198,FC-SI,FC,SI,-0.046,520.0,latest_human_R3_(합의) CORRELATIONS,,,FC;facilitating;facilitating conditions;resources;support,SI;social influence,correlations;fornell;larcker;table,S198,true,S198_source_packet_20260609.txt,false,true,true,S198,ok,true,true,/Users/newhosung/Library/CloudStorage/OneDrive-SharedLibraries-ThePennsylvaniaStateUniversity/AI Adoption Meta Analysis - Documents/Meta/AI Adoption/PDFs/S198.pdf,candidate_only_not_analytic_input_until_human_confirmed
ai_trace_auto_value_visible_exact,ai_candidate_only_existing_human_value_under_review,human_confirm_source_table_before_any_use,p1_review_value_not_found_in_any_text,S198,FC-UB,FC,UB,-0.16,520.0,latest_human_R3_(합의) CORRELATIONS,,,FC;facilitating;facilitating conditions;resources;support,UB;actual use;use,correlations;fornell;larcker;table,S198,true,S198_source_packet_20260609.txt,true,true,true,S198,ok,true,true,/Users/newhosung/Library/CloudStorage/OneDrive-SharedLibraries-ThePennsylvaniaStateUniversity/AI Adoption Meta Analysis - Documents/Meta/AI Adoption/PDFs/S198.pdf,candidate_only_not_analytic_input_until_human_confirmed
ai_trace_auto_value_visible_exact,ai_candidate_only_existing_human_value_under_review,human_confirm_source_table_before_any_use,p1_review_value_not_found_in_any_text,S198,PE-SI,PE,SI,-0.293,520.0,latest_human_R3_(합의) CORRELATIONS,,,PE;perceived usefulness;performance expectancy;useful;usefulness,SI;social influence,correlations;fornell;larcker;table,S198,true,S198_source_packet_20260609.txt,true,true,true,S198,ok,true,true,/Users/newhosung/Library/CloudStorage/OneDrive-SharedLibraries-ThePennsylvaniaStateUniversity/AI Adoption Meta Analysis - Documents/Meta/AI Adoption/PDFs/S198.pdf,candidate_only_not_analytic_input_until_human_confirmed
ai_trace_auto_value_visible_exact,ai_candidate_only_existing_human_value_under_review,human_confirm_source_table_before_any_use,p1_review_value_not_found_in_any_text,S025,BI-SI,BI,SI,-0.187,361.0,latest_human_R3_(합의) CORRELATIONS,,,BI;intention to use,SI;social influence,correlation;correlations;fornell;inter-construct;larcker;latent;table,S025,true,S025_source_packet_20260609.txt,false,true,true,S025,ok,true,true,/Users/newhosung/Library/CloudStorage/OneDrive-SharedLibraries-ThePennsylvaniaStateUniversity/AI Adoption Meta Analysis - Documents/Meta/AI Adoption/PDFs/S025.pdf,candidate_only_not_analytic_input_until_human_confirmed
ai_trace_auto_value_visible_exact,ai_candidate_only_existing_human_value_under_review,human_confirm_source_table_before_any_use,p1_review_value_not_found_in_any_text,S078,ATT-SI,ATT,SI,0.608,668.0,latest_human_R3_(합의) CORRELATIONS,,,ATT;attitude;attitude toward;attitudes,SI;social influence;subjective norm,correlation;correlations;latent;pearson;table,S078,true,S078_source_packet_20260609.txt,false,true,true,S078,ok,true,true,/Users/newhosung/Library/CloudStorage/OneDrive-SharedLibraries-ThePennsylvaniaStateUniversity/AI Adoption Meta Analysis - Documents/Meta/AI Adoption/PDFs/S078.pdf,candidate_only_not_analytic_input_until_human_confirmed
ai_trace_auto_value_visible_exact,ai_candidate_only_existing_human_value_under_review,human_confirm_source_table_before_any_use,p1_review_value_not_found_in_any_text,S078,BI-SE,BI,SE,0.491,668.0,latest_human_R3_(합의) CORRELATIONS,,,BI;behavioral intention;intention to use,SE;efficacy;self-efficacy,correlation;correlations;latent;pearson;table,S078,true,S078_source_packet_20260609.txt,true,true,true,S078,ok,true,true,/Users/newhosung/Library/CloudStorage/OneDrive-SharedLibraries-ThePennsylvaniaStateUniversity/AI Adoption Meta Analysis - Documents/Meta/AI Adoption/PDFs/S078.pdf,candidate_only_not_analytic_input_until_human_confirmed
ai_trace_auto_value_visible_exact,ai_candidate_only_existing_human_value_under_review,human_confirm_source_table_before_any_use,p1_review_value_not_found_in_any_text,S078,BI-SI,BI,SI,0.542,668.0,latest_human_R3_(합의) CORRELATIONS,,,BI;behavioral intention;intention to use,SI;social influence;subjective norm,correlation;correlations;latent;pearson;table,S078,true,S078_source_packet_20260609.txt,false,true,true,S078,ok,true,true,/Users/newhosung/Library/CloudStorage/OneDrive-SharedLibraries-ThePennsylvaniaStateUniversity/AI Adoption Meta Analysis - Documents/Meta/AI Adoption/PDFs/S078.pdf,candidate_only_not_analytic_input_until_human_confirmed
ai_trace_auto_value_visible_exact,ai_candidate_only_existing_human_value_under_review,human_confirm_source_table_before_any_use,p1_review_value_not_found_in_any_text,S078,SE-SI,SE,SI,0.486,668.0,latest_human_R3_(합의) CORRELATIONS,,,SE;efficacy;self-efficacy,SI;social influence;subjective norm,correlation;correlations;latent;pearson;table,S078,true,S078_source_packet_20260609.txt,true,true,true,S078,ok,true,true,/Users/newhosung/Library/CloudStorage/OneDrive-SharedLibraries-ThePennsylvaniaStateUniversity/AI Adoption Meta Analysis - Documents/Meta/AI Adoption/PDFs/S078.pdf,candidate_only_not_analytic_input_until_human_confirmed
ai_trace_auto_value_visible_exact,ai_candidate_only_existing_human_value_under_review,human_confirm_source_table_before_any_use,p1_review_value_not_found_in_any_text,S121-1,BI-EE,BI,EE,0.67,,latest_human_R3_(합의) CORRELATIONS,Figure 2 student,,BI;behavioral intention;intention to use;usage intention,EE;ease of use;effort expectancy;perceived ease of use,correlation;correlations;table,S121,true,S121_source_packet_20260609.txt,true,true,true,S121,ok,true,true,/Users/newhosung/Library/CloudStorage/OneDrive-SharedLibraries-ThePennsylvaniaStateUniversity/AI Adoption Meta Analysis - Documents/Meta/AI Adoption/PDFs/S121.pdf,candidate_only_not_analytic_input_until_human_confirmed
ai_trace_auto_value_visible_exact,ai_candidate_only_existing_human_value_under_review,human_confirm_source_table_before_any_use,p1_review_value_not_found_in_any_text,S121-1,BI-FC,BI,FC,0.59,,latest_human_R3_(합의) CORRELATIONS,,,BI;behavioral intention;intention to use;usage intention,FC;facilitating;facilitating conditions;resources;support,correlation;correlations;table,S121,true,S121_source_packet_20260609.txt,true,true,true,S121,ok,true,true,/Users/newhosung/Library/CloudStorage/OneDrive-SharedLibraries-ThePennsylvaniaStateUniversity/AI Adoption Meta Analysis - Documents/Meta/AI Adoption/PDFs/S121.pdf,candidate_only_not_analytic_input_until_human_confirmed
ai_trace_auto_value_visible_exact,ai_candidate_only_existing_human_value_under_review,human_confirm_source_table_before_any_use,p1_review_value_not_found_in_any_text,S121-1,BI-PE,BI,PE,0.84,,latest_human_R3_(합의) CORRELATIONS,,,BI;behavioral intention;intention to use;usage intention,PE;perceived usefulness;performance expectancy;useful;usefulness,correlation;correlations;table,S121,true,S121_source_packet_20260609.txt,true,true,true,S121,ok,true,true,/Users/newhosung/Library/CloudStorage/OneDrive-SharedLibraries-ThePennsylvaniaStateUniversity/AI Adoption Meta Analysis - Documents/Meta/AI Adoption/PDFs/S121.pdf,candidate_only_not_analytic_input_until_human_confirmed
ai_trace_auto_value_visible_exact,ai_candidate_only_existing_human_value_under_review,human_confirm_source_table_before_any_use,p1_review_value_not_found_in_any_text,S121-1,BI-SI,BI,SI,0.66,,latest_human_R3_(합의) CORRELATIONS,,,BI;behavioral intention;intention to use;usage intention,SI;social influence,correlation;correlations;table,S121,true,S121_source_packet_20260609.txt,true,true,true,S121,ok,true,true,/Users/newhosung/Library/CloudStorage/OneDrive-SharedLibraries-ThePennsylvaniaStateUniversity/AI Adoption Meta Analysis - Documents/Meta/AI Adoption/PDFs/S121.pdf,candidate_only_not_analytic_input_until_human_confirmed
ai_trace_auto_value_visible_exact,ai_candidate_only_existing_human_value_under_review,human_confirm_source_table_before_any_use,p1_review_value_not_found_in_any_text,S121-1,BI-TRU,BI,TRU,0.34,,latest_human_R3_(합의) CORRELATIONS,,,BI;behavioral intention;intention to use;usage intention,TRU;trust,correlation;correlations;table,S121,true,S121_source_packet_20260609.txt,true,true,true,S121,ok,true,true,/Users/newhosung/Library/CloudStorage/OneDrive-SharedLibraries-ThePennsylvaniaStateUniversity/AI Adoption Meta Analysis - Documents/Meta/AI Adoption/PDFs/S121.pdf,candidate_only_not_analytic_input_until_human_confirmed
ai_trace_auto_value_visible_exact,ai_candidate_only_existing_human_value_under_review,human_confirm_source_table_before_any_use,p1_review_value_not_found_in_any_text,S121-1,BI-UB,BI,UB,0.58,,latest_human_R3_(합의) CORRELATIONS,,,BI;behavioral intention;intention to use;usage intention,UB;actual use;usage behavior;use;use behavior,correlation;correlations;table,S121,true,S121_source_packet_20260609.txt,true,true,true,S121,ok,true,true,/Users/newhosung/Library/CloudStorage/OneDrive-SharedLibraries-ThePennsylvaniaStateUniversity/AI Adoption Meta Analysis - Documents/Meta/AI Adoption/PDFs/S121.pdf,candidate_only_not_analytic_input_until_human_confirmed
ai_trace_auto_value_visible_exact,ai_candidate_only_existing_human_value_under_review,human_confirm_source_table_before_any_use,p1_review_value_not_found_in_any_text,S121-1,EE-FC,EE,FC,0.72,,latest_human_R3_(합의) CORRELATIONS,,,EE;ease of use;effort expectancy;perceived ease of use,FC;facilitating;facilitating conditions;resources;support,correlation;correlations;table,S121,true,S121_source_packet_20260609.txt,true,true,true,S121,ok,true,true,/Users/newhosung/Library/CloudStorage/OneDrive-SharedLibraries-ThePennsylvaniaStateUniversity/AI Adoption Meta Analysis - Documents/Meta/AI Adoption/PDFs/S121.pdf,candidate_only_not_analytic_input_until_human_confirmed
ai_trace_auto_value_visible_exact,ai_candidate_only_existing_human_value_under_review,human_confirm_source_table_before_any_use,p1_review_value_not_found_in_any_text,S121-1,EE-PE,EE,PE,0.62,,latest_human_R3_(합의) CORRELATIONS,,,EE;ease of use;effort expectancy;perceived ease of use,PE;perceived usefulness;performance expectancy;useful;usefulness,correlation;correlations;table,S121,true,S121_source_packet_20260609.txt,true,true,true,S121,ok,true,true,/Users/newhosung/Library/CloudStorage/OneDrive-SharedLibraries-ThePennsylvaniaStateUniversity/AI Adoption Meta Analysis - Documents/Meta/AI Adoption/PDFs/S121.pdf,candidate_only_not_analytic_input_until_human_confirmed
ai_trace_auto_value_visible_exact,ai_candidate_only_existing_human_value_under_review,human_confirm_source_table_before_any_use,p1_review_value_not_found_in_any_text,S121-1,EE-SI,EE,SI,0.53,,latest_human_R3_(합의) CORRELATIONS,,,EE;ease of use;effort expectancy;perceived ease of use,SI;social influence,correlation;correlations;table,S121,true,S121_source_packet_20260609.txt,true,true,true,S121,ok,true,true,/Users/newhosung/Library/CloudStorage/OneDrive-SharedLibraries-ThePennsylvaniaStateUniversity/AI Adoption Meta Analysis - Documents/Meta/AI Adoption/PDFs/S121.pdf,candidate_only_not_analytic_input_until_human_confirmed
ai_trace_auto_value_visible_exact,ai_candidate_only_existing_human_value_under_review,human_confirm_source_table_before_any_use,p1_review_value_not_found_in_any_text,S121-1,EE-TRU,EE,TRU,0.22,,latest_human_R3_(합의) CORRELATIONS,,,EE;ease of use;effort expectancy;perceived ease of use,TRU;trust,correlation;correlations;table,S121,true,S121_source_packet_20260609.txt,true,true,true,S121,ok,true,true,/Users/newhosung/Library/CloudStorage/OneDrive-SharedLibraries-ThePennsylvaniaStateUniversity/AI Adoption Meta Analysis - Documents/Meta/AI Adoption/PDFs/S121.pdf,candidate_only_not_analytic_input_until_human_confirmed
ai_trace_auto_value_visible_exact,ai_candidate_only_existing_human_value_under_review,human_confirm_source_table_before_any_use,p1_review_value_not_found_in_any_text,S121-1,EE-UB,EE,UB,0.39,,latest_human_R3_(합의) CORRELATIONS,,,EE;ease of use;effort expectancy;perceived ease of use,UB;actual use;usage behavior;use;use behavior,correlation;correlations;table,S121,true,S121_source_packet_20260609.txt,false,true,true,S121,ok,true,true,/Users/newhosung/Library/CloudStorage/OneDrive-SharedLibraries-ThePennsylvaniaStateUniversity/AI Adoption Meta Analysis - Documents/Meta/AI Adoption/PDFs/S121.pdf,candidate_only_not_analytic_input_until_human_confirmed
ai_trace_auto_value_visible_exact,ai_candidate_only_existing_human_value_under_review,human_confirm_source_table_before_any_use,p1_review_value_not_found_in_any_text,S121-1,FC-PE,FC,PE,0.53,,latest_human_R3_(합의) CORRELATIONS,,,FC;facilitating;facilitating conditions;resources;support,PE;perceived usefulness;performance expectancy;useful;usefulness,correlation;correlations;table,S121,true,S121_source_packet_20260609.txt,true,true,true,S121,ok,true,true,/Users/newhosung/Library/CloudStorage/OneDrive-SharedLibraries-ThePennsylvaniaStateUniversity/AI Adoption Meta Analysis - Documents/Meta/AI Adoption/PDFs/S121.pdf,candidate_only_not_analytic_input_until_human_confirmed
ai_trace_auto_value_visible_exact,ai_candidate_only_existing_human_value_under_review,human_confirm_source_table_before_any_use,p1_review_value_not_found_in_any_text,S121-1,FC-SI,FC,SI,0.49,,latest_human_R3_(합의) CORRELATIONS,,,FC;facilitating;facilitating conditions;resources;support,SI;social influence,correlation;correlations;table,S121,true,S121_source_packet_20260609.txt,false,true,true,S121,ok,true,true,/Users/newhosung/Library/CloudStorage/OneDrive-SharedLibraries-ThePennsylvaniaStateUniversity/AI Adoption Meta Analysis - Documents/Meta/AI Adoption/PDFs/S121.pdf,candidate_only_not_analytic_input_until_human_confirmed
ai_trace_auto_value_visible_exact,ai_candidate_only_existing_human_value_under_review,human_confirm_source_table_before_any_use,p1_review_value_not_found_in_any_text,S121-1,FC-TRU,FC,TRU,0.16,,latest_human_R3_(합의) CORRELATIONS,,,FC;facilitating;facilitating conditions;resources;support,TRU;trust,correlation;correlations;table,S121,true,S121_source_packet_20260609.txt,false,true,true,S121,ok,true,true,/Users/newhosung/Library/CloudStorage/OneDrive-SharedLibraries-ThePennsylvaniaStateUniversity/AI Adoption Meta Analysis - Documents/Meta/AI Adoption/PDFs/S121.pdf,candidate_only_not_analytic_input_until_human_confirmed
ai_trace_auto_value_visible_exact,ai_candidate_only_existing_human_value_under_review,human_confirm_source_table_before_any_use,p1_review_value_not_found_in_any_text,S121-1,FC-UB,FC,UB,0.29,,latest_human_R3_(합의) CORRELATIONS,,,FC;facilitating;facilitating conditions;resources;support,UB;actual use;usage behavior;use;use behavior,correlation;correlations;table,S121,true,S121_source_packet_20260609.txt,true,true,true,S121,ok,true,true,/Users/newhosung/Library/CloudStorage/OneDrive-SharedLibraries-ThePennsylvaniaStateUniversity/AI Adoption Meta Analysis - Documents/Meta/AI Adoption/PDFs/S121.pdf,candidate_only_not_analytic_input_until_human_confirmed
ai_trace_auto_value_visible_exact,ai_candidate_only_existing_human_value_under_review,human_confirm_source_table_before_any_use,p1_review_value_not_found_in_any_text,S121-1,PE-SI,PE,SI,0.64,,latest_human_R3_(합의) CORRELATIONS,,,PE;perceived usefulness;performance expectancy;useful;usefulness,SI;social influence,correlation;correlations;table,S121,true,S121_source_packet_20260609.txt,true,true,true,S121,ok,true,true,/Users/newhosung/Library/CloudStorage/OneDrive-SharedLibraries-ThePennsylvaniaStateUniversity/AI Adoption Meta Analysis - Documents/Meta/AI Adoption/PDFs/S121.pdf,candidate_only_not_analytic_input_until_human_confirmed
ai_trace_auto_value_visible_exact,ai_candidate_only_existing_human_value_under_review,human_confirm_source_table_before_any_use,p1_review_value_not_found_in_any_text,S121-1,PE-TRU,PE,TRU,0.36,,latest_human_R3_(합의) CORRELATIONS,,,PE;perceived usefulness;performance expectancy;useful;usefulness,TRU;trust,correlation;correlations;table,S121,true,S121_source_packet_20260609.txt,true,true,true,S121,ok,true,true,/Users/newhosung/Library/CloudStorage/OneDrive-SharedLibraries-ThePennsylvaniaStateUniversity/AI Adoption Meta Analysis - Documents/Meta/AI Adoption/PDFs/S121.pdf,candidate_only_not_analytic_input_until_human_confirmed
ai_trace_auto_value_visible_exact,ai_candidate_only_existing_human_value_under_review,human_confirm_source_table_before_any_use,p1_review_value_not_found_in_any_text,S121-1,PE-UB,PE,UB,0.47,,latest_human_R3_(합의) CORRELATIONS,,,PE;perceived usefulness;performance expectancy;useful;usefulness,UB;actual use;usage behavior;use;use behavior,correlation;correlations;table,S121,true,S121_source_packet_20260609.txt,true,true,true,S121,ok,true,true,/Users/newhosung/Library/CloudStorage/OneDrive-SharedLibraries-ThePennsylvaniaStateUniversity/AI Adoption Meta Analysis - Documents/Meta/AI Adoption/PDFs/S121.pdf,candidate_only_not_analytic_input_until_human_confirmed
ai_trace_auto_value_visible_exact,ai_candidate_only_existing_human_value_under_review,human_confirm_source_table_before_any_use,p1_review_value_not_found_in_any_text,S121-1,SI-TRU,SI,TRU,0.23,,latest_human_R3_(합의) CORRELATIONS,,,SI;social influence,TRU;trust,correlation;correlations;table,S121,true,S121_source_packet_20260609.txt,true,true,true,S121,ok,true,true,/Users/newhosung/Library/CloudStorage/OneDrive-SharedLibraries-ThePennsylvaniaStateUniversity/AI Adoption Meta Analysis - Documents/Meta/AI Adoption/PDFs/S121.pdf,candidate_only_not_analytic_input_until_human_confirmed
ai_trace_auto_value_visible_exact,ai_candidate_only_existing_human_value_under_review,human_confirm_source_table_before_any_use,p1_review_value_not_found_in_any_text,S121-1,SI-UB,SI,UB,0.32,,latest_human_R3_(합의) CORRELATIONS,,,SI;social influence,UB;actual use;usage behavior;use;use behavior,correlation;correlations;table,S121,true,S121_source_packet_20260609.txt,true,true,true,S121,ok,true,true,/Users/newhosung/Library/CloudStorage/OneDrive-SharedLibraries-ThePennsylvaniaStateUniversity/AI Adoption Meta Analysis - Documents/Meta/AI Adoption/PDFs/S121.pdf,candidate_only_not_analytic_input_until_human_confirmed
ai_trace_auto_value_visible_exact,ai_candidate_only_existing_human_value_under_review,human_confirm_source_table_before_any_use,p1_review_value_not_found_in_any_text,S121-1,TRU-UB,TRU,UB,0.36,,latest_human_R3_(합의) CORRELATIONS,,,TRU;trust,UB;actual use;usage behavior;use;use behavior,correlation;correlations;table,S121,true,S121_source_packet_20260609.txt,true,true,true,S121,ok,true,true,/Users/newhosung/Library/CloudStorage/OneDrive-SharedLibraries-ThePennsylvaniaStateUniversity/AI Adoption Meta Analysis - Documents/Meta/AI Adoption/PDFs/S121.pdf,candidate_only_not_analytic_input_until_human_confirmed
ai_trace_auto_value_visible_exact,ai_candidate_only_existing_human_value_under_review,human_confirm_source_table_before_any_use,p1_review_value_not_found_in_any_text,S121-2,BI-EE,BI,EE,0.69,,latest_human_R3_(합의) CORRELATIONS,Figure 2 teacher,,BI;behavioral intention;intention to use;usage intention,EE;ease of use;effort expectancy;perceived ease of use,correlation;correlations;table,S121,true,S121_source_packet_20260609.txt,false,true,true,S121,ok,true,true,/Users/newhosung/Library/CloudStorage/OneDrive-SharedLibraries-ThePennsylvaniaStateUniversity/AI Adoption Meta Analysis - Documents/Meta/AI Adoption/PDFs/S121.pdf,candidate_only_not_analytic_input_until_human_confirmed
ai_trace_auto_value_visible_exact,ai_candidate_only_existing_human_value_under_review,human_confirm_source_table_before_any_use,p1_review_value_not_found_in_any_text,S121-2,BI-FC,BI,FC,0.58,,latest_human_R3_(합의) CORRELATIONS,,,BI;behavioral intention;intention to use;usage intention,FC;facilitating;facilitating conditions;resources;support,correlation;correlations;table,S121,true,S121_source_packet_20260609.txt,true,true,true,S121,ok,true,true,/Users/newhosung/Library/CloudStorage/OneDrive-SharedLibraries-ThePennsylvaniaStateUniversity/AI Adoption Meta Analysis - Documents/Meta/AI Adoption/PDFs/S121.pdf,candidate_only_not_analytic_input_until_human_confirmed
ai_trace_auto_value_visible_exact,ai_candidate_only_existing_human_value_under_review,human_confirm_source_table_before_any_use,p1_review_value_not_found_in_any_text,S121-2,BI-PE,BI,PE,0.81,,latest_human_R3_(합의) CORRELATIONS,,,BI;behavioral intention;intention to use;usage intention,PE;perceived usefulness;performance expectancy;useful;usefulness,correlation;correlations;table,S121,true,S121_source_packet_20260609.txt,true,true,true,S121,ok,true,true,/Users/newhosung/Library/CloudStorage/OneDrive-SharedLibraries-ThePennsylvaniaStateUniversity/AI Adoption Meta Analysis - Documents/Meta/AI Adoption/PDFs/S121.pdf,candidate_only_not_analytic_input_until_human_confirmed
ai_trace_auto_value_visible_exact,ai_candidate_only_existing_human_value_under_review,human_confirm_source_table_before_any_use,p1_review_value_not_found_in_any_text,S121-2,BI-SI,BI,SI,0.58,,latest_human_R3_(합의) CORRELATIONS,,,BI;behavioral intention;intention to use;usage intention,SI;social influence,correlation;correlations;table,S121,true,S121_source_packet_20260609.txt,true,true,true,S121,ok,true,true,/Users/newhosung/Library/CloudStorage/OneDrive-SharedLibraries-ThePennsylvaniaStateUniversity/AI Adoption Meta Analysis - Documents/Meta/AI Adoption/PDFs/S121.pdf,candidate_only_not_analytic_input_until_human_confirmed
ai_trace_auto_value_visible_exact,ai_candidate_only_existing_human_value_under_review,human_confirm_source_table_before_any_use,p1_review_value_not_found_in_any_text,S121-2,BI-TRU,BI,TRU,0.27,,latest_human_R3_(합의) CORRELATIONS,,,BI;behavioral intention;intention to use;usage intention,TRU;trust,correlation;correlations;table,S121,true,S121_source_packet_20260609.txt,true,true,true,S121,ok,true,true,/Users/newhosung/Library/CloudStorage/OneDrive-SharedLibraries-ThePennsylvaniaStateUniversity/AI Adoption Meta Analysis - Documents/Meta/AI Adoption/PDFs/S121.pdf,candidate_only_not_analytic_input_until_human_confirmed
ai_trace_auto_value_visible_exact,ai_candidate_only_existing_human_value_under_review,human_confirm_source_table_before_any_use,p1_review_value_not_found_in_any_text,S121-2,BI-UB,BI,UB,0.48,,latest_human_R3_(합의) CORRELATIONS,,,BI;behavioral intention;intention to use;usage intention,UB;actual use;usage behavior;use;use behavior,correlation;correlations;table,S121,true,S121_source_packet_20260609.txt,true,true,true,S121,ok,true,true,/Users/newhosung/Library/CloudStorage/OneDrive-SharedLibraries-ThePennsylvaniaStateUniversity/AI Adoption Meta Analysis - Documents/Meta/AI Adoption/PDFs/S121.pdf,candidate_only_not_analytic_input_until_human_confirmed
ai_trace_auto_value_visible_exact,ai_candidate_only_existing_human_value_under_review,human_confirm_source_table_before_any_use,p1_review_value_not_found_in_any_text,S121-2,EE-FC,EE,FC,0.7,,latest_human_R3_(합의) CORRELATIONS,,,EE;ease of use;effort expectancy;perceived ease of use,FC;facilitating;facilitating conditions;resources;support,correlation;correlations;table,S121,true,S121_source_packet_20260609.txt,true,true,true,S121,ok,true,true,/Users/newhosung/Library/CloudStorage/OneDrive-SharedLibraries-ThePennsylvaniaStateUniversity/AI Adoption Meta Analysis - Documents/Meta/AI Adoption/PDFs/S121.pdf,candidate_only_not_analytic_input_until_human_confirmed
ai_trace_auto_value_visible_exact,ai_candidate_only_existing_human_value_under_review,human_confirm_source_table_before_any_use,p1_review_value_not_found_in_any_text,S121-2,EE-PE,EE,PE,0.57,,latest_human_R3_(합의) CORRELATIONS,,,EE;ease of use;effort expectancy;perceived ease of use,PE;perceived usefulness;performance expectancy;useful;usefulness,correlation;correlations;table,S121,true,S121_source_packet_20260609.txt,true,true,true,S121,ok,true,true,/Users/newhosung/Library/CloudStorage/OneDrive-SharedLibraries-ThePennsylvaniaStateUniversity/AI Adoption Meta Analysis - Documents/Meta/AI Adoption/PDFs/S121.pdf,candidate_only_not_analytic_input_until_human_confirmed
ai_trace_auto_value_visible_exact,ai_candidate_only_existing_human_value_under_review,human_confirm_source_table_before_any_use,p1_review_value_not_found_in_any_text,S121-2,EE-SI,EE,SI,0.45,,latest_human_R3_(합의) CORRELATIONS,,,EE;ease of use;effort expectancy;perceived ease of use,SI;social influence,correlation;correlations;table,S121,true,S121_source_packet_20260609.txt,false,true,true,S121,ok,true,true,/Users/newhosung/Library/CloudStorage/OneDrive-SharedLibraries-ThePennsylvaniaStateUniversity/AI Adoption Meta Analysis - Documents/Meta/AI Adoption/PDFs/S121.pdf,candidate_only_not_analytic_input_until_human_confirmed
ai_trace_auto_value_visible_exact,ai_candidate_only_existing_human_value_under_review,human_confirm_source_table_before_any_use,p1_review_value_not_found_in_any_text,S121-2,EE-TRU,EE,TRU,0.19,,latest_human_R3_(합의) CORRELATIONS,,,EE;ease of use;effort expectancy;perceived ease of use,TRU;trust,correlation;correlations;table,S121,true,S121_source_packet_20260609.txt,true,true,true,S121,ok,true,true,/Users/newhosung/Library/CloudStorage/OneDrive-SharedLibraries-ThePennsylvaniaStateUniversity/AI Adoption Meta Analysis - Documents/Meta/AI Adoption/PDFs/S121.pdf,candidate_only_not_analytic_input_until_human_confirmed
ai_trace_auto_value_visible_exact,ai_candidate_only_existing_human_value_under_review,human_confirm_source_table_before_any_use,p1_review_value_not_found_in_any_text,S121-2,EE-UB,EE,UB,0.44,,latest_human_R3_(합의) CORRELATIONS,,,EE;ease of use;effort expectancy;perceived ease of use,UB;actual use;usage behavior;use;use behavior,correlation;correlations;table,S121,true,S121_source_packet_20260609.txt,false,true,true,S121,ok,true,true,/Users/newhosung/Library/CloudStorage/OneDrive-SharedLibraries-ThePennsylvaniaStateUniversity/AI Adoption Meta Analysis - Documents/Meta/AI Adoption/PDFs/S121.pdf,candidate_only_not_analytic_input_until_human_confirmed
ai_trace_auto_value_visible_exact,ai_candidate_only_existing_human_value_under_review,human_confirm_source_table_before_any_use,p1_review_value_not_found_in_any_text,S121-2,FC-PE,FC,PE,0.47,,latest_human_R3_(합의) CORRELATIONS,,,FC;facilitating;facilitating conditions;resources;support,PE;perceived usefulness;performance expectancy;useful;usefulness,correlation;correlations;table,S121,true,S121_source_packet_20260609.txt,true,true,true,S121,ok,true,true,/Users/newhosung/Library/CloudStorage/OneDrive-SharedLibraries-ThePennsylvaniaStateUniversity/AI Adoption Meta Analysis - Documents/Meta/AI Adoption/PDFs/S121.pdf,candidate_only_not_analytic_input_until_human_confirmed
ai_trace_auto_value_visible_exact,ai_candidate_only_existing_human_value_under_review,human_confirm_source_table_before_any_use,p1_review_value_not_found_in_any_text,S121-2,FC-SI,FC,SI,0.44,,latest_human_R3_(합의) CORRELATIONS,,,FC;facilitating;facilitating conditions;resources;support,SI;social influence,correlation;correlations;table,S121,true,S121_source_packet_20260609.txt,false,true,true,S121,ok,true,true,/Users/newhosung/Library/CloudStorage/OneDrive-SharedLibraries-ThePennsylvaniaStateUniversity/AI Adoption Meta Analysis - Documents/Meta/AI Adoption/PDFs/S121.pdf,candidate_only_not_analytic_input_until_human_confirmed
ai_trace_auto_value_visible_exact,ai_candidate_only_existing_human_value_under_review,human_confirm_source_table_before_any_use,p1_review_value_not_found_in_any_text,S121-2,FC-TRU,FC,TRU,0.13,,latest_human_R3_(합의) CORRELATIONS,,,FC;facilitating;facilitating conditions;resources;support,TRU;trust,correlation;correlations;table,S121,true,S121_source_packet_20260609.txt,true,true,true,S121,ok,true,true,/Users/newhosung/Library/CloudStorage/OneDrive-SharedLibraries-ThePennsylvaniaStateUniversity/AI Adoption Meta Analysis - Documents/Meta/AI Adoption/PDFs/S121.pdf,candidate_only_not_analytic_input_until_human_confirmed
ai_trace_auto_value_visible_exact,ai_candidate_only_existing_human_value_under_review,human_confirm_source_table_before_any_use,p1_review_value_not_found_in_any_text,S121-2,FC-UB,FC,UB,0.34,,latest_human_R3_(합의) CORRELATIONS,,,FC;facilitating;facilitating conditions;resources;support,UB;actual use;usage behavior;use;use behavior,correlation;correlations;table,S121,true,S121_source_packet_20260609.txt,true,true,true,S121,ok,true,true,/Users/newhosung/Library/CloudStorage/OneDrive-SharedLibraries-ThePennsylvaniaStateUniversity/AI Adoption Meta Analysis - Documents/Meta/AI Adoption/PDFs/S121.pdf,candidate_only_not_analytic_input_until_human_confirmed
ai_trace_auto_value_visible_exact,ai_candidate_only_existing_human_value_under_review,human_confirm_source_table_before_any_use,p1_review_value_not_found_in_any_text,S121-2,PE-SI,PE,SI,0.59,,latest_human_R3_(합의) CORRELATIONS,,,PE;perceived usefulness;performance expectancy;useful;usefulness,SI;social influence,correlation;correlations;table,S121,true,S121_source_packet_20260609.txt,true,true,true,S121,ok,true,true,/Users/newhosung/Library/CloudStorage/OneDrive-SharedLibraries-ThePennsylvaniaStateUniversity/AI Adoption Meta Analysis - Documents/Meta/AI Adoption/PDFs/S121.pdf,candidate_only_not_analytic_input_until_human_confirmed
ai_trace_auto_value_visible_exact,ai_candidate_only_existing_human_value_under_review,human_confirm_source_table_before_any_use,p1_review_value_not_found_in_any_text,S121-2,PE-TRU,PE,TRU,0.31,,latest_human_R3_(합의) CORRELATIONS,,,PE;perceived usefulness;performance expectancy;useful;usefulness,TRU;trust,correlation;correlations;table,S121,true,S121_source_packet_20260609.txt,false,true,true,S121,ok,true,true,/Users/newhosung/Library/CloudStorage/OneDrive-SharedLibraries-ThePennsylvaniaStateUniversity/AI Adoption Meta Analysis - Documents/Meta/AI Adoption/PDFs/S121.pdf,candidate_only_not_analytic_input_until_human_confirmed
ai_trace_auto_value_visible_exact,ai_candidate_only_existing_human_value_under_review,human_confirm_source_table_before_any_use,p1_review_value_not_found_in_any_text,S121-2,PE-UB,PE,UB,0.35,,latest_human_R3_(합의) CORRELATIONS,,,PE;perceived usefulness;performance expectancy;useful;usefulness,UB;actual use;usage behavior;use;use behavior,correlation;correlations;table,S121,true,S121_source_packet_20260609.txt,true,true,true,S121,ok,true,true,/Users/newhosung/Library/CloudStorage/OneDrive-SharedLibraries-ThePennsylvaniaStateUniversity/AI Adoption Meta Analysis - Documents/Meta/AI Adoption/PDFs/S121.pdf,candidate_only_not_analytic_input_until_human_confirmed
ai_trace_auto_value_visible_exact,ai_candidate_only_existing_human_value_under_review,human_confirm_source_table_before_any_use,p1_review_value_not_found_in_any_text,S121-2,SI-TRU,SI,TRU,0.16,,latest_human_R3_(합의) CORRELATIONS,,,SI;social influence,TRU;trust,correlation;correlations;table,S121,true,S121_source_packet_20260609.txt,false,true,true,S121,ok,true,true,/Users/newhosung/Library/CloudStorage/OneDrive-SharedLibraries-ThePennsylvaniaStateUniversity/AI Adoption Meta Analysis - Documents/Meta/AI Adoption/PDFs/S121.pdf,candidate_only_not_analytic_input_until_human_confirmed
ai_trace_auto_value_visible_exact,ai_candidate_only_existing_human_value_under_review,human_confirm_source_table_before_any_use,p1_review_value_not_found_in_any_text,S121-2,SI-UB,SI,UB,0.21,,latest_human_R3_(합의) CORRELATIONS,,,SI;social influence,UB;actual use;usage behavior;use;use behavior,correlation;correlations;table,S121,true,S121_source_packet_20260609.txt,true,true,true,S121,ok,true,true,/Users/newhosung/Library/CloudStorage/OneDrive-SharedLibraries-ThePennsylvaniaStateUniversity/AI Adoption Meta Analysis - Documents/Meta/AI Adoption/PDFs/S121.pdf,candidate_only_not_analytic_input_until_human_confirmed
ai_trace_auto_value_visible_exact,ai_candidate_only_existing_human_value_under_review,human_confirm_source_table_before_any_use,p1_review_value_not_found_in_any_text,S121-2,TRU-UB,TRU,UB,0.31,,latest_human_R3_(합의) CORRELATIONS,,,TRU;trust,UB;actual use;usage behavior;use;use behavior,correlation;correlations;table,S121,true,S121_source_packet_20260609.txt,false,true,true,S121,ok,true,true,/Users/newhosung/Library/CloudStorage/OneDrive-SharedLibraries-ThePennsylvaniaStateUniversity/AI Adoption Meta Analysis - Documents/Meta/AI Adoption/PDFs/S121.pdf,candidate_only_not_analytic_input_until_human_confirmed
ai_trace_auto_value_visible_exact,ai_candidate_only_existing_human_value_under_review,human_confirm_source_table_before_any_use,p1_review_value_not_found_in_any_text,S077,ATT-EE,ATT,EE,0.62,308.0,latest_human_R3_(합의) CORRELATIONS,,,ATT;attitude;attitude toward;attitudes,EE;PEOU;ease of use;easy to use;perceived ease of use,correlation;correlations;fornell;larcker;latent;pearson;table,S077,true,S077_source_packet_20260609.txt,false,true,true,S077,ok,true,true,/Users/newhosung/Library/CloudStorage/OneDrive-SharedLibraries-ThePennsylvaniaStateUniversity/AI Adoption Meta Analysis - Documents/Meta/AI Adoption/PDFs/S077.pdf,candidate_only_not_analytic_input_until_human_confirmed
ai_trace_auto_value_visible_exact,ai_candidate_only_existing_human_value_under_review,human_confirm_source_table_before_any_use,p1_review_value_not_found_in_any_text,S077,ATT-PE,ATT,PE,0.75,308.0,latest_human_R3_(합의) CORRELATIONS,,,ATT;attitude;attitude toward;attitudes,PE;PU;perceived usefulness;useful;usefulness,correlation;correlations;fornell;larcker;latent;pearson;table,S077,true,S077_source_packet_20260609.txt,false,true,true,S077,ok,true,true,/Users/newhosung/Library/CloudStorage/OneDrive-SharedLibraries-ThePennsylvaniaStateUniversity/AI Adoption Meta Analysis - Documents/Meta/AI Adoption/PDFs/S077.pdf,candidate_only_not_analytic_input_until_human_confirmed
ai_trace_auto_value_visible_exact,ai_candidate_only_existing_human_value_under_review,human_confirm_source_table_before_any_use,p1_review_value_not_found_in_any_text,S077,ATT-SI,ATT,SI,0.6,308.0,latest_human_R3_(합의) CORRELATIONS,,,ATT;attitude;attitude toward;attitudes,SI;social influence;subjective norm,correlation;correlations;fornell;larcker;latent;pearson;table,S077,true,S077_source_packet_20260609.txt,false,true,true,S077,ok,true,true,/Users/newhosung/Library/CloudStorage/OneDrive-SharedLibraries-ThePennsylvaniaStateUniversity/AI Adoption Meta Analysis - Documents/Meta/AI Adoption/PDFs/S077.pdf,candidate_only_not_analytic_input_until_human_confirmed
ai_trace_auto_value_visible_exact,ai_candidate_only_existing_human_value_under_review,human_confirm_source_table_before_any_use,p1_review_value_not_found_in_any_text,S077,BI-EE,BI,EE,0.62,308.0,latest_human_R3_(합의) CORRELATIONS,,,BI;behavioral intention;continuance intention;intention to use,EE;PEOU;ease of use;easy to use;perceived ease of use,correlation;correlations;fornell;larcker;latent;pearson;table,S077,true,S077_source_packet_20260609.txt,false,true,true,S077,ok,true,true,/Users/newhosung/Library/CloudStorage/OneDrive-SharedLibraries-ThePennsylvaniaStateUniversity/AI Adoption Meta Analysis - Documents/Meta/AI Adoption/PDFs/S077.pdf,candidate_only_not_analytic_input_until_human_confirmed
ai_trace_auto_value_visible_exact,ai_candidate_only_existing_human_value_under_review,human_confirm_source_table_before_any_use,p1_review_value_not_found_in_any_text,S077,BI-PE,BI,PE,0.63,308.0,latest_human_R3_(합의) CORRELATIONS,,,BI;behavioral intention;continuance intention;intention to use,PE;PU;perceived usefulness;useful;usefulness,correlation;correlations;fornell;larcker;latent;pearson;table,S077,true,S077_source_packet_20260609.txt,false,true,true,S077,ok,true,true,/Users/newhosung/Library/CloudStorage/OneDrive-SharedLibraries-ThePennsylvaniaStateUniversity/AI Adoption Meta Analysis - Documents/Meta/AI Adoption/PDFs/S077.pdf,candidate_only_not_analytic_input_until_human_confirmed
ai_trace_auto_value_visible_exact,ai_candidate_only_existing_human_value_under_review,human_confirm_source_table_before_any_use,p1_review_value_not_found_in_any_text,S077,BI-SI,BI,SI,0.63,308.0,latest_human_R3_(합의) CORRELATIONS,,,BI;behavioral intention;continuance intention;intention to use,SI;social influence;subjective norm,correlation;correlations;fornell;larcker;latent;pearson;table,S077,true,S077_source_packet_20260609.txt,false,true,true,S077,ok,true,true,/Users/newhosung/Library/CloudStorage/OneDrive-SharedLibraries-ThePennsylvaniaStateUniversity/AI Adoption Meta Analysis - Documents/Meta/AI Adoption/PDFs/S077.pdf,candidate_only_not_analytic_input_until_human_confirmed
ai_trace_auto_value_visible_exact,ai_candidate_only_existing_human_value_under_review,human_confirm_source_table_before_any_use,p2_source_or_pdf_presence_gap,S222,BI-EE,BI,EE,0.45,50.0,latest_human_R3_CORRELATIONS,"Table 6, p. 2028",Table 6,BI;behavioral intention;behavioural intention;continuance intention;intention to use,PEOU;ease of use;easy to use;effort expectancy;perceived ease of use,correlation;fornell;larcker;table,S222,false,,false,false,true,S222,ok,true,true,/Users/newhosung/Library/CloudStorage/OneDrive-SharedLibraries-ThePennsylvaniaStateUniversity/AI Adoption Meta Analysis - Documents/Meta/AI Adoption/PDFs/S222.pdf,candidate_only_not_analytic_input_until_human_confirmed
ai_trace_possible_value_visible_broad_match,ai_candidate_only_existing_human_value_under_review,human_check_broad_numeric_match_for_false_positive,p1_review_value_not_found_in_any_text,S222,BI-PE,BI,PE,0.58,50.0,latest_human_R3_CORRELATIONS,"Table 6, p.2028",Table 6,BI;behavioral intention;behavioural intention;continuance intention;intention to use,PE;PU;perceived usefulness;performance expectancy;useful;usefulness,correlation;fornell;larcker;table,S222,false,,false,false,true,S222,ok,false,true,/Users/newhosung/Library/CloudStorage/OneDrive-SharedLibraries-ThePennsylvaniaStateUniversity/AI Adoption Meta Analysis - Documents/Meta/AI Adoption/PDFs/S222.pdf,candidate_only_not_analytic_input_until_human_confirmed
ai_trace_possible_value_visible_broad_match,ai_candidate_only_existing_human_value_under_review,human_check_broad_numeric_match_for_false_positive,p1_review_value_not_found_in_any_text,S218,ATT-BI,ATT,BI,0.78,242.0,latest_human_R3_CORRELATIONS,"Table 1, p.5",Table 1,attitude;attitude toward;attitudes,behavioral intention;behavioural intention;intention to use,correlation;matrix;table,S218,false,,false,false,true,S218,ok,false,true,/Users/newhosung/Library/CloudStorage/OneDrive-SharedLibraries-ThePennsylvaniaStateUniversity/AI Adoption Meta Analysis - Documents/Meta/AI Adoption/PDFs/S218.pdf,candidate_only_not_analytic_input_until_human_confirmed
ai_trace_possible_value_visible_broad_match,ai_candidate_only_existing_human_value_under_review,human_check_broad_numeric_match_for_false_positive,p1_review_value_not_found_in_any_text,S218,ATT-EE,ATT,EE,0.68,242.0,latest_human_R3_CORRELATIONS,"Table 1, p. 5",Table 1,attitude;attitude toward;attitudes,ease of use;easy to use;perceived ease of use,correlation;matrix;table,S218,false,,false,false,true,S218,ok,false,true,/Users/newhosung/Library/CloudStorage/OneDrive-SharedLibraries-ThePennsylvaniaStateUniversity/AI Adoption Meta Analysis - Documents/Meta/AI Adoption/PDFs/S218.pdf,candidate_only_not_analytic_input_until_human_confirmed
ai_trace_auto_value_visible_exact,ai_candidate_only_existing_human_value_under_review,human_confirm_source_table_before_any_use,p1_review_value_not_found_in_any_text,S218,ATT-PE,ATT,PE,0.7,242.0,latest_human_R3_CORRELATIONS,"Table 1, p.5",Table 1,attitude;attitude toward;attitudes,perceived usefulness;useful;usefulness,correlation;matrix;table,S218,false,,false,false,true,S218,ok,true,true,/Users/newhosung/Library/CloudStorage/OneDrive-SharedLibraries-ThePennsylvaniaStateUniversity/AI Adoption Meta Analysis - Documents/Meta/AI Adoption/PDFs/S218.pdf,candidate_only_not_analytic_input_until_human_confirmed
ai_trace_auto_value_visible_exact,ai_candidate_only_existing_human_value_under_review,human_confirm_source_table_before_any_use,p2_source_or_pdf_presence_gap,S218,BI-EE,BI,EE,0.59,242.0,latest_human_R3_CORRELATIONS,"Table 1, p.5",Table 1,behavioral intention;behavioural intention;intention to use,ease of use;easy to use;perceived ease of use,correlation;matrix;table,S218,false,,false,false,true,S218,ok,true,true,/Users/newhosung/Library/CloudStorage/OneDrive-SharedLibraries-ThePennsylvaniaStateUniversity/AI Adoption Meta Analysis - Documents/Meta/AI Adoption/PDFs/S218.pdf,candidate_only_not_analytic_input_until_human_confirmed
ai_trace_possible_value_visible_broad_match,ai_candidate_only_existing_human_value_under_review,human_check_broad_numeric_match_for_false_positive,p1_review_value_not_found_in_any_text,S218,BI-PE,BI,PE,0.63,242.0,latest_human_R3_CORRELATIONS,"Table 1, p.5",Table 1,behavioral intention;behavioural intention;intention to use,perceived usefulness;useful;usefulness,correlation;matrix;table,S218,false,,false,false,true,S218,ok,false,true,/Users/newhosung/Library/CloudStorage/OneDrive-SharedLibraries-ThePennsylvaniaStateUniversity/AI Adoption Meta Analysis - Documents/Meta/AI Adoption/PDFs/S218.pdf,candidate_only_not_analytic_input_until_human_confirmed
ai_trace_auto_value_visible_exact,ai_candidate_only_existing_human_value_under_review,human_confirm_source_table_before_any_use,p2_source_or_pdf_presence_gap,S218,EE-PE,EE,PE,0.66,242.0,latest_human_R3_CORRELATIONS,"Table 1, p.5",Table 1,ease of use;easy to use;perceived ease of use,perceived usefulness;useful;usefulness,correlation;matrix;table,S218,false,,false,false,true,S218,ok,true,true,/Users/newhosung/Library/CloudStorage/OneDrive-SharedLibraries-ThePennsylvaniaStateUniversity/AI Adoption Meta Analysis - Documents/Meta/AI Adoption/PDFs/S218.pdf,candidate_only_not_analytic_input_until_human_confirmed
ai_trace_auto_value_visible_exact,ai_candidate_only_existing_human_value_under_review,human_confirm_source_table_before_any_use,p2_source_or_pdf_presence_gap,S185,ANX-ATT,ANX,ATT,0.46,298.0,latest_human_R3_CORRELATIONS,"Table 3, p.7",Table 3,anxiety;apprehension,ATT;attitude;attitude toward;attitudes,correlation;fornell;larcker;table,S185,false,,false,false,true,S185,ok,true,true,/Users/newhosung/Library/CloudStorage/OneDrive-SharedLibraries-ThePennsylvaniaStateUniversity/AI Adoption Meta Analysis - Documents/Meta/AI Adoption/PDFs/S185.pdf,candidate_only_not_analytic_input_until_human_confirmed
ai_trace_auto_value_visible_exact,ai_candidate_only_existing_human_value_under_review,human_confirm_source_table_before_any_use,p2_source_or_pdf_presence_gap,S185,ANX-EE,ANX,EE,0.473,298.0,latest_human_R3_CORRELATIONS,,,anxiety;apprehension,ease of use;easy to use;perceived ease of use,correlation;fornell;larcker;table,S185,false,,false,false,true,S185,ok,true,true,/Users/newhosung/Library/CloudStorage/OneDrive-SharedLibraries-ThePennsylvaniaStateUniversity/AI Adoption Meta Analysis - Documents/Meta/AI Adoption/PDFs/S185.pdf,candidate_only_not_analytic_input_until_human_confirmed
ai_trace_auto_value_visible_exact,ai_candidate_only_existing_human_value_under_review,human_confirm_source_table_before_any_use,p2_source_or_pdf_presence_gap,S185,ANX-PE,ANX,PE,0.435,298.0,latest_human_R3_CORRELATIONS,,,anxiety;apprehension,PE;PU;perceived usefulness;useful;usefulness,correlation;fornell;larcker;table,S185,false,,false,false,true,S185,ok,true,true,/Users/newhosung/Library/CloudStorage/OneDrive-SharedLibraries-ThePennsylvaniaStateUniversity/AI Adoption Meta Analysis - Documents/Meta/AI Adoption/PDFs/S185.pdf,candidate_only_not_analytic_input_until_human_confirmed
ai_trace_auto_value_visible_exact,ai_candidate_only_existing_human_value_under_review,human_confirm_source_table_before_any_use,p2_source_or_pdf_presence_gap,S185,ANX-SI,ANX,SI,0.216,298.0,latest_human_R3_CORRELATIONS,,,anxiety;apprehension,social influence;subjective norm,correlation;fornell;larcker;table,S185,false,,false,false,true,S185,ok,true,true,/Users/newhosung/Library/CloudStorage/OneDrive-SharedLibraries-ThePennsylvaniaStateUniversity/AI Adoption Meta Analysis - Documents/Meta/AI Adoption/PDFs/S185.pdf,candidate_only_not_analytic_input_until_human_confirmed
ai_trace_auto_value_visible_exact,ai_candidate_only_existing_human_value_under_review,human_confirm_source_table_before_any_use,p2_source_or_pdf_presence_gap,S185,ATT-BI,ATT,BI,0.453,298.0,latest_human_R3_CORRELATIONS,Table3,,ATT;attitude;attitude toward;attitudes,BI;behavioral intention;intention to use;usage intention,correlation;fornell;larcker;table,S185,false,,false,false,true,S185,ok,true,true,/Users/newhosung/Library/CloudStorage/OneDrive-SharedLibraries-ThePennsylvaniaStateUniversity/AI Adoption Meta Analysis - Documents/Meta/AI Adoption/PDFs/S185.pdf,candidate_only_not_analytic_input_until_human_confirmed
ai_trace_auto_value_visible_exact,ai_candidate_only_existing_human_value_under_review,human_confirm_source_table_before_any_use,p2_source_or_pdf_presence_gap,S185,ATT-EE,ATT,EE,0.473,298.0,latest_human_R3_CORRELATIONS,Table3,,ATT;attitude;attitude toward;attitudes,ease of use;easy to use;perceived ease of use,correlation;fornell;larcker;table,S185,false,,false,false,true,S185,ok,true,true,/Users/newhosung/Library/CloudStorage/OneDrive-SharedLibraries-ThePennsylvaniaStateUniversity/AI Adoption Meta Analysis - Documents/Meta/AI Adoption/PDFs/S185.pdf,candidate_only_not_analytic_input_until_human_confirmed
ai_trace_auto_value_visible_exact,ai_candidate_only_existing_human_value_under_review,human_confirm_source_table_before_any_use,p2_source_or_pdf_presence_gap,S185,ATT-PE,ATT,PE,0.504,298.0,latest_human_R3_CORRELATIONS,Table3,,ATT;attitude;attitude toward;attitudes,PE;PU;perceived usefulness;useful;usefulness,correlation;fornell;larcker;table,S185,false,,false,false,true,S185,ok,true,true,/Users/newhosung/Library/CloudStorage/OneDrive-SharedLibraries-ThePennsylvaniaStateUniversity/AI Adoption Meta Analysis - Documents/Meta/AI Adoption/PDFs/S185.pdf,candidate_only_not_analytic_input_until_human_confirmed
ai_trace_auto_value_visible_exact,ai_candidate_only_existing_human_value_under_review,human_confirm_source_table_before_any_use,p2_source_or_pdf_presence_gap,S185,ATT-SI,ATT,SI,0.207,298.0,latest_human_R3_CORRELATIONS,Table3,,ATT;attitude;attitude toward;attitudes,social influence;subjective norm,correlation;fornell;larcker;table,S185,false,,false,false,true,S185,ok,true,true,/Users/newhosung/Library/CloudStorage/OneDrive-SharedLibraries-ThePennsylvaniaStateUniversity/AI Adoption Meta Analysis - Documents/Meta/AI Adoption/PDFs/S185.pdf,candidate_only_not_analytic_input_until_human_confirmed
ai_trace_auto_value_visible_exact,ai_candidate_only_existing_human_value_under_review,human_confirm_source_table_before_any_use,p2_source_or_pdf_presence_gap,S185,BI-EE,BI,EE,0.524,298.0,latest_human_R3_CORRELATIONS,Table3,,BI;behavioral intention;intention to use;usage intention,ease of use;easy to use;perceived ease of use,correlation;fornell;larcker;table,S185,false,,false,false,true,S185,ok,true,true,/Users/newhosung/Library/CloudStorage/OneDrive-SharedLibraries-ThePennsylvaniaStateUniversity/AI Adoption Meta Analysis - Documents/Meta/AI Adoption/PDFs/S185.pdf,candidate_only_not_analytic_input_until_human_confirmed
ai_trace_auto_value_visible_exact,ai_candidate_only_existing_human_value_under_review,human_confirm_source_table_before_any_use,p2_source_or_pdf_presence_gap,S185,BI-PE,BI,PE,0.459,298.0,latest_human_R3_CORRELATIONS,Table3,,BI;behavioral intention;intention to use;usage intention,PE;PU;perceived usefulness;useful;usefulness,correlation;fornell;larcker;table,S185,false,,false,false,true,S185,ok,true,true,/Users/newhosung/Library/CloudStorage/OneDrive-SharedLibraries-ThePennsylvaniaStateUniversity/AI Adoption Meta Analysis - Documents/Meta/AI Adoption/PDFs/S185.pdf,candidate_only_not_analytic_input_until_human_confirmed
ai_trace_auto_value_visible_exact,ai_candidate_only_existing_human_value_under_review,human_confirm_source_table_before_any_use,p2_source_or_pdf_presence_gap,S185,BI-SI,BI,SI,0.433,298.0,latest_human_R3_CORRELATIONS,,,BI;behavioral intention;intention to use;usage intention,social influence;subjective norm,correlation;fornell;larcker;table,S185,false,,false,false,true,S185,ok,true,true,/Users/newhosung/Library/CloudStorage/OneDrive-SharedLibraries-ThePennsylvaniaStateUniversity/AI Adoption Meta Analysis - Documents/Meta/AI Adoption/PDFs/S185.pdf,candidate_only_not_analytic_input_until_human_confirmed
ai_trace_auto_value_visible_exact,ai_candidate_only_existing_human_value_under_review,human_confirm_source_table_before_any_use,p2_source_or_pdf_presence_gap,S185,EE-PE,EE,PE,0.482,298.0,latest_human_R3_CORRELATIONS,Table3,,ease of use;easy to use;perceived ease of use,PE;PU;perceived usefulness;useful;usefulness,correlation;fornell;larcker;table,S185,false,,false,false,true,S185,ok,true,true,/Users/newhosung/Library/CloudStorage/OneDrive-SharedLibraries-ThePennsylvaniaStateUniversity/AI Adoption Meta Analysis - Documents/Meta/AI Adoption/PDFs/S185.pdf,candidate_only_not_analytic_input_until_human_confirmed
ai_trace_auto_value_visible_exact,ai_candidate_only_existing_human_value_under_review,human_confirm_source_table_before_any_use,p2_source_or_pdf_presence_gap,S185,EE-SI,EE,SI,0.279,298.0,latest_human_R3_CORRELATIONS,Table3,,ease of use;easy to use;perceived ease of use,social influence;subjective norm,correlation;fornell;larcker;table,S185,false,,false,false,true,S185,ok,true,true,/Users/newhosung/Library/CloudStorage/OneDrive-SharedLibraries-ThePennsylvaniaStateUniversity/AI Adoption Meta Analysis - Documents/Meta/AI Adoption/PDFs/S185.pdf,candidate_only_not_analytic_input_until_human_confirmed
ai_trace_auto_value_visible_exact,ai_candidate_only_existing_human_value_under_review,human_confirm_source_table_before_any_use,p2_source_or_pdf_presence_gap,S185,PE-SI,PE,SI,0.28,298.0,latest_human_R3_CORRELATIONS,Table3,,PE;PU;perceived usefulness;useful;usefulness,social influence;subjective norm,correlation;fornell;larcker;table,S185,false,,false,false,true,S185,ok,true,true,/Users/newhosung/Library/CloudStorage/OneDrive-SharedLibraries-ThePennsylvaniaStateUniversity/AI Adoption Meta Analysis - Documents/Meta/AI Adoption/PDFs/S185.pdf,candidate_only_not_analytic_input_until_human_confirmed
ai_trace_auto_value_visible_exact,ai_candidate_only_existing_human_value_under_review,human_confirm_source_table_before_any_use,p2_source_or_pdf_presence_gap,S194,BI-EE,BI,EE,0.44,469.0,latest_human_R3_CORRELATIONS,"Table 3, p.825",Table 3,BI;behavioral intention;behavioural intention;intention to use,EE;PEOU;ease of use;easy to use;effort expectancy;perceived ease of use,correlation;fornell;larcker;latent;table,S194,false,,false,false,true,S194,ok,true,true,/Users/newhosung/Library/CloudStorage/OneDrive-SharedLibraries-ThePennsylvaniaStateUniversity/AI Adoption Meta Analysis - Documents/Meta/AI Adoption/PDFs/S194.pdf,candidate_only_not_analytic_input_until_human_confirmed
ai_trace_auto_value_visible_exact,ai_candidate_only_existing_human_value_under_review,human_confirm_source_table_before_any_use,p2_source_or_pdf_presence_gap,S194,BI-FC,BI,FC,0.49,469.0,latest_human_R3_CORRELATIONS,"Table 3, p.825",Table 3,BI;behavioral intention;behavioural intention;intention to use,FC;facilitating;facilitating condition;facilitating conditions;resources;support,correlation;fornell;larcker;latent;table,S194,false,,false,false,true,S194,ok,true,true,/Users/newhosung/Library/CloudStorage/OneDrive-SharedLibraries-ThePennsylvaniaStateUniversity/AI Adoption Meta Analysis - Documents/Meta/AI Adoption/PDFs/S194.pdf,candidate_only_not_analytic_input_until_human_confirmed
ai_trace_auto_value_visible_exact,ai_candidate_only_existing_human_value_under_review,human_confirm_source_table_before_any_use,p2_source_or_pdf_presence_gap,S194,BI-PE,BI,PE,-0.08,469.0,latest_human_R3_CORRELATIONS,"Table 3, p.825",Table 3,BI;behavioral intention;behavioural intention;intention to use,PE;PU;perceived usefulness;performance expectancy;useful;usefulness,correlation;fornell;larcker;latent;table,S194,false,,false,false,true,S194,ok,true,true,/Users/newhosung/Library/CloudStorage/OneDrive-SharedLibraries-ThePennsylvaniaStateUniversity/AI Adoption Meta Analysis - Documents/Meta/AI Adoption/PDFs/S194.pdf,candidate_only_not_analytic_input_until_human_confirmed
ai_trace_auto_value_visible_exact,ai_candidate_only_existing_human_value_under_review,human_confirm_source_table_before_any_use,p2_source_or_pdf_presence_gap,S194,BI-SI,BI,SI,0.62,469.0,latest_human_R3_CORRELATIONS,"Table 3, p.825",Table 3,BI;behavioral intention;behavioural intention;intention to use,SI;social influence,correlation;fornell;larcker;latent;table,S194,false,,false,false,true,S194,ok,true,true,/Users/newhosung/Library/CloudStorage/OneDrive-SharedLibraries-ThePennsylvaniaStateUniversity/AI Adoption Meta Analysis - Documents/Meta/AI Adoption/PDFs/S194.pdf,candidate_only_not_analytic_input_until_human_confirmed
ai_trace_auto_value_visible_exact,ai_candidate_only_existing_human_value_under_review,human_confirm_source_table_before_any_use,p2_source_or_pdf_presence_gap,S194,BI-UB,BI,UB,0.64,469.0,latest_human_R3_CORRELATIONS,"Table 3, p.825",Table 3,BI;behavioral intention;behavioural intention;intention to use,UB;actual use;usage behavior;use;use behavior,correlation;fornell;larcker;latent;table,S194,false,,false,false,true,S194,ok,true,true,/Users/newhosung/Library/CloudStorage/OneDrive-SharedLibraries-ThePennsylvaniaStateUniversity/AI Adoption Meta Analysis - Documents/Meta/AI Adoption/PDFs/S194.pdf,candidate_only_not_analytic_input_until_human_confirmed
ai_trace_auto_value_visible_exact,ai_candidate_only_existing_human_value_under_review,human_confirm_source_table_before_any_use,p2_source_or_pdf_presence_gap,S194,EE-FC,EE,FC,0.55,469.0,latest_human_R3_CORRELATIONS,"Table 3, p.825",Table 3,EE;PEOU;ease of use;easy to use;effort expectancy;perceived ease of use,FC;facilitating;facilitating condition;facilitating conditions;resources;support,correlation;fornell;larcker;latent;table,S194,false,,false,false,true,S194,ok,true,true,/Users/newhosung/Library/CloudStorage/OneDrive-SharedLibraries-ThePennsylvaniaStateUniversity/AI Adoption Meta Analysis - Documents/Meta/AI Adoption/PDFs/S194.pdf,candidate_only_not_analytic_input_until_human_confirmed
ai_trace_auto_value_visible_exact,ai_candidate_only_existing_human_value_under_review,human_confirm_source_table_before_any_use,p2_source_or_pdf_presence_gap,S194,EE-PE,EE,PE,-0.1,469.0,latest_human_R3_CORRELATIONS,"Table 3, p.825",Table 3,EE;PEOU;ease of use;easy to use;effort expectancy;perceived ease of use,PE;PU;perceived usefulness;performance expectancy;useful;usefulness,correlation;fornell;larcker;latent;table,S194,false,,false,false,true,S194,ok,true,true,/Users/newhosung/Library/CloudStorage/OneDrive-SharedLibraries-ThePennsylvaniaStateUniversity/AI Adoption Meta Analysis - Documents/Meta/AI Adoption/PDFs/S194.pdf,candidate_only_not_analytic_input_until_human_confirmed
ai_trace_auto_value_visible_exact,ai_candidate_only_existing_human_value_under_review,human_confirm_source_table_before_any_use,p2_source_or_pdf_presence_gap,S194,EE-SI,EE,SI,0.52,469.0,latest_human_R3_CORRELATIONS,"Table 3, p.825",Table 3,EE;PEOU;ease of use;easy to use;effort expectancy;perceived ease of use,SI;social influence,correlation;fornell;larcker;latent;table,S194,false,,false,false,true,S194,ok,true,true,/Users/newhosung/Library/CloudStorage/OneDrive-SharedLibraries-ThePennsylvaniaStateUniversity/AI Adoption Meta Analysis - Documents/Meta/AI Adoption/PDFs/S194.pdf,candidate_only_not_analytic_input_until_human_confirmed
ai_trace_auto_value_visible_exact,ai_candidate_only_existing_human_value_under_review,human_confirm_source_table_before_any_use,p2_source_or_pdf_presence_gap,S194,EE-UB,EE,UB,0.49,469.0,latest_human_R3_CORRELATIONS,"Table 3, p.825",Table 3,EE;PEOU;ease of use;easy to use;effort expectancy;perceived ease of use,UB;actual use;usage behavior;use;use behavior,correlation;fornell;larcker;latent;table,S194,false,,false,false,true,S194,ok,true,true,/Users/newhosung/Library/CloudStorage/OneDrive-SharedLibraries-ThePennsylvaniaStateUniversity/AI Adoption Meta Analysis - Documents/Meta/AI Adoption/PDFs/S194.pdf,candidate_only_not_analytic_input_until_human_confirmed
ai_trace_auto_value_visible_exact,ai_candidate_only_existing_human_value_under_review,human_confirm_source_table_before_any_use,p2_source_or_pdf_presence_gap,S194,FC-PE,FC,PE,-0.12,469.0,latest_human_R3_CORRELATIONS,"Table 3, p.825",Table 3,FC;facilitating;facilitating condition;facilitating conditions;resources;support,PE;PU;perceived usefulness;performance expectancy;useful;usefulness,correlation;fornell;larcker;latent;table,S194,false,,false,false,true,S194,ok,true,true,/Users/newhosung/Library/CloudStorage/OneDrive-SharedLibraries-ThePennsylvaniaStateUniversity/AI Adoption Meta Analysis - Documents/Meta/AI Adoption/PDFs/S194.pdf,candidate_only_not_analytic_input_until_human_confirmed
ai_trace_auto_value_visible_exact,ai_candidate_only_existing_human_value_under_review,human_confirm_source_table_before_any_use,p2_source_or_pdf_presence_gap,S194,FC-SI,FC,SI,0.59,469.0,latest_human_R3_CORRELATIONS,"Table 3, p.825",Table 3,FC;facilitating;facilitating condition;facilitating conditions;resources;support,SI;social influence,correlation;fornell;larcker;latent;table,S194,false,,false,false,true,S194,ok,true,true,/Users/newhosung/Library/CloudStorage/OneDrive-SharedLibraries-ThePennsylvaniaStateUniversity/AI Adoption Meta Analysis - Documents/Meta/AI Adoption/PDFs/S194.pdf,candidate_only_not_analytic_input_until_human_confirmed
ai_trace_auto_value_visible_exact,ai_candidate_only_existing_human_value_under_review,human_confirm_source_table_before_any_use,p2_source_or_pdf_presence_gap,S194,FC-UB,FC,UB,0.52,469.0,latest_human_R3_CORRELATIONS,"Table 3, p.825",Table 3,FC;facilitating;facilitating condition;facilitating conditions;resources;support,UB;actual use;usage behavior;use;use behavior,correlation;fornell;larcker;latent;table,S194,false,,false,false,true,S194,ok,true,true,/Users/newhosung/Library/CloudStorage/OneDrive-SharedLibraries-ThePennsylvaniaStateUniversity/AI Adoption Meta Analysis - Documents/Meta/AI Adoption/PDFs/S194.pdf,candidate_only_not_analytic_input_until_human_confirmed
ai_trace_auto_value_visible_exact,ai_candidate_only_existing_human_value_under_review,human_confirm_source_table_before_any_use,p2_source_or_pdf_presence_gap,S194,PE-SI,PE,SI,-0.12,469.0,latest_human_R3_CORRELATIONS,"Table 3, p.825",Table 3,PE;PU;perceived usefulness;performance expectancy;useful;usefulness,SI;social influence,correlation;fornell;larcker;latent;table,S194,false,,false,false,true,S194,ok,true,true,/Users/newhosung/Library/CloudStorage/OneDrive-SharedLibraries-ThePennsylvaniaStateUniversity/AI Adoption Meta Analysis - Documents/Meta/AI Adoption/PDFs/S194.pdf,candidate_only_not_analytic_input_until_human_confirmed
ai_trace_auto_value_visible_exact,ai_candidate_only_existing_human_value_under_review,human_confirm_source_table_before_any_use,p2_source_or_pdf_presence_gap,S194,PE-UB,PE,UB,-0.05,469.0,latest_human_R3_CORRELATIONS,"Table 3, p.825",Table 3,PE;PU;perceived usefulness;performance expectancy;useful;usefulness,UB;actual use;usage behavior;use;use behavior,correlation;fornell;larcker;latent;table,S194,false,,false,false,true,S194,ok,true,true,/Users/newhosung/Library/CloudStorage/OneDrive-SharedLibraries-ThePennsylvaniaStateUniversity/AI Adoption Meta Analysis - Documents/Meta/AI Adoption/PDFs/S194.pdf,candidate_only_not_analytic_input_until_human_confirmed
ai_trace_auto_value_visible_exact,ai_candidate_only_existing_human_value_under_review,human_confirm_source_table_before_any_use,p2_source_or_pdf_presence_gap,S194,SI-UB,SI,UB,0.56,469.0,latest_human_R3_CORRELATIONS,"Table 3, p.825",Table 3,SI;social influence,UB;actual use;usage behavior;use;use behavior,correlation;fornell;larcker;latent;table,S194,false,,false,false,true,S194,ok,true,true,/Users/newhosung/Library/CloudStorage/OneDrive-SharedLibraries-ThePennsylvaniaStateUniversity/AI Adoption Meta Analysis - Documents/Meta/AI Adoption/PDFs/S194.pdf,candidate_only_not_analytic_input_until_human_confirmed
ai_trace_auto_value_visible_exact,ai_candidate_only_existing_human_value_under_review,human_confirm_source_table_before_any_use,p2_source_or_pdf_presence_gap,S208,BI-EE,BI,EE,0.43,526.0,latest_human_R3_CORRELATIONS,"Table 2, p.829",Table 2,behavioural intention;usage intention,EE;ease of use;effort expectancy,correlation;correlations;fornell;larcker;latent;matrix;table,S208,false,,false,false,true,S208,ok,true,true,/Users/newhosung/Library/CloudStorage/OneDrive-SharedLibraries-ThePennsylvaniaStateUniversity/AI Adoption Meta Analysis - Documents/Meta/AI Adoption/PDFs/S208.pdf,candidate_only_not_analytic_input_until_human_confirmed
ai_trace_auto_value_visible_exact,ai_candidate_only_existing_human_value_under_review,human_confirm_source_table_before_any_use,p1_review_value_not_found_in_any_text,S208,BI-PE,BI,PE,0.24,526.0,latest_human_R3_CORRELATIONS,"Table 2, p.829",Table 2,behavioural intention;usage intention,PE;performance expectancy,correlation;correlations;fornell;larcker;latent;matrix;table,S208,false,,false,false,true,S208,ok,true,true,/Users/newhosung/Library/CloudStorage/OneDrive-SharedLibraries-ThePennsylvaniaStateUniversity/AI Adoption Meta Analysis - Documents/Meta/AI Adoption/PDFs/S208.pdf,candidate_only_not_analytic_input_until_human_confirmed
ai_trace_auto_value_visible_exact,ai_candidate_only_existing_human_value_under_review,human_confirm_source_table_before_any_use,p2_source_or_pdf_presence_gap,S208,BI-SI,BI,SI,0.46,526.0,latest_human_R3_CORRELATIONS,"Table 2, p.829",Table 2,behavioural intention;usage intention,SI;social influence,correlation;correlations;fornell;larcker;latent;matrix;table,S208,false,,false,false,true,S208,ok,true,true,/Users/newhosung/Library/CloudStorage/OneDrive-SharedLibraries-ThePennsylvaniaStateUniversity/AI Adoption Meta Analysis - Documents/Meta/AI Adoption/PDFs/S208.pdf,candidate_only_not_analytic_input_until_human_confirmed
ai_trace_auto_value_visible_exact,ai_candidate_only_existing_human_value_under_review,human_confirm_source_table_before_any_use,p2_source_or_pdf_presence_gap,S208,BI-TRU,BI,TRU,0.52,526.0,latest_human_R3_CORRELATIONS,"Table 2, p.829",Table 2,behavioural intention;usage intention,trust,correlation;correlations;fornell;larcker;latent;matrix;table,S208,false,,false,false,true,S208,ok,true,true,/Users/newhosung/Library/CloudStorage/OneDrive-SharedLibraries-ThePennsylvaniaStateUniversity/AI Adoption Meta Analysis - Documents/Meta/AI Adoption/PDFs/S208.pdf,candidate_only_not_analytic_input_until_human_confirmed
ai_trace_auto_value_visible_exact,ai_candidate_only_existing_human_value_under_review,human_confirm_source_table_before_any_use,p2_source_or_pdf_presence_gap,S208,EE-PE,EE,PE,0.4,526.0,latest_human_R3_CORRELATIONS,"Table 2, p.829",Table 2,EE;ease of use;effort expectancy,PE;performance expectancy,correlation;correlations;fornell;larcker;latent;matrix;table,S208,false,,false,false,true,S208,ok,true,true,/Users/newhosung/Library/CloudStorage/OneDrive-SharedLibraries-ThePennsylvaniaStateUniversity/AI Adoption Meta Analysis - Documents/Meta/AI Adoption/PDFs/S208.pdf,candidate_only_not_analytic_input_until_human_confirmed
ai_trace_auto_value_visible_exact,ai_candidate_only_existing_human_value_under_review,human_confirm_source_table_before_any_use,p2_source_or_pdf_presence_gap,S208,EE-SI,EE,SI,0.36,526.0,latest_human_R3_CORRELATIONS,"Table 2, p.829",Table 2,EE;ease of use;effort expectancy,SI;social influence,correlation;correlations;fornell;larcker;latent;matrix;table,S208,false,,false,false,true,S208,ok,true,true,/Users/newhosung/Library/CloudStorage/OneDrive-SharedLibraries-ThePennsylvaniaStateUniversity/AI Adoption Meta Analysis - Documents/Meta/AI Adoption/PDFs/S208.pdf,candidate_only_not_analytic_input_until_human_confirmed
ai_trace_auto_value_visible_exact,ai_candidate_only_existing_human_value_under_review,human_confirm_source_table_before_any_use,p2_source_or_pdf_presence_gap,S208,EE-TRU,EE,TRU,0.39,526.0,latest_human_R3_CORRELATIONS,"Table 2, p. 829",Table 2,EE;ease of use;effort expectancy,trust,correlation;correlations;fornell;larcker;latent;matrix;table,S208,false,,false,false,true,S208,ok,true,true,/Users/newhosung/Library/CloudStorage/OneDrive-SharedLibraries-ThePennsylvaniaStateUniversity/AI Adoption Meta Analysis - Documents/Meta/AI Adoption/PDFs/S208.pdf,candidate_only_not_analytic_input_until_human_confirmed
ai_trace_auto_value_visible_exact,ai_candidate_only_existing_human_value_under_review,human_confirm_source_table_before_any_use,p1_review_value_not_found_in_any_text,S208,PE-SI,PE,SI,0.29,526.0,latest_human_R3_CORRELATIONS,"Table 2, p. 829",Table 2,PE;performance expectancy,SI;social influence,correlation;correlations;fornell;larcker;latent;matrix;table,S208,false,,false,false,true,S208,ok,true,true,/Users/newhosung/Library/CloudStorage/OneDrive-SharedLibraries-ThePennsylvaniaStateUniversity/AI Adoption Meta Analysis - Documents/Meta/AI Adoption/PDFs/S208.pdf,candidate_only_not_analytic_input_until_human_confirmed
ai_trace_auto_value_visible_exact,ai_candidate_only_existing_human_value_under_review,human_confirm_source_table_before_any_use,p1_review_value_not_found_in_any_text,S208,PE-TRU,PE,TRU,0.29,526.0,latest_human_R3_CORRELATIONS,"Table 2, p. 829",Table 2,PE;performance expectancy,trust,correlation;correlations;fornell;larcker;latent;matrix;table,S208,false,,false,false,true,S208,ok,true,true,/Users/newhosung/Library/CloudStorage/OneDrive-SharedLibraries-ThePennsylvaniaStateUniversity/AI Adoption Meta Analysis - Documents/Meta/AI Adoption/PDFs/S208.pdf,candidate_only_not_analytic_input_until_human_confirmed
ai_trace_auto_value_visible_exact,ai_candidate_only_existing_human_value_under_review,human_confirm_source_table_before_any_use,p1_review_value_not_found_in_any_text,S208,SI-TRU,SI,TRU,0.24,526.0,latest_human_R3_CORRELATIONS,"Table 2, p.829",Table 2,SI;social influence,trust,correlation;correlations;fornell;larcker;latent;matrix;table,S208,false,,false,false,true,S208,ok,true,true,/Users/newhosung/Library/CloudStorage/OneDrive-SharedLibraries-ThePennsylvaniaStateUniversity/AI Adoption Meta Analysis - Documents/Meta/AI Adoption/PDFs/S208.pdf,candidate_only_not_analytic_input_until_human_confirmed
ai_trace_possible_value_visible_broad_match,ai_candidate_only_existing_human_value_under_review,human_check_broad_numeric_match_for_false_positive,p1_review_value_not_found_in_any_text,S028,ATT-BI,ATT,BI,0.87,508.0,latest_human_R3_CORRELATIONS,"Table 4, p. 7",Table 4,attitude;attitude toward;attitudes,behavioral intention;intention to use;usage intention,correlation;latent;table,S028,false,,false,false,true,S028,ok,false,true,/Users/newhosung/Library/CloudStorage/OneDrive-SharedLibraries-ThePennsylvaniaStateUniversity/AI Adoption Meta Analysis - Documents/Meta/AI Adoption/PDFs/S028.pdf,candidate_only_not_analytic_input_until_human_confirmed
ai_trace_auto_value_visible_exact,ai_candidate_only_existing_human_value_under_review,human_confirm_source_table_before_any_use,p2_source_or_pdf_presence_gap,S028,ATT-EE,ATT,EE,0.63,508.0,latest_human_R3_CORRELATIONS,"Table 4, p.7",Table 4,attitude;attitude toward;attitudes,PEOU;ease of use;easy to use;perceived ease of use,correlation;latent;table,S028,false,,false,false,true,S028,ok,true,true,/Users/newhosung/Library/CloudStorage/OneDrive-SharedLibraries-ThePennsylvaniaStateUniversity/AI Adoption Meta Analysis - Documents/Meta/AI Adoption/PDFs/S028.pdf,candidate_only_not_analytic_input_until_human_confirmed
ai_trace_possible_value_visible_broad_match,ai_candidate_only_existing_human_value_under_review,human_check_broad_numeric_match_for_false_positive,p1_review_value_not_found_in_any_text,S028,ATT-PE,ATT,PE,0.8,508.0,latest_human_R3_CORRELATIONS,"Table 4, p. 7",Table 4,attitude;attitude toward;attitudes,PU;perceived usefulness;useful;usefulness,correlation;latent;table,S028,false,,false,false,true,S028,ok,false,true,/Users/newhosung/Library/CloudStorage/OneDrive-SharedLibraries-ThePennsylvaniaStateUniversity/AI Adoption Meta Analysis - Documents/Meta/AI Adoption/PDFs/S028.pdf,candidate_only_not_analytic_input_until_human_confirmed
ai_trace_possible_value_visible_broad_match,ai_candidate_only_existing_human_value_under_review,human_check_broad_numeric_match_for_false_positive,p1_review_value_not_found_in_any_text,S028,ATT-SE,ATT,SE,0.72,508.0,latest_human_R3_CORRELATIONS,"Table 4, p.7",Table 4,attitude;attitude toward;attitudes,computer self-efficacy;efficacy;self-efficacy,correlation;latent;table,S028,false,,false,false,true,S028,ok,false,true,/Users/newhosung/Library/CloudStorage/OneDrive-SharedLibraries-ThePennsylvaniaStateUniversity/AI Adoption Meta Analysis - Documents/Meta/AI Adoption/PDFs/S028.pdf,candidate_only_not_analytic_input_until_human_confirmed
ai_trace_possible_value_visible_broad_match,ai_candidate_only_existing_human_value_under_review,human_check_broad_numeric_match_for_false_positive,p1_review_value_not_found_in_any_text,S028,BI-EE,BI,EE,0.62,508.0,latest_human_R3_CORRELATIONS,"Table 4, p. 7",Table 4,behavioral intention;intention to use;usage intention,PEOU;ease of use;easy to use;perceived ease of use,correlation;latent;table,S028,false,,false,false,true,S028,ok,false,true,/Users/newhosung/Library/CloudStorage/OneDrive-SharedLibraries-ThePennsylvaniaStateUniversity/AI Adoption Meta Analysis - Documents/Meta/AI Adoption/PDFs/S028.pdf,candidate_only_not_analytic_input_until_human_confirmed
ai_trace_auto_value_visible_exact,ai_candidate_only_existing_human_value_under_review,human_confirm_source_table_before_any_use,p2_source_or_pdf_presence_gap,S028,BI-PE,BI,PE,0.82,508.0,latest_human_R3_CORRELATIONS,"Table 4, p.7",Table 4,behavioral intention;intention to use;usage intention,PU;perceived usefulness;useful;usefulness,correlation;latent;table,S028,false,,false,false,true,S028,ok,true,true,/Users/newhosung/Library/CloudStorage/OneDrive-SharedLibraries-ThePennsylvaniaStateUniversity/AI Adoption Meta Analysis - Documents/Meta/AI Adoption/PDFs/S028.pdf,candidate_only_not_analytic_input_until_human_confirmed
ai_trace_possible_value_visible_broad_match,ai_candidate_only_existing_human_value_under_review,human_check_broad_numeric_match_for_false_positive,p1_review_value_not_found_in_any_text,S028,BI-SE,BI,SE,0.68,508.0,latest_human_R3_CORRELATIONS,"Table 4, p. 7",Table 4,behavioral intention;intention to use;usage intention,computer self-efficacy;efficacy;self-efficacy,correlation;latent;table,S028,false,,false,false,true,S028,ok,false,true,/Users/newhosung/Library/CloudStorage/OneDrive-SharedLibraries-ThePennsylvaniaStateUniversity/AI Adoption Meta Analysis - Documents/Meta/AI Adoption/PDFs/S028.pdf,candidate_only_not_analytic_input_until_human_confirmed
ai_trace_possible_value_visible_broad_match,ai_candidate_only_existing_human_value_under_review,human_check_broad_numeric_match_for_false_positive,p1_review_value_not_found_in_any_text,S028,EE-PE,EE,PE,0.66,508.0,latest_human_R3_CORRELATIONS,"Table 4, p. 7",Table 4,PEOU;ease of use;easy to use;perceived ease of use,PU;perceived usefulness;useful;usefulness,correlation;latent;table,S028,false,,false,false,true,S028,ok,false,true,/Users/newhosung/Library/CloudStorage/OneDrive-SharedLibraries-ThePennsylvaniaStateUniversity/AI Adoption Meta Analysis - Documents/Meta/AI Adoption/PDFs/S028.pdf,candidate_only_not_analytic_input_until_human_confirmed
ai_trace_possible_value_visible_broad_match,ai_candidate_only_existing_human_value_under_review,human_check_broad_numeric_match_for_false_positive,p1_review_value_not_found_in_any_text,S028,EE-SE,EE,SE,0.79,508.0,latest_human_R3_CORRELATIONS,"Table 4, p.7",Table 4,PEOU;ease of use;easy to use;perceived ease of use,computer self-efficacy;efficacy;self-efficacy,correlation;latent;table,S028,false,,false,false,true,S028,ok,false,true,/Users/newhosung/Library/CloudStorage/OneDrive-SharedLibraries-ThePennsylvaniaStateUniversity/AI Adoption Meta Analysis - Documents/Meta/AI Adoption/PDFs/S028.pdf,candidate_only_not_analytic_input_until_human_confirmed
ai_trace_auto_value_visible_exact,ai_candidate_only_existing_human_value_under_review,human_confirm_source_table_before_any_use,p2_source_or_pdf_presence_gap,S028,PE-SE,PE,SE,0.74,508.0,latest_human_R3_CORRELATIONS,"Table 4, p. 7",Table 4,PU;perceived usefulness;useful;usefulness,computer self-efficacy;efficacy;self-efficacy,correlation;latent;table,S028,false,,false,false,true,S028,ok,true,true,/Users/newhosung/Library/CloudStorage/OneDrive-SharedLibraries-ThePennsylvaniaStateUniversity/AI Adoption Meta Analysis - Documents/Meta/AI Adoption/PDFs/S028.pdf,candidate_only_not_analytic_input_until_human_confirmed
ai_trace_auto_value_visible_exact,ai_candidate_only_existing_human_value_under_review,human_confirm_source_table_before_any_use,p2_source_or_pdf_presence_gap,S059,ATT-BI,ATT,BI,0.9,645.0,latest_human_R3_CORRELATIONS,"Table 4, p.9",Table 4,attitude;attitudes,behavioural intention;intention to use,correlation;correlations;table,S059,false,,false,false,true,S059,ok,true,true,/Users/newhosung/Library/CloudStorage/OneDrive-SharedLibraries-ThePennsylvaniaStateUniversity/AI Adoption Meta Analysis - Documents/Meta/AI Adoption/PDFs/S059.pdf,candidate_only_not_analytic_input_until_human_confirmed
ai_trace_auto_value_visible_exact,ai_candidate_only_existing_human_value_under_review,human_confirm_source_table_before_any_use,p1_review_value_not_found_in_any_text,S059,ATT-EE,ATT,EE,0.26,645.0,latest_human_R3_CORRELATIONS,"Table 4, p.9",Table 4,attitude;attitudes,ease of use;perceived ease of use,correlation;correlations;table,S059,false,,false,false,true,S059,ok,true,true,/Users/newhosung/Library/CloudStorage/OneDrive-SharedLibraries-ThePennsylvaniaStateUniversity/AI Adoption Meta Analysis - Documents/Meta/AI Adoption/PDFs/S059.pdf,candidate_only_not_analytic_input_until_human_confirmed
ai_trace_auto_value_visible_exact,ai_candidate_only_existing_human_value_under_review,human_confirm_source_table_before_any_use,p1_review_value_not_found_in_any_text,S059,ATT-PE,ATT,PE,0.29,645.0,latest_human_R3_CORRELATIONS,"Table 4, p.9",Table 4,attitude;attitudes,PU;perceived usefulness;useful;usefulness,correlation;correlations;table,S059,false,,false,false,true,S059,ok,true,true,/Users/newhosung/Library/CloudStorage/OneDrive-SharedLibraries-ThePennsylvaniaStateUniversity/AI Adoption Meta Analysis - Documents/Meta/AI Adoption/PDFs/S059.pdf,candidate_only_not_analytic_input_until_human_confirmed
ai_trace_auto_value_visible_exact,ai_candidate_only_existing_human_value_under_review,human_confirm_source_table_before_any_use,p2_source_or_pdf_presence_gap,S059,BI-FC,BI,FC,0.13,645.0,latest_human_R3_CORRELATIONS,"Table 4, p. 9",Table 4,behavioural intention;intention to use,facilitating;facilitating conditions;resources;support,correlation;correlations;table,S059,false,,false,false,true,S059,ok,true,true,/Users/newhosung/Library/CloudStorage/OneDrive-SharedLibraries-ThePennsylvaniaStateUniversity/AI Adoption Meta Analysis - Documents/Meta/AI Adoption/PDFs/S059.pdf,candidate_only_not_analytic_input_until_human_confirmed
ai_trace_auto_value_visible_exact,ai_candidate_only_existing_human_value_under_review,human_confirm_source_table_before_any_use,p2_source_or_pdf_presence_gap,S059,EE-FC,EE,FC,0.93,645.0,latest_human_R3_CORRELATIONS,"Table 4, p. 9",Table 4,ease of use;perceived ease of use,facilitating;facilitating conditions;resources;support,correlation;correlations;table,S059,false,,false,false,true,S059,ok,true,true,/Users/newhosung/Library/CloudStorage/OneDrive-SharedLibraries-ThePennsylvaniaStateUniversity/AI Adoption Meta Analysis - Documents/Meta/AI Adoption/PDFs/S059.pdf,candidate_only_not_analytic_input_until_human_confirmed
ai_trace_possible_value_visible_broad_match,ai_candidate_only_existing_human_value_under_review,human_check_broad_numeric_match_for_false_positive,p1_review_value_not_found_in_any_text,S059,EE-PE,EE,PE,0.17,645.0,latest_human_R3_CORRELATIONS,"Table 4, p. 9",Table 4,ease of use;perceived ease of use,PU;perceived usefulness;useful;usefulness,correlation;correlations;table,S059,false,,false,false,true,S059,ok,false,true,/Users/newhosung/Library/CloudStorage/OneDrive-SharedLibraries-ThePennsylvaniaStateUniversity/AI Adoption Meta Analysis - Documents/Meta/AI Adoption/PDFs/S059.pdf,candidate_only_not_analytic_input_until_human_confirmed
ai_trace_auto_value_visible_exact,ai_candidate_only_existing_human_value_under_review,human_confirm_source_table_before_any_use,p2_source_or_pdf_presence_gap,S145,ATT-BI,ATT,BI,0.17,374.0,latest_human_R3_CORRELATIONS,"Table 3, p. 24",Table 3,attitude;attitude toward;attitudes,behavioral intention;intention to use,correlation;correlations;latent;table,S145,false,,false,false,true,S145,ok,true,true,/Users/newhosung/Library/CloudStorage/OneDrive-SharedLibraries-ThePennsylvaniaStateUniversity/AI Adoption Meta Analysis - Documents/Meta/AI Adoption/PDFs/S145.pdf,candidate_only_not_analytic_input_until_human_confirmed
ai_trace_possible_value_visible_broad_match,ai_candidate_only_existing_human_value_under_review,human_check_broad_numeric_match_for_false_positive,p1_review_value_not_found_in_any_text,S145,ATT-EE,ATT,EE,0.4,374.0,latest_human_R3_CORRELATIONS,"Table 3, p. 24",Table 3,attitude;attitude toward;attitudes,EE;ease of use;easy to use;effort expectancy;perceived ease of use,correlation;correlations;latent;table,S145,false,,false,false,true,S145,ok,false,true,/Users/newhosung/Library/CloudStorage/OneDrive-SharedLibraries-ThePennsylvaniaStateUniversity/AI Adoption Meta Analysis - Documents/Meta/AI Adoption/PDFs/S145.pdf,candidate_only_not_analytic_input_until_human_confirmed
ai_trace_auto_value_visible_exact,ai_candidate_only_existing_human_value_under_review,human_confirm_source_table_before_any_use,p2_source_or_pdf_presence_gap,S145,ATT-UB,ATT,UB,0.15,374.0,latest_human_R3_CORRELATIONS,"Table 3, p. 24",Table 3,attitude;attitude toward;attitudes,use;use behavior,correlation;correlations;latent;table,S145,false,,false,false,true,S145,ok,true,true,/Users/newhosung/Library/CloudStorage/OneDrive-SharedLibraries-ThePennsylvaniaStateUniversity/AI Adoption Meta Analysis - Documents/Meta/AI Adoption/PDFs/S145.pdf,candidate_only_not_analytic_input_until_human_confirmed
ai_trace_auto_value_visible_exact,ai_candidate_only_existing_human_value_under_review,human_confirm_source_table_before_any_use,p2_source_or_pdf_presence_gap,S145,BI-EE,BI,EE,0.2,374.0,latest_human_R3_CORRELATIONS,"Table 3, p.24",Table 3,behavioral intention;intention to use,EE;ease of use;easy to use;effort expectancy;perceived ease of use,correlation;correlations;latent;table,S145,false,,false,false,true,S145,ok,true,true,/Users/newhosung/Library/CloudStorage/OneDrive-SharedLibraries-ThePennsylvaniaStateUniversity/AI Adoption Meta Analysis - Documents/Meta/AI Adoption/PDFs/S145.pdf,candidate_only_not_analytic_input_until_human_confirmed
ai_trace_auto_value_visible_exact,ai_candidate_only_existing_human_value_under_review,human_confirm_source_table_before_any_use,p2_source_or_pdf_presence_gap,S145,BI-UB,BI,UB,0.33,374.0,latest_human_R3_CORRELATIONS,"Table 3, p. 24",Table 3,behavioral intention;intention to use,use;use behavior,correlation;correlations;latent;table,S145,false,,false,false,true,S145,ok,true,true,/Users/newhosung/Library/CloudStorage/OneDrive-SharedLibraries-ThePennsylvaniaStateUniversity/AI Adoption Meta Analysis - Documents/Meta/AI Adoption/PDFs/S145.pdf,candidate_only_not_analytic_input_until_human_confirmed
ai_trace_auto_value_visible_exact,ai_candidate_only_existing_human_value_under_review,human_confirm_source_table_before_any_use,p2_source_or_pdf_presence_gap,S145,EE-UB,EE,UB,0.2,374.0,latest_human_R3_CORRELATIONS,"Table 3, p.24",Table 3,EE;ease of use;easy to use;effort expectancy;perceived ease of use,use;use behavior,correlation;correlations;latent;table,S145,false,,false,false,true,S145,ok,true,true,/Users/newhosung/Library/CloudStorage/OneDrive-SharedLibraries-ThePennsylvaniaStateUniversity/AI Adoption Meta Analysis - Documents/Meta/AI Adoption/PDFs/S145.pdf,candidate_only_not_analytic_input_until_human_confirmed
ai_trace_auto_value_visible_exact,ai_candidate_only_existing_human_value_under_review,human_confirm_source_table_before_any_use,p2_source_or_pdf_presence_gap,S110,BI-EE,BI,EE,0.17,353.0,latest_human_R3_CORRELATIONS,"Table 4, p. 627",Table 4,BI;behavioral intention;behavioural intention;intention to use,EE;ease of use;effort expectancy;perceived ease of use,correlation;correlations;latent;table,S110,false,,false,false,true,S110,ok,true,true,/Users/newhosung/Library/CloudStorage/OneDrive-SharedLibraries-ThePennsylvaniaStateUniversity/AI Adoption Meta Analysis - Documents/Meta/AI Adoption/PDFs/S110.pdf,candidate_only_not_analytic_input_until_human_confirmed
ai_trace_auto_value_visible_exact,ai_candidate_only_existing_human_value_under_review,human_confirm_source_table_before_any_use,p2_source_or_pdf_presence_gap,S110,BI-PE,BI,PE,0.19,353.0,latest_human_R3_CORRELATIONS,"Table 4, p. 627",Table 4,BI;behavioral intention;behavioural intention;intention to use,PE;perceived usefulness;performance expectancy;usefulness,correlation;correlations;latent;table,S110,false,,false,false,true,S110,ok,true,true,/Users/newhosung/Library/CloudStorage/OneDrive-SharedLibraries-ThePennsylvaniaStateUniversity/AI Adoption Meta Analysis - Documents/Meta/AI Adoption/PDFs/S110.pdf,candidate_only_not_analytic_input_until_human_confirmed
ai_trace_auto_value_visible_exact,ai_candidate_only_existing_human_value_under_review,human_confirm_source_table_before_any_use,p2_source_or_pdf_presence_gap,S110,BI-SI,BI,SI,0.05,353.0,latest_human_R3_CORRELATIONS,"Table 4, p. 627",Table 4,BI;behavioral intention;behavioural intention;intention to use,SI;social influence,correlation;correlations;latent;table,S110,false,,false,false,true,S110,ok,true,true,/Users/newhosung/Library/CloudStorage/OneDrive-SharedLibraries-ThePennsylvaniaStateUniversity/AI Adoption Meta Analysis - Documents/Meta/AI Adoption/PDFs/S110.pdf,candidate_only_not_analytic_input_until_human_confirmed
ai_trace_auto_value_visible_exact,ai_candidate_only_existing_human_value_under_review,human_confirm_source_table_before_any_use,p1_review_value_not_found_in_any_text,S072,ATT-PE,ATT,PE,0.31,500.0,latest_human_R3_CORRELATIONS,,,attitudes,PE;perceived usefulness;performance expectancy;useful;usefulness,correlation;correlations;fornell;larcker;latent;table,S072,true,S072_source_packet_20260609.txt,true,true,true,S072,ok,true,true,/Users/newhosung/Library/CloudStorage/OneDrive-SharedLibraries-ThePennsylvaniaStateUniversity/AI Adoption Meta Analysis - Documents/Meta/AI Adoption/PDFs/S072.pdf,candidate_only_not_analytic_input_until_human_confirmed
ai_trace_auto_value_visible_exact,ai_candidate_only_existing_human_value_under_review,human_confirm_source_table_before_any_use,p1_review_value_not_found_in_any_text,S219,ANX-ATT,ANX,ATT,-0.08,432.0,latest_human_R3_CORRELATIONS,,,ANX,ATT;attitude;attitude toward;attitudes,correlation;correlations;matrix;table,S219,true,S219_source_packet_20260609.txt,true,true,true,S219,ok,true,true,/Users/newhosung/Library/CloudStorage/OneDrive-SharedLibraries-ThePennsylvaniaStateUniversity/AI Adoption Meta Analysis - Documents/Meta/AI Adoption/PDFs/S219.pdf,candidate_only_not_analytic_input_until_human_confirmed
ai_trace_auto_value_visible_exact,ai_candidate_only_existing_human_value_under_review,human_confirm_source_table_before_any_use,p1_review_value_not_found_in_any_text,S219,ANX-BI,ANX,BI,-0.12,432.0,latest_human_R3_CORRELATIONS,,,ANX,BI;behavioral intention;intention to use,correlation;correlations;matrix;table,S219,true,S219_source_packet_20260609.txt,true,true,true,S219,ok,true,true,/Users/newhosung/Library/CloudStorage/OneDrive-SharedLibraries-ThePennsylvaniaStateUniversity/AI Adoption Meta Analysis - Documents/Meta/AI Adoption/PDFs/S219.pdf,candidate_only_not_analytic_input_until_human_confirmed
ai_trace_auto_value_visible_exact,ai_candidate_only_existing_human_value_under_review,human_confirm_source_table_before_any_use,p1_review_value_not_found_in_any_text,S219,ANX-EE,ANX,EE,-0.1,432.0,latest_human_R3_CORRELATIONS,,,ANX,EE;ease of use;easy to use;effort expectancy;perceived ease of use,correlation;correlations;matrix;table,S219,true,S219_source_packet_20260609.txt,true,true,true,S219,ok,true,true,/Users/newhosung/Library/CloudStorage/OneDrive-SharedLibraries-ThePennsylvaniaStateUniversity/AI Adoption Meta Analysis - Documents/Meta/AI Adoption/PDFs/S219.pdf,candidate_only_not_analytic_input_until_human_confirmed
ai_trace_auto_value_visible_exact,ai_candidate_only_existing_human_value_under_review,human_confirm_source_table_before_any_use,p1_review_value_not_found_in_any_text,S219,ANX-PE,ANX,PE,-0.07,432.0,latest_human_R3_CORRELATIONS,,,ANX,PE;perceived usefulness;performance expectancy;useful;usefulness,correlation;correlations;matrix;table,S219,true,S219_source_packet_20260609.txt,true,true,true,S219,ok,true,true,/Users/newhosung/Library/CloudStorage/OneDrive-SharedLibraries-ThePennsylvaniaStateUniversity/AI Adoption Meta Analysis - Documents/Meta/AI Adoption/PDFs/S219.pdf,candidate_only_not_analytic_input_until_human_confirmed
ai_trace_possible_value_visible_broad_match,ai_candidate_only_existing_human_value_under_review,human_check_broad_numeric_match_for_false_positive,p1_review_value_not_found_in_any_text,S052,BI-SI,BI,SI,0.61,524.0,latest_human_R3_CORRELATIONS,,,BI;behavioral intention;continuance intention;intention to use,SI;social influence,correlation;correlations;fornell;larcker;latent;table,S052,true,S052_source_packet_20260609.txt,false,true,true,S052,ok,false,true,/Users/newhosung/Library/CloudStorage/OneDrive-SharedLibraries-ThePennsylvaniaStateUniversity/AI Adoption Meta Analysis - Documents/Meta/AI Adoption/PDFs/S052.pdf,candidate_only_not_analytic_input_until_human_confirmed
ai_trace_possible_value_visible_broad_match,ai_candidate_only_existing_human_value_under_review,human_check_broad_numeric_match_for_false_positive,p1_review_value_not_found_in_any_text,S052,EE-FC,EE,FC,0.55,524.0,latest_human_R3_CORRELATIONS,,,EE;ease of use;easy to use;effort expectancy;perceived ease of use,FC;facilitating;facilitating condition;facilitating conditions;resources;support,correlation;correlations;fornell;larcker;latent;table,S052,true,S052_source_packet_20260609.txt,false,true,true,S052,ok,false,true,/Users/newhosung/Library/CloudStorage/OneDrive-SharedLibraries-ThePennsylvaniaStateUniversity/AI Adoption Meta Analysis - Documents/Meta/AI Adoption/PDFs/S052.pdf,candidate_only_not_analytic_input_until_human_confirmed
ai_trace_possible_value_visible_broad_match,ai_candidate_only_existing_human_value_under_review,human_check_broad_numeric_match_for_false_positive,p1_review_value_not_found_in_any_text,S052,EE-PE,EE,PE,0.79,524.0,latest_human_R3_CORRELATIONS,,,EE;ease of use;easy to use;effort expectancy;perceived ease of use,PE;perceived usefulness;performance expectancy;useful;usefulness,correlation;correlations;fornell;larcker;latent;table,S052,true,S052_source_packet_20260609.txt,false,true,true,S052,ok,false,true,/Users/newhosung/Library/CloudStorage/OneDrive-SharedLibraries-ThePennsylvaniaStateUniversity/AI Adoption Meta Analysis - Documents/Meta/AI Adoption/PDFs/S052.pdf,candidate_only_not_analytic_input_until_human_confirmed
ai_trace_auto_value_visible_exact,ai_candidate_only_existing_human_value_under_review,human_confirm_source_table_before_any_use,p1_review_value_not_found_in_any_text,S052,FC-SI,FC,SI,0.41,524.0,latest_human_R3_CORRELATIONS,,,FC;facilitating;facilitating condition;facilitating conditions;resources;support,SI;social influence,correlation;correlations;fornell;larcker;latent;table,S052,true,S052_source_packet_20260609.txt,true,true,true,S052,ok,true,true,/Users/newhosung/Library/CloudStorage/OneDrive-SharedLibraries-ThePennsylvaniaStateUniversity/AI Adoption Meta Analysis - Documents/Meta/AI Adoption/PDFs/S052.pdf,candidate_only_not_analytic_input_until_human_confirmed
ai_trace_auto_value_visible_exact,ai_candidate_only_existing_human_value_under_review,human_confirm_source_table_before_any_use,p1_review_value_not_found_in_any_text,S052,PE-SI,PE,SI,0.65,524.0,latest_human_R3_CORRELATIONS,,,PE;perceived usefulness;performance expectancy;useful;usefulness,SI;social influence,correlation;correlations;fornell;larcker;latent;table,S052,true,S052_source_packet_20260609.txt,false,true,true,S052,ok,true,true,/Users/newhosung/Library/CloudStorage/OneDrive-SharedLibraries-ThePennsylvaniaStateUniversity/AI Adoption Meta Analysis - Documents/Meta/AI Adoption/PDFs/S052.pdf,candidate_only_not_analytic_input_until_human_confirmed
ai_trace_possible_value_visible_broad_match,ai_candidate_only_existing_human_value_under_review,human_check_broad_numeric_match_for_false_positive,p1_review_value_not_found_in_any_text,S111,BI-SI,BI,SI,0.8,224.0,latest_human_R3_CORRELATIONS,,,BI,SI;social influence,correlation;correlations;fornell;larcker;latent;table,S111,true,S111_source_packet_20260609.txt,false,true,true,S111,ok,false,true,/Users/newhosung/Library/CloudStorage/OneDrive-SharedLibraries-ThePennsylvaniaStateUniversity/AI Adoption Meta Analysis - Documents/Meta/AI Adoption/PDFs/S111.pdf,candidate_only_not_analytic_input_until_human_confirmed
ai_trace_possible_value_visible_broad_match,ai_candidate_only_existing_human_value_under_review,human_check_broad_numeric_match_for_false_positive,p1_review_value_not_found_in_any_text,S212,ATT-BI,ATT,BI,0.52,465.0,latest_human_R3_CORRELATIONS,,,ATT;attitude;attitude toward;attitudes,BI;intention to use,correlation;correlations;fornell;larcker;latent;pearson;table,S212,true,S212_source_packet_20260609.txt,false,true,true,S212,ok,false,true,/Users/newhosung/Library/CloudStorage/OneDrive-SharedLibraries-ThePennsylvaniaStateUniversity/AI Adoption Meta Analysis - Documents/Meta/AI Adoption/PDFs/S212.pdf,candidate_only_not_analytic_input_until_human_confirmed
ai_trace_possible_value_visible_broad_match,ai_candidate_only_existing_human_value_under_review,human_check_broad_numeric_match_for_false_positive,p1_review_value_not_found_in_any_text,S212,ATT-PE,ATT,PE,0.19,465.0,latest_human_R3_CORRELATIONS,,,ATT;attitude;attitude toward;attitudes,PE;PU;perceived usefulness;performance expectancy;useful;usefulness,correlation;correlations;fornell;larcker;latent;pearson;table,S212,true,S212_source_packet_20260609.txt,false,true,true,S212,ok,false,true,/Users/newhosung/Library/CloudStorage/OneDrive-SharedLibraries-ThePennsylvaniaStateUniversity/AI Adoption Meta Analysis - Documents/Meta/AI Adoption/PDFs/S212.pdf,candidate_only_not_analytic_input_until_human_confirmed
ai_trace_possible_value_visible_broad_match,ai_candidate_only_existing_human_value_under_review,human_check_broad_numeric_match_for_false_positive,p1_review_value_not_found_in_any_text,S212,BI-PE,BI,PE,0.25,465.0,latest_human_R3_CORRELATIONS,,,BI;intention to use,PE;PU;perceived usefulness;performance expectancy;useful;usefulness,correlation;correlations;fornell;larcker;latent;pearson;table,S212,true,S212_source_packet_20260609.txt,false,true,true,S212,ok,false,true,/Users/newhosung/Library/CloudStorage/OneDrive-SharedLibraries-ThePennsylvaniaStateUniversity/AI Adoption Meta Analysis - Documents/Meta/AI Adoption/PDFs/S212.pdf,candidate_only_not_analytic_input_until_human_confirmed
ai_trace_auto_value_visible_exact,ai_candidate_only_existing_human_value_under_review,human_confirm_source_table_before_any_use,p1_review_value_not_found_in_any_text,S212,EE-PE,EE,PE,0.17,465.0,latest_human_R3_CORRELATIONS,,,EE;PEOU;ease of use;easy to use;effort expectancy;perceived ease of use,PE;PU;perceived usefulness;performance expectancy;useful;usefulness,correlation;correlations;fornell;larcker;latent;pearson;table,S212,true,S212_source_packet_20260609.txt,true,true,true,S212,ok,true,true,/Users/newhosung/Library/CloudStorage/OneDrive-SharedLibraries-ThePennsylvaniaStateUniversity/AI Adoption Meta Analysis - Documents/Meta/AI Adoption/PDFs/S212.pdf,candidate_only_not_analytic_input_until_human_confirmed
ai_trace_auto_value_visible_exact,ai_candidate_only_existing_human_value_under_review,human_confirm_source_table_before_any_use,p1_review_value_not_found_in_any_text,S186,BI-EE,BI,EE,0.32,657.0,latest_human_R3_CORRELATIONS,,,BI;behavioral intention;behavioural intention;continuance intention;intention to use;usage intention,EE;PEOU;ease of use;perceived ease of use,correlation;fornell;larcker;latent;pearson;table,S186,true,S186_source_packet_20260609.txt,true,true,true,S186,ok,true,true,/Users/newhosung/Library/CloudStorage/OneDrive-SharedLibraries-ThePennsylvaniaStateUniversity/AI Adoption Meta Analysis - Documents/Meta/AI Adoption/PDFs/S186.pdf,candidate_only_not_analytic_input_until_human_confirmed
ai_trace_auto_value_visible_exact,ai_candidate_only_existing_human_value_under_review,human_confirm_source_table_before_any_use,p1_review_value_not_found_in_any_text,S186,BI-UB,BI,UB,0.23,657.0,latest_human_R3_CORRELATIONS,,,BI;behavioral intention;behavioural intention;continuance intention;intention to use;usage intention,UB;actual use;use;use behavior,correlation;fornell;larcker;latent;pearson;table,S186,true,S186_source_packet_20260609.txt,true,true,true,S186,ok,true,true,/Users/newhosung/Library/CloudStorage/OneDrive-SharedLibraries-ThePennsylvaniaStateUniversity/AI Adoption Meta Analysis - Documents/Meta/AI Adoption/PDFs/S186.pdf,candidate_only_not_analytic_input_until_human_confirmed
ai_trace_auto_value_visible_exact,ai_candidate_only_existing_human_value_under_review,human_confirm_source_table_before_any_use,p1_review_value_not_found_in_any_text,S198,BI-FC,BI,FC,-0.171,520.0,latest_human_R3_CORRELATIONS,,,BI;behavioral intention;intention to use,FC;facilitating;facilitating conditions;resources;support,correlations;fornell;larcker;table,S198,true,S198_source_packet_20260609.txt,true,true,true,S198,ok,true,true,/Users/newhosung/Library/CloudStorage/OneDrive-SharedLibraries-ThePennsylvaniaStateUniversity/AI Adoption Meta Analysis - Documents/Meta/AI Adoption/PDFs/S198.pdf,candidate_only_not_analytic_input_until_human_confirmed
ai_trace_auto_value_visible_exact,ai_candidate_only_existing_human_value_under_review,human_confirm_source_table_before_any_use,p1_review_value_not_found_in_any_text,S198,EE-SI,EE,SI,-0.136,520.0,latest_human_R3_CORRELATIONS,,,EE;ease of use;easy to use;effort expectancy;perceived ease of use,SI;social influence,correlations;fornell;larcker;table,S198,true,S198_source_packet_20260609.txt,true,true,true,S198,ok,true,true,/Users/newhosung/Library/CloudStorage/OneDrive-SharedLibraries-ThePennsylvaniaStateUniversity/AI Adoption Meta Analysis - Documents/Meta/AI Adoption/PDFs/S198.pdf,candidate_only_not_analytic_input_until_human_confirmed
ai_trace_possible_value_visible_broad_match,ai_candidate_only_existing_human_value_under_review,human_check_broad_numeric_match_for_false_positive,p1_review_value_not_found_in_any_text,S198,FC-PE,FC,PE,-0.027,520.0,latest_human_R3_CORRELATIONS,,,FC;facilitating;facilitating conditions;resources;support,PE;perceived usefulness;performance expectancy;useful;usefulness,correlations;fornell;larcker;table,S198,true,S198_source_packet_20260609.txt,false,true,true,S198,ok,false,true,/Users/newhosung/Library/CloudStorage/OneDrive-SharedLibraries-ThePennsylvaniaStateUniversity/AI Adoption Meta Analysis - Documents/Meta/AI Adoption/PDFs/S198.pdf,candidate_only_not_analytic_input_until_human_confirmed
ai_trace_auto_value_visible_exact,ai_candidate_only_existing_human_value_under_review,human_confirm_source_table_before_any_use,p1_review_value_not_found_in_any_text,S198,FC-SI,FC,SI,-0.046,520.0,latest_human_R3_CORRELATIONS,,,FC;facilitating;facilitating conditions;resources;support,SI;social influence,correlations;fornell;larcker;table,S198,true,S198_source_packet_20260609.txt,false,true,true,S198,ok,true,true,/Users/newhosung/Library/CloudStorage/OneDrive-SharedLibraries-ThePennsylvaniaStateUniversity/AI Adoption Meta Analysis - Documents/Meta/AI Adoption/PDFs/S198.pdf,candidate_only_not_analytic_input_until_human_confirmed
ai_trace_auto_value_visible_exact,ai_candidate_only_existing_human_value_under_review,human_confirm_source_table_before_any_use,p1_review_value_not_found_in_any_text,S198,FC-UB,FC,UB,-0.16,520.0,latest_human_R3_CORRELATIONS,,,FC;facilitating;facilitating conditions;resources;support,UB;actual use;use,correlations;fornell;larcker;table,S198,true,S198_source_packet_20260609.txt,true,true,true,S198,ok,true,true,/Users/newhosung/Library/CloudStorage/OneDrive-SharedLibraries-ThePennsylvaniaStateUniversity/AI Adoption Meta Analysis - Documents/Meta/AI Adoption/PDFs/S198.pdf,candidate_only_not_analytic_input_until_human_confirmed
ai_trace_auto_value_visible_exact,ai_candidate_only_existing_human_value_under_review,human_confirm_source_table_before_any_use,p1_review_value_not_found_in_any_text,S198,PE-SI,PE,SI,-0.293,520.0,latest_human_R3_CORRELATIONS,,,PE;perceived usefulness;performance expectancy;useful;usefulness,SI;social influence,correlations;fornell;larcker;table,S198,true,S198_source_packet_20260609.txt,true,true,true,S198,ok,true,true,/Users/newhosung/Library/CloudStorage/OneDrive-SharedLibraries-ThePennsylvaniaStateUniversity/AI Adoption Meta Analysis - Documents/Meta/AI Adoption/PDFs/S198.pdf,candidate_only_not_analytic_input_until_human_confirmed
ai_trace_auto_value_visible_exact,ai_candidate_only_existing_human_value_under_review,human_confirm_source_table_before_any_use,p1_review_value_not_found_in_any_text,S025,BI-SI,BI,SI,-0.187,361.0,latest_human_R3_CORRELATIONS,,,BI;intention to use,SI;social influence,correlation;correlations;fornell;inter-construct;larcker;latent;table,S025,true,S025_source_packet_20260609.txt,false,true,true,S025,ok,true,true,/Users/newhosung/Library/CloudStorage/OneDrive-SharedLibraries-ThePennsylvaniaStateUniversity/AI Adoption Meta Analysis - Documents/Meta/AI Adoption/PDFs/S025.pdf,candidate_only_not_analytic_input_until_human_confirmed
ai_trace_auto_value_visible_exact,ai_candidate_only_existing_human_value_under_review,human_confirm_source_table_before_any_use,p1_review_value_not_found_in_any_text,S078,ATT-SI,ATT,SI,0.608,668.0,latest_human_R3_CORRELATIONS,,,ATT;attitude;attitude toward;attitudes,SI;social influence;subjective norm,correlation;correlations;latent;pearson;table,S078,true,S078_source_packet_20260609.txt,false,true,true,S078,ok,true,true,/Users/newhosung/Library/CloudStorage/OneDrive-SharedLibraries-ThePennsylvaniaStateUniversity/AI Adoption Meta Analysis - Documents/Meta/AI Adoption/PDFs/S078.pdf,candidate_only_not_analytic_input_until_human_confirmed
ai_trace_auto_value_visible_exact,ai_candidate_only_existing_human_value_under_review,human_confirm_source_table_before_any_use,p1_review_value_not_found_in_any_text,S078,BI-SI,BI,SI,0.542,668.0,latest_human_R3_CORRELATIONS,,,BI;behavioral intention;intention to use,SI;social influence;subjective norm,correlation;correlations;latent;pearson;table,S078,true,S078_source_packet_20260609.txt,false,true,true,S078,ok,true,true,/Users/newhosung/Library/CloudStorage/OneDrive-SharedLibraries-ThePennsylvaniaStateUniversity/AI Adoption Meta Analysis - Documents/Meta/AI Adoption/PDFs/S078.pdf,candidate_only_not_analytic_input_until_human_confirmed
ai_trace_auto_value_visible_exact,ai_candidate_only_existing_human_value_under_review,human_confirm_source_table_before_any_use,p1_review_value_not_found_in_any_text,S121-1,BI-EE,BI,EE,0.67,,latest_human_R3_CORRELATIONS,Figure 2 student,,BI;behavioral intention;intention to use;usage intention,EE;ease of use;effort expectancy;perceived ease of use,correlation;correlations;table,S121,true,S121_source_packet_20260609.txt,true,true,true,S121,ok,true,true,/Users/newhosung/Library/CloudStorage/OneDrive-SharedLibraries-ThePennsylvaniaStateUniversity/AI Adoption Meta Analysis - Documents/Meta/AI Adoption/PDFs/S121.pdf,candidate_only_not_analytic_input_until_human_confirmed
ai_trace_auto_value_visible_exact,ai_candidate_only_existing_human_value_under_review,human_confirm_source_table_before_any_use,p1_review_value_not_found_in_any_text,S121-1,BI-FC,BI,FC,0.59,,latest_human_R3_CORRELATIONS,,,BI;behavioral intention;intention to use;usage intention,FC;facilitating;facilitating conditions;resources;support,correlation;correlations;table,S121,true,S121_source_packet_20260609.txt,true,true,true,S121,ok,true,true,/Users/newhosung/Library/CloudStorage/OneDrive-SharedLibraries-ThePennsylvaniaStateUniversity/AI Adoption Meta Analysis - Documents/Meta/AI Adoption/PDFs/S121.pdf,candidate_only_not_analytic_input_until_human_confirmed
ai_trace_auto_value_visible_exact,ai_candidate_only_existing_human_value_under_review,human_confirm_source_table_before_any_use,p1_review_value_not_found_in_any_text,S121-1,BI-PE,BI,PE,0.84,,latest_human_R3_CORRELATIONS,,,BI;behavioral intention;intention to use;usage intention,PE;perceived usefulness;performance expectancy;useful;usefulness,correlation;correlations;table,S121,true,S121_source_packet_20260609.txt,true,true,true,S121,ok,true,true,/Users/newhosung/Library/CloudStorage/OneDrive-SharedLibraries-ThePennsylvaniaStateUniversity/AI Adoption Meta Analysis - Documents/Meta/AI Adoption/PDFs/S121.pdf,candidate_only_not_analytic_input_until_human_confirmed
ai_trace_auto_value_visible_exact,ai_candidate_only_existing_human_value_under_review,human_confirm_source_table_before_any_use,p1_review_value_not_found_in_any_text,S121-1,BI-SI,BI,SI,0.66,,latest_human_R3_CORRELATIONS,,,BI;behavioral intention;intention to use;usage intention,SI;social influence,correlation;correlations;table,S121,true,S121_source_packet_20260609.txt,true,true,true,S121,ok,true,true,/Users/newhosung/Library/CloudStorage/OneDrive-SharedLibraries-ThePennsylvaniaStateUniversity/AI Adoption Meta Analysis - Documents/Meta/AI Adoption/PDFs/S121.pdf,candidate_only_not_analytic_input_until_human_confirmed
ai_trace_auto_value_visible_exact,ai_candidate_only_existing_human_value_under_review,human_confirm_source_table_before_any_use,p1_review_value_not_found_in_any_text,S121-1,BI-TRU,BI,TRU,0.34,,latest_human_R3_CORRELATIONS,,,BI;behavioral intention;intention to use;usage intention,TRU;trust,correlation;correlations;table,S121,true,S121_source_packet_20260609.txt,true,true,true,S121,ok,true,true,/Users/newhosung/Library/CloudStorage/OneDrive-SharedLibraries-ThePennsylvaniaStateUniversity/AI Adoption Meta Analysis - Documents/Meta/AI Adoption/PDFs/S121.pdf,candidate_only_not_analytic_input_until_human_confirmed
ai_trace_auto_value_visible_exact,ai_candidate_only_existing_human_value_under_review,human_confirm_source_table_before_any_use,p1_review_value_not_found_in_any_text,S121-1,BI-UB,BI,UB,0.58,,latest_human_R3_CORRELATIONS,,,BI;behavioral intention;intention to use;usage intention,UB;actual use;usage behavior;use;use behavior,correlation;correlations;table,S121,true,S121_source_packet_20260609.txt,true,true,true,S121,ok,true,true,/Users/newhosung/Library/CloudStorage/OneDrive-SharedLibraries-ThePennsylvaniaStateUniversity/AI Adoption Meta Analysis - Documents/Meta/AI Adoption/PDFs/S121.pdf,candidate_only_not_analytic_input_until_human_confirmed
ai_trace_auto_value_visible_exact,ai_candidate_only_existing_human_value_under_review,human_confirm_source_table_before_any_use,p1_review_value_not_found_in_any_text,S121-1,EE-FC,EE,FC,0.72,,latest_human_R3_CORRELATIONS,,,EE;ease of use;effort expectancy;perceived ease of use,FC;facilitating;facilitating conditions;resources;support,correlation;correlations;table,S121,true,S121_source_packet_20260609.txt,true,true,true,S121,ok,true,true,/Users/newhosung/Library/CloudStorage/OneDrive-SharedLibraries-ThePennsylvaniaStateUniversity/AI Adoption Meta Analysis - Documents/Meta/AI Adoption/PDFs/S121.pdf,candidate_only_not_analytic_input_until_human_confirmed
ai_trace_auto_value_visible_exact,ai_candidate_only_existing_human_value_under_review,human_confirm_source_table_before_any_use,p1_review_value_not_found_in_any_text,S121-1,EE-PE,EE,PE,0.62,,latest_human_R3_CORRELATIONS,,,EE;ease of use;effort expectancy;perceived ease of use,PE;perceived usefulness;performance expectancy;useful;usefulness,correlation;correlations;table,S121,true,S121_source_packet_20260609.txt,true,true,true,S121,ok,true,true,/Users/newhosung/Library/CloudStorage/OneDrive-SharedLibraries-ThePennsylvaniaStateUniversity/AI Adoption Meta Analysis - Documents/Meta/AI Adoption/PDFs/S121.pdf,candidate_only_not_analytic_input_until_human_confirmed
ai_trace_auto_value_visible_exact,ai_candidate_only_existing_human_value_under_review,human_confirm_source_table_before_any_use,p1_review_value_not_found_in_any_text,S121-1,EE-SI,EE,SI,0.53,,latest_human_R3_CORRELATIONS,,,EE;ease of use;effort expectancy;perceived ease of use,SI;social influence,correlation;correlations;table,S121,true,S121_source_packet_20260609.txt,true,true,true,S121,ok,true,true,/Users/newhosung/Library/CloudStorage/OneDrive-SharedLibraries-ThePennsylvaniaStateUniversity/AI Adoption Meta Analysis - Documents/Meta/AI Adoption/PDFs/S121.pdf,candidate_only_not_analytic_input_until_human_confirmed
ai_trace_auto_value_visible_exact,ai_candidate_only_existing_human_value_under_review,human_confirm_source_table_before_any_use,p1_review_value_not_found_in_any_text,S121-1,EE-TRU,EE,TRU,0.22,,latest_human_R3_CORRELATIONS,,,EE;ease of use;effort expectancy;perceived ease of use,TRU;trust,correlation;correlations;table,S121,true,S121_source_packet_20260609.txt,true,true,true,S121,ok,true,true,/Users/newhosung/Library/CloudStorage/OneDrive-SharedLibraries-ThePennsylvaniaStateUniversity/AI Adoption Meta Analysis - Documents/Meta/AI Adoption/PDFs/S121.pdf,candidate_only_not_analytic_input_until_human_confirmed
ai_trace_auto_value_visible_exact,ai_candidate_only_existing_human_value_under_review,human_confirm_source_table_before_any_use,p1_review_value_not_found_in_any_text,S121-1,EE-UB,EE,UB,0.39,,latest_human_R3_CORRELATIONS,,,EE;ease of use;effort expectancy;perceived ease of use,UB;actual use;usage behavior;use;use behavior,correlation;correlations;table,S121,true,S121_source_packet_20260609.txt,false,true,true,S121,ok,true,true,/Users/newhosung/Library/CloudStorage/OneDrive-SharedLibraries-ThePennsylvaniaStateUniversity/AI Adoption Meta Analysis - Documents/Meta/AI Adoption/PDFs/S121.pdf,candidate_only_not_analytic_input_until_human_confirmed
ai_trace_auto_value_visible_exact,ai_candidate_only_existing_human_value_under_review,human_confirm_source_table_before_any_use,p1_review_value_not_found_in_any_text,S121-1,FC-PE,FC,PE,0.53,,latest_human_R3_CORRELATIONS,,,FC;facilitating;facilitating conditions;resources;support,PE;perceived usefulness;performance expectancy;useful;usefulness,correlation;correlations;table,S121,true,S121_source_packet_20260609.txt,true,true,true,S121,ok,true,true,/Users/newhosung/Library/CloudStorage/OneDrive-SharedLibraries-ThePennsylvaniaStateUniversity/AI Adoption Meta Analysis - Documents/Meta/AI Adoption/PDFs/S121.pdf,candidate_only_not_analytic_input_until_human_confirmed
ai_trace_auto_value_visible_exact,ai_candidate_only_existing_human_value_under_review,human_confirm_source_table_before_any_use,p1_review_value_not_found_in_any_text,S121-1,FC-SI,FC,SI,0.49,,latest_human_R3_CORRELATIONS,,,FC;facilitating;facilitating conditions;resources;support,SI;social influence,correlation;correlations;table,S121,true,S121_source_packet_20260609.txt,false,true,true,S121,ok,true,true,/Users/newhosung/Library/CloudStorage/OneDrive-SharedLibraries-ThePennsylvaniaStateUniversity/AI Adoption Meta Analysis - Documents/Meta/AI Adoption/PDFs/S121.pdf,candidate_only_not_analytic_input_until_human_confirmed
ai_trace_auto_value_visible_exact,ai_candidate_only_existing_human_value_under_review,human_confirm_source_table_before_any_use,p1_review_value_not_found_in_any_text,S121-1,FC-TRU,FC,TRU,0.16,,latest_human_R3_CORRELATIONS,,,FC;facilitating;facilitating conditions;resources;support,TRU;trust,correlation;correlations;table,S121,true,S121_source_packet_20260609.txt,false,true,true,S121,ok,true,true,/Users/newhosung/Library/CloudStorage/OneDrive-SharedLibraries-ThePennsylvaniaStateUniversity/AI Adoption Meta Analysis - Documents/Meta/AI Adoption/PDFs/S121.pdf,candidate_only_not_analytic_input_until_human_confirmed
ai_trace_auto_value_visible_exact,ai_candidate_only_existing_human_value_under_review,human_confirm_source_table_before_any_use,p1_review_value_not_found_in_any_text,S121-1,FC-UB,FC,UB,0.29,,latest_human_R3_CORRELATIONS,,,FC;facilitating;facilitating conditions;resources;support,UB;actual use;usage behavior;use;use behavior,correlation;correlations;table,S121,true,S121_source_packet_20260609.txt,true,true,true,S121,ok,true,true,/Users/newhosung/Library/CloudStorage/OneDrive-SharedLibraries-ThePennsylvaniaStateUniversity/AI Adoption Meta Analysis - Documents/Meta/AI Adoption/PDFs/S121.pdf,candidate_only_not_analytic_input_until_human_confirmed
ai_trace_auto_value_visible_exact,ai_candidate_only_existing_human_value_under_review,human_confirm_source_table_before_any_use,p1_review_value_not_found_in_any_text,S121-1,PE-SI,PE,SI,0.64,,latest_human_R3_CORRELATIONS,,,PE;perceived usefulness;performance expectancy;useful;usefulness,SI;social influence,correlation;correlations;table,S121,true,S121_source_packet_20260609.txt,true,true,true,S121,ok,true,true,/Users/newhosung/Library/CloudStorage/OneDrive-SharedLibraries-ThePennsylvaniaStateUniversity/AI Adoption Meta Analysis - Documents/Meta/AI Adoption/PDFs/S121.pdf,candidate_only_not_analytic_input_until_human_confirmed
ai_trace_auto_value_visible_exact,ai_candidate_only_existing_human_value_under_review,human_confirm_source_table_before_any_use,p1_review_value_not_found_in_any_text,S121-1,PE-TRU,PE,TRU,0.36,,latest_human_R3_CORRELATIONS,,,PE;perceived usefulness;performance expectancy;useful;usefulness,TRU;trust,correlation;correlations;table,S121,true,S121_source_packet_20260609.txt,true,true,true,S121,ok,true,true,/Users/newhosung/Library/CloudStorage/OneDrive-SharedLibraries-ThePennsylvaniaStateUniversity/AI Adoption Meta Analysis - Documents/Meta/AI Adoption/PDFs/S121.pdf,candidate_only_not_analytic_input_until_human_confirmed
ai_trace_auto_value_visible_exact,ai_candidate_only_existing_human_value_under_review,human_confirm_source_table_before_any_use,p1_review_value_not_found_in_any_text,S121-1,PE-UB,PE,UB,0.47,,latest_human_R3_CORRELATIONS,,,PE;perceived usefulness;performance expectancy;useful;usefulness,UB;actual use;usage behavior;use;use behavior,correlation;correlations;table,S121,true,S121_source_packet_20260609.txt,true,true,true,S121,ok,true,true,/Users/newhosung/Library/CloudStorage/OneDrive-SharedLibraries-ThePennsylvaniaStateUniversity/AI Adoption Meta Analysis - Documents/Meta/AI Adoption/PDFs/S121.pdf,candidate_only_not_analytic_input_until_human_confirmed
ai_trace_auto_value_visible_exact,ai_candidate_only_existing_human_value_under_review,human_confirm_source_table_before_any_use,p1_review_value_not_found_in_any_text,S121-1,SI-TRU,SI,TRU,0.23,,latest_human_R3_CORRELATIONS,,,SI;social influence,TRU;trust,correlation;correlations;table,S121,true,S121_source_packet_20260609.txt,true,true,true,S121,ok,true,true,/Users/newhosung/Library/CloudStorage/OneDrive-SharedLibraries-ThePennsylvaniaStateUniversity/AI Adoption Meta Analysis - Documents/Meta/AI Adoption/PDFs/S121.pdf,candidate_only_not_analytic_input_until_human_confirmed
ai_trace_auto_value_visible_exact,ai_candidate_only_existing_human_value_under_review,human_confirm_source_table_before_any_use,p1_review_value_not_found_in_any_text,S121-1,SI-UB,SI,UB,0.32,,latest_human_R3_CORRELATIONS,,,SI;social influence,UB;actual use;usage behavior;use;use behavior,correlation;correlations;table,S121,true,S121_source_packet_20260609.txt,true,true,true,S121,ok,true,true,/Users/newhosung/Library/CloudStorage/OneDrive-SharedLibraries-ThePennsylvaniaStateUniversity/AI Adoption Meta Analysis - Documents/Meta/AI Adoption/PDFs/S121.pdf,candidate_only_not_analytic_input_until_human_confirmed
ai_trace_auto_value_visible_exact,ai_candidate_only_existing_human_value_under_review,human_confirm_source_table_before_any_use,p1_review_value_not_found_in_any_text,S121-1,TRU-UB,TRU,UB,0.36,,latest_human_R3_CORRELATIONS,,,TRU;trust,UB;actual use;usage behavior;use;use behavior,correlation;correlations;table,S121,true,S121_source_packet_20260609.txt,true,true,true,S121,ok,true,true,/Users/newhosung/Library/CloudStorage/OneDrive-SharedLibraries-ThePennsylvaniaStateUniversity/AI Adoption Meta Analysis - Documents/Meta/AI Adoption/PDFs/S121.pdf,candidate_only_not_analytic_input_until_human_confirmed
ai_trace_auto_value_visible_exact,ai_candidate_only_existing_human_value_under_review,human_confirm_source_table_before_any_use,p1_review_value_not_found_in_any_text,S121-2,BI-EE,BI,EE,0.69,,latest_human_R3_CORRELATIONS,Figure 2 teacher,,BI;behavioral intention;intention to use;usage intention,EE;ease of use;effort expectancy;perceived ease of use,correlation;correlations;table,S121,true,S121_source_packet_20260609.txt,false,true,true,S121,ok,true,true,/Users/newhosung/Library/CloudStorage/OneDrive-SharedLibraries-ThePennsylvaniaStateUniversity/AI Adoption Meta Analysis - Documents/Meta/AI Adoption/PDFs/S121.pdf,candidate_only_not_analytic_input_until_human_confirmed
ai_trace_auto_value_visible_exact,ai_candidate_only_existing_human_value_under_review,human_confirm_source_table_before_any_use,p1_review_value_not_found_in_any_text,S121-2,BI-FC,BI,FC,0.58,,latest_human_R3_CORRELATIONS,,,BI;behavioral intention;intention to use;usage intention,FC;facilitating;facilitating conditions;resources;support,correlation;correlations;table,S121,true,S121_source_packet_20260609.txt,true,true,true,S121,ok,true,true,/Users/newhosung/Library/CloudStorage/OneDrive-SharedLibraries-ThePennsylvaniaStateUniversity/AI Adoption Meta Analysis - Documents/Meta/AI Adoption/PDFs/S121.pdf,candidate_only_not_analytic_input_until_human_confirmed
ai_trace_auto_value_visible_exact,ai_candidate_only_existing_human_value_under_review,human_confirm_source_table_before_any_use,p1_review_value_not_found_in_any_text,S121-2,BI-PE,BI,PE,0.81,,latest_human_R3_CORRELATIONS,,,BI;behavioral intention;intention to use;usage intention,PE;perceived usefulness;performance expectancy;useful;usefulness,correlation;correlations;table,S121,true,S121_source_packet_20260609.txt,true,true,true,S121,ok,true,true,/Users/newhosung/Library/CloudStorage/OneDrive-SharedLibraries-ThePennsylvaniaStateUniversity/AI Adoption Meta Analysis - Documents/Meta/AI Adoption/PDFs/S121.pdf,candidate_only_not_analytic_input_until_human_confirmed
ai_trace_auto_value_visible_exact,ai_candidate_only_existing_human_value_under_review,human_confirm_source_table_before_any_use,p1_review_value_not_found_in_any_text,S121-2,BI-SI,BI,SI,0.58,,latest_human_R3_CORRELATIONS,,,BI;behavioral intention;intention to use;usage intention,SI;social influence,correlation;correlations;table,S121,true,S121_source_packet_20260609.txt,true,true,true,S121,ok,true,true,/Users/newhosung/Library/CloudStorage/OneDrive-SharedLibraries-ThePennsylvaniaStateUniversity/AI Adoption Meta Analysis - Documents/Meta/AI Adoption/PDFs/S121.pdf,candidate_only_not_analytic_input_until_human_confirmed
ai_trace_auto_value_visible_exact,ai_candidate_only_existing_human_value_under_review,human_confirm_source_table_before_any_use,p1_review_value_not_found_in_any_text,S121-2,BI-TRU,BI,TRU,0.27,,latest_human_R3_CORRELATIONS,,,BI;behavioral intention;intention to use;usage intention,TRU;trust,correlation;correlations;table,S121,true,S121_source_packet_20260609.txt,true,true,true,S121,ok,true,true,/Users/newhosung/Library/CloudStorage/OneDrive-SharedLibraries-ThePennsylvaniaStateUniversity/AI Adoption Meta Analysis - Documents/Meta/AI Adoption/PDFs/S121.pdf,candidate_only_not_analytic_input_until_human_confirmed
ai_trace_auto_value_visible_exact,ai_candidate_only_existing_human_value_under_review,human_confirm_source_table_before_any_use,p1_review_value_not_found_in_any_text,S121-2,BI-UB,BI,UB,0.48,,latest_human_R3_CORRELATIONS,,,BI;behavioral intention;intention to use;usage intention,UB;actual use;usage behavior;use;use behavior,correlation;correlations;table,S121,true,S121_source_packet_20260609.txt,true,true,true,S121,ok,true,true,/Users/newhosung/Library/CloudStorage/OneDrive-SharedLibraries-ThePennsylvaniaStateUniversity/AI Adoption Meta Analysis - Documents/Meta/AI Adoption/PDFs/S121.pdf,candidate_only_not_analytic_input_until_human_confirmed
ai_trace_auto_value_visible_exact,ai_candidate_only_existing_human_value_under_review,human_confirm_source_table_before_any_use,p1_review_value_not_found_in_any_text,S121-2,EE-FC,EE,FC,0.7,,latest_human_R3_CORRELATIONS,,,EE;ease of use;effort expectancy;perceived ease of use,FC;facilitating;facilitating conditions;resources;support,correlation;correlations;table,S121,true,S121_source_packet_20260609.txt,true,true,true,S121,ok,true,true,/Users/newhosung/Library/CloudStorage/OneDrive-SharedLibraries-ThePennsylvaniaStateUniversity/AI Adoption Meta Analysis - Documents/Meta/AI Adoption/PDFs/S121.pdf,candidate_only_not_analytic_input_until_human_confirmed
ai_trace_auto_value_visible_exact,ai_candidate_only_existing_human_value_under_review,human_confirm_source_table_before_any_use,p1_review_value_not_found_in_any_text,S121-2,EE-PE,EE,PE,0.57,,latest_human_R3_CORRELATIONS,,,EE;ease of use;effort expectancy;perceived ease of use,PE;perceived usefulness;performance expectancy;useful;usefulness,correlation;correlations;table,S121,true,S121_source_packet_20260609.txt,true,true,true,S121,ok,true,true,/Users/newhosung/Library/CloudStorage/OneDrive-SharedLibraries-ThePennsylvaniaStateUniversity/AI Adoption Meta Analysis - Documents/Meta/AI Adoption/PDFs/S121.pdf,candidate_only_not_analytic_input_until_human_confirmed
ai_trace_auto_value_visible_exact,ai_candidate_only_existing_human_value_under_review,human_confirm_source_table_before_any_use,p1_review_value_not_found_in_any_text,S121-2,EE-SI,EE,SI,0.45,,latest_human_R3_CORRELATIONS,,,EE;ease of use;effort expectancy;perceived ease of use,SI;social influence,correlation;correlations;table,S121,true,S121_source_packet_20260609.txt,false,true,true,S121,ok,true,true,/Users/newhosung/Library/CloudStorage/OneDrive-SharedLibraries-ThePennsylvaniaStateUniversity/AI Adoption Meta Analysis - Documents/Meta/AI Adoption/PDFs/S121.pdf,candidate_only_not_analytic_input_until_human_confirmed
ai_trace_auto_value_visible_exact,ai_candidate_only_existing_human_value_under_review,human_confirm_source_table_before_any_use,p1_review_value_not_found_in_any_text,S121-2,EE-TRU,EE,TRU,0.19,,latest_human_R3_CORRELATIONS,,,EE;ease of use;effort expectancy;perceived ease of use,TRU;trust,correlation;correlations;table,S121,true,S121_source_packet_20260609.txt,true,true,true,S121,ok,true,true,/Users/newhosung/Library/CloudStorage/OneDrive-SharedLibraries-ThePennsylvaniaStateUniversity/AI Adoption Meta Analysis - Documents/Meta/AI Adoption/PDFs/S121.pdf,candidate_only_not_analytic_input_until_human_confirmed
ai_trace_auto_value_visible_exact,ai_candidate_only_existing_human_value_under_review,human_confirm_source_table_before_any_use,p1_review_value_not_found_in_any_text,S121-2,EE-UB,EE,UB,0.44,,latest_human_R3_CORRELATIONS,,,EE;ease of use;effort expectancy;perceived ease of use,UB;actual use;usage behavior;use;use behavior,correlation;correlations;table,S121,true,S121_source_packet_20260609.txt,false,true,true,S121,ok,true,true,/Users/newhosung/Library/CloudStorage/OneDrive-SharedLibraries-ThePennsylvaniaStateUniversity/AI Adoption Meta Analysis - Documents/Meta/AI Adoption/PDFs/S121.pdf,candidate_only_not_analytic_input_until_human_confirmed
ai_trace_auto_value_visible_exact,ai_candidate_only_existing_human_value_under_review,human_confirm_source_table_before_any_use,p1_review_value_not_found_in_any_text,S121-2,FC-PE,FC,PE,0.47,,latest_human_R3_CORRELATIONS,,,FC;facilitating;facilitating conditions;resources;support,PE;perceived usefulness;performance expectancy;useful;usefulness,correlation;correlations;table,S121,true,S121_source_packet_20260609.txt,true,true,true,S121,ok,true,true,/Users/newhosung/Library/CloudStorage/OneDrive-SharedLibraries-ThePennsylvaniaStateUniversity/AI Adoption Meta Analysis - Documents/Meta/AI Adoption/PDFs/S121.pdf,candidate_only_not_analytic_input_until_human_confirmed
ai_trace_auto_value_visible_exact,ai_candidate_only_existing_human_value_under_review,human_confirm_source_table_before_any_use,p1_review_value_not_found_in_any_text,S121-2,FC-SI,FC,SI,0.44,,latest_human_R3_CORRELATIONS,,,FC;facilitating;facilitating conditions;resources;support,SI;social influence,correlation;correlations;table,S121,true,S121_source_packet_20260609.txt,false,true,true,S121,ok,true,true,/Users/newhosung/Library/CloudStorage/OneDrive-SharedLibraries-ThePennsylvaniaStateUniversity/AI Adoption Meta Analysis - Documents/Meta/AI Adoption/PDFs/S121.pdf,candidate_only_not_analytic_input_until_human_confirmed
ai_trace_auto_value_visible_exact,ai_candidate_only_existing_human_value_under_review,human_confirm_source_table_before_any_use,p1_review_value_not_found_in_any_text,S121-2,FC-TRU,FC,TRU,0.13,,latest_human_R3_CORRELATIONS,,,FC;facilitating;facilitating conditions;resources;support,TRU;trust,correlation;correlations;table,S121,true,S121_source_packet_20260609.txt,true,true,true,S121,ok,true,true,/Users/newhosung/Library/CloudStorage/OneDrive-SharedLibraries-ThePennsylvaniaStateUniversity/AI Adoption Meta Analysis - Documents/Meta/AI Adoption/PDFs/S121.pdf,candidate_only_not_analytic_input_until_human_confirmed
ai_trace_auto_value_visible_exact,ai_candidate_only_existing_human_value_under_review,human_confirm_source_table_before_any_use,p1_review_value_not_found_in_any_text,S121-2,FC-UB,FC,UB,0.34,,latest_human_R3_CORRELATIONS,,,FC;facilitating;facilitating conditions;resources;support,UB;actual use;usage behavior;use;use behavior,correlation;correlations;table,S121,true,S121_source_packet_20260609.txt,true,true,true,S121,ok,true,true,/Users/newhosung/Library/CloudStorage/OneDrive-SharedLibraries-ThePennsylvaniaStateUniversity/AI Adoption Meta Analysis - Documents/Meta/AI Adoption/PDFs/S121.pdf,candidate_only_not_analytic_input_until_human_confirmed
ai_trace_auto_value_visible_exact,ai_candidate_only_existing_human_value_under_review,human_confirm_source_table_before_any_use,p1_review_value_not_found_in_any_text,S121-2,PE-SI,PE,SI,0.59,,latest_human_R3_CORRELATIONS,,,PE;perceived usefulness;performance expectancy;useful;usefulness,SI;social influence,correlation;correlations;table,S121,true,S121_source_packet_20260609.txt,true,true,true,S121,ok,true,true,/Users/newhosung/Library/CloudStorage/OneDrive-SharedLibraries-ThePennsylvaniaStateUniversity/AI Adoption Meta Analysis - Documents/Meta/AI Adoption/PDFs/S121.pdf,candidate_only_not_analytic_input_until_human_confirmed
ai_trace_auto_value_visible_exact,ai_candidate_only_existing_human_value_under_review,human_confirm_source_table_before_any_use,p1_review_value_not_found_in_any_text,S121-2,PE-TRU,PE,TRU,0.31,,latest_human_R3_CORRELATIONS,,,PE;perceived usefulness;performance expectancy;useful;usefulness,TRU;trust,correlation;correlations;table,S121,true,S121_source_packet_20260609.txt,false,true,true,S121,ok,true,true,/Users/newhosung/Library/CloudStorage/OneDrive-SharedLibraries-ThePennsylvaniaStateUniversity/AI Adoption Meta Analysis - Documents/Meta/AI Adoption/PDFs/S121.pdf,candidate_only_not_analytic_input_until_human_confirmed
ai_trace_auto_value_visible_exact,ai_candidate_only_existing_human_value_under_review,human_confirm_source_table_before_any_use,p1_review_value_not_found_in_any_text,S121-2,PE-UB,PE,UB,0.35,,latest_human_R3_CORRELATIONS,,,PE;perceived usefulness;performance expectancy;useful;usefulness,UB;actual use;usage behavior;use;use behavior,correlation;correlations;table,S121,true,S121_source_packet_20260609.txt,true,true,true,S121,ok,true,true,/Users/newhosung/Library/CloudStorage/OneDrive-SharedLibraries-ThePennsylvaniaStateUniversity/AI Adoption Meta Analysis - Documents/Meta/AI Adoption/PDFs/S121.pdf,candidate_only_not_analytic_input_until_human_confirmed
ai_trace_auto_value_visible_exact,ai_candidate_only_existing_human_value_under_review,human_confirm_source_table_before_any_use,p1_review_value_not_found_in_any_text,S121-2,SI-TRU,SI,TRU,0.16,,latest_human_R3_CORRELATIONS,,,SI;social influence,TRU;trust,correlation;correlations;table,S121,true,S121_source_packet_20260609.txt,false,true,true,S121,ok,true,true,/Users/newhosung/Library/CloudStorage/OneDrive-SharedLibraries-ThePennsylvaniaStateUniversity/AI Adoption Meta Analysis - Documents/Meta/AI Adoption/PDFs/S121.pdf,candidate_only_not_analytic_input_until_human_confirmed
ai_trace_auto_value_visible_exact,ai_candidate_only_existing_human_value_under_review,human_confirm_source_table_before_any_use,p1_review_value_not_found_in_any_text,S121-2,SI-UB,SI,UB,0.21,,latest_human_R3_CORRELATIONS,,,SI;social influence,UB;actual use;usage behavior;use;use behavior,correlation;correlations;table,S121,true,S121_source_packet_20260609.txt,true,true,true,S121,ok,true,true,/Users/newhosung/Library/CloudStorage/OneDrive-SharedLibraries-ThePennsylvaniaStateUniversity/AI Adoption Meta Analysis - Documents/Meta/AI Adoption/PDFs/S121.pdf,candidate_only_not_analytic_input_until_human_confirmed
ai_trace_auto_value_visible_exact,ai_candidate_only_existing_human_value_under_review,human_confirm_source_table_before_any_use,p1_review_value_not_found_in_any_text,S121-2,TRU-UB,TRU,UB,0.31,,latest_human_R3_CORRELATIONS,,,TRU;trust,UB;actual use;usage behavior;use;use behavior,correlation;correlations;table,S121,true,S121_source_packet_20260609.txt,false,true,true,S121,ok,true,true,/Users/newhosung/Library/CloudStorage/OneDrive-SharedLibraries-ThePennsylvaniaStateUniversity/AI Adoption Meta Analysis - Documents/Meta/AI Adoption/PDFs/S121.pdf,candidate_only_not_analytic_input_until_human_confirmed
ai_trace_auto_value_visible_exact,ai_candidate_only_existing_human_value_under_review,human_confirm_source_table_before_any_use,p1_review_value_not_found_in_any_text,S077,ATT-EE,ATT,EE,0.62,308.0,latest_human_R3_CORRELATIONS,,,ATT;attitude;attitude toward;attitudes,EE;PEOU;ease of use;easy to use;perceived ease of use,correlation;correlations;fornell;larcker;latent;pearson;table,S077,true,S077_source_packet_20260609.txt,false,true,true,S077,ok,true,true,/Users/newhosung/Library/CloudStorage/OneDrive-SharedLibraries-ThePennsylvaniaStateUniversity/AI Adoption Meta Analysis - Documents/Meta/AI Adoption/PDFs/S077.pdf,candidate_only_not_analytic_input_until_human_confirmed
ai_trace_auto_value_visible_exact,ai_candidate_only_existing_human_value_under_review,human_confirm_source_table_before_any_use,p1_review_value_not_found_in_any_text,S077,ATT-PE,ATT,PE,0.75,308.0,latest_human_R3_CORRELATIONS,,,ATT;attitude;attitude toward;attitudes,PE;PU;perceived usefulness;useful;usefulness,correlation;correlations;fornell;larcker;latent;pearson;table,S077,true,S077_source_packet_20260609.txt,false,true,true,S077,ok,true,true,/Users/newhosung/Library/CloudStorage/OneDrive-SharedLibraries-ThePennsylvaniaStateUniversity/AI Adoption Meta Analysis - Documents/Meta/AI Adoption/PDFs/S077.pdf,candidate_only_not_analytic_input_until_human_confirmed
ai_trace_auto_value_visible_exact,ai_candidate_only_existing_human_value_under_review,human_confirm_source_table_before_any_use,p1_review_value_not_found_in_any_text,S077,ATT-SI,ATT,SI,0.6,308.0,latest_human_R3_CORRELATIONS,,,ATT;attitude;attitude toward;attitudes,SI;social influence;subjective norm,correlation;correlations;fornell;larcker;latent;pearson;table,S077,true,S077_source_packet_20260609.txt,false,true,true,S077,ok,true,true,/Users/newhosung/Library/CloudStorage/OneDrive-SharedLibraries-ThePennsylvaniaStateUniversity/AI Adoption Meta Analysis - Documents/Meta/AI Adoption/PDFs/S077.pdf,candidate_only_not_analytic_input_until_human_confirmed
ai_trace_auto_value_visible_exact,ai_candidate_only_existing_human_value_under_review,human_confirm_source_table_before_any_use,p1_review_value_not_found_in_any_text,S077,BI-EE,BI,EE,0.62,308.0,latest_human_R3_CORRELATIONS,,,BI;behavioral intention;continuance intention;intention to use,EE;PEOU;ease of use;easy to use;perceived ease of use,correlation;correlations;fornell;larcker;latent;pearson;table,S077,true,S077_source_packet_20260609.txt,false,true,true,S077,ok,true,true,/Users/newhosung/Library/CloudStorage/OneDrive-SharedLibraries-ThePennsylvaniaStateUniversity/AI Adoption Meta Analysis - Documents/Meta/AI Adoption/PDFs/S077.pdf,candidate_only_not_analytic_input_until_human_confirmed
ai_trace_auto_value_visible_exact,ai_candidate_only_existing_human_value_under_review,human_confirm_source_table_before_any_use,p1_review_value_not_found_in_any_text,S077,BI-PE,BI,PE,0.63,308.0,latest_human_R3_CORRELATIONS,,,BI;behavioral intention;continuance intention;intention to use,PE;PU;perceived usefulness;useful;usefulness,correlation;correlations;fornell;larcker;latent;pearson;table,S077,true,S077_source_packet_20260609.txt,false,true,true,S077,ok,true,true,/Users/newhosung/Library/CloudStorage/OneDrive-SharedLibraries-ThePennsylvaniaStateUniversity/AI Adoption Meta Analysis - Documents/Meta/AI Adoption/PDFs/S077.pdf,candidate_only_not_analytic_input_until_human_confirmed
ai_trace_auto_value_visible_exact,ai_candidate_only_existing_human_value_under_review,human_confirm_source_table_before_any_use,p1_review_value_not_found_in_any_text,S077,BI-SI,BI,SI,0.63,308.0,latest_human_R3_CORRELATIONS,,,BI;behavioral intention;continuance intention;intention to use,SI;social influence;subjective norm,correlation;correlations;fornell;larcker;latent;pearson;table,S077,true,S077_source_packet_20260609.txt,false,true,true,S077,ok,true,true,/Users/newhosung/Library/CloudStorage/OneDrive-SharedLibraries-ThePennsylvaniaStateUniversity/AI Adoption Meta Analysis - Documents/Meta/AI Adoption/PDFs/S077.pdf,candidate_only_not_analytic_input_until_human_confirmed
ai_trace_auto_value_visible_exact,ai_candidate_only_existing_human_value_under_review,human_confirm_source_table_before_any_use,p2_source_or_pdf_presence_gap,S218,ATT-BI,ATT,BI,0.784,242.0,latest_human_R4_CORRELATIONS,Table1,,attitude;attitude toward;attitudes,behavioral intention;behavioural intention;intention to use,correlation;matrix;table,S218,false,,false,false,true,S218,ok,true,true,/Users/newhosung/Library/CloudStorage/OneDrive-SharedLibraries-ThePennsylvaniaStateUniversity/AI Adoption Meta Analysis - Documents/Meta/AI Adoption/PDFs/S218.pdf,candidate_only_not_analytic_input_until_human_confirmed
ai_trace_auto_value_visible_exact,ai_candidate_only_existing_human_value_under_review,human_confirm_source_table_before_any_use,p2_source_or_pdf_presence_gap,S218,ATT-EE,ATT,EE,0.688,242.0,latest_human_R4_CORRELATIONS,Table1,,attitude;attitude toward;attitudes,ease of use;easy to use;perceived ease of use,correlation;matrix;table,S218,false,,false,false,true,S218,ok,true,true,/Users/newhosung/Library/CloudStorage/OneDrive-SharedLibraries-ThePennsylvaniaStateUniversity/AI Adoption Meta Analysis - Documents/Meta/AI Adoption/PDFs/S218.pdf,candidate_only_not_analytic_input_until_human_confirmed
ai_trace_auto_value_visible_exact,ai_candidate_only_existing_human_value_under_review,human_confirm_source_table_before_any_use,p2_source_or_pdf_presence_gap,S218,ATT-PE,ATT,PE,0.701,242.0,latest_human_R4_CORRELATIONS,Table1,,attitude;attitude toward;attitudes,perceived usefulness;useful;usefulness,correlation;matrix;table,S218,false,,false,false,true,S218,ok,true,true,/Users/newhosung/Library/CloudStorage/OneDrive-SharedLibraries-ThePennsylvaniaStateUniversity/AI Adoption Meta Analysis - Documents/Meta/AI Adoption/PDFs/S218.pdf,candidate_only_not_analytic_input_until_human_confirmed
ai_trace_auto_value_visible_exact,ai_candidate_only_existing_human_value_under_review,human_confirm_source_table_before_any_use,p2_source_or_pdf_presence_gap,S218,BI-EE,BI,EE,0.59,242.0,latest_human_R4_CORRELATIONS,"Table 1, p.5",Table 1,behavioral intention;behavioural intention;intention to use,ease of use;easy to use;perceived ease of use,correlation;matrix;table,S218,false,,false,false,true,S218,ok,true,true,/Users/newhosung/Library/CloudStorage/OneDrive-SharedLibraries-ThePennsylvaniaStateUniversity/AI Adoption Meta Analysis - Documents/Meta/AI Adoption/PDFs/S218.pdf,candidate_only_not_analytic_input_until_human_confirmed
ai_trace_auto_value_visible_exact,ai_candidate_only_existing_human_value_under_review,human_confirm_source_table_before_any_use,p2_source_or_pdf_presence_gap,S218,BI-PE,BI,PE,0.632,242.0,latest_human_R4_CORRELATIONS,Table1,,behavioral intention;behavioural intention;intention to use,perceived usefulness;useful;usefulness,correlation;matrix;table,S218,false,,false,false,true,S218,ok,true,true,/Users/newhosung/Library/CloudStorage/OneDrive-SharedLibraries-ThePennsylvaniaStateUniversity/AI Adoption Meta Analysis - Documents/Meta/AI Adoption/PDFs/S218.pdf,candidate_only_not_analytic_input_until_human_confirmed
ai_trace_auto_value_visible_exact,ai_candidate_only_existing_human_value_under_review,human_confirm_source_table_before_any_use,p2_source_or_pdf_presence_gap,S218,EE-PE,EE,PE,0.66,242.0,latest_human_R4_CORRELATIONS,"Table 1, p.5",Table 1,ease of use;easy to use;perceived ease of use,perceived usefulness;useful;usefulness,correlation;matrix;table,S218,false,,false,false,true,S218,ok,true,true,/Users/newhosung/Library/CloudStorage/OneDrive-SharedLibraries-ThePennsylvaniaStateUniversity/AI Adoption Meta Analysis - Documents/Meta/AI Adoption/PDFs/S218.pdf,candidate_only_not_analytic_input_until_human_confirmed
ai_trace_auto_value_visible_exact,ai_candidate_only_existing_human_value_under_review,human_confirm_source_table_before_any_use,p2_source_or_pdf_presence_gap,S218,PE-UB,PE,UB,0.032,242.0,latest_human_R4_CORRELATIONS,,,perceived usefulness;useful;usefulness,usage behaviour;use,correlation;matrix;table,S218,false,,false,false,true,S218,ok,true,true,/Users/newhosung/Library/CloudStorage/OneDrive-SharedLibraries-ThePennsylvaniaStateUniversity/AI Adoption Meta Analysis - Documents/Meta/AI Adoption/PDFs/S218.pdf,candidate_only_not_analytic_input_until_human_confirmed
ai_trace_auto_value_visible_exact,ai_candidate_only_existing_human_value_under_review,human_confirm_source_table_before_any_use,p2_source_or_pdf_presence_gap,S185,ANX-ATT,ANX,ATT,0.46,298.0,latest_human_R4_CORRELATIONS,"Table 3, p.7",Table 3,anxiety;apprehension,ATT;attitude;attitude toward;attitudes,correlation;fornell;larcker;table,S185,false,,false,false,true,S185,ok,true,true,/Users/newhosung/Library/CloudStorage/OneDrive-SharedLibraries-ThePennsylvaniaStateUniversity/AI Adoption Meta Analysis - Documents/Meta/AI Adoption/PDFs/S185.pdf,candidate_only_not_analytic_input_until_human_confirmed
ai_trace_auto_value_visible_exact,ai_candidate_only_existing_human_value_under_review,human_confirm_source_table_before_any_use,p2_source_or_pdf_presence_gap,S185,ANX-BI,ANX,BI,0.47,298.0,latest_human_R4_CORRELATIONS,"Table 3, p.7",Table 3,anxiety;apprehension,BI;behavioral intention;intention to use;usage intention,correlation;fornell;larcker;table,S185,false,,false,false,true,S185,ok,true,true,/Users/newhosung/Library/CloudStorage/OneDrive-SharedLibraries-ThePennsylvaniaStateUniversity/AI Adoption Meta Analysis - Documents/Meta/AI Adoption/PDFs/S185.pdf,candidate_only_not_analytic_input_until_human_confirmed
ai_trace_auto_value_visible_exact,ai_candidate_only_existing_human_value_under_review,human_confirm_source_table_before_any_use,p2_source_or_pdf_presence_gap,S185,ANX-EE,ANX,EE,0.47,298.0,latest_human_R4_CORRELATIONS,"Table 3, p.7",Table 3,anxiety;apprehension,ease of use;easy to use;perceived ease of use,correlation;fornell;larcker;table,S185,false,,false,false,true,S185,ok,true,true,/Users/newhosung/Library/CloudStorage/OneDrive-SharedLibraries-ThePennsylvaniaStateUniversity/AI Adoption Meta Analysis - Documents/Meta/AI Adoption/PDFs/S185.pdf,candidate_only_not_analytic_input_until_human_confirmed
ai_trace_auto_value_visible_exact,ai_candidate_only_existing_human_value_under_review,human_confirm_source_table_before_any_use,p2_source_or_pdf_presence_gap,S185,ANX-FC,ANX,FC,0.218,298.0,latest_human_R4_CORRELATIONS,,,anxiety;apprehension,facilitating;resources;support,correlation;fornell;larcker;table,S185,false,,false,false,true,S185,ok,true,true,/Users/newhosung/Library/CloudStorage/OneDrive-SharedLibraries-ThePennsylvaniaStateUniversity/AI Adoption Meta Analysis - Documents/Meta/AI Adoption/PDFs/S185.pdf,candidate_only_not_analytic_input_until_human_confirmed
ai_trace_auto_value_visible_exact,ai_candidate_only_existing_human_value_under_review,human_confirm_source_table_before_any_use,p1_review_value_not_found_in_any_text,S185,ANX-PE,ANX,PE,0.44,298.0,latest_human_R4_CORRELATIONS,"Table 3, p.7",Table 3,anxiety;apprehension,PE;PU;perceived usefulness;useful;usefulness,correlation;fornell;larcker;table,S185,false,,false,false,true,S185,ok,true,true,/Users/newhosung/Library/CloudStorage/OneDrive-SharedLibraries-ThePennsylvaniaStateUniversity/AI Adoption Meta Analysis - Documents/Meta/AI Adoption/PDFs/S185.pdf,candidate_only_not_analytic_input_until_human_confirmed
ai_trace_auto_value_visible_exact,ai_candidate_only_existing_human_value_under_review,human_confirm_source_table_before_any_use,p2_source_or_pdf_presence_gap,S185,ANX-SI,ANX,SI,0.216,298.0,latest_human_R4_CORRELATIONS,,,anxiety;apprehension,social influence;subjective norm,correlation;fornell;larcker;table,S185,false,,false,false,true,S185,ok,true,true,/Users/newhosung/Library/CloudStorage/OneDrive-SharedLibraries-ThePennsylvaniaStateUniversity/AI Adoption Meta Analysis - Documents/Meta/AI Adoption/PDFs/S185.pdf,candidate_only_not_analytic_input_until_human_confirmed
ai_trace_auto_value_visible_exact,ai_candidate_only_existing_human_value_under_review,human_confirm_source_table_before_any_use,p2_source_or_pdf_presence_gap,S185,ATT-BI,ATT,BI,0.453,298.0,latest_human_R4_CORRELATIONS,Table3,,ATT;attitude;attitude toward;attitudes,BI;behavioral intention;intention to use;usage intention,correlation;fornell;larcker;table,S185,false,,false,false,true,S185,ok,true,true,/Users/newhosung/Library/CloudStorage/OneDrive-SharedLibraries-ThePennsylvaniaStateUniversity/AI Adoption Meta Analysis - Documents/Meta/AI Adoption/PDFs/S185.pdf,candidate_only_not_analytic_input_until_human_confirmed
ai_trace_auto_value_visible_exact,ai_candidate_only_existing_human_value_under_review,human_confirm_source_table_before_any_use,p2_source_or_pdf_presence_gap,S185,ATT-EE,ATT,EE,0.473,298.0,latest_human_R4_CORRELATIONS,Table3,,ATT;attitude;attitude toward;attitudes,ease of use;easy to use;perceived ease of use,correlation;fornell;larcker;table,S185,false,,false,false,true,S185,ok,true,true,/Users/newhosung/Library/CloudStorage/OneDrive-SharedLibraries-ThePennsylvaniaStateUniversity/AI Adoption Meta Analysis - Documents/Meta/AI Adoption/PDFs/S185.pdf,candidate_only_not_analytic_input_until_human_confirmed
ai_trace_auto_value_visible_exact,ai_candidate_only_existing_human_value_under_review,human_confirm_source_table_before_any_use,p2_source_or_pdf_presence_gap,S185,ATT-FC,ATT,FC,0.162,298.0,latest_human_R4_CORRELATIONS,,,ATT;attitude;attitude toward;attitudes,facilitating;resources;support,correlation;fornell;larcker;table,S185,false,,false,false,true,S185,ok,true,true,/Users/newhosung/Library/CloudStorage/OneDrive-SharedLibraries-ThePennsylvaniaStateUniversity/AI Adoption Meta Analysis - Documents/Meta/AI Adoption/PDFs/S185.pdf,candidate_only_not_analytic_input_until_human_confirmed
ai_trace_auto_value_visible_exact,ai_candidate_only_existing_human_value_under_review,human_confirm_source_table_before_any_use,p2_source_or_pdf_presence_gap,S185,ATT-PE,ATT,PE,0.504,298.0,latest_human_R4_CORRELATIONS,Table3,,ATT;attitude;attitude toward;attitudes,PE;PU;perceived usefulness;useful;usefulness,correlation;fornell;larcker;table,S185,false,,false,false,true,S185,ok,true,true,/Users/newhosung/Library/CloudStorage/OneDrive-SharedLibraries-ThePennsylvaniaStateUniversity/AI Adoption Meta Analysis - Documents/Meta/AI Adoption/PDFs/S185.pdf,candidate_only_not_analytic_input_until_human_confirmed
ai_trace_auto_value_visible_exact,ai_candidate_only_existing_human_value_under_review,human_confirm_source_table_before_any_use,p2_source_or_pdf_presence_gap,S185,ATT-SI,ATT,SI,0.207,298.0,latest_human_R4_CORRELATIONS,Table3,,ATT;attitude;attitude toward;attitudes,social influence;subjective norm,correlation;fornell;larcker;table,S185,false,,false,false,true,S185,ok,true,true,/Users/newhosung/Library/CloudStorage/OneDrive-SharedLibraries-ThePennsylvaniaStateUniversity/AI Adoption Meta Analysis - Documents/Meta/AI Adoption/PDFs/S185.pdf,candidate_only_not_analytic_input_until_human_confirmed
ai_trace_auto_value_visible_exact,ai_candidate_only_existing_human_value_under_review,human_confirm_source_table_before_any_use,p2_source_or_pdf_presence_gap,S185,BI-EE,BI,EE,0.524,298.0,latest_human_R4_CORRELATIONS,Table3,,BI;behavioral intention;intention to use;usage intention,ease of use;easy to use;perceived ease of use,correlation;fornell;larcker;table,S185,false,,false,false,true,S185,ok,true,true,/Users/newhosung/Library/CloudStorage/OneDrive-SharedLibraries-ThePennsylvaniaStateUniversity/AI Adoption Meta Analysis - Documents/Meta/AI Adoption/PDFs/S185.pdf,candidate_only_not_analytic_input_until_human_confirmed
ai_trace_auto_value_visible_exact,ai_candidate_only_existing_human_value_under_review,human_confirm_source_table_before_any_use,p2_source_or_pdf_presence_gap,S185,BI-FC,BI,FC,0.419,298.0,latest_human_R4_CORRELATIONS,,,BI;behavioral intention;intention to use;usage intention,facilitating;resources;support,correlation;fornell;larcker;table,S185,false,,false,false,true,S185,ok,true,true,/Users/newhosung/Library/CloudStorage/OneDrive-SharedLibraries-ThePennsylvaniaStateUniversity/AI Adoption Meta Analysis - Documents/Meta/AI Adoption/PDFs/S185.pdf,candidate_only_not_analytic_input_until_human_confirmed
ai_trace_auto_value_visible_exact,ai_candidate_only_existing_human_value_under_review,human_confirm_source_table_before_any_use,p2_source_or_pdf_presence_gap,S185,BI-PE,BI,PE,0.459,298.0,latest_human_R4_CORRELATIONS,Table3,,BI;behavioral intention;intention to use;usage intention,PE;PU;perceived usefulness;useful;usefulness,correlation;fornell;larcker;table,S185,false,,false,false,true,S185,ok,true,true,/Users/newhosung/Library/CloudStorage/OneDrive-SharedLibraries-ThePennsylvaniaStateUniversity/AI Adoption Meta Analysis - Documents/Meta/AI Adoption/PDFs/S185.pdf,candidate_only_not_analytic_input_until_human_confirmed
ai_trace_auto_value_visible_exact,ai_candidate_only_existing_human_value_under_review,human_confirm_source_table_before_any_use,p2_source_or_pdf_presence_gap,S185,BI-SI,BI,SI,0.433,298.0,latest_human_R4_CORRELATIONS,,,BI;behavioral intention;intention to use;usage intention,social influence;subjective norm,correlation;fornell;larcker;table,S185,false,,false,false,true,S185,ok,true,true,/Users/newhosung/Library/CloudStorage/OneDrive-SharedLibraries-ThePennsylvaniaStateUniversity/AI Adoption Meta Analysis - Documents/Meta/AI Adoption/PDFs/S185.pdf,candidate_only_not_analytic_input_until_human_confirmed
ai_trace_auto_value_visible_exact,ai_candidate_only_existing_human_value_under_review,human_confirm_source_table_before_any_use,p2_source_or_pdf_presence_gap,S185,EE-FC,EE,FC,0.156,298.0,latest_human_R4_CORRELATIONS,,,ease of use;easy to use;perceived ease of use,facilitating;resources;support,correlation;fornell;larcker;table,S185,false,,false,false,true,S185,ok,true,true,/Users/newhosung/Library/CloudStorage/OneDrive-SharedLibraries-ThePennsylvaniaStateUniversity/AI Adoption Meta Analysis - Documents/Meta/AI Adoption/PDFs/S185.pdf,candidate_only_not_analytic_input_until_human_confirmed
ai_trace_auto_value_visible_exact,ai_candidate_only_existing_human_value_under_review,human_confirm_source_table_before_any_use,p2_source_or_pdf_presence_gap,S185,EE-PE,EE,PE,0.482,298.0,latest_human_R4_CORRELATIONS,Table3,,ease of use;easy to use;perceived ease of use,PE;PU;perceived usefulness;useful;usefulness,correlation;fornell;larcker;table,S185,false,,false,false,true,S185,ok,true,true,/Users/newhosung/Library/CloudStorage/OneDrive-SharedLibraries-ThePennsylvaniaStateUniversity/AI Adoption Meta Analysis - Documents/Meta/AI Adoption/PDFs/S185.pdf,candidate_only_not_analytic_input_until_human_confirmed
ai_trace_auto_value_visible_exact,ai_candidate_only_existing_human_value_under_review,human_confirm_source_table_before_any_use,p2_source_or_pdf_presence_gap,S185,EE-SI,EE,SI,0.279,298.0,latest_human_R4_CORRELATIONS,Table3,,ease of use;easy to use;perceived ease of use,social influence;subjective norm,correlation;fornell;larcker;table,S185,false,,false,false,true,S185,ok,true,true,/Users/newhosung/Library/CloudStorage/OneDrive-SharedLibraries-ThePennsylvaniaStateUniversity/AI Adoption Meta Analysis - Documents/Meta/AI Adoption/PDFs/S185.pdf,candidate_only_not_analytic_input_until_human_confirmed
ai_trace_auto_value_visible_exact,ai_candidate_only_existing_human_value_under_review,human_confirm_source_table_before_any_use,p2_source_or_pdf_presence_gap,S185,FC-PE,FC,PE,0.173,298.0,latest_human_R4_CORRELATIONS,,,facilitating;resources;support,PE;PU;perceived usefulness;useful;usefulness,correlation;fornell;larcker;table,S185,false,,false,false,true,S185,ok,true,true,/Users/newhosung/Library/CloudStorage/OneDrive-SharedLibraries-ThePennsylvaniaStateUniversity/AI Adoption Meta Analysis - Documents/Meta/AI Adoption/PDFs/S185.pdf,candidate_only_not_analytic_input_until_human_confirmed
ai_trace_auto_value_visible_exact,ai_candidate_only_existing_human_value_under_review,human_confirm_source_table_before_any_use,p2_source_or_pdf_presence_gap,S185,FC-SI,FC,SI,0.164,298.0,latest_human_R4_CORRELATIONS,,,facilitating;resources;support,social influence;subjective norm,correlation;fornell;larcker;table,S185,false,,false,false,true,S185,ok,true,true,/Users/newhosung/Library/CloudStorage/OneDrive-SharedLibraries-ThePennsylvaniaStateUniversity/AI Adoption Meta Analysis - Documents/Meta/AI Adoption/PDFs/S185.pdf,candidate_only_not_analytic_input_until_human_confirmed
ai_trace_auto_value_visible_exact,ai_candidate_only_existing_human_value_under_review,human_confirm_source_table_before_any_use,p2_source_or_pdf_presence_gap,S185,PE-SI,PE,SI,0.28,298.0,latest_human_R4_CORRELATIONS,Table3,,PE;PU;perceived usefulness;useful;usefulness,social influence;subjective norm,correlation;fornell;larcker;table,S185,false,,false,false,true,S185,ok,true,true,/Users/newhosung/Library/CloudStorage/OneDrive-SharedLibraries-ThePennsylvaniaStateUniversity/AI Adoption Meta Analysis - Documents/Meta/AI Adoption/PDFs/S185.pdf,candidate_only_not_analytic_input_until_human_confirmed
ai_trace_auto_value_visible_exact,ai_candidate_only_existing_human_value_under_review,human_confirm_source_table_before_any_use,p2_source_or_pdf_presence_gap,S194,BI-EE,BI,EE,0.44,469.0,latest_human_R4_CORRELATIONS,"Table 3, p.825",Table 3,BI;behavioral intention;behavioural intention;intention to use,EE;PEOU;ease of use;easy to use;effort expectancy;perceived ease of use,correlation;fornell;larcker;latent;table,S194,false,,false,false,true,S194,ok,true,true,/Users/newhosung/Library/CloudStorage/OneDrive-SharedLibraries-ThePennsylvaniaStateUniversity/AI Adoption Meta Analysis - Documents/Meta/AI Adoption/PDFs/S194.pdf,candidate_only_not_analytic_input_until_human_confirmed
ai_trace_auto_value_visible_exact,ai_candidate_only_existing_human_value_under_review,human_confirm_source_table_before_any_use,p2_source_or_pdf_presence_gap,S194,BI-FC,BI,FC,0.49,469.0,latest_human_R4_CORRELATIONS,"Table 3, p.825",Table 3,BI;behavioral intention;behavioural intention;intention to use,FC;facilitating;facilitating condition;facilitating conditions;resources;support,correlation;fornell;larcker;latent;table,S194,false,,false,false,true,S194,ok,true,true,/Users/newhosung/Library/CloudStorage/OneDrive-SharedLibraries-ThePennsylvaniaStateUniversity/AI Adoption Meta Analysis - Documents/Meta/AI Adoption/PDFs/S194.pdf,candidate_only_not_analytic_input_until_human_confirmed
ai_trace_auto_value_visible_exact,ai_candidate_only_existing_human_value_under_review,human_confirm_source_table_before_any_use,p2_source_or_pdf_presence_gap,S194,BI-PE,BI,PE,-0.08,469.0,latest_human_R4_CORRELATIONS,"Table 3, p.825",Table 3,BI;behavioral intention;behavioural intention;intention to use,PE;PU;perceived usefulness;performance expectancy;useful;usefulness,correlation;fornell;larcker;latent;table,S194,false,,false,false,true,S194,ok,true,true,/Users/newhosung/Library/CloudStorage/OneDrive-SharedLibraries-ThePennsylvaniaStateUniversity/AI Adoption Meta Analysis - Documents/Meta/AI Adoption/PDFs/S194.pdf,candidate_only_not_analytic_input_until_human_confirmed
ai_trace_auto_value_visible_exact,ai_candidate_only_existing_human_value_under_review,human_confirm_source_table_before_any_use,p2_source_or_pdf_presence_gap,S194,BI-SI,BI,SI,0.62,469.0,latest_human_R4_CORRELATIONS,"Table 3, p.825",Table 3,BI;behavioral intention;behavioural intention;intention to use,SI;social influence,correlation;fornell;larcker;latent;table,S194,false,,false,false,true,S194,ok,true,true,/Users/newhosung/Library/CloudStorage/OneDrive-SharedLibraries-ThePennsylvaniaStateUniversity/AI Adoption Meta Analysis - Documents/Meta/AI Adoption/PDFs/S194.pdf,candidate_only_not_analytic_input_until_human_confirmed
ai_trace_auto_value_visible_exact,ai_candidate_only_existing_human_value_under_review,human_confirm_source_table_before_any_use,p2_source_or_pdf_presence_gap,S194,BI-UB,BI,UB,0.64,469.0,latest_human_R4_CORRELATIONS,"Table 3, p.825",Table 3,BI;behavioral intention;behavioural intention;intention to use,UB;actual use;usage behavior;use;use behavior,correlation;fornell;larcker;latent;table,S194,false,,false,false,true,S194,ok,true,true,/Users/newhosung/Library/CloudStorage/OneDrive-SharedLibraries-ThePennsylvaniaStateUniversity/AI Adoption Meta Analysis - Documents/Meta/AI Adoption/PDFs/S194.pdf,candidate_only_not_analytic_input_until_human_confirmed
ai_trace_auto_value_visible_exact,ai_candidate_only_existing_human_value_under_review,human_confirm_source_table_before_any_use,p2_source_or_pdf_presence_gap,S194,EE-FC,EE,FC,0.55,469.0,latest_human_R4_CORRELATIONS,"Table 3, p.825",Table 3,EE;PEOU;ease of use;easy to use;effort expectancy;perceived ease of use,FC;facilitating;facilitating condition;facilitating conditions;resources;support,correlation;fornell;larcker;latent;table,S194,false,,false,false,true,S194,ok,true,true,/Users/newhosung/Library/CloudStorage/OneDrive-SharedLibraries-ThePennsylvaniaStateUniversity/AI Adoption Meta Analysis - Documents/Meta/AI Adoption/PDFs/S194.pdf,candidate_only_not_analytic_input_until_human_confirmed
ai_trace_auto_value_visible_exact,ai_candidate_only_existing_human_value_under_review,human_confirm_source_table_before_any_use,p2_source_or_pdf_presence_gap,S194,EE-PE,EE,PE,-0.1,469.0,latest_human_R4_CORRELATIONS,"Table 3, p.825",Table 3,EE;PEOU;ease of use;easy to use;effort expectancy;perceived ease of use,PE;PU;perceived usefulness;performance expectancy;useful;usefulness,correlation;fornell;larcker;latent;table,S194,false,,false,false,true,S194,ok,true,true,/Users/newhosung/Library/CloudStorage/OneDrive-SharedLibraries-ThePennsylvaniaStateUniversity/AI Adoption Meta Analysis - Documents/Meta/AI Adoption/PDFs/S194.pdf,candidate_only_not_analytic_input_until_human_confirmed
ai_trace_auto_value_visible_exact,ai_candidate_only_existing_human_value_under_review,human_confirm_source_table_before_any_use,p2_source_or_pdf_presence_gap,S194,EE-SI,EE,SI,0.52,469.0,latest_human_R4_CORRELATIONS,"Table 3, p.825",Table 3,EE;PEOU;ease of use;easy to use;effort expectancy;perceived ease of use,SI;social influence,correlation;fornell;larcker;latent;table,S194,false,,false,false,true,S194,ok,true,true,/Users/newhosung/Library/CloudStorage/OneDrive-SharedLibraries-ThePennsylvaniaStateUniversity/AI Adoption Meta Analysis - Documents/Meta/AI Adoption/PDFs/S194.pdf,candidate_only_not_analytic_input_until_human_confirmed
ai_trace_auto_value_visible_exact,ai_candidate_only_existing_human_value_under_review,human_confirm_source_table_before_any_use,p2_source_or_pdf_presence_gap,S194,EE-UB,EE,UB,0.49,469.0,latest_human_R4_CORRELATIONS,"Table 3, p.825",Table 3,EE;PEOU;ease of use;easy to use;effort expectancy;perceived ease of use,UB;actual use;usage behavior;use;use behavior,correlation;fornell;larcker;latent;table,S194,false,,false,false,true,S194,ok,true,true,/Users/newhosung/Library/CloudStorage/OneDrive-SharedLibraries-ThePennsylvaniaStateUniversity/AI Adoption Meta Analysis - Documents/Meta/AI Adoption/PDFs/S194.pdf,candidate_only_not_analytic_input_until_human_confirmed
ai_trace_auto_value_visible_exact,ai_candidate_only_existing_human_value_under_review,human_confirm_source_table_before_any_use,p2_source_or_pdf_presence_gap,S194,FC-PE,FC,PE,-0.12,469.0,latest_human_R4_CORRELATIONS,"Table 3, p.825",Table 3,FC;facilitating;facilitating condition;facilitating conditions;resources;support,PE;PU;perceived usefulness;performance expectancy;useful;usefulness,correlation;fornell;larcker;latent;table,S194,false,,false,false,true,S194,ok,true,true,/Users/newhosung/Library/CloudStorage/OneDrive-SharedLibraries-ThePennsylvaniaStateUniversity/AI Adoption Meta Analysis - Documents/Meta/AI Adoption/PDFs/S194.pdf,candidate_only_not_analytic_input_until_human_confirmed
ai_trace_auto_value_visible_exact,ai_candidate_only_existing_human_value_under_review,human_confirm_source_table_before_any_use,p2_source_or_pdf_presence_gap,S194,FC-SI,FC,SI,0.59,469.0,latest_human_R4_CORRELATIONS,"Table 3, p.825",Table 3,FC;facilitating;facilitating condition;facilitating conditions;resources;support,SI;social influence,correlation;fornell;larcker;latent;table,S194,false,,false,false,true,S194,ok,true,true,/Users/newhosung/Library/CloudStorage/OneDrive-SharedLibraries-ThePennsylvaniaStateUniversity/AI Adoption Meta Analysis - Documents/Meta/AI Adoption/PDFs/S194.pdf,candidate_only_not_analytic_input_until_human_confirmed
ai_trace_auto_value_visible_exact,ai_candidate_only_existing_human_value_under_review,human_confirm_source_table_before_any_use,p2_source_or_pdf_presence_gap,S194,FC-UB,FC,UB,0.52,469.0,latest_human_R4_CORRELATIONS,"Table 3, p.825",Table 3,FC;facilitating;facilitating condition;facilitating conditions;resources;support,UB;actual use;usage behavior;use;use behavior,correlation;fornell;larcker;latent;table,S194,false,,false,false,true,S194,ok,true,true,/Users/newhosung/Library/CloudStorage/OneDrive-SharedLibraries-ThePennsylvaniaStateUniversity/AI Adoption Meta Analysis - Documents/Meta/AI Adoption/PDFs/S194.pdf,candidate_only_not_analytic_input_until_human_confirmed
ai_trace_auto_value_visible_exact,ai_candidate_only_existing_human_value_under_review,human_confirm_source_table_before_any_use,p2_source_or_pdf_presence_gap,S194,PE-SI,PE,SI,-0.12,469.0,latest_human_R4_CORRELATIONS,"Table 3, p.825",Table 3,PE;PU;perceived usefulness;performance expectancy;useful;usefulness,SI;social influence,correlation;fornell;larcker;latent;table,S194,false,,false,false,true,S194,ok,true,true,/Users/newhosung/Library/CloudStorage/OneDrive-SharedLibraries-ThePennsylvaniaStateUniversity/AI Adoption Meta Analysis - Documents/Meta/AI Adoption/PDFs/S194.pdf,candidate_only_not_analytic_input_until_human_confirmed
ai_trace_auto_value_visible_exact,ai_candidate_only_existing_human_value_under_review,human_confirm_source_table_before_any_use,p2_source_or_pdf_presence_gap,S194,PE-UB,PE,UB,-0.05,469.0,latest_human_R4_CORRELATIONS,"Table 3, p.825",Table 3,PE;PU;perceived usefulness;performance expectancy;useful;usefulness,UB;actual use;usage behavior;use;use behavior,correlation;fornell;larcker;latent;table,S194,false,,false,false,true,S194,ok,true,true,/Users/newhosung/Library/CloudStorage/OneDrive-SharedLibraries-ThePennsylvaniaStateUniversity/AI Adoption Meta Analysis - Documents/Meta/AI Adoption/PDFs/S194.pdf,candidate_only_not_analytic_input_until_human_confirmed
ai_trace_auto_value_visible_exact,ai_candidate_only_existing_human_value_under_review,human_confirm_source_table_before_any_use,p2_source_or_pdf_presence_gap,S194,SI-UB,SI,UB,0.56,469.0,latest_human_R4_CORRELATIONS,"Table 3, p.825",Table 3,SI;social influence,UB;actual use;usage behavior;use;use behavior,correlation;fornell;larcker;latent;table,S194,false,,false,false,true,S194,ok,true,true,/Users/newhosung/Library/CloudStorage/OneDrive-SharedLibraries-ThePennsylvaniaStateUniversity/AI Adoption Meta Analysis - Documents/Meta/AI Adoption/PDFs/S194.pdf,candidate_only_not_analytic_input_until_human_confirmed
ai_trace_auto_value_visible_exact,ai_candidate_only_existing_human_value_under_review,human_confirm_source_table_before_any_use,p2_source_or_pdf_presence_gap,S208,BI-EE,BI,EE,0.434,526.0,latest_human_R4_CORRELATIONS,Table2,,behavioural intention;usage intention,EE;ease of use;effort expectancy,correlation;correlations;fornell;larcker;latent;matrix;table,S208,false,,false,false,true,S208,ok,true,true,/Users/newhosung/Library/CloudStorage/OneDrive-SharedLibraries-ThePennsylvaniaStateUniversity/AI Adoption Meta Analysis - Documents/Meta/AI Adoption/PDFs/S208.pdf,candidate_only_not_analytic_input_until_human_confirmed
ai_trace_auto_value_visible_exact,ai_candidate_only_existing_human_value_under_review,human_confirm_source_table_before_any_use,p2_source_or_pdf_presence_gap,S208,BI-PE,BI,PE,0.241,526.0,latest_human_R4_CORRELATIONS,Table2,,behavioural intention;usage intention,PE;performance expectancy,correlation;correlations;fornell;larcker;latent;matrix;table,S208,false,,false,false,true,S208,ok,true,true,/Users/newhosung/Library/CloudStorage/OneDrive-SharedLibraries-ThePennsylvaniaStateUniversity/AI Adoption Meta Analysis - Documents/Meta/AI Adoption/PDFs/S208.pdf,candidate_only_not_analytic_input_until_human_confirmed
ai_trace_auto_value_visible_exact,ai_candidate_only_existing_human_value_under_review,human_confirm_source_table_before_any_use,p2_source_or_pdf_presence_gap,S208,BI-SI,BI,SI,0.462,526.0,latest_human_R4_CORRELATIONS,Table2,,behavioural intention;usage intention,SI;social influence,correlation;correlations;fornell;larcker;latent;matrix;table,S208,false,,false,false,true,S208,ok,true,true,/Users/newhosung/Library/CloudStorage/OneDrive-SharedLibraries-ThePennsylvaniaStateUniversity/AI Adoption Meta Analysis - Documents/Meta/AI Adoption/PDFs/S208.pdf,candidate_only_not_analytic_input_until_human_confirmed
ai_trace_auto_value_visible_exact,ai_candidate_only_existing_human_value_under_review,human_confirm_source_table_before_any_use,p2_source_or_pdf_presence_gap,S208,BI-TRU,BI,TRU,0.524,526.0,latest_human_R4_CORRELATIONS,Table2,,behavioural intention;usage intention,trust,correlation;correlations;fornell;larcker;latent;matrix;table,S208,false,,false,false,true,S208,ok,true,true,/Users/newhosung/Library/CloudStorage/OneDrive-SharedLibraries-ThePennsylvaniaStateUniversity/AI Adoption Meta Analysis - Documents/Meta/AI Adoption/PDFs/S208.pdf,candidate_only_not_analytic_input_until_human_confirmed
ai_trace_auto_value_visible_exact,ai_candidate_only_existing_human_value_under_review,human_confirm_source_table_before_any_use,p2_source_or_pdf_presence_gap,S208,EE-PE,EE,PE,0.402,526.0,latest_human_R4_CORRELATIONS,Table2,,EE;ease of use;effort expectancy,PE;performance expectancy,correlation;correlations;fornell;larcker;latent;matrix;table,S208,false,,false,false,true,S208,ok,true,true,/Users/newhosung/Library/CloudStorage/OneDrive-SharedLibraries-ThePennsylvaniaStateUniversity/AI Adoption Meta Analysis - Documents/Meta/AI Adoption/PDFs/S208.pdf,candidate_only_not_analytic_input_until_human_confirmed
ai_trace_auto_value_visible_exact,ai_candidate_only_existing_human_value_under_review,human_confirm_source_table_before_any_use,p2_source_or_pdf_presence_gap,S208,EE-SI,EE,SI,0.362,526.0,latest_human_R4_CORRELATIONS,,,EE;ease of use;effort expectancy,SI;social influence,correlation;correlations;fornell;larcker;latent;matrix;table,S208,false,,false,false,true,S208,ok,true,true,/Users/newhosung/Library/CloudStorage/OneDrive-SharedLibraries-ThePennsylvaniaStateUniversity/AI Adoption Meta Analysis - Documents/Meta/AI Adoption/PDFs/S208.pdf,candidate_only_not_analytic_input_until_human_confirmed
ai_trace_auto_value_visible_exact,ai_candidate_only_existing_human_value_under_review,human_confirm_source_table_before_any_use,p2_source_or_pdf_presence_gap,S208,EE-TRU,EE,TRU,0.395,526.0,latest_human_R4_CORRELATIONS,Table2,,EE;ease of use;effort expectancy,trust,correlation;correlations;fornell;larcker;latent;matrix;table,S208,false,,false,false,true,S208,ok,true,true,/Users/newhosung/Library/CloudStorage/OneDrive-SharedLibraries-ThePennsylvaniaStateUniversity/AI Adoption Meta Analysis - Documents/Meta/AI Adoption/PDFs/S208.pdf,candidate_only_not_analytic_input_until_human_confirmed
ai_trace_auto_value_visible_exact,ai_candidate_only_existing_human_value_under_review,human_confirm_source_table_before_any_use,p2_source_or_pdf_presence_gap,S208,PE-SI,PE,SI,0.296,526.0,latest_human_R4_CORRELATIONS,Table2,,PE;performance expectancy,SI;social influence,correlation;correlations;fornell;larcker;latent;matrix;table,S208,false,,false,false,true,S208,ok,true,true,/Users/newhosung/Library/CloudStorage/OneDrive-SharedLibraries-ThePennsylvaniaStateUniversity/AI Adoption Meta Analysis - Documents/Meta/AI Adoption/PDFs/S208.pdf,candidate_only_not_analytic_input_until_human_confirmed
ai_trace_auto_value_visible_exact,ai_candidate_only_existing_human_value_under_review,human_confirm_source_table_before_any_use,p2_source_or_pdf_presence_gap,S208,PE-TRU,PE,TRU,0.295,526.0,latest_human_R4_CORRELATIONS,Table2,,PE;performance expectancy,trust,correlation;correlations;fornell;larcker;latent;matrix;table,S208,false,,false,false,true,S208,ok,true,true,/Users/newhosung/Library/CloudStorage/OneDrive-SharedLibraries-ThePennsylvaniaStateUniversity/AI Adoption Meta Analysis - Documents/Meta/AI Adoption/PDFs/S208.pdf,candidate_only_not_analytic_input_until_human_confirmed
ai_trace_auto_value_visible_exact,ai_candidate_only_existing_human_value_under_review,human_confirm_source_table_before_any_use,p2_source_or_pdf_presence_gap,S208,SI-TRU,SI,TRU,0.241,526.0,latest_human_R4_CORRELATIONS,Table2,,SI;social influence,trust,correlation;correlations;fornell;larcker;latent;matrix;table,S208,false,,false,false,true,S208,ok,true,true,/Users/newhosung/Library/CloudStorage/OneDrive-SharedLibraries-ThePennsylvaniaStateUniversity/AI Adoption Meta Analysis - Documents/Meta/AI Adoption/PDFs/S208.pdf,candidate_only_not_analytic_input_until_human_confirmed
ai_trace_auto_value_visible_exact,ai_candidate_only_existing_human_value_under_review,human_confirm_source_table_before_any_use,p2_source_or_pdf_presence_gap,S028,ATT-BI,ATT,BI,0.877,508.0,latest_human_R4_CORRELATIONS,Table4,,attitude;attitude toward;attitudes,behavioral intention;intention to use;usage intention,correlation;latent;table,S028,false,,false,false,true,S028,ok,true,true,/Users/newhosung/Library/CloudStorage/OneDrive-SharedLibraries-ThePennsylvaniaStateUniversity/AI Adoption Meta Analysis - Documents/Meta/AI Adoption/PDFs/S028.pdf,candidate_only_not_analytic_input_until_human_confirmed
ai_trace_auto_value_visible_exact,ai_candidate_only_existing_human_value_under_review,human_confirm_source_table_before_any_use,p2_source_or_pdf_presence_gap,S028,ATT-EE,ATT,EE,0.63,508.0,latest_human_R4_CORRELATIONS,"Table 4, p.7",Table 4,attitude;attitude toward;attitudes,PEOU;ease of use;easy to use;perceived ease of use,correlation;latent;table,S028,false,,false,false,true,S028,ok,true,true,/Users/newhosung/Library/CloudStorage/OneDrive-SharedLibraries-ThePennsylvaniaStateUniversity/AI Adoption Meta Analysis - Documents/Meta/AI Adoption/PDFs/S028.pdf,candidate_only_not_analytic_input_until_human_confirmed
ai_trace_auto_value_visible_exact,ai_candidate_only_existing_human_value_under_review,human_confirm_source_table_before_any_use,p2_source_or_pdf_presence_gap,S028,ATT-PE,ATT,PE,0.809,508.0,latest_human_R4_CORRELATIONS,Table4,,attitude;attitude toward;attitudes,PU;perceived usefulness;useful;usefulness,correlation;latent;table,S028,false,,false,false,true,S028,ok,true,true,/Users/newhosung/Library/CloudStorage/OneDrive-SharedLibraries-ThePennsylvaniaStateUniversity/AI Adoption Meta Analysis - Documents/Meta/AI Adoption/PDFs/S028.pdf,candidate_only_not_analytic_input_until_human_confirmed
ai_trace_auto_value_visible_exact,ai_candidate_only_existing_human_value_under_review,human_confirm_source_table_before_any_use,p2_source_or_pdf_presence_gap,S028,ATT-SE,ATT,SE,0.721,508.0,latest_human_R4_CORRELATIONS,Table4,,attitude;attitude toward;attitudes,computer self-efficacy;efficacy;self-efficacy,correlation;latent;table,S028,false,,false,false,true,S028,ok,true,true,/Users/newhosung/Library/CloudStorage/OneDrive-SharedLibraries-ThePennsylvaniaStateUniversity/AI Adoption Meta Analysis - Documents/Meta/AI Adoption/PDFs/S028.pdf,candidate_only_not_analytic_input_until_human_confirmed
ai_trace_auto_value_visible_exact,ai_candidate_only_existing_human_value_under_review,human_confirm_source_table_before_any_use,p2_source_or_pdf_presence_gap,S028,BI-EE,BI,EE,0.627,508.0,latest_human_R4_CORRELATIONS,Table4,,behavioral intention;intention to use;usage intention,PEOU;ease of use;easy to use;perceived ease of use,correlation;latent;table,S028,false,,false,false,true,S028,ok,true,true,/Users/newhosung/Library/CloudStorage/OneDrive-SharedLibraries-ThePennsylvaniaStateUniversity/AI Adoption Meta Analysis - Documents/Meta/AI Adoption/PDFs/S028.pdf,candidate_only_not_analytic_input_until_human_confirmed
ai_trace_auto_value_visible_exact,ai_candidate_only_existing_human_value_under_review,human_confirm_source_table_before_any_use,p2_source_or_pdf_presence_gap,S028,BI-PE,BI,PE,0.823,508.0,latest_human_R4_CORRELATIONS,Table4,,behavioral intention;intention to use;usage intention,PU;perceived usefulness;useful;usefulness,correlation;latent;table,S028,false,,false,false,true,S028,ok,true,true,/Users/newhosung/Library/CloudStorage/OneDrive-SharedLibraries-ThePennsylvaniaStateUniversity/AI Adoption Meta Analysis - Documents/Meta/AI Adoption/PDFs/S028.pdf,candidate_only_not_analytic_input_until_human_confirmed
ai_trace_auto_value_visible_exact,ai_candidate_only_existing_human_value_under_review,human_confirm_source_table_before_any_use,p2_source_or_pdf_presence_gap,S028,BI-SE,BI,SE,0.685,508.0,latest_human_R4_CORRELATIONS,Table4,,behavioral intention;intention to use;usage intention,computer self-efficacy;efficacy;self-efficacy,correlation;latent;table,S028,false,,false,false,true,S028,ok,true,true,/Users/newhosung/Library/CloudStorage/OneDrive-SharedLibraries-ThePennsylvaniaStateUniversity/AI Adoption Meta Analysis - Documents/Meta/AI Adoption/PDFs/S028.pdf,candidate_only_not_analytic_input_until_human_confirmed
ai_trace_auto_value_visible_exact,ai_candidate_only_existing_human_value_under_review,human_confirm_source_table_before_any_use,p2_source_or_pdf_presence_gap,S028,EE-PE,EE,PE,0.667,508.0,latest_human_R4_CORRELATIONS,Table4,,PEOU;ease of use;easy to use;perceived ease of use,PU;perceived usefulness;useful;usefulness,correlation;latent;table,S028,false,,false,false,true,S028,ok,true,true,/Users/newhosung/Library/CloudStorage/OneDrive-SharedLibraries-ThePennsylvaniaStateUniversity/AI Adoption Meta Analysis - Documents/Meta/AI Adoption/PDFs/S028.pdf,candidate_only_not_analytic_input_until_human_confirmed
ai_trace_auto_value_visible_exact,ai_candidate_only_existing_human_value_under_review,human_confirm_source_table_before_any_use,p2_source_or_pdf_presence_gap,S028,EE-SE,EE,SE,0.792,508.0,latest_human_R4_CORRELATIONS,Table4,,PEOU;ease of use;easy to use;perceived ease of use,computer self-efficacy;efficacy;self-efficacy,correlation;latent;table,S028,false,,false,false,true,S028,ok,true,true,/Users/newhosung/Library/CloudStorage/OneDrive-SharedLibraries-ThePennsylvaniaStateUniversity/AI Adoption Meta Analysis - Documents/Meta/AI Adoption/PDFs/S028.pdf,candidate_only_not_analytic_input_until_human_confirmed
ai_trace_auto_value_visible_exact,ai_candidate_only_existing_human_value_under_review,human_confirm_source_table_before_any_use,p2_source_or_pdf_presence_gap,S028,PE-SE,PE,SE,0.744,508.0,latest_human_R4_CORRELATIONS,Table4,,PU;perceived usefulness;useful;usefulness,computer self-efficacy;efficacy;self-efficacy,correlation;latent;table,S028,false,,false,false,true,S028,ok,true,true,/Users/newhosung/Library/CloudStorage/OneDrive-SharedLibraries-ThePennsylvaniaStateUniversity/AI Adoption Meta Analysis - Documents/Meta/AI Adoption/PDFs/S028.pdf,candidate_only_not_analytic_input_until_human_confirmed
ai_trace_auto_value_visible_exact,ai_candidate_only_existing_human_value_under_review,human_confirm_source_table_before_any_use,p2_source_or_pdf_presence_gap,S145,BI-EE,BI,EE,0.201,374.0,latest_human_R4_CORRELATIONS,Table3,,behavioral intention;intention to use,EE;ease of use;easy to use;effort expectancy;perceived ease of use,correlation;correlations;latent;table,S145,false,,false,false,true,S145,ok,true,true,/Users/newhosung/Library/CloudStorage/OneDrive-SharedLibraries-ThePennsylvaniaStateUniversity/AI Adoption Meta Analysis - Documents/Meta/AI Adoption/PDFs/S145.pdf,candidate_only_not_analytic_input_until_human_confirmed
ai_trace_auto_value_visible_exact,ai_candidate_only_existing_human_value_under_review,human_confirm_source_table_before_any_use,p2_source_or_pdf_presence_gap,S145,BI-UB,BI,UB,0.338,374.0,latest_human_R4_CORRELATIONS,Table3,,behavioral intention;intention to use,use;use behavior,correlation;correlations;latent;table,S145,false,,false,false,true,S145,ok,true,true,/Users/newhosung/Library/CloudStorage/OneDrive-SharedLibraries-ThePennsylvaniaStateUniversity/AI Adoption Meta Analysis - Documents/Meta/AI Adoption/PDFs/S145.pdf,candidate_only_not_analytic_input_until_human_confirmed
ai_trace_auto_value_visible_exact,ai_candidate_only_existing_human_value_under_review,human_confirm_source_table_before_any_use,p2_source_or_pdf_presence_gap,S145,EE-UB,EE,UB,0.204,374.0,latest_human_R4_CORRELATIONS,Table3,,EE;ease of use;easy to use;effort expectancy;perceived ease of use,use;use behavior,correlation;correlations;latent;table,S145,false,,false,false,true,S145,ok,true,true,/Users/newhosung/Library/CloudStorage/OneDrive-SharedLibraries-ThePennsylvaniaStateUniversity/AI Adoption Meta Analysis - Documents/Meta/AI Adoption/PDFs/S145.pdf,candidate_only_not_analytic_input_until_human_confirmed
ai_trace_auto_value_visible_exact,ai_candidate_only_existing_human_value_under_review,human_confirm_source_table_before_any_use,p2_source_or_pdf_presence_gap,S110,BI-EE,BI,EE,0.623,353.0,latest_human_R4_CORRELATIONS,Figure3,,BI;behavioral intention;behavioural intention;intention to use,EE;ease of use;effort expectancy;perceived ease of use,correlation;correlations;latent;table,S110,false,,false,false,true,S110,ok,true,true,/Users/newhosung/Library/CloudStorage/OneDrive-SharedLibraries-ThePennsylvaniaStateUniversity/AI Adoption Meta Analysis - Documents/Meta/AI Adoption/PDFs/S110.pdf,candidate_only_not_analytic_input_until_human_confirmed
ai_trace_auto_value_visible_exact,ai_candidate_only_existing_human_value_under_review,human_confirm_source_table_before_any_use,p2_source_or_pdf_presence_gap,S110,BI-PE,BI,PE,0.681,353.0,latest_human_R4_CORRELATIONS,Figure3,,BI;behavioral intention;behavioural intention;intention to use,PE;perceived usefulness;performance expectancy;usefulness,correlation;correlations;latent;table,S110,false,,false,false,true,S110,ok,true,true,/Users/newhosung/Library/CloudStorage/OneDrive-SharedLibraries-ThePennsylvaniaStateUniversity/AI Adoption Meta Analysis - Documents/Meta/AI Adoption/PDFs/S110.pdf,candidate_only_not_analytic_input_until_human_confirmed
ai_trace_auto_value_visible_exact,ai_candidate_only_existing_human_value_under_review,human_confirm_source_table_before_any_use,p2_source_or_pdf_presence_gap,S110,BI-SI,BI,SI,0.52,353.0,latest_human_R4_CORRELATIONS,"Table 4, p.627",Table 4,BI;behavioral intention;behavioural intention;intention to use,SI;social influence,correlation;correlations;latent;table,S110,false,,false,false,true,S110,ok,true,true,/Users/newhosung/Library/CloudStorage/OneDrive-SharedLibraries-ThePennsylvaniaStateUniversity/AI Adoption Meta Analysis - Documents/Meta/AI Adoption/PDFs/S110.pdf,candidate_only_not_analytic_input_until_human_confirmed
ai_trace_auto_value_visible_exact,ai_candidate_only_existing_human_value_under_review,human_confirm_source_table_before_any_use,p1_review_value_not_found_in_any_text,S072,ANX-BI,ANX,BI,-0.623,500.0,latest_human_R4_CORRELATIONS,,,anxiety,BI;behavioral intention;behavioural intention;intention to use;usage intention,correlation;correlations;fornell;larcker;latent;table,S072,true,S072_source_packet_20260609.txt,true,true,true,S072,ok,true,true,/Users/newhosung/Library/CloudStorage/OneDrive-SharedLibraries-ThePennsylvaniaStateUniversity/AI Adoption Meta Analysis - Documents/Meta/AI Adoption/PDFs/S072.pdf,candidate_only_not_analytic_input_until_human_confirmed
ai_trace_auto_value_visible_exact,ai_candidate_only_existing_human_value_under_review,human_confirm_source_table_before_any_use,p1_review_value_not_found_in_any_text,S072,ANX-EE,ANX,EE,-0.592,500.0,latest_human_R4_CORRELATIONS,,,anxiety,EE;ease of use;easy to use;effort expectancy;perceived ease of use,correlation;correlations;fornell;larcker;latent;table,S072,true,S072_source_packet_20260609.txt,true,true,true,S072,ok,false,true,/Users/newhosung/Library/CloudStorage/OneDrive-SharedLibraries-ThePennsylvaniaStateUniversity/AI Adoption Meta Analysis - Documents/Meta/AI Adoption/PDFs/S072.pdf,candidate_only_not_analytic_input_until_human_confirmed
ai_trace_auto_value_visible_exact,ai_candidate_only_existing_human_value_under_review,human_confirm_source_table_before_any_use,p1_review_value_not_found_in_any_text,S072,ANX-FC,ANX,FC,-0.568,500.0,latest_human_R4_CORRELATIONS,,,anxiety,FC;facilitating;facilitating conditions;resources;support,correlation;correlations;fornell;larcker;latent;table,S072,true,S072_source_packet_20260609.txt,true,true,true,S072,ok,true,true,/Users/newhosung/Library/CloudStorage/OneDrive-SharedLibraries-ThePennsylvaniaStateUniversity/AI Adoption Meta Analysis - Documents/Meta/AI Adoption/PDFs/S072.pdf,candidate_only_not_analytic_input_until_human_confirmed
ai_trace_auto_value_visible_exact,ai_candidate_only_existing_human_value_under_review,human_confirm_source_table_before_any_use,p1_review_value_not_found_in_any_text,S072,ANX-PE,ANX,PE,-0.522,500.0,latest_human_R4_CORRELATIONS,,,anxiety,PE;perceived usefulness;performance expectancy;useful;usefulness,correlation;correlations;fornell;larcker;latent;table,S072,true,S072_source_packet_20260609.txt,true,true,true,S072,ok,false,true,/Users/newhosung/Library/CloudStorage/OneDrive-SharedLibraries-ThePennsylvaniaStateUniversity/AI Adoption Meta Analysis - Documents/Meta/AI Adoption/PDFs/S072.pdf,candidate_only_not_analytic_input_until_human_confirmed
ai_trace_auto_value_visible_exact,ai_candidate_only_existing_human_value_under_review,human_confirm_source_table_before_any_use,p1_review_value_not_found_in_any_text,S072,ANX-SI,ANX,SI,-0.571,500.0,latest_human_R4_CORRELATIONS,,,anxiety,SI;social influence,correlation;correlations;fornell;larcker;latent;table,S072,true,S072_source_packet_20260609.txt,true,true,true,S072,ok,true,true,/Users/newhosung/Library/CloudStorage/OneDrive-SharedLibraries-ThePennsylvaniaStateUniversity/AI Adoption Meta Analysis - Documents/Meta/AI Adoption/PDFs/S072.pdf,candidate_only_not_analytic_input_until_human_confirmed
ai_trace_auto_value_visible_exact,ai_candidate_only_existing_human_value_under_review,human_confirm_source_table_before_any_use,p1_review_value_not_found_in_any_text,S072,ANX-UB,ANX,UB,-0.506,500.0,latest_human_R4_CORRELATIONS,,,anxiety,UB;actual use;use;use behavior,correlation;correlations;fornell;larcker;latent;table,S072,true,S072_source_packet_20260609.txt,true,true,true,S072,ok,false,true,/Users/newhosung/Library/CloudStorage/OneDrive-SharedLibraries-ThePennsylvaniaStateUniversity/AI Adoption Meta Analysis - Documents/Meta/AI Adoption/PDFs/S072.pdf,candidate_only_not_analytic_input_until_human_confirmed
ai_trace_auto_value_visible_exact,ai_candidate_only_existing_human_value_under_review,human_confirm_source_table_before_any_use,p1_review_value_not_found_in_any_text,S219,ANX-ATT,ANX,ATT,-0.08,432.0,latest_human_R4_CORRELATIONS,,,ANX,ATT;attitude;attitude toward;attitudes,correlation;correlations;matrix;table,S219,true,S219_source_packet_20260609.txt,true,true,true,S219,ok,true,true,/Users/newhosung/Library/CloudStorage/OneDrive-SharedLibraries-ThePennsylvaniaStateUniversity/AI Adoption Meta Analysis - Documents/Meta/AI Adoption/PDFs/S219.pdf,candidate_only_not_analytic_input_until_human_confirmed
ai_trace_auto_value_visible_exact,ai_candidate_only_existing_human_value_under_review,human_confirm_source_table_before_any_use,p1_review_value_not_found_in_any_text,S219,ANX-BI,ANX,BI,-0.12,432.0,latest_human_R4_CORRELATIONS,,,ANX,BI;behavioral intention;intention to use,correlation;correlations;matrix;table,S219,true,S219_source_packet_20260609.txt,true,true,true,S219,ok,true,true,/Users/newhosung/Library/CloudStorage/OneDrive-SharedLibraries-ThePennsylvaniaStateUniversity/AI Adoption Meta Analysis - Documents/Meta/AI Adoption/PDFs/S219.pdf,candidate_only_not_analytic_input_until_human_confirmed
ai_trace_auto_value_visible_exact,ai_candidate_only_existing_human_value_under_review,human_confirm_source_table_before_any_use,p1_review_value_not_found_in_any_text,S219,ANX-EE,ANX,EE,-0.1,432.0,latest_human_R4_CORRELATIONS,,,ANX,EE;ease of use;easy to use;effort expectancy;perceived ease of use,correlation;correlations;matrix;table,S219,true,S219_source_packet_20260609.txt,true,true,true,S219,ok,true,true,/Users/newhosung/Library/CloudStorage/OneDrive-SharedLibraries-ThePennsylvaniaStateUniversity/AI Adoption Meta Analysis - Documents/Meta/AI Adoption/PDFs/S219.pdf,candidate_only_not_analytic_input_until_human_confirmed
ai_trace_auto_value_visible_exact,ai_candidate_only_existing_human_value_under_review,human_confirm_source_table_before_any_use,p1_review_value_not_found_in_any_text,S219,ANX-PE,ANX,PE,-0.07,432.0,latest_human_R4_CORRELATIONS,,,ANX,PE;perceived usefulness;performance expectancy;useful;usefulness,correlation;correlations;matrix;table,S219,true,S219_source_packet_20260609.txt,true,true,true,S219,ok,true,true,/Users/newhosung/Library/CloudStorage/OneDrive-SharedLibraries-ThePennsylvaniaStateUniversity/AI Adoption Meta Analysis - Documents/Meta/AI Adoption/PDFs/S219.pdf,candidate_only_not_analytic_input_until_human_confirmed
ai_trace_auto_value_visible_exact,ai_candidate_only_existing_human_value_under_review,human_confirm_source_table_before_any_use,p1_review_value_not_found_in_any_text,S048,FC-TRU,FC,TRU,-0.035,355.0,latest_human_R4_CORRELATIONS,,,FC;facilitating;facilitating condition;facilitating conditions;resources;support,TRU;trust,correlation;correlations;fornell;larcker;latent;matrix;pearson;table,S048,true,S048_source_packet_20260609.txt,false,true,true,S048,ok,true,true,/Users/newhosung/Library/CloudStorage/OneDrive-SharedLibraries-ThePennsylvaniaStateUniversity/AI Adoption Meta Analysis - Documents/Meta/AI Adoption/PDFs/S048.pdf,candidate_only_not_analytic_input_until_human_confirmed
ai_trace_auto_value_visible_exact,ai_candidate_only_existing_human_value_under_review,human_confirm_source_table_before_any_use,p1_review_value_not_found_in_any_text,S007,BI-FC,BI,FC,-0.086,363.0,latest_human_R4_CORRELATIONS,,,BI;continuance intention;intention to use;usage intention,FC;facilitating;facilitating conditions;resources;support,correlation;correlations;matrix;pearson;table,S007,true,S007_source_packet_20260609.txt,false,true,true,S007,ok,true,true,/Users/newhosung/Library/CloudStorage/OneDrive-SharedLibraries-ThePennsylvaniaStateUniversity/AI Adoption Meta Analysis - Documents/Meta/AI Adoption/PDFs/S007.pdf,candidate_only_not_analytic_input_until_human_confirmed
ai_trace_auto_value_visible_exact,ai_candidate_only_existing_human_value_under_review,human_confirm_source_table_before_any_use,p1_review_value_not_found_in_any_text,S007,BI-SE,BI,SE,-0.029,363.0,latest_human_R4_CORRELATIONS,,,BI;continuance intention;intention to use;usage intention,AI self-efficacy;SE;efficacy;self-efficacy,correlation;correlations;matrix;pearson;table,S007,true,S007_source_packet_20260609.txt,false,true,true,S007,ok,true,true,/Users/newhosung/Library/CloudStorage/OneDrive-SharedLibraries-ThePennsylvaniaStateUniversity/AI Adoption Meta Analysis - Documents/Meta/AI Adoption/PDFs/S007.pdf,candidate_only_not_analytic_input_until_human_confirmed
ai_trace_auto_value_visible_exact,ai_candidate_only_existing_human_value_under_review,human_confirm_source_table_before_any_use,p1_review_value_not_found_in_any_text,S007,BI-SI,BI,SI,-0.054,363.0,latest_human_R4_CORRELATIONS,,,BI;continuance intention;intention to use;usage intention,,correlation;correlations;matrix;pearson;table,S007,true,S007_source_packet_20260609.txt,true,true,true,S007,ok,true,true,/Users/newhosung/Library/CloudStorage/OneDrive-SharedLibraries-ThePennsylvaniaStateUniversity/AI Adoption Meta Analysis - Documents/Meta/AI Adoption/PDFs/S007.pdf,candidate_only_not_analytic_input_until_human_confirmed
ai_trace_possible_value_visible_broad_match,ai_candidate_only_existing_human_value_under_review,human_check_broad_numeric_match_for_false_positive,p1_review_value_not_found_in_any_text,S012,BI-EE,BI,EE,0.776,1190.0,latest_human_R4_CORRELATIONS,,,BI;behavioral intention;intention to use,EE;ease of use;effort expectancy;perceived ease of use,correlation;correlations;inter-construct;latent;table,S012,true,S012_source_packet_20260609.txt,false,true,true,S012,ok,false,true,/Users/newhosung/Library/CloudStorage/OneDrive-SharedLibraries-ThePennsylvaniaStateUniversity/AI Adoption Meta Analysis - Documents/Meta/AI Adoption/PDFs/S012.pdf,candidate_only_not_analytic_input_until_human_confirmed
ai_trace_possible_value_visible_broad_match,ai_candidate_only_existing_human_value_under_review,human_check_broad_numeric_match_for_false_positive,p1_review_value_not_found_in_any_text,S012,BI-PE,BI,PE,0.787,1190.0,latest_human_R4_CORRELATIONS,,,BI;behavioral intention;intention to use,PE;perceived usefulness;performance expectancy;useful;usefulness,correlation;correlations;inter-construct;latent;table,S012,true,S012_source_packet_20260609.txt,false,true,true,S012,ok,false,true,/Users/newhosung/Library/CloudStorage/OneDrive-SharedLibraries-ThePennsylvaniaStateUniversity/AI Adoption Meta Analysis - Documents/Meta/AI Adoption/PDFs/S012.pdf,candidate_only_not_analytic_input_until_human_confirmed
ai_trace_possible_value_visible_broad_match,ai_candidate_only_existing_human_value_under_review,human_check_broad_numeric_match_for_false_positive,p1_review_value_not_found_in_any_text,S012,EE-FC,EE,FC,0.79,1190.0,latest_human_R4_CORRELATIONS,,,EE;ease of use;effort expectancy;perceived ease of use,FC;facilitating;facilitating conditions;resources;support,correlation;correlations;inter-construct;latent;table,S012,true,S012_source_packet_20260609.txt,false,true,true,S012,ok,false,true,/Users/newhosung/Library/CloudStorage/OneDrive-SharedLibraries-ThePennsylvaniaStateUniversity/AI Adoption Meta Analysis - Documents/Meta/AI Adoption/PDFs/S012.pdf,candidate_only_not_analytic_input_until_human_confirmed
ai_trace_possible_value_visible_broad_match,ai_candidate_only_existing_human_value_under_review,human_check_broad_numeric_match_for_false_positive,p1_review_value_not_found_in_any_text,S012,EE-PE,EE,PE,0.787,1190.0,latest_human_R4_CORRELATIONS,,,EE;ease of use;effort expectancy;perceived ease of use,PE;perceived usefulness;performance expectancy;useful;usefulness,correlation;correlations;inter-construct;latent;table,S012,true,S012_source_packet_20260609.txt,false,true,true,S012,ok,false,true,/Users/newhosung/Library/CloudStorage/OneDrive-SharedLibraries-ThePennsylvaniaStateUniversity/AI Adoption Meta Analysis - Documents/Meta/AI Adoption/PDFs/S012.pdf,candidate_only_not_analytic_input_until_human_confirmed
ai_trace_auto_value_visible_exact,ai_candidate_only_existing_human_value_under_review,human_confirm_source_table_before_any_use,p1_review_value_not_found_in_any_text,S012,EE-SI,EE,SI,0.335,1190.0,latest_human_R4_CORRELATIONS,,,EE;ease of use;effort expectancy;perceived ease of use,SI;social influence,correlation;correlations;inter-construct;latent;table,S012,true,S012_source_packet_20260609.txt,true,true,true,S012,ok,true,true,/Users/newhosung/Library/CloudStorage/OneDrive-SharedLibraries-ThePennsylvaniaStateUniversity/AI Adoption Meta Analysis - Documents/Meta/AI Adoption/PDFs/S012.pdf,candidate_only_not_analytic_input_until_human_confirmed
ai_trace_auto_value_visible_exact,ai_candidate_only_existing_human_value_under_review,human_confirm_source_table_before_any_use,p1_review_value_not_found_in_any_text,S012,FC-SI,FC,SI,0.366,1190.0,latest_human_R4_CORRELATIONS,,,FC;facilitating;facilitating conditions;resources;support,SI;social influence,correlation;correlations;inter-construct;latent;table,S012,true,S012_source_packet_20260609.txt,true,true,true,S012,ok,true,true,/Users/newhosung/Library/CloudStorage/OneDrive-SharedLibraries-ThePennsylvaniaStateUniversity/AI Adoption Meta Analysis - Documents/Meta/AI Adoption/PDFs/S012.pdf,candidate_only_not_analytic_input_until_human_confirmed
ai_trace_possible_value_visible_broad_match,ai_candidate_only_existing_human_value_under_review,human_check_broad_numeric_match_for_false_positive,p1_review_value_not_found_in_any_text,S012,PE-SI,PE,SI,0.383,1190.0,latest_human_R4_CORRELATIONS,,,PE;perceived usefulness;performance expectancy;useful;usefulness,SI;social influence,correlation;correlations;inter-construct;latent;table,S012,true,S012_source_packet_20260609.txt,false,true,true,S012,ok,false,true,/Users/newhosung/Library/CloudStorage/OneDrive-SharedLibraries-ThePennsylvaniaStateUniversity/AI Adoption Meta Analysis - Documents/Meta/AI Adoption/PDFs/S012.pdf,candidate_only_not_analytic_input_until_human_confirmed
ai_trace_auto_value_visible_exact,ai_candidate_only_existing_human_value_under_review,human_confirm_source_table_before_any_use,p1_review_value_not_found_in_any_text,S198,BI-FC,BI,FC,-0.171,520.0,latest_human_R4_CORRELATIONS,,,BI;behavioral intention;intention to use,FC;facilitating;facilitating conditions;resources;support,correlations;fornell;larcker;table,S198,true,S198_source_packet_20260609.txt,true,true,true,S198,ok,true,true,/Users/newhosung/Library/CloudStorage/OneDrive-SharedLibraries-ThePennsylvaniaStateUniversity/AI Adoption Meta Analysis - Documents/Meta/AI Adoption/PDFs/S198.pdf,candidate_only_not_analytic_input_until_human_confirmed
ai_trace_auto_value_visible_exact,ai_candidate_only_existing_human_value_under_review,human_confirm_source_table_before_any_use,p1_review_value_not_found_in_any_text,S198,EE-SI,EE,SI,-0.136,520.0,latest_human_R4_CORRELATIONS,,,EE;ease of use;easy to use;effort expectancy;perceived ease of use,SI;social influence,correlations;fornell;larcker;table,S198,true,S198_source_packet_20260609.txt,true,true,true,S198,ok,true,true,/Users/newhosung/Library/CloudStorage/OneDrive-SharedLibraries-ThePennsylvaniaStateUniversity/AI Adoption Meta Analysis - Documents/Meta/AI Adoption/PDFs/S198.pdf,candidate_only_not_analytic_input_until_human_confirmed
ai_trace_possible_value_visible_broad_match,ai_candidate_only_existing_human_value_under_review,human_check_broad_numeric_match_for_false_positive,p1_review_value_not_found_in_any_text,S198,FC-PE,FC,PE,-0.027,520.0,latest_human_R4_CORRELATIONS,,,FC;facilitating;facilitating conditions;resources;support,PE;perceived usefulness;performance expectancy;useful;usefulness,correlations;fornell;larcker;table,S198,true,S198_source_packet_20260609.txt,false,true,true,S198,ok,false,true,/Users/newhosung/Library/CloudStorage/OneDrive-SharedLibraries-ThePennsylvaniaStateUniversity/AI Adoption Meta Analysis - Documents/Meta/AI Adoption/PDFs/S198.pdf,candidate_only_not_analytic_input_until_human_confirmed
ai_trace_auto_value_visible_exact,ai_candidate_only_existing_human_value_under_review,human_confirm_source_table_before_any_use,p1_review_value_not_found_in_any_text,S198,FC-SI,FC,SI,-0.046,520.0,latest_human_R4_CORRELATIONS,,,FC;facilitating;facilitating conditions;resources;support,SI;social influence,correlations;fornell;larcker;table,S198,true,S198_source_packet_20260609.txt,false,true,true,S198,ok,true,true,/Users/newhosung/Library/CloudStorage/OneDrive-SharedLibraries-ThePennsylvaniaStateUniversity/AI Adoption Meta Analysis - Documents/Meta/AI Adoption/PDFs/S198.pdf,candidate_only_not_analytic_input_until_human_confirmed
ai_trace_auto_value_visible_exact,ai_candidate_only_existing_human_value_under_review,human_confirm_source_table_before_any_use,p1_review_value_not_found_in_any_text,S198,FC-UB,FC,UB,-0.16,520.0,latest_human_R4_CORRELATIONS,,,FC;facilitating;facilitating conditions;resources;support,UB;actual use;use,correlations;fornell;larcker;table,S198,true,S198_source_packet_20260609.txt,true,true,true,S198,ok,true,true,/Users/newhosung/Library/CloudStorage/OneDrive-SharedLibraries-ThePennsylvaniaStateUniversity/AI Adoption Meta Analysis - Documents/Meta/AI Adoption/PDFs/S198.pdf,candidate_only_not_analytic_input_until_human_confirmed
ai_trace_auto_value_visible_exact,ai_candidate_only_existing_human_value_under_review,human_confirm_source_table_before_any_use,p1_review_value_not_found_in_any_text,S198,PE-SI,PE,SI,-0.293,520.0,latest_human_R4_CORRELATIONS,,,PE;perceived usefulness;performance expectancy;useful;usefulness,SI;social influence,correlations;fornell;larcker;table,S198,true,S198_source_packet_20260609.txt,true,true,true,S198,ok,true,true,/Users/newhosung/Library/CloudStorage/OneDrive-SharedLibraries-ThePennsylvaniaStateUniversity/AI Adoption Meta Analysis - Documents/Meta/AI Adoption/PDFs/S198.pdf,candidate_only_not_analytic_input_until_human_confirmed
ai_trace_auto_value_visible_exact,ai_candidate_only_existing_human_value_under_review,human_confirm_source_table_before_any_use,p1_review_value_not_found_in_any_text,S010,BI-FC,BI,FC,0.113,296.0,latest_human_R4_CORRELATIONS,,,BI;behavioral intention;behavioural intention;intention to use,FC;facilitating;facilitating conditions;resources;support,correlations;table,S010,true,S010_source_packet_20260609.txt,true,true,true,S010,ok,true,true,/Users/newhosung/Library/CloudStorage/OneDrive-SharedLibraries-ThePennsylvaniaStateUniversity/AI Adoption Meta Analysis - Documents/Meta/AI Adoption/PDFs/S010.pdf,candidate_only_not_analytic_input_until_human_confirmed
ai_trace_possible_value_visible_broad_match,ai_candidate_only_existing_human_value_under_review,human_check_broad_numeric_match_for_false_positive,p1_review_value_not_found_in_any_text,S010,FC-UB,FC,UB,0.067,296.0,latest_human_R4_CORRELATIONS,,,FC;facilitating;facilitating conditions;resources;support,UB;actual use;usage behavior;use;use behavior;use behaviour,correlations;table,S010,true,S010_source_packet_20260609.txt,false,true,true,S010,ok,false,true,/Users/newhosung/Library/CloudStorage/OneDrive-SharedLibraries-ThePennsylvaniaStateUniversity/AI Adoption Meta Analysis - Documents/Meta/AI Adoption/PDFs/S010.pdf,candidate_only_not_analytic_input_until_human_confirmed
ai_trace_auto_value_visible_exact,ai_candidate_only_existing_human_value_under_review,human_confirm_source_table_before_any_use,p1_review_value_not_found_in_any_text,S170,ATT-PE,ATT,PE,0.43,90.0,latest_human_R4_CORRELATIONS,,,ATT;attitude;attitude toward;attitudes,PE;PU;perceived usefulness;useful;usefulness,correlation;correlations;fornell;larcker;latent;pearson;table,S170,true,S170_source_packet_20260609.txt,false,true,true,S170,ok,true,true,/Users/newhosung/Library/CloudStorage/OneDrive-SharedLibraries-ThePennsylvaniaStateUniversity/AI Adoption Meta Analysis - Documents/Meta/AI Adoption/PDFs/S170.pdf,candidate_only_not_analytic_input_until_human_confirmed
ai_trace_auto_value_visible_exact,ai_candidate_only_existing_human_value_under_review,human_confirm_source_table_before_any_use,p1_review_value_not_found_in_any_text,S170,ATT-SI,ATT,SI,0.485,90.0,latest_human_R4_CORRELATIONS,,,ATT;attitude;attitude toward;attitudes,SI;subjective norm,correlation;correlations;fornell;larcker;latent;pearson;table,S170,true,S170_source_packet_20260609.txt,false,true,true,S170,ok,true,true,/Users/newhosung/Library/CloudStorage/OneDrive-SharedLibraries-ThePennsylvaniaStateUniversity/AI Adoption Meta Analysis - Documents/Meta/AI Adoption/PDFs/S170.pdf,candidate_only_not_analytic_input_until_human_confirmed
ai_trace_auto_value_visible_exact,ai_candidate_only_existing_human_value_under_review,human_confirm_source_table_before_any_use,p1_review_value_not_found_in_any_text,S170,BI-PE,BI,PE,-0.101,90.0,latest_human_R4_CORRELATIONS,,,BI;behavioral intention;behavioural intention;intention to use,PE;PU;perceived usefulness;useful;usefulness,correlation;correlations;fornell;larcker;latent;pearson;table,S170,true,S170_source_packet_20260609.txt,true,true,true,S170,ok,true,true,/Users/newhosung/Library/CloudStorage/OneDrive-SharedLibraries-ThePennsylvaniaStateUniversity/AI Adoption Meta Analysis - Documents/Meta/AI Adoption/PDFs/S170.pdf,candidate_only_not_analytic_input_until_human_confirmed
ai_trace_auto_value_visible_exact,ai_candidate_only_existing_human_value_under_review,human_confirm_source_table_before_any_use,p1_review_value_not_found_in_any_text,S130,ANX-EE,ANX,EE,-0.52,500.0,latest_human_R4_CORRELATIONS,,,ANX;anxiety;apprehension;fear,EE;ease of use;easy to use;effort expectancy;perceived ease of use,correlation;correlations;pearson;table,S130,true,S130_source_packet_20260609.txt,true,true,true,S130,ok,true,true,/Users/newhosung/Library/CloudStorage/OneDrive-SharedLibraries-ThePennsylvaniaStateUniversity/AI Adoption Meta Analysis - Documents/Meta/AI Adoption/PDFs/S130.pdf,candidate_only_not_analytic_input_until_human_confirmed
ai_trace_auto_value_visible_exact,ai_candidate_only_existing_human_value_under_review,human_confirm_source_table_before_any_use,p1_review_value_not_found_in_any_text,S130,ANX-FC,ANX,FC,-0.49,500.0,latest_human_R4_CORRELATIONS,,,ANX;anxiety;apprehension;fear,FC;facilitating;facilitating conditions;resources;support,correlation;correlations;pearson;table,S130,true,S130_source_packet_20260609.txt,true,true,true,S130,ok,true,true,/Users/newhosung/Library/CloudStorage/OneDrive-SharedLibraries-ThePennsylvaniaStateUniversity/AI Adoption Meta Analysis - Documents/Meta/AI Adoption/PDFs/S130.pdf,candidate_only_not_analytic_input_until_human_confirmed
ai_trace_auto_value_visible_exact,ai_candidate_only_existing_human_value_under_review,human_confirm_source_table_before_any_use,p1_review_value_not_found_in_any_text,S130,ANX-UB,ANX,UB,-0.5,500.0,latest_human_R4_CORRELATIONS,,,ANX;anxiety;apprehension;fear,UB;actual use;usage behavior;use,correlation;correlations;pearson;table,S130,true,S130_source_packet_20260609.txt,true,true,true,S130,ok,true,true,/Users/newhosung/Library/CloudStorage/OneDrive-SharedLibraries-ThePennsylvaniaStateUniversity/AI Adoption Meta Analysis - Documents/Meta/AI Adoption/PDFs/S130.pdf,candidate_only_not_analytic_input_until_human_confirmed
ai_trace_possible_value_visible_broad_match,ai_candidate_only_existing_human_value_under_review,human_check_broad_numeric_match_for_false_positive,p1_review_value_not_found_in_any_text,S225,BI-EE,BI,EE,-0.057,302.0,latest_human_R4_CORRELATIONS,,,BI;behavioral intention;behavioural intention;continuance intention;intention to use,EE;ease of use;easy to use;effort expectancy;perceived ease of use,correlations;latent;pearson;table,S225,true,S225_source_packet_20260609.txt,false,true,true,S225,ok,false,true,/Users/newhosung/Library/CloudStorage/OneDrive-SharedLibraries-ThePennsylvaniaStateUniversity/AI Adoption Meta Analysis - Documents/Meta/AI Adoption/PDFs/S225.pdf,candidate_only_not_analytic_input_until_human_confirmed
ai_trace_auto_value_visible_exact,ai_candidate_only_existing_human_value_under_review,human_confirm_source_table_before_any_use,p1_review_value_not_found_in_any_text,S225,BI-PE,BI,PE,0.184,302.0,latest_human_R4_CORRELATIONS,,,BI;behavioral intention;behavioural intention;continuance intention;intention to use,PE;perceived usefulness;performance expectancy;useful;usefulness,correlations;latent;pearson;table,S225,true,S225_source_packet_20260609.txt,true,true,true,S225,ok,true,true,/Users/newhosung/Library/CloudStorage/OneDrive-SharedLibraries-ThePennsylvaniaStateUniversity/AI Adoption Meta Analysis - Documents/Meta/AI Adoption/PDFs/S225.pdf,candidate_only_not_analytic_input_until_human_confirmed
ai_trace_possible_value_visible_broad_match,ai_candidate_only_existing_human_value_under_review,human_check_broad_numeric_match_for_false_positive,p1_review_value_not_found_in_any_text,S225,BI-SI,BI,SI,-0.076,302.0,latest_human_R4_CORRELATIONS,,,BI;behavioral intention;behavioural intention;continuance intention;intention to use,SI;social influence;social norm,correlations;latent;pearson;table,S225,true,S225_source_packet_20260609.txt,false,true,true,S225,ok,false,true,/Users/newhosung/Library/CloudStorage/OneDrive-SharedLibraries-ThePennsylvaniaStateUniversity/AI Adoption Meta Analysis - Documents/Meta/AI Adoption/PDFs/S225.pdf,candidate_only_not_analytic_input_until_human_confirmed
ai_trace_auto_value_visible_exact,ai_candidate_only_existing_human_value_under_review,human_confirm_source_table_before_any_use,p1_review_value_not_found_in_any_text,S225,BI-TRU,BI,TRU,0.435,302.0,latest_human_R4_CORRELATIONS,,,BI;behavioral intention;behavioural intention;continuance intention;intention to use,TRU;trust,correlations;latent;pearson;table,S225,true,S225_source_packet_20260609.txt,true,true,true,S225,ok,true,true,/Users/newhosung/Library/CloudStorage/OneDrive-SharedLibraries-ThePennsylvaniaStateUniversity/AI Adoption Meta Analysis - Documents/Meta/AI Adoption/PDFs/S225.pdf,candidate_only_not_analytic_input_until_human_confirmed
ai_trace_auto_value_visible_exact,ai_candidate_only_existing_human_value_under_review,human_confirm_source_table_before_any_use,p1_review_value_not_found_in_any_text,S160,PE-UB,PE,UB,-0.014,351.0,latest_human_R4_CORRELATIONS,,,PE;performance expectancy;useful,UB;actual use;usage behavior;use;use behavior,correlation;correlations;fornell;larcker;latent;matrix;table,S160,true,S160_source_packet_20260609.txt,false,true,true,S160,ok,true,true,/Users/newhosung/Library/CloudStorage/OneDrive-SharedLibraries-ThePennsylvaniaStateUniversity/AI Adoption Meta Analysis - Documents/Meta/AI Adoption/PDFs/S160.pdf,candidate_only_not_analytic_input_until_human_confirmed
ai_trace_auto_value_visible_exact,ai_candidate_only_existing_human_value_under_review,human_confirm_source_table_before_any_use,p1_review_value_not_found_in_any_text,S127,ANX-BI,ANX,BI,-0.302,265.0,latest_human_R4_CORRELATIONS,,,AI anxiety;ANX;anxiety,BI;behavioral intention;continuance intention;intention to use,correlation;fornell;larcker;latent;matrix;pearson;table,S127,true,S127_source_packet_20260609.txt,true,true,true,S127,ok,true,true,/Users/newhosung/Library/CloudStorage/OneDrive-SharedLibraries-ThePennsylvaniaStateUniversity/AI Adoption Meta Analysis - Documents/Meta/AI Adoption/PDFs/S127.pdf,candidate_only_not_analytic_input_until_human_confirmed
ai_trace_auto_value_visible_exact,ai_candidate_only_existing_human_value_under_review,human_confirm_source_table_before_any_use,p1_review_value_not_found_in_any_text,S127,ANX-EE,ANX,EE,-0.351,265.0,latest_human_R4_CORRELATIONS,,,AI anxiety;ANX;anxiety,EE;PEOU;ease of use;perceived ease of use,correlation;fornell;larcker;latent;matrix;pearson;table,S127,true,S127_source_packet_20260609.txt,true,true,true,S127,ok,true,true,/Users/newhosung/Library/CloudStorage/OneDrive-SharedLibraries-ThePennsylvaniaStateUniversity/AI Adoption Meta Analysis - Documents/Meta/AI Adoption/PDFs/S127.pdf,candidate_only_not_analytic_input_until_human_confirmed
ai_trace_auto_value_visible_exact,ai_candidate_only_existing_human_value_under_review,human_confirm_source_table_before_any_use,p1_review_value_not_found_in_any_text,S127,ANX-PE,ANX,PE,-0.273,265.0,latest_human_R4_CORRELATIONS,,,AI anxiety;ANX;anxiety,PE;PU;perceived usefulness;useful;usefulness,correlation;fornell;larcker;latent;matrix;pearson;table,S127,true,S127_source_packet_20260609.txt,true,true,true,S127,ok,true,true,/Users/newhosung/Library/CloudStorage/OneDrive-SharedLibraries-ThePennsylvaniaStateUniversity/AI Adoption Meta Analysis - Documents/Meta/AI Adoption/PDFs/S127.pdf,candidate_only_not_analytic_input_until_human_confirmed
ai_trace_auto_value_visible_exact,ai_candidate_only_existing_human_value_under_review,human_confirm_source_table_before_any_use,p1_review_value_not_found_in_any_text,S127,ANX-SE,ANX,SE,-0.319,265.0,latest_human_R4_CORRELATIONS,,,AI anxiety;ANX;anxiety,AI self-efficacy;SE;computer self-efficacy;efficacy;self-efficacy,correlation;fornell;larcker;latent;matrix;pearson;table,S127,true,S127_source_packet_20260609.txt,true,true,true,S127,ok,true,true,/Users/newhosung/Library/CloudStorage/OneDrive-SharedLibraries-ThePennsylvaniaStateUniversity/AI Adoption Meta Analysis - Documents/Meta/AI Adoption/PDFs/S127.pdf,candidate_only_not_analytic_input_until_human_confirmed
ai_trace_auto_value_visible_exact,ai_candidate_only_existing_human_value_under_review,human_confirm_source_table_before_any_use,p1_review_value_not_found_in_any_text,S127,ANX-SI,ANX,SI,-0.105,265.0,latest_human_R4_CORRELATIONS,,,AI anxiety;ANX;anxiety,SI;social influence,correlation;fornell;larcker;latent;matrix;pearson;table,S127,true,S127_source_packet_20260609.txt,true,true,true,S127,ok,true,true,/Users/newhosung/Library/CloudStorage/OneDrive-SharedLibraries-ThePennsylvaniaStateUniversity/AI Adoption Meta Analysis - Documents/Meta/AI Adoption/PDFs/S127.pdf,candidate_only_not_analytic_input_until_human_confirmed
ai_trace_auto_value_visible_exact,ai_candidate_only_existing_human_value_under_review,human_confirm_source_table_before_any_use,p2_source_or_pdf_presence_gap,S108,EE-PE,EE,PE,0.61,114.0,latest_human_R4_CORRELATIONS,,,ease of use;perceived ease of use,PU;perceived usefulness;useful;usefulness,correlation;table,S108,false,,false,false,true,S108,ok,true,true,/Users/newhosung/Library/CloudStorage/OneDrive-SharedLibraries-ThePennsylvaniaStateUniversity/AI Adoption Meta Analysis - Documents/Meta/AI Adoption/PDFs/S108.pdf,candidate_only_not_analytic_input_until_human_confirmed
ai_trace_possible_value_visible_broad_match,ai_candidate_only_existing_human_value_under_review,human_check_broad_numeric_match_for_false_positive,p1_review_value_not_found_in_any_text,S063,EE-PE,EE,PE,0.62,388.0,latest_human_R4_CORRELATIONS,,,EE;ease of use;effort expectancy;perceived ease of use,PE;perceived usefulness;performance expectancy;usefulness,correlation;correlations;fornell;larcker;latent;pearson;table,S063,true,S063_source_packet_20260609.txt,false,true,true,S063,ok,false,true,/Users/newhosung/Library/CloudStorage/OneDrive-SharedLibraries-ThePennsylvaniaStateUniversity/AI Adoption Meta Analysis - Documents/Meta/AI Adoption/PDFs/S063.pdf,candidate_only_not_analytic_input_until_human_confirmed
ai_trace_auto_value_visible_exact,ai_candidate_only_existing_human_value_under_review,human_confirm_source_table_before_any_use,p1_review_value_not_found_in_any_text,S162,ANX-ATT,ANX,ATT,-0.323,156.0,latest_human_R4_CORRELATIONS,Table 3,Table 3,ANX;anxiety;fear,ATT;attitude;attitude toward;attitudes,correlation;correlations;fornell;larcker;latent;table,S162,true,S162_source_packet_20260609.txt,false,true,true,S162,ok,true,true,/Users/newhosung/Library/CloudStorage/OneDrive-SharedLibraries-ThePennsylvaniaStateUniversity/AI Adoption Meta Analysis - Documents/Meta/AI Adoption/PDFs/S162.pdf,candidate_only_not_analytic_input_until_human_confirmed
ai_trace_possible_value_visible_broad_match,ai_candidate_only_existing_human_value_under_review,human_check_broad_numeric_match_for_false_positive,p1_review_value_not_found_in_any_text,S162,ATT-PE,ATT,PE,-0.591,156.0,latest_human_R4_CORRELATIONS,Table 3,Table 3,ATT;attitude;attitude toward;attitudes,PE;PU;perceived usefulness;useful;usefulness,correlation;correlations;fornell;larcker;latent;table,S162,true,S162_source_packet_20260609.txt,false,true,true,S162,ok,false,true,/Users/newhosung/Library/CloudStorage/OneDrive-SharedLibraries-ThePennsylvaniaStateUniversity/AI Adoption Meta Analysis - Documents/Meta/AI Adoption/PDFs/S162.pdf,candidate_only_not_analytic_input_until_human_confirmed
ai_trace_possible_value_visible_broad_match,ai_candidate_only_existing_human_value_under_review,human_check_broad_numeric_match_for_false_positive,p1_review_value_not_found_in_any_text,S162,PE-UB,PE,UB,-0.079,156.0,latest_human_R4_CORRELATIONS,Table 3,Table 3,PE;PU;perceived usefulness;useful;usefulness,UB;actual use;use,correlation;correlations;fornell;larcker;latent;table,S162,true,S162_source_packet_20260609.txt,false,true,true,S162,ok,false,true,/Users/newhosung/Library/CloudStorage/OneDrive-SharedLibraries-ThePennsylvaniaStateUniversity/AI Adoption Meta Analysis - Documents/Meta/AI Adoption/PDFs/S162.pdf,candidate_only_not_analytic_input_until_human_confirmed
ai_trace_auto_value_visible_exact,ai_candidate_only_existing_human_value_under_review,human_confirm_source_table_before_any_use,p1_review_value_not_found_in_any_text,S080,BI-FC,BI,FC,-0.058,251.0,latest_human_R4_CORRELATIONS,Table III,,BI;behavioral intention;behavioural intention;intention to use,FC;facilitating;facilitating conditions;resources;support,correlation;fornell;larcker;latent;matrix;table,S080,true,S080_source_packet_20260609.txt,false,false,true,S080,ok,true,true,/Users/newhosung/Library/CloudStorage/OneDrive-SharedLibraries-ThePennsylvaniaStateUniversity/AI Adoption Meta Analysis - Documents/Meta/AI Adoption/PDFs/S080.pdf,candidate_only_not_analytic_input_until_human_confirmed
ai_trace_auto_value_visible_exact,ai_candidate_only_existing_human_value_under_review,human_confirm_source_table_before_any_use,p2_source_or_pdf_presence_gap,S224,BI-EE,BI,EE,0.2,301.0,latest_human_R4_CORRELATIONS,,,BI;behavioral intention;behavioural intention;intention to use,EE;ease of use;effort expectancy;perceived ease of use,correlation;latent;matrix;pearson;table,S224,false,,false,false,true,S224,ok,true,true,/Users/newhosung/Library/CloudStorage/OneDrive-SharedLibraries-ThePennsylvaniaStateUniversity/AI Adoption Meta Analysis - Documents/Meta/AI Adoption/PDFs/S224.pdf,candidate_only_not_analytic_input_until_human_confirmed
ai_trace_auto_value_visible_exact,ai_candidate_only_existing_human_value_under_review,human_confirm_source_table_before_any_use,p2_source_or_pdf_presence_gap,S224,BI-FC,BI,FC,0.073,301.0,latest_human_R4_CORRELATIONS,,,BI;behavioral intention;behavioural intention;intention to use,FC;facilitating;facilitating condition;facilitating conditions;resources;support,correlation;latent;matrix;pearson;table,S224,false,,false,false,true,S224,ok,true,true,/Users/newhosung/Library/CloudStorage/OneDrive-SharedLibraries-ThePennsylvaniaStateUniversity/AI Adoption Meta Analysis - Documents/Meta/AI Adoption/PDFs/S224.pdf,candidate_only_not_analytic_input_until_human_confirmed
ai_trace_auto_value_visible_exact,ai_candidate_only_existing_human_value_under_review,human_confirm_source_table_before_any_use,p2_source_or_pdf_presence_gap,S224,BI-PE,BI,PE,0.26,301.0,latest_human_R4_CORRELATIONS,,,BI;behavioral intention;behavioural intention;intention to use,PE;perceived usefulness;performance expectancy;usefulness,correlation;latent;matrix;pearson;table,S224,false,,false,false,true,S224,ok,true,true,/Users/newhosung/Library/CloudStorage/OneDrive-SharedLibraries-ThePennsylvaniaStateUniversity/AI Adoption Meta Analysis - Documents/Meta/AI Adoption/PDFs/S224.pdf,candidate_only_not_analytic_input_until_human_confirmed
ai_trace_auto_value_visible_exact,ai_candidate_only_existing_human_value_under_review,human_confirm_source_table_before_any_use,p2_source_or_pdf_presence_gap,S224,BI-SI,BI,SI,0.27,301.0,latest_human_R4_CORRELATIONS,,,BI;behavioral intention;behavioural intention;intention to use,SI;social influence,correlation;latent;matrix;pearson;table,S224,false,,false,false,true,S224,ok,true,true,/Users/newhosung/Library/CloudStorage/OneDrive-SharedLibraries-ThePennsylvaniaStateUniversity/AI Adoption Meta Analysis - Documents/Meta/AI Adoption/PDFs/S224.pdf,candidate_only_not_analytic_input_until_human_confirmed
ai_trace_auto_value_visible_exact,ai_candidate_only_existing_human_value_under_review,human_confirm_source_table_before_any_use,p2_source_or_pdf_presence_gap,S224,BI-UB,BI,UB,0.043,301.0,latest_human_R4_CORRELATIONS,,,BI;behavioral intention;behavioural intention;intention to use,use;use behaviour,correlation;latent;matrix;pearson;table,S224,false,,false,false,true,S224,ok,true,true,/Users/newhosung/Library/CloudStorage/OneDrive-SharedLibraries-ThePennsylvaniaStateUniversity/AI Adoption Meta Analysis - Documents/Meta/AI Adoption/PDFs/S224.pdf,candidate_only_not_analytic_input_until_human_confirmed
ai_trace_possible_value_visible_broad_match,ai_candidate_only_existing_human_value_under_review,human_check_broad_numeric_match_for_false_positive,p1_review_value_not_found_in_any_text,S148,EE-PE,EE,PE,0.58,603.0,latest_human_R4_CORRELATIONS,,,EE;ease of use;perceived ease of use,PE;PU;perceived usefulness;performance expectancy;useful;usefulness,correlation;correlations;latent;table,S148,true,S148_source_packet_20260609.txt,false,true,true,S148,ok,false,true,/Users/newhosung/Library/CloudStorage/OneDrive-SharedLibraries-ThePennsylvaniaStateUniversity/AI Adoption Meta Analysis - Documents/Meta/AI Adoption/PDFs/S148.pdf,candidate_only_not_analytic_input_until_human_confirmed
ai_trace_possible_value_visible_broad_match,ai_candidate_only_existing_human_value_under_review,human_check_broad_numeric_match_for_false_positive,p1_review_value_not_found_in_any_text,S129,BI-SI,BI,SI,-0.087,300.0,latest_human_R4_CORRELATIONS,,,BI;behavioral intention;behavioural intention;intention to use;usage intention,SI;social influence,correlations;fornell;larcker;latent;pearson;table,S129,true,S129_source_packet_20260609.txt,false,true,true,S129,ok,false,true,/Users/newhosung/Library/CloudStorage/OneDrive-SharedLibraries-ThePennsylvaniaStateUniversity/AI Adoption Meta Analysis - Documents/Meta/AI Adoption/PDFs/S129.pdf,candidate_only_not_analytic_input_until_human_confirmed
ai_trace_auto_value_visible_exact,ai_candidate_only_existing_human_value_under_review,human_confirm_source_table_before_any_use,p1_review_value_not_found_in_any_text,S129,EE-SI,EE,SI,-0.064,300.0,latest_human_R4_CORRELATIONS,,,EE;PEOU;ease of use;easy to use;effort expectancy;perceived ease of use,SI;social influence,correlations;fornell;larcker;latent;pearson;table,S129,true,S129_source_packet_20260609.txt,false,true,true,S129,ok,true,true,/Users/newhosung/Library/CloudStorage/OneDrive-SharedLibraries-ThePennsylvaniaStateUniversity/AI Adoption Meta Analysis - Documents/Meta/AI Adoption/PDFs/S129.pdf,candidate_only_not_analytic_input_until_human_confirmed
ai_trace_auto_value_visible_exact,ai_candidate_only_existing_human_value_under_review,human_confirm_source_table_before_any_use,p1_review_value_not_found_in_any_text,S115,ATT-EE,ATT,EE,0.79,112.0,latest_human_R4_CORRELATIONS,,,ATT;attitude;attitudes,EE;PEOU;ease of use;easy to use;perceived ease of use,correlation;correlations;latent;matrix;table,S115,true,S115_source_packet_20260609.txt,true,true,true,S115,ok,true,true,/Users/newhosung/Library/CloudStorage/OneDrive-SharedLibraries-ThePennsylvaniaStateUniversity/AI Adoption Meta Analysis - Documents/Meta/AI Adoption/PDFs/S115.pdf,candidate_only_not_analytic_input_until_human_confirmed
ai_trace_possible_value_visible_broad_match,ai_candidate_only_existing_human_value_under_review,human_check_broad_numeric_match_for_false_positive,p1_review_value_not_found_in_any_text,S115,ATT-PE,ATT,PE,0.74,112.0,latest_human_R4_CORRELATIONS,,,ATT;attitude;attitudes,PE;PU;perceived usefulness;useful;usefulness,correlation;correlations;latent;matrix;table,S115,true,S115_source_packet_20260609.txt,false,true,true,S115,ok,false,true,/Users/newhosung/Library/CloudStorage/OneDrive-SharedLibraries-ThePennsylvaniaStateUniversity/AI Adoption Meta Analysis - Documents/Meta/AI Adoption/PDFs/S115.pdf,candidate_only_not_analytic_input_until_human_confirmed
ai_trace_auto_value_visible_exact,ai_candidate_only_existing_human_value_under_review,human_confirm_source_table_before_any_use,p1_review_value_not_found_in_any_text,S036,ANX-BI,ANX,BI,-0.336,480.0,latest_human_R4_CORRELATIONS,Table 4,Table 4,AI anxiety;ANX;anxiety;apprehension;fear,BI;behavioral intention;behavioural intention;continuance intention;intention to use,correlations;fornell;larcker;latent;table,S036,true,S036_source_packet_20260609.txt,false,true,true,S036,ok,true,true,/Users/newhosung/Library/CloudStorage/OneDrive-SharedLibraries-ThePennsylvaniaStateUniversity/AI Adoption Meta Analysis - Documents/Meta/AI Adoption/PDFs/S036.pdf,candidate_only_not_analytic_input_until_human_confirmed
ai_trace_auto_value_visible_exact,ai_candidate_only_existing_human_value_under_review,human_confirm_source_table_before_any_use,p1_review_value_not_found_in_any_text,S036,ANX-EE,ANX,EE,-0.321,480.0,latest_human_R4_CORRELATIONS,Table 4,Table 4,AI anxiety;ANX;anxiety;apprehension;fear,EE;PEOU;ease of use;easy to use;perceived ease of use,correlations;fornell;larcker;latent;table,S036,true,S036_source_packet_20260609.txt,false,true,true,S036,ok,true,true,/Users/newhosung/Library/CloudStorage/OneDrive-SharedLibraries-ThePennsylvaniaStateUniversity/AI Adoption Meta Analysis - Documents/Meta/AI Adoption/PDFs/S036.pdf,candidate_only_not_analytic_input_until_human_confirmed
ai_trace_auto_value_visible_exact,ai_candidate_only_existing_human_value_under_review,human_confirm_source_table_before_any_use,p1_review_value_not_found_in_any_text,S036,ANX-PE,ANX,PE,-0.366,480.0,latest_human_R4_CORRELATIONS,Table 4,Table 4,AI anxiety;ANX;anxiety;apprehension;fear,PE;PU;perceived usefulness;useful;usefulness,correlations;fornell;larcker;latent;table,S036,true,S036_source_packet_20260609.txt,true,true,true,S036,ok,true,true,/Users/newhosung/Library/CloudStorage/OneDrive-SharedLibraries-ThePennsylvaniaStateUniversity/AI Adoption Meta Analysis - Documents/Meta/AI Adoption/PDFs/S036.pdf,candidate_only_not_analytic_input_until_human_confirmed
ai_trace_auto_value_visible_exact,ai_candidate_only_existing_human_value_under_review,human_confirm_source_table_before_any_use,p1_review_value_not_found_in_any_text,S036,ANX-SE,ANX,SE,-0.318,480.0,latest_human_R4_CORRELATIONS,Table 4,Table 4,AI anxiety;ANX;anxiety;apprehension;fear,AI self-efficacy;SE;computer self-efficacy;efficacy;self-efficacy,correlations;fornell;larcker;latent;table,S036,true,S036_source_packet_20260609.txt,false,true,true,S036,ok,true,true,/Users/newhosung/Library/CloudStorage/OneDrive-SharedLibraries-ThePennsylvaniaStateUniversity/AI Adoption Meta Analysis - Documents/Meta/AI Adoption/PDFs/S036.pdf,candidate_only_not_analytic_input_until_human_confirmed
ai_trace_auto_value_visible_exact,ai_candidate_only_existing_human_value_under_review,human_confirm_source_table_before_any_use,p1_review_value_not_found_in_any_text,S036,ANX-SI,ANX,SI,-0.374,480.0,latest_human_R4_CORRELATIONS,Table 4,Table 4,AI anxiety;ANX;anxiety;apprehension;fear,SI;social influence,correlations;fornell;larcker;latent;table,S036,true,S036_source_packet_20260609.txt,true,true,true,S036,ok,true,true,/Users/newhosung/Library/CloudStorage/OneDrive-SharedLibraries-ThePennsylvaniaStateUniversity/AI Adoption Meta Analysis - Documents/Meta/AI Adoption/PDFs/S036.pdf,candidate_only_not_analytic_input_until_human_confirmed
ai_trace_auto_value_visible_exact,ai_candidate_only_existing_human_value_under_review,human_confirm_source_table_before_any_use,p1_review_value_not_found_in_any_text,S036,ANX-TRU,ANX,TRU,-0.26,480.0,latest_human_R4_CORRELATIONS,Table 4,Table 4,AI anxiety;ANX;anxiety;apprehension;fear,TRU;trust,correlations;fornell;larcker;latent;table,S036,true,S036_source_packet_20260609.txt,false,true,true,S036,ok,true,true,/Users/newhosung/Library/CloudStorage/OneDrive-SharedLibraries-ThePennsylvaniaStateUniversity/AI Adoption Meta Analysis - Documents/Meta/AI Adoption/PDFs/S036.pdf,candidate_only_not_analytic_input_until_human_confirmed
ai_trace_auto_value_visible_exact,ai_candidate_only_existing_human_value_under_review,human_confirm_source_table_before_any_use,p1_review_value_not_found_in_any_text,S128,BI-FC,BI,FC,-0.216,395.0,latest_human_R4_CORRELATIONS,Table 3,Table 3,BI;behavioral intention;behavioural intention;intention to use,FC;facilitating;facilitating conditions;resources;support,correlation;correlations;fornell;larcker;matrix;table,S128,true,S128_source_packet_20260609.txt,true,true,true,S128,ok,true,true,/Users/newhosung/Library/CloudStorage/OneDrive-SharedLibraries-ThePennsylvaniaStateUniversity/AI Adoption Meta Analysis - Documents/Meta/AI Adoption/PDFs/S128.pdf,candidate_only_not_analytic_input_until_human_confirmed
ai_trace_auto_value_visible_exact,ai_candidate_only_existing_human_value_under_review,human_confirm_source_table_before_any_use,p1_review_value_not_found_in_any_text,S128,EE-FC,EE,FC,-0.121,395.0,latest_human_R4_CORRELATIONS,Table 3,Table 3,EE;ease of use;effort expectancy;perceived ease of use,FC;facilitating;facilitating conditions;resources;support,correlation;correlations;fornell;larcker;matrix;table,S128,true,S128_source_packet_20260609.txt,true,true,true,S128,ok,true,true,/Users/newhosung/Library/CloudStorage/OneDrive-SharedLibraries-ThePennsylvaniaStateUniversity/AI Adoption Meta Analysis - Documents/Meta/AI Adoption/PDFs/S128.pdf,candidate_only_not_analytic_input_until_human_confirmed
ai_trace_possible_value_visible_broad_match,ai_candidate_only_existing_human_value_under_review,human_check_broad_numeric_match_for_false_positive,p1_review_value_not_found_in_any_text,S128,FC-PE,FC,PE,-0.065,395.0,latest_human_R4_CORRELATIONS,Table 3,Table 3,FC;facilitating;facilitating conditions;resources;support,PE;perceived usefulness;performance expectancy;useful;usefulness,correlation;correlations;fornell;larcker;matrix;table,S128,true,S128_source_packet_20260609.txt,false,true,true,S128,ok,false,true,/Users/newhosung/Library/CloudStorage/OneDrive-SharedLibraries-ThePennsylvaniaStateUniversity/AI Adoption Meta Analysis - Documents/Meta/AI Adoption/PDFs/S128.pdf,candidate_only_not_analytic_input_until_human_confirmed
ai_trace_possible_value_visible_broad_match,ai_candidate_only_existing_human_value_under_review,human_check_broad_numeric_match_for_false_positive,p1_review_value_not_found_in_any_text,S128,FC-SI,FC,SI,-0.063,395.0,latest_human_R4_CORRELATIONS,Table 3,Table 3,FC;facilitating;facilitating conditions;resources;support,SI;social influence,correlation;correlations;fornell;larcker;matrix;table,S128,true,S128_source_packet_20260609.txt,false,true,true,S128,ok,false,true,/Users/newhosung/Library/CloudStorage/OneDrive-SharedLibraries-ThePennsylvaniaStateUniversity/AI Adoption Meta Analysis - Documents/Meta/AI Adoption/PDFs/S128.pdf,candidate_only_not_analytic_input_until_human_confirmed
ai_trace_auto_value_visible_exact,ai_candidate_only_existing_human_value_under_review,human_confirm_source_table_before_any_use,p1_review_value_not_found_in_any_text,S128,FC-UB,FC,UB,-0.101,395.0,latest_human_R4_CORRELATIONS,Table 3,Table 3,FC;facilitating;facilitating conditions;resources;support,UB;use;use behaviour,correlation;correlations;fornell;larcker;matrix;table,S128,true,S128_source_packet_20260609.txt,true,true,true,S128,ok,true,true,/Users/newhosung/Library/CloudStorage/OneDrive-SharedLibraries-ThePennsylvaniaStateUniversity/AI Adoption Meta Analysis - Documents/Meta/AI Adoption/PDFs/S128.pdf,candidate_only_not_analytic_input_until_human_confirmed
ai_trace_auto_value_visible_exact,ai_candidate_only_existing_human_value_under_review,human_confirm_source_table_before_any_use,p1_review_value_not_found_in_any_text,S128,PE-SI,PE,SI,-0.22,395.0,latest_human_R4_CORRELATIONS,Table 3,Table 3,PE;perceived usefulness;performance expectancy;useful;usefulness,SI;social influence,correlation;correlations;fornell;larcker;matrix;table,S128,true,S128_source_packet_20260609.txt,true,true,true,S128,ok,true,true,/Users/newhosung/Library/CloudStorage/OneDrive-SharedLibraries-ThePennsylvaniaStateUniversity/AI Adoption Meta Analysis - Documents/Meta/AI Adoption/PDFs/S128.pdf,candidate_only_not_analytic_input_until_human_confirmed
ai_trace_auto_value_visible_exact,ai_candidate_only_existing_human_value_under_review,human_confirm_source_table_before_any_use,p1_review_value_not_found_in_any_text,S070,BI-EE,BI,EE,-0.058,245.0,latest_human_R4_CORRELATIONS,,,BI;behavioral intention;behavioural intention;intention to use;usage intention,EE;ease of use;effort expectancy,correlation;correlations;latent;table,S070,true,S070_source_packet_20260609.txt,false,true,true,S070,ok,true,true,/Users/newhosung/Library/CloudStorage/OneDrive-SharedLibraries-ThePennsylvaniaStateUniversity/AI Adoption Meta Analysis - Documents/Meta/AI Adoption/PDFs/S070.pdf,candidate_only_not_analytic_input_until_human_confirmed
ai_trace_auto_value_visible_exact,ai_candidate_only_existing_human_value_under_review,human_confirm_source_table_before_any_use,p1_review_value_not_found_in_any_text,S070,EE-FC,EE,FC,0.576,245.0,latest_human_R4_CORRELATIONS,Figure 4 / results text,,EE;ease of use;effort expectancy,FC;facilitating;facilitating condition;facilitating conditions;resources;support,correlation;correlations;latent;table,S070,true,S070_source_packet_20260609.txt,false,true,true,S070,ok,true,true,/Users/newhosung/Library/CloudStorage/OneDrive-SharedLibraries-ThePennsylvaniaStateUniversity/AI Adoption Meta Analysis - Documents/Meta/AI Adoption/PDFs/S070.pdf,candidate_only_not_analytic_input_until_human_confirmed
ai_trace_auto_value_visible_exact,ai_candidate_only_existing_human_value_under_review,human_confirm_source_table_before_any_use,p1_review_value_not_found_in_any_text,S070,EE-PE,EE,PE,0.502,245.0,latest_human_R4_CORRELATIONS,Figure 4 / results text,,EE;ease of use;effort expectancy,PE;performance expectancy;useful;usefulness,correlation;correlations;latent;table,S070,true,S070_source_packet_20260609.txt,false,true,true,S070,ok,true,true,/Users/newhosung/Library/CloudStorage/OneDrive-SharedLibraries-ThePennsylvaniaStateUniversity/AI Adoption Meta Analysis - Documents/Meta/AI Adoption/PDFs/S070.pdf,candidate_only_not_analytic_input_until_human_confirmed
ai_trace_auto_value_visible_exact,ai_candidate_only_existing_human_value_under_review,human_confirm_source_table_before_any_use,p1_review_value_not_found_in_any_text,S070,FC-PE,FC,PE,0.346,245.0,latest_human_R4_CORRELATIONS,Figure 4 / results text,,FC;facilitating;facilitating condition;facilitating conditions;resources;support,PE;performance expectancy;useful;usefulness,correlation;correlations;latent;table,S070,true,S070_source_packet_20260609.txt,true,true,true,S070,ok,true,true,/Users/newhosung/Library/CloudStorage/OneDrive-SharedLibraries-ThePennsylvaniaStateUniversity/AI Adoption Meta Analysis - Documents/Meta/AI Adoption/PDFs/S070.pdf,candidate_only_not_analytic_input_until_human_confirmed
ai_trace_auto_value_visible_exact,ai_candidate_only_existing_human_value_under_review,human_confirm_source_table_before_any_use,p1_review_value_not_found_in_any_text,S070,FC-SI,FC,SI,0.611,245.0,latest_human_R4_CORRELATIONS,Figure 4 / results text,,FC;facilitating;facilitating condition;facilitating conditions;resources;support,SI;social influence,correlation;correlations;latent;table,S070,true,S070_source_packet_20260609.txt,false,true,true,S070,ok,true,true,/Users/newhosung/Library/CloudStorage/OneDrive-SharedLibraries-ThePennsylvaniaStateUniversity/AI Adoption Meta Analysis - Documents/Meta/AI Adoption/PDFs/S070.pdf,candidate_only_not_analytic_input_until_human_confirmed
ai_trace_auto_value_visible_exact,ai_candidate_only_existing_human_value_under_review,human_confirm_source_table_before_any_use,p1_review_value_not_found_in_any_text,S070,PE-SI,PE,SI,0.471,245.0,latest_human_R4_CORRELATIONS,Figure 4 / results text,,PE;performance expectancy;useful;usefulness,SI;social influence,correlation;correlations;latent;table,S070,true,S070_source_packet_20260609.txt,false,true,true,S070,ok,true,true,/Users/newhosung/Library/CloudStorage/OneDrive-SharedLibraries-ThePennsylvaniaStateUniversity/AI Adoption Meta Analysis - Documents/Meta/AI Adoption/PDFs/S070.pdf,candidate_only_not_analytic_input_until_human_confirmed
ai_trace_auto_value_visible_exact,ai_candidate_only_existing_human_value_under_review,human_confirm_source_table_before_any_use,p1_review_value_not_found_in_any_text,S200,BI-FC,BI,FC,-0.122,431.0,latest_human_R4_CORRELATIONS,,,BI;behavioral intention;intention to use,FC;facilitating;facilitating condition;facilitating conditions;resources;support,correlation;correlations;fornell;larcker;latent;pearson;table,S200,true,S200_source_packet_20260609.txt,true,true,true,S200,ok,true,true,/Users/newhosung/Library/CloudStorage/OneDrive-SharedLibraries-ThePennsylvaniaStateUniversity/AI Adoption Meta Analysis - Documents/Meta/AI Adoption/PDFs/S200.pdf,candidate_only_not_analytic_input_until_human_confirmed
ai_trace_auto_value_visible_exact,ai_candidate_only_existing_human_value_under_review,human_confirm_source_table_before_any_use,p1_review_value_not_found_in_any_text,S179b,BI-EE,BI,EE,0.013,385.0,latest_human_R4_CORRELATIONS,,,BI;behavioral intention;behavioural intention;intention to use;usage intention,EE;ease of use;easy to use;effort expectancy,correlations;latent;table,S179,true,S179_source_packet_20260609.txt,true,true,true,S179,ok,true,true,/Users/newhosung/Library/CloudStorage/OneDrive-SharedLibraries-ThePennsylvaniaStateUniversity/AI Adoption Meta Analysis - Documents/Meta/AI Adoption/PDFs/S179.pdf,candidate_only_not_analytic_input_until_human_confirmed
ai_trace_auto_value_visible_exact,ai_candidate_only_existing_human_value_under_review,human_confirm_source_table_before_any_use,p1_review_value_not_found_in_any_text,S179b,BI-PE,BI,PE,0.285,385.0,latest_human_R4_CORRELATIONS,,,BI;behavioral intention;behavioural intention;intention to use;usage intention,PE;performance expectancy;useful;usefulness,correlations;latent;table,S179,true,S179_source_packet_20260609.txt,true,true,true,S179,ok,true,true,/Users/newhosung/Library/CloudStorage/OneDrive-SharedLibraries-ThePennsylvaniaStateUniversity/AI Adoption Meta Analysis - Documents/Meta/AI Adoption/PDFs/S179.pdf,candidate_only_not_analytic_input_until_human_confirmed
ai_trace_auto_value_visible_exact,ai_candidate_only_existing_human_value_under_review,human_confirm_source_table_before_any_use,p1_review_value_not_found_in_any_text,S179b,BI-SI,BI,SI,0.398,385.0,latest_human_R4_CORRELATIONS,,,BI;behavioral intention;behavioural intention;intention to use;usage intention,SI;social influence,correlations;latent;table,S179,true,S179_source_packet_20260609.txt,true,true,true,S179,ok,true,true,/Users/newhosung/Library/CloudStorage/OneDrive-SharedLibraries-ThePennsylvaniaStateUniversity/AI Adoption Meta Analysis - Documents/Meta/AI Adoption/PDFs/S179.pdf,candidate_only_not_analytic_input_until_human_confirmed
ai_trace_auto_value_visible_exact,ai_candidate_only_existing_human_value_under_review,human_confirm_source_table_before_any_use,p1_review_value_not_found_in_any_text,S179b,BI-UB,BI,UB,0.338,385.0,latest_human_R4_CORRELATIONS,,,BI;behavioral intention;behavioural intention;intention to use;usage intention,UB;actual use;use;use behavior;use behaviour,correlations;latent;table,S179,true,S179_source_packet_20260609.txt,true,true,true,S179,ok,true,true,/Users/newhosung/Library/CloudStorage/OneDrive-SharedLibraries-ThePennsylvaniaStateUniversity/AI Adoption Meta Analysis - Documents/Meta/AI Adoption/PDFs/S179.pdf,candidate_only_not_analytic_input_until_human_confirmed
ai_trace_auto_value_visible_exact,ai_candidate_only_existing_human_value_under_review,human_confirm_source_table_before_any_use,p1_review_value_not_found_in_any_text,S179b,FC-UB,FC,UB,0.206,385.0,latest_human_R4_CORRELATIONS,,,FC;facilitating;facilitating conditions;resources;support,UB;actual use;use;use behavior;use behaviour,correlations;latent;table,S179,true,S179_source_packet_20260609.txt,true,true,true,S179,ok,true,true,/Users/newhosung/Library/CloudStorage/OneDrive-SharedLibraries-ThePennsylvaniaStateUniversity/AI Adoption Meta Analysis - Documents/Meta/AI Adoption/PDFs/S179.pdf,candidate_only_not_analytic_input_until_human_confirmed
