ai_trace_status,candidate_status,study_id,missing_pair,construct_1,construct_2,candidate_value,present_full10_pairs,missing_full10_pairs,supported_constructs_in_human_reference,construct_1_human_supported,construct_2_human_supported,exact_pair_in_human_or_frozen_reference,exact_pair_sources,frozen_study_status_summary,triage_class,recommended_action,triage_reason,construct_1_terms_found,construct_2_terms_found,table_terms_found,pdf_path_local_only,paper_b_boundary
possible_densification_source_review_candidate,ai_candidate_only_missing_pair_no_value_added,S004,PE-SE,PE,SE,,21,24,BI;EE;FC;PE;SE;SI;TRU;UB,yes,yes,yes,frozen:included_frozen_reference_residual_batch4_phase2_pairD_source_checked,notes=Application QA draft only; Step 5 remains inactive until final full-corpus freeze authorization is recorded. Frozen on 2026-06-09 under explicit caveat-preservation authorization.,already_in_human_or_frozen_reference,do_not_add_duplicate,Exact unordered pair is already present in latest/frozen human-supported rows.,PE;perceived usefulness;performance expectancy;useful;usefulness,SE;computer self-efficacy;efficacy;self-efficacy,correlation;correlations;fornell;larcker;latent;matrix;table,/Users/newhosung/Library/CloudStorage/OneDrive-SharedLibraries-ThePennsylvaniaStateUniversity/AI Adoption Meta Analysis - Documents/Meta/AI Adoption/PDFs/S004.pdf,candidate_only_not_analytic_input_until_human_confirmed
possible_densification_source_review_candidate,ai_candidate_only_missing_pair_no_value_added,S004,ANX-ATT,ANX,ATT,,21,24,BI;EE;FC;PE;SE;SI;TRU;UB,no,no,no,,notes=Application QA draft only; Step 5 remains inactive until final full-corpus freeze authorization is recorded. Frozen on 2026-06-09 under explicit caveat-preservation authorization.,likely_false_positive_no_construct_human_supported,do_not_add_unless_reopened_by_source_evidence,Neither construct is human/frozen-supported for this study; likely AI term-hit overreach or source mismatch.,anxiety,attitude;attitudes,correlation;correlations;fornell;larcker;latent;matrix;table,/Users/newhosung/Library/CloudStorage/OneDrive-SharedLibraries-ThePennsylvaniaStateUniversity/AI Adoption Meta Analysis - Documents/Meta/AI Adoption/PDFs/S004.pdf,candidate_only_not_analytic_input_until_human_confirmed
possible_densification_source_review_candidate,ai_candidate_only_missing_pair_no_value_added,S016,TRU-UB,TRU,UB,,21,24,ANX;ATT;BI;EE;FC;PE;SE,no,no,no,,notes=study_terminal_status=included_coder_agreed_correlation_rows_status_draft; final_freeze_handling=Carry coder-agreed correlation rows from combined coder values into final full-corpus freeze application/QA; keep Step 5 inactive.; notes=Metadata/status differences only; 21 of 21 unique agreed rows have at least one coded source-location entry. No new source-value adjudication record was created.; audit_status=completed. Application QA draft only; Step 5 remains inactive until final full-corpus freeze authorization is recorded. Frozen on 2026-06-09 under explicit caveat-preservation authorization.,likely_false_positive_no_construct_human_supported,do_not_add_unless_reopened_by_source_evidence,Neither construct is human/frozen-supported for this study; likely AI term-hit overreach or source mismatch.,trust,use,correlation;fornell;larcker;latent;pearson;table,/Users/newhosung/Library/CloudStorage/OneDrive-SharedLibraries-ThePennsylvaniaStateUniversity/AI Adoption Meta Analysis - Documents/Meta/AI Adoption/PDFs/S016.pdf,candidate_only_not_analytic_input_until_human_confirmed
possible_densification_source_review_candidate,ai_candidate_only_missing_pair_no_value_added,S025,ATT-TRU,ATT,TRU,,21,24,BI;EE;FC;PE;SE;SI;UB,no,no,no,,notes=Application QA draft only; Step 5 remains inactive until final full-corpus freeze authorization is recorded. Frozen on 2026-06-09 under explicit caveat-preservation authorization.,likely_false_positive_no_construct_human_supported,do_not_add_unless_reopened_by_source_evidence,Neither construct is human/frozen-supported for this study; likely AI term-hit overreach or source mismatch.,attitude;attitudes,trust,correlation;correlations;fornell;inter-construct;larcker;latent;table,/Users/newhosung/Library/CloudStorage/OneDrive-SharedLibraries-ThePennsylvaniaStateUniversity/AI Adoption Meta Analysis - Documents/Meta/AI Adoption/PDFs/S025.pdf,candidate_only_not_analytic_input_until_human_confirmed
possible_densification_source_review_candidate,ai_candidate_only_missing_pair_no_value_added,S030,ANX-SE,ANX,SE,,21,24,ATT;BI;EE;FC;PE;SI;TRU,no,no,no,,notes=Application QA draft only; Step 5 remains inactive until final full-corpus freeze authorization is recorded. Frozen on 2026-06-09 under explicit caveat-preservation authorization.,likely_false_positive_no_construct_human_supported,do_not_add_unless_reopened_by_source_evidence,Neither construct is human/frozen-supported for this study; likely AI term-hit overreach or source mismatch.,anxiety,AI self-efficacy;SE;efficacy;self-efficacy,correlation;correlations;fornell;larcker;latent;matrix;table,/Users/newhosung/Library/CloudStorage/OneDrive-SharedLibraries-ThePennsylvaniaStateUniversity/AI Adoption Meta Analysis - Documents/Meta/AI Adoption/PDFs/S030.pdf,candidate_only_not_analytic_input_until_human_confirmed
possible_densification_source_review_candidate,ai_candidate_only_missing_pair_no_value_added,S030,ANX-UB,ANX,UB,,21,24,ATT;BI;EE;FC;PE;SI;TRU,no,no,no,,notes=Application QA draft only; Step 5 remains inactive until final full-corpus freeze authorization is recorded. Frozen on 2026-06-09 under explicit caveat-preservation authorization.,likely_false_positive_no_construct_human_supported,do_not_add_unless_reopened_by_source_evidence,Neither construct is human/frozen-supported for this study; likely AI term-hit overreach or source mismatch.,anxiety,usage behavior;use,correlation;correlations;fornell;larcker;latent;matrix;table,/Users/newhosung/Library/CloudStorage/OneDrive-SharedLibraries-ThePennsylvaniaStateUniversity/AI Adoption Meta Analysis - Documents/Meta/AI Adoption/PDFs/S030.pdf,candidate_only_not_analytic_input_until_human_confirmed
possible_densification_source_review_candidate,ai_candidate_only_missing_pair_no_value_added,S030,SE-UB,SE,UB,,21,24,ATT;BI;EE;FC;PE;SI;TRU,no,no,no,,notes=Application QA draft only; Step 5 remains inactive until final full-corpus freeze authorization is recorded. Frozen on 2026-06-09 under explicit caveat-preservation authorization.,likely_false_positive_no_construct_human_supported,do_not_add_unless_reopened_by_source_evidence,Neither construct is human/frozen-supported for this study; likely AI term-hit overreach or source mismatch.,AI self-efficacy;SE;efficacy;self-efficacy,usage behavior;use,correlation;correlations;fornell;larcker;latent;matrix;table,/Users/newhosung/Library/CloudStorage/OneDrive-SharedLibraries-ThePennsylvaniaStateUniversity/AI Adoption Meta Analysis - Documents/Meta/AI Adoption/PDFs/S030.pdf,candidate_only_not_analytic_input_until_human_confirmed
possible_densification_source_review_candidate,ai_candidate_only_missing_pair_no_value_added,S036,ATT-FC,ATT,FC,,21,24,ANX;BI;EE;PE;SE;SI;TRU,no,no,no,,notes=study_terminal_status=included_coder_agreed_correlation_rows_status_draft; final_freeze_handling=Carry coder-agreed correlation rows from combined coder values into final full-corpus freeze application/QA; keep Step 5 inactive.; notes=Metadata/status differences only; 21 of 21 unique agreed rows have at least one coded source-location entry. No new source-value adjudication record was created.; audit_status=completed. Application QA draft only; Step 5 remains inactive until final full-corpus freeze authorization is recorded. Frozen on 2026-06-09 under explicit caveat-preservation authorization.,likely_false_positive_no_construct_human_supported,do_not_add_unless_reopened_by_source_evidence,Neither construct is human/frozen-supported for this study; likely AI term-hit overreach or source mismatch.,attitude;attitude toward;attitudes,FC;resources;support,correlations;fornell;larcker;latent;table,/Users/newhosung/Library/CloudStorage/OneDrive-SharedLibraries-ThePennsylvaniaStateUniversity/AI Adoption Meta Analysis - Documents/Meta/AI Adoption/PDFs/S036.pdf,candidate_only_not_analytic_input_until_human_confirmed
possible_densification_source_review_candidate,ai_candidate_only_missing_pair_no_value_added,S036,ATT-UB,ATT,UB,,21,24,ANX;BI;EE;PE;SE;SI;TRU,no,no,no,,notes=study_terminal_status=included_coder_agreed_correlation_rows_status_draft; final_freeze_handling=Carry coder-agreed correlation rows from combined coder values into final full-corpus freeze application/QA; keep Step 5 inactive.; notes=Metadata/status differences only; 21 of 21 unique agreed rows have at least one coded source-location entry. No new source-value adjudication record was created.; audit_status=completed. Application QA draft only; Step 5 remains inactive until final full-corpus freeze authorization is recorded. Frozen on 2026-06-09 under explicit caveat-preservation authorization.,likely_false_positive_no_construct_human_supported,do_not_add_unless_reopened_by_source_evidence,Neither construct is human/frozen-supported for this study; likely AI term-hit overreach or source mismatch.,attitude;attitude toward;attitudes,actual use;usage behavior;use,correlations;fornell;larcker;latent;table,/Users/newhosung/Library/CloudStorage/OneDrive-SharedLibraries-ThePennsylvaniaStateUniversity/AI Adoption Meta Analysis - Documents/Meta/AI Adoption/PDFs/S036.pdf,candidate_only_not_analytic_input_until_human_confirmed
possible_densification_source_review_candidate,ai_candidate_only_missing_pair_no_value_added,S036,FC-UB,FC,UB,,21,24,ANX;BI;EE;PE;SE;SI;TRU,no,no,no,,notes=study_terminal_status=included_coder_agreed_correlation_rows_status_draft; final_freeze_handling=Carry coder-agreed correlation rows from combined coder values into final full-corpus freeze application/QA; keep Step 5 inactive.; notes=Metadata/status differences only; 21 of 21 unique agreed rows have at least one coded source-location entry. No new source-value adjudication record was created.; audit_status=completed. Application QA draft only; Step 5 remains inactive until final full-corpus freeze authorization is recorded. Frozen on 2026-06-09 under explicit caveat-preservation authorization.,likely_false_positive_no_construct_human_supported,do_not_add_unless_reopened_by_source_evidence,Neither construct is human/frozen-supported for this study; likely AI term-hit overreach or source mismatch.,FC;resources;support,actual use;usage behavior;use,correlations;fornell;larcker;latent;table,/Users/newhosung/Library/CloudStorage/OneDrive-SharedLibraries-ThePennsylvaniaStateUniversity/AI Adoption Meta Analysis - Documents/Meta/AI Adoption/PDFs/S036.pdf,candidate_only_not_analytic_input_until_human_confirmed
possible_densification_source_review_candidate,ai_candidate_only_missing_pair_no_value_added,S051,ATT-TRU,ATT,TRU,,21,24,ANX;BI;EE;FC;PE;SI;UB,no,no,no,,"notes=draft_status=included_partial_row_draft; decision_summary=Do not map Perceived Risk to ANX; include R1 direct EE-FC=.59, EE-PE=.48, and FC-PE=.47.; notes=Partial row draft only. Application QA draft only; Step 5 remains inactive until final full-corpus freeze authorization is recorded. Frozen on 2026-06-09 under explicit caveat-preservation authorization.",likely_false_positive_no_construct_human_supported,do_not_add_unless_reopened_by_source_evidence,Neither construct is human/frozen-supported for this study; likely AI term-hit overreach or source mismatch.,attitudes,trust,correlations;latent;table,/Users/newhosung/Library/CloudStorage/OneDrive-SharedLibraries-ThePennsylvaniaStateUniversity/AI Adoption Meta Analysis - Documents/Meta/AI Adoption/PDFs/S051.pdf,candidate_only_not_analytic_input_until_human_confirmed
possible_densification_source_review_candidate,ai_candidate_only_missing_pair_no_value_added,S055,ANX-SE,ANX,SE,,21,24,ATT;BI;EE;FC;PE;SI;UB,no,no,no,,notes=Application QA draft only; Step 5 remains inactive until final full-corpus freeze authorization is recorded. Frozen on 2026-06-09 under explicit caveat-preservation authorization.,likely_false_positive_no_construct_human_supported,do_not_add_unless_reopened_by_source_evidence,Neither construct is human/frozen-supported for this study; likely AI term-hit overreach or source mismatch.,fear,efficacy,correlation;fornell;larcker;latent;pearson;table,/Users/newhosung/Library/CloudStorage/OneDrive-SharedLibraries-ThePennsylvaniaStateUniversity/AI Adoption Meta Analysis - Documents/Meta/AI Adoption/PDFs/S055.pdf,candidate_only_not_analytic_input_until_human_confirmed
possible_densification_source_review_candidate,ai_candidate_only_missing_pair_no_value_added,S055,ANX-TRU,ANX,TRU,,21,24,ATT;BI;EE;FC;PE;SI;UB,no,no,no,,notes=Application QA draft only; Step 5 remains inactive until final full-corpus freeze authorization is recorded. Frozen on 2026-06-09 under explicit caveat-preservation authorization.,likely_false_positive_no_construct_human_supported,do_not_add_unless_reopened_by_source_evidence,Neither construct is human/frozen-supported for this study; likely AI term-hit overreach or source mismatch.,fear,trust,correlation;fornell;larcker;latent;pearson;table,/Users/newhosung/Library/CloudStorage/OneDrive-SharedLibraries-ThePennsylvaniaStateUniversity/AI Adoption Meta Analysis - Documents/Meta/AI Adoption/PDFs/S055.pdf,candidate_only_not_analytic_input_until_human_confirmed
possible_densification_source_review_candidate,ai_candidate_only_missing_pair_no_value_added,S055,SE-TRU,SE,TRU,,21,24,ATT;BI;EE;FC;PE;SI;UB,no,no,no,,notes=Application QA draft only; Step 5 remains inactive until final full-corpus freeze authorization is recorded. Frozen on 2026-06-09 under explicit caveat-preservation authorization.,likely_false_positive_no_construct_human_supported,do_not_add_unless_reopened_by_source_evidence,Neither construct is human/frozen-supported for this study; likely AI term-hit overreach or source mismatch.,efficacy,trust,correlation;fornell;larcker;latent;pearson;table,/Users/newhosung/Library/CloudStorage/OneDrive-SharedLibraries-ThePennsylvaniaStateUniversity/AI Adoption Meta Analysis - Documents/Meta/AI Adoption/PDFs/S055.pdf,candidate_only_not_analytic_input_until_human_confirmed
possible_densification_source_review_candidate,ai_candidate_only_missing_pair_no_value_added,S057,TRU-UB,TRU,UB,,28,17,ANX;ATT;BI;EE;FC;PE;SE;SI,no,no,no,,notes=Application QA draft only; Step 5 remains inactive until final full-corpus freeze authorization is recorded. Frozen on 2026-06-09 under explicit caveat-preservation authorization.,likely_false_positive_no_construct_human_supported,do_not_add_unless_reopened_by_source_evidence,Neither construct is human/frozen-supported for this study; likely AI term-hit overreach or source mismatch.,trust,use,correlation;correlations;latent;table,/Users/newhosung/Library/CloudStorage/OneDrive-SharedLibraries-ThePennsylvaniaStateUniversity/AI Adoption Meta Analysis - Documents/Meta/AI Adoption/PDFs/S057.pdf,candidate_only_not_analytic_input_until_human_confirmed
possible_densification_source_review_candidate,ai_candidate_only_missing_pair_no_value_added,S072,SE-TRU,SE,TRU,,26,19,ANX;ATT;BI;EE;FC;PE;SI;UB,no,no,no,,notes=Application QA draft only; Step 5 remains inactive until final full-corpus freeze authorization is recorded. Frozen on 2026-06-09 under explicit caveat-preservation authorization.,likely_false_positive_no_construct_human_supported,do_not_add_unless_reopened_by_source_evidence,Neither construct is human/frozen-supported for this study; likely AI term-hit overreach or source mismatch.,efficacy,trust;trustworthiness,correlation;correlations;fornell;larcker;latent;table,/Users/newhosung/Library/CloudStorage/OneDrive-SharedLibraries-ThePennsylvaniaStateUniversity/AI Adoption Meta Analysis - Documents/Meta/AI Adoption/PDFs/S072.pdf,candidate_only_not_analytic_input_until_human_confirmed
possible_densification_source_review_candidate,ai_candidate_only_missing_pair_no_value_added,S086,ANX-ATT,ANX,ATT,,21,24,BI;EE;FC;PE;SI;TRU;UB,no,no,no,,notes=Application QA draft only; Step 5 remains inactive until final full-corpus freeze authorization is recorded. Frozen on 2026-06-09 under explicit caveat-preservation authorization.,likely_false_positive_no_construct_human_supported,do_not_add_unless_reopened_by_source_evidence,Neither construct is human/frozen-supported for this study; likely AI term-hit overreach or source mismatch.,anxiety;fear,attitude;attitude toward;attitudes,correlation;correlations;latent;matrix;pearson;table,/Users/newhosung/Library/CloudStorage/OneDrive-SharedLibraries-ThePennsylvaniaStateUniversity/AI Adoption Meta Analysis - Documents/Meta/AI Adoption/PDFs/S086.pdf,candidate_only_not_analytic_input_until_human_confirmed
possible_densification_source_review_candidate,ai_candidate_only_missing_pair_no_value_added,S088,ANX-ATT,ANX,ATT,,21,24,BI;EE;FC;PE;SI;TRU;UB,no,no,no,,notes=study_terminal_status=included_coder_agreed_correlation_rows_status_draft; final_freeze_handling=Carry coder-agreed correlation rows from combined coder values into final full-corpus freeze application/QA; keep Step 5 inactive.; notes=Metadata/status differences only; 21 of 21 unique agreed rows have at least one coded source-location entry. No new source-value adjudication record was created.; audit_status=completed. Application QA draft only; Step 5 remains inactive until final full-corpus freeze authorization is recorded. Frozen on 2026-06-09 under explicit caveat-preservation authorization.,likely_false_positive_no_construct_human_supported,do_not_add_unless_reopened_by_source_evidence,Neither construct is human/frozen-supported for this study; likely AI term-hit overreach or source mismatch.,anxiety;anxious,attitude;attitudes,correlations;fornell;larcker;latent;table,/Users/newhosung/Library/CloudStorage/OneDrive-SharedLibraries-ThePennsylvaniaStateUniversity/AI Adoption Meta Analysis - Documents/Meta/AI Adoption/PDFs/S088.pdf,candidate_only_not_analytic_input_until_human_confirmed
possible_densification_source_review_candidate,ai_candidate_only_missing_pair_no_value_added,S088,ANX-SE,ANX,SE,,21,24,BI;EE;FC;PE;SI;TRU;UB,no,no,no,,notes=study_terminal_status=included_coder_agreed_correlation_rows_status_draft; final_freeze_handling=Carry coder-agreed correlation rows from combined coder values into final full-corpus freeze application/QA; keep Step 5 inactive.; notes=Metadata/status differences only; 21 of 21 unique agreed rows have at least one coded source-location entry. No new source-value adjudication record was created.; audit_status=completed. Application QA draft only; Step 5 remains inactive until final full-corpus freeze authorization is recorded. Frozen on 2026-06-09 under explicit caveat-preservation authorization.,likely_false_positive_no_construct_human_supported,do_not_add_unless_reopened_by_source_evidence,Neither construct is human/frozen-supported for this study; likely AI term-hit overreach or source mismatch.,anxiety;anxious,SE,correlations;fornell;larcker;latent;table,/Users/newhosung/Library/CloudStorage/OneDrive-SharedLibraries-ThePennsylvaniaStateUniversity/AI Adoption Meta Analysis - Documents/Meta/AI Adoption/PDFs/S088.pdf,candidate_only_not_analytic_input_until_human_confirmed
possible_densification_source_review_candidate,ai_candidate_only_missing_pair_no_value_added,S088,ATT-SE,ATT,SE,,21,24,BI;EE;FC;PE;SI;TRU;UB,no,no,no,,notes=study_terminal_status=included_coder_agreed_correlation_rows_status_draft; final_freeze_handling=Carry coder-agreed correlation rows from combined coder values into final full-corpus freeze application/QA; keep Step 5 inactive.; notes=Metadata/status differences only; 21 of 21 unique agreed rows have at least one coded source-location entry. No new source-value adjudication record was created.; audit_status=completed. Application QA draft only; Step 5 remains inactive until final full-corpus freeze authorization is recorded. Frozen on 2026-06-09 under explicit caveat-preservation authorization.,likely_false_positive_no_construct_human_supported,do_not_add_unless_reopened_by_source_evidence,Neither construct is human/frozen-supported for this study; likely AI term-hit overreach or source mismatch.,attitude;attitudes,SE,correlations;fornell;larcker;latent;table,/Users/newhosung/Library/CloudStorage/OneDrive-SharedLibraries-ThePennsylvaniaStateUniversity/AI Adoption Meta Analysis - Documents/Meta/AI Adoption/PDFs/S088.pdf,candidate_only_not_analytic_input_until_human_confirmed
possible_densification_source_review_candidate,ai_candidate_only_missing_pair_no_value_added,S121-1,ANX-ATT,ANX,ATT,,21,24,BI;EE;FC;PE;SI;TRU;UB,no,no,no,,,likely_false_positive_no_construct_human_supported,do_not_add_unless_reopened_by_source_evidence,Neither construct is human/frozen-supported for this study; likely AI term-hit overreach or source mismatch.,anxiety,attitudes,correlation;correlations;table,/Users/newhosung/Library/CloudStorage/OneDrive-SharedLibraries-ThePennsylvaniaStateUniversity/AI Adoption Meta Analysis - Documents/Meta/AI Adoption/PDFs/S121.pdf,candidate_only_not_analytic_input_until_human_confirmed
possible_densification_source_review_candidate,ai_candidate_only_missing_pair_no_value_added,S121-1,ANX-SE,ANX,SE,,21,24,BI;EE;FC;PE;SI;TRU;UB,no,no,no,,,likely_false_positive_no_construct_human_supported,do_not_add_unless_reopened_by_source_evidence,Neither construct is human/frozen-supported for this study; likely AI term-hit overreach or source mismatch.,anxiety,SE;efficacy;self-efficacy,correlation;correlations;table,/Users/newhosung/Library/CloudStorage/OneDrive-SharedLibraries-ThePennsylvaniaStateUniversity/AI Adoption Meta Analysis - Documents/Meta/AI Adoption/PDFs/S121.pdf,candidate_only_not_analytic_input_until_human_confirmed
possible_densification_source_review_candidate,ai_candidate_only_missing_pair_no_value_added,S121-1,ATT-SE,ATT,SE,,21,24,BI;EE;FC;PE;SI;TRU;UB,no,no,no,,,likely_false_positive_no_construct_human_supported,do_not_add_unless_reopened_by_source_evidence,Neither construct is human/frozen-supported for this study; likely AI term-hit overreach or source mismatch.,attitudes,SE;efficacy;self-efficacy,correlation;correlations;table,/Users/newhosung/Library/CloudStorage/OneDrive-SharedLibraries-ThePennsylvaniaStateUniversity/AI Adoption Meta Analysis - Documents/Meta/AI Adoption/PDFs/S121.pdf,candidate_only_not_analytic_input_until_human_confirmed
possible_densification_source_review_candidate,ai_candidate_only_missing_pair_no_value_added,S121-2,ANX-ATT,ANX,ATT,,21,24,BI;EE;FC;PE;SI;TRU;UB,no,no,no,,,likely_false_positive_no_construct_human_supported,do_not_add_unless_reopened_by_source_evidence,Neither construct is human/frozen-supported for this study; likely AI term-hit overreach or source mismatch.,anxiety,attitudes,correlation;correlations;table,/Users/newhosung/Library/CloudStorage/OneDrive-SharedLibraries-ThePennsylvaniaStateUniversity/AI Adoption Meta Analysis - Documents/Meta/AI Adoption/PDFs/S121.pdf,candidate_only_not_analytic_input_until_human_confirmed
possible_densification_source_review_candidate,ai_candidate_only_missing_pair_no_value_added,S121-2,ANX-SE,ANX,SE,,21,24,BI;EE;FC;PE;SI;TRU;UB,no,no,no,,,likely_false_positive_no_construct_human_supported,do_not_add_unless_reopened_by_source_evidence,Neither construct is human/frozen-supported for this study; likely AI term-hit overreach or source mismatch.,anxiety,SE;efficacy;self-efficacy,correlation;correlations;table,/Users/newhosung/Library/CloudStorage/OneDrive-SharedLibraries-ThePennsylvaniaStateUniversity/AI Adoption Meta Analysis - Documents/Meta/AI Adoption/PDFs/S121.pdf,candidate_only_not_analytic_input_until_human_confirmed
possible_densification_source_review_candidate,ai_candidate_only_missing_pair_no_value_added,S121-2,ATT-SE,ATT,SE,,21,24,BI;EE;FC;PE;SI;TRU;UB,no,no,no,,,likely_false_positive_no_construct_human_supported,do_not_add_unless_reopened_by_source_evidence,Neither construct is human/frozen-supported for this study; likely AI term-hit overreach or source mismatch.,attitudes,SE;efficacy;self-efficacy,correlation;correlations;table,/Users/newhosung/Library/CloudStorage/OneDrive-SharedLibraries-ThePennsylvaniaStateUniversity/AI Adoption Meta Analysis - Documents/Meta/AI Adoption/PDFs/S121.pdf,candidate_only_not_analytic_input_until_human_confirmed
possible_densification_source_review_candidate,ai_candidate_only_missing_pair_no_value_added,S138,ANX-FC,ANX,FC,,28,17,ATT;BI;EE;PE;SE;SI;TRU;UB,no,no,no,,notes=study_terminal_status=included_coder_agreed_correlation_rows_status_draft; final_freeze_handling=Carry coder-agreed correlation rows from combined coder values into final full-corpus freeze application/QA; keep Step 5 inactive.; notes=Metadata/status differences only; 28 of 28 unique agreed rows have at least one coded source-location entry. No new source-value adjudication record was created.; audit_status=completed. Application QA draft only; Step 5 remains inactive until final full-corpus freeze authorization is recorded. Frozen on 2026-06-09 under explicit caveat-preservation authorization.,likely_false_positive_no_construct_human_supported,do_not_add_unless_reopened_by_source_evidence,Neither construct is human/frozen-supported for this study; likely AI term-hit overreach or source mismatch.,anxiety;fear,FC;resources;support,correlation;correlations;fornell;larcker;latent;table,/Users/newhosung/Library/CloudStorage/OneDrive-SharedLibraries-ThePennsylvaniaStateUniversity/AI Adoption Meta Analysis - Documents/Meta/AI Adoption/PDFs/S138.pdf,candidate_only_not_analytic_input_until_human_confirmed
possible_densification_source_review_candidate,ai_candidate_only_missing_pair_no_value_added,S157,ATT-TRU,ATT,TRU,,21,24,AUT;BI;EE;FC;PE;SE;SI;UB,no,no,no,,notes=Application QA draft only; Step 5 remains inactive until final full-corpus freeze authorization is recorded. Frozen on 2026-06-09 under explicit caveat-preservation authorization.,likely_false_positive_no_construct_human_supported,do_not_add_unless_reopened_by_source_evidence,Neither construct is human/frozen-supported for this study; likely AI term-hit overreach or source mismatch.,attitude;attitudes,trust,construct correlation;correlation;correlations;inter-construct;matrix;pearson;table,/Users/newhosung/Library/CloudStorage/OneDrive-SharedLibraries-ThePennsylvaniaStateUniversity/AI Adoption Meta Analysis - Documents/Meta/AI Adoption/PDFs/S157.pdf,candidate_only_not_analytic_input_until_human_confirmed
possible_densification_source_review_candidate,ai_candidate_only_missing_pair_no_value_added,S164,ANX-TRU,ANX,TRU,,21,24,ATT;BI;EE;FC;PE;SI;UB,no,no,no,,"notes=draft_status=included_partial_row_draft; decision_summary=Use EE-SI=-0.024, FC-PE=0.716, and PE-UB=0.632.; notes=Partial value decision only. Application QA draft only; Step 5 remains inactive until final full-corpus freeze authorization is recorded. Frozen on 2026-06-09 under explicit caveat-preservation authorization.",likely_false_positive_no_construct_human_supported,do_not_add_unless_reopened_by_source_evidence,Neither construct is human/frozen-supported for this study; likely AI term-hit overreach or source mismatch.,anxiety,trust,correlation;correlations;fornell;larcker;latent;table,/Users/newhosung/Library/CloudStorage/OneDrive-SharedLibraries-ThePennsylvaniaStateUniversity/AI Adoption Meta Analysis - Documents/Meta/AI Adoption/PDFs/S164.pdf,candidate_only_not_analytic_input_until_human_confirmed
possible_densification_source_review_candidate,ai_candidate_only_missing_pair_no_value_added,S173,ANX-ATT,ANX,ATT,,21,24,BI;EE;FC;PE;SI;TRU;UB,no,no,no,,notes=Application QA draft only; Step 5 remains inactive until final full-corpus freeze authorization is recorded. Frozen on 2026-06-09 under explicit caveat-preservation authorization.,likely_false_positive_no_construct_human_supported,do_not_add_unless_reopened_by_source_evidence,Neither construct is human/frozen-supported for this study; likely AI term-hit overreach or source mismatch.,fear,attitude;attitudes,correlation;correlations;fornell;larcker;latent;pearson;table,/Users/newhosung/Library/CloudStorage/OneDrive-SharedLibraries-ThePennsylvaniaStateUniversity/AI Adoption Meta Analysis - Documents/Meta/AI Adoption/PDFs/S173.pdf,candidate_only_not_analytic_input_until_human_confirmed
possible_densification_source_review_candidate,ai_candidate_only_missing_pair_no_value_added,S173,ANX-SE,ANX,SE,,21,24,BI;EE;FC;PE;SI;TRU;UB,no,no,no,,notes=Application QA draft only; Step 5 remains inactive until final full-corpus freeze authorization is recorded. Frozen on 2026-06-09 under explicit caveat-preservation authorization.,likely_false_positive_no_construct_human_supported,do_not_add_unless_reopened_by_source_evidence,Neither construct is human/frozen-supported for this study; likely AI term-hit overreach or source mismatch.,fear,efficacy;self-efficacy,correlation;correlations;fornell;larcker;latent;pearson;table,/Users/newhosung/Library/CloudStorage/OneDrive-SharedLibraries-ThePennsylvaniaStateUniversity/AI Adoption Meta Analysis - Documents/Meta/AI Adoption/PDFs/S173.pdf,candidate_only_not_analytic_input_until_human_confirmed
possible_densification_source_review_candidate,ai_candidate_only_missing_pair_no_value_added,S173,ATT-SE,ATT,SE,,21,24,BI;EE;FC;PE;SI;TRU;UB,no,no,no,,notes=Application QA draft only; Step 5 remains inactive until final full-corpus freeze authorization is recorded. Frozen on 2026-06-09 under explicit caveat-preservation authorization.,likely_false_positive_no_construct_human_supported,do_not_add_unless_reopened_by_source_evidence,Neither construct is human/frozen-supported for this study; likely AI term-hit overreach or source mismatch.,attitude;attitudes,efficacy;self-efficacy,correlation;correlations;fornell;larcker;latent;pearson;table,/Users/newhosung/Library/CloudStorage/OneDrive-SharedLibraries-ThePennsylvaniaStateUniversity/AI Adoption Meta Analysis - Documents/Meta/AI Adoption/PDFs/S173.pdf,candidate_only_not_analytic_input_until_human_confirmed
possible_densification_source_review_candidate,ai_candidate_only_missing_pair_no_value_added,S176,ANX-SE,ANX,SE,,28,17,ATT;BI;EE;FC;PE;SI;TRU;UB,no,no,no,,notes=Application QA draft only; Step 5 remains inactive until final full-corpus freeze authorization is recorded. Frozen on 2026-06-09 under explicit caveat-preservation authorization.,likely_false_positive_no_construct_human_supported,do_not_add_unless_reopened_by_source_evidence,Neither construct is human/frozen-supported for this study; likely AI term-hit overreach or source mismatch.,anxiety,SE;efficacy,correlation;correlations;latent;table,/Users/newhosung/Library/CloudStorage/OneDrive-SharedLibraries-ThePennsylvaniaStateUniversity/AI Adoption Meta Analysis - Documents/Meta/AI Adoption/PDFs/S176.pdf,candidate_only_not_analytic_input_until_human_confirmed
possible_densification_source_review_candidate,ai_candidate_only_missing_pair_no_value_added,S185,SE-TRU,SE,TRU,,21,24,ANX;ATT;BI;EE;FC;PE;SI,no,no,no,,,likely_false_positive_no_construct_human_supported,do_not_add_unless_reopened_by_source_evidence,Neither construct is human/frozen-supported for this study; likely AI term-hit overreach or source mismatch.,efficacy;self-efficacy,trust,correlation;fornell;larcker;table,/Users/newhosung/Library/CloudStorage/OneDrive-SharedLibraries-ThePennsylvaniaStateUniversity/AI Adoption Meta Analysis - Documents/Meta/AI Adoption/PDFs/S185.pdf,candidate_only_not_analytic_input_until_human_confirmed
possible_densification_source_review_candidate,ai_candidate_only_missing_pair_no_value_added,S185,SE-UB,SE,UB,,21,24,ANX;ATT;BI;EE;FC;PE;SI,no,no,no,,,likely_false_positive_no_construct_human_supported,do_not_add_unless_reopened_by_source_evidence,Neither construct is human/frozen-supported for this study; likely AI term-hit overreach or source mismatch.,efficacy;self-efficacy,use,correlation;fornell;larcker;table,/Users/newhosung/Library/CloudStorage/OneDrive-SharedLibraries-ThePennsylvaniaStateUniversity/AI Adoption Meta Analysis - Documents/Meta/AI Adoption/PDFs/S185.pdf,candidate_only_not_analytic_input_until_human_confirmed
possible_densification_source_review_candidate,ai_candidate_only_missing_pair_no_value_added,S185,TRU-UB,TRU,UB,,21,24,ANX;ATT;BI;EE;FC;PE;SI,no,no,no,,,likely_false_positive_no_construct_human_supported,do_not_add_unless_reopened_by_source_evidence,Neither construct is human/frozen-supported for this study; likely AI term-hit overreach or source mismatch.,trust,use,correlation;fornell;larcker;table,/Users/newhosung/Library/CloudStorage/OneDrive-SharedLibraries-ThePennsylvaniaStateUniversity/AI Adoption Meta Analysis - Documents/Meta/AI Adoption/PDFs/S185.pdf,candidate_only_not_analytic_input_until_human_confirmed
possible_densification_source_review_candidate,ai_candidate_only_missing_pair_no_value_added,S190,SE-TRU,SE,TRU,,21,24,ANX;ATT;BI;EE;FC;PE;SI,no,no,no,,notes=Application QA draft only; Step 5 remains inactive until final full-corpus freeze authorization is recorded. Frozen on 2026-06-09 under explicit caveat-preservation authorization.,likely_false_positive_no_construct_human_supported,do_not_add_unless_reopened_by_source_evidence,Neither construct is human/frozen-supported for this study; likely AI term-hit overreach or source mismatch.,efficacy;self-efficacy,trust,correlation;correlations;latent;pearson;table,/Users/newhosung/Library/CloudStorage/OneDrive-SharedLibraries-ThePennsylvaniaStateUniversity/AI Adoption Meta Analysis - Documents/Meta/AI Adoption/PDFs/S190.pdf,candidate_only_not_analytic_input_until_human_confirmed
possible_densification_source_review_candidate,ai_candidate_only_missing_pair_no_value_added,S190,SE-UB,SE,UB,,21,24,ANX;ATT;BI;EE;FC;PE;SI,no,no,no,,notes=Application QA draft only; Step 5 remains inactive until final full-corpus freeze authorization is recorded. Frozen on 2026-06-09 under explicit caveat-preservation authorization.,likely_false_positive_no_construct_human_supported,do_not_add_unless_reopened_by_source_evidence,Neither construct is human/frozen-supported for this study; likely AI term-hit overreach or source mismatch.,efficacy;self-efficacy,actual use;use,correlation;correlations;latent;pearson;table,/Users/newhosung/Library/CloudStorage/OneDrive-SharedLibraries-ThePennsylvaniaStateUniversity/AI Adoption Meta Analysis - Documents/Meta/AI Adoption/PDFs/S190.pdf,candidate_only_not_analytic_input_until_human_confirmed
possible_densification_source_review_candidate,ai_candidate_only_missing_pair_no_value_added,S190,TRU-UB,TRU,UB,,21,24,ANX;ATT;BI;EE;FC;PE;SI,no,no,no,,notes=Application QA draft only; Step 5 remains inactive until final full-corpus freeze authorization is recorded. Frozen on 2026-06-09 under explicit caveat-preservation authorization.,likely_false_positive_no_construct_human_supported,do_not_add_unless_reopened_by_source_evidence,Neither construct is human/frozen-supported for this study; likely AI term-hit overreach or source mismatch.,trust,actual use;use,correlation;correlations;latent;pearson;table,/Users/newhosung/Library/CloudStorage/OneDrive-SharedLibraries-ThePennsylvaniaStateUniversity/AI Adoption Meta Analysis - Documents/Meta/AI Adoption/PDFs/S190.pdf,candidate_only_not_analytic_input_until_human_confirmed
possible_densification_source_review_candidate,ai_candidate_only_missing_pair_no_value_added,S191,ANX-ATT,ANX,ATT,,21,24,BI;EE;FC;PE;SE;SI;UB,no,no,no,,notes=draft_status=included_row_draft_reconciled; decision_summary=Use R2 direct Table 2 values for unresolved R1-R2 correlation differences; values reconciled from the Phase 1 pairwise comparison workbook and confirmed against S191 PDF Table 2.; notes=Raw R2 workbook grid is blank; comparison workbook stores R2 direct values in R2_beta column with direct source labels and USE_R2_DIRECT_VALUE resolutions. Application QA draft only; Step 5 remains inactive until final full-corpus freeze authorization is recorded. Frozen on 2026-06-09 under explicit caveat-preservation authorization.,likely_false_positive_no_construct_human_supported,do_not_add_unless_reopened_by_source_evidence,Neither construct is human/frozen-supported for this study; likely AI term-hit overreach or source mismatch.,anxiety,attitude;attitudes,correlation;correlations;fornell;inter-construct;larcker;latent;table,/Users/newhosung/Library/CloudStorage/OneDrive-SharedLibraries-ThePennsylvaniaStateUniversity/AI Adoption Meta Analysis - Documents/Meta/AI Adoption/PDFs/S191.pdf,candidate_only_not_analytic_input_until_human_confirmed
possible_densification_source_review_candidate,ai_candidate_only_missing_pair_no_value_added,S214,ANX-SE,ANX,SE,,21,24,ATT;BI;EE;FC;PE;SI;UB,no,no,no,,notes=Application QA draft only; Step 5 remains inactive until final full-corpus freeze authorization is recorded. Frozen on 2026-06-09 under explicit caveat-preservation authorization.,likely_false_positive_no_construct_human_supported,do_not_add_unless_reopened_by_source_evidence,Neither construct is human/frozen-supported for this study; likely AI term-hit overreach or source mismatch.,apprehension,efficacy;self-efficacy,correlation;fornell;larcker;latent;table,/Users/newhosung/Library/CloudStorage/OneDrive-SharedLibraries-ThePennsylvaniaStateUniversity/AI Adoption Meta Analysis - Documents/Meta/AI Adoption/PDFs/S214.pdf,candidate_only_not_analytic_input_until_human_confirmed
possible_densification_source_review_candidate,ai_candidate_only_missing_pair_no_value_added,S223,ATT-SE,ATT,SE,,21,24,BI;EE;FC;PE;SI;TRU;UB,no,no,no,,notes=Application QA draft only; Step 5 remains inactive until final full-corpus freeze authorization is recorded. Frozen on 2026-06-09 under explicit caveat-preservation authorization.,likely_false_positive_no_construct_human_supported,do_not_add_unless_reopened_by_source_evidence,Neither construct is human/frozen-supported for this study; likely AI term-hit overreach or source mismatch.,attitude;attitudes,SE,correlation;fornell;larcker;latent;pearson;table,/Users/newhosung/Library/CloudStorage/OneDrive-SharedLibraries-ThePennsylvaniaStateUniversity/AI Adoption Meta Analysis - Documents/Meta/AI Adoption/PDFs/S223.pdf,candidate_only_not_analytic_input_until_human_confirmed
possible_densification_source_review_candidate,ai_candidate_only_missing_pair_no_value_added,S004,ANX-BI,ANX,BI,,21,24,BI;EE;FC;PE;SE;SI;TRU;UB,no,yes,no,,notes=Application QA draft only; Step 5 remains inactive until final full-corpus freeze authorization is recorded. Frozen on 2026-06-09 under explicit caveat-preservation authorization.,likely_false_positive_one_construct_not_human_supported,do_not_add_unless_reopened_by_source_evidence,Only one construct is human/frozen-supported for this study; missing construct=ANX. This usually indicates AI term-hit overreach or unapproved remap.,anxiety,BI;behavioral intention;intention to use,correlation;correlations;fornell;larcker;latent;matrix;table,/Users/newhosung/Library/CloudStorage/OneDrive-SharedLibraries-ThePennsylvaniaStateUniversity/AI Adoption Meta Analysis - Documents/Meta/AI Adoption/PDFs/S004.pdf,candidate_only_not_analytic_input_until_human_confirmed
possible_densification_source_review_candidate,ai_candidate_only_missing_pair_no_value_added,S004,ANX-EE,ANX,EE,,21,24,BI;EE;FC;PE;SE;SI;TRU;UB,no,yes,no,,notes=Application QA draft only; Step 5 remains inactive until final full-corpus freeze authorization is recorded. Frozen on 2026-06-09 under explicit caveat-preservation authorization.,likely_false_positive_one_construct_not_human_supported,do_not_add_unless_reopened_by_source_evidence,Only one construct is human/frozen-supported for this study; missing construct=ANX. This usually indicates AI term-hit overreach or unapproved remap.,anxiety,EE;ease of use;easy to use;effort expectancy;perceived ease of use,correlation;correlations;fornell;larcker;latent;matrix;table,/Users/newhosung/Library/CloudStorage/OneDrive-SharedLibraries-ThePennsylvaniaStateUniversity/AI Adoption Meta Analysis - Documents/Meta/AI Adoption/PDFs/S004.pdf,candidate_only_not_analytic_input_until_human_confirmed
possible_densification_source_review_candidate,ai_candidate_only_missing_pair_no_value_added,S004,ANX-FC,ANX,FC,,21,24,BI;EE;FC;PE;SE;SI;TRU;UB,no,yes,no,,notes=Application QA draft only; Step 5 remains inactive until final full-corpus freeze authorization is recorded. Frozen on 2026-06-09 under explicit caveat-preservation authorization.,likely_false_positive_one_construct_not_human_supported,do_not_add_unless_reopened_by_source_evidence,Only one construct is human/frozen-supported for this study; missing construct=ANX. This usually indicates AI term-hit overreach or unapproved remap.,anxiety,FC;facilitating;facilitating conditions;resources;support,correlation;correlations;fornell;larcker;latent;matrix;table,/Users/newhosung/Library/CloudStorage/OneDrive-SharedLibraries-ThePennsylvaniaStateUniversity/AI Adoption Meta Analysis - Documents/Meta/AI Adoption/PDFs/S004.pdf,candidate_only_not_analytic_input_until_human_confirmed
possible_densification_source_review_candidate,ai_candidate_only_missing_pair_no_value_added,S004,ANX-PE,ANX,PE,,21,24,BI;EE;FC;PE;SE;SI;TRU;UB,no,yes,no,,notes=Application QA draft only; Step 5 remains inactive until final full-corpus freeze authorization is recorded. Frozen on 2026-06-09 under explicit caveat-preservation authorization.,likely_false_positive_one_construct_not_human_supported,do_not_add_unless_reopened_by_source_evidence,Only one construct is human/frozen-supported for this study; missing construct=ANX. This usually indicates AI term-hit overreach or unapproved remap.,anxiety,PE;perceived usefulness;performance expectancy;useful;usefulness,correlation;correlations;fornell;larcker;latent;matrix;table,/Users/newhosung/Library/CloudStorage/OneDrive-SharedLibraries-ThePennsylvaniaStateUniversity/AI Adoption Meta Analysis - Documents/Meta/AI Adoption/PDFs/S004.pdf,candidate_only_not_analytic_input_until_human_confirmed
possible_densification_source_review_candidate,ai_candidate_only_missing_pair_no_value_added,S004,ANX-SE,ANX,SE,,21,24,BI;EE;FC;PE;SE;SI;TRU;UB,no,yes,no,,notes=Application QA draft only; Step 5 remains inactive until final full-corpus freeze authorization is recorded. Frozen on 2026-06-09 under explicit caveat-preservation authorization.,likely_false_positive_one_construct_not_human_supported,do_not_add_unless_reopened_by_source_evidence,Only one construct is human/frozen-supported for this study; missing construct=ANX. This usually indicates AI term-hit overreach or unapproved remap.,anxiety,SE;computer self-efficacy;efficacy;self-efficacy,correlation;correlations;fornell;larcker;latent;matrix;table,/Users/newhosung/Library/CloudStorage/OneDrive-SharedLibraries-ThePennsylvaniaStateUniversity/AI Adoption Meta Analysis - Documents/Meta/AI Adoption/PDFs/S004.pdf,candidate_only_not_analytic_input_until_human_confirmed
possible_densification_source_review_candidate,ai_candidate_only_missing_pair_no_value_added,S004,ANX-SI,ANX,SI,,21,24,BI;EE;FC;PE;SE;SI;TRU;UB,no,yes,no,,notes=Application QA draft only; Step 5 remains inactive until final full-corpus freeze authorization is recorded. Frozen on 2026-06-09 under explicit caveat-preservation authorization.,likely_false_positive_one_construct_not_human_supported,do_not_add_unless_reopened_by_source_evidence,Only one construct is human/frozen-supported for this study; missing construct=ANX. This usually indicates AI term-hit overreach or unapproved remap.,anxiety,SI;social influence,correlation;correlations;fornell;larcker;latent;matrix;table,/Users/newhosung/Library/CloudStorage/OneDrive-SharedLibraries-ThePennsylvaniaStateUniversity/AI Adoption Meta Analysis - Documents/Meta/AI Adoption/PDFs/S004.pdf,candidate_only_not_analytic_input_until_human_confirmed
possible_densification_source_review_candidate,ai_candidate_only_missing_pair_no_value_added,S004,ANX-TRU,ANX,TRU,,21,24,BI;EE;FC;PE;SE;SI;TRU;UB,no,yes,no,,notes=Application QA draft only; Step 5 remains inactive until final full-corpus freeze authorization is recorded. Frozen on 2026-06-09 under explicit caveat-preservation authorization.,likely_false_positive_one_construct_not_human_supported,do_not_add_unless_reopened_by_source_evidence,Only one construct is human/frozen-supported for this study; missing construct=ANX. This usually indicates AI term-hit overreach or unapproved remap.,anxiety,TRU;trust;trustworthiness,correlation;correlations;fornell;larcker;latent;matrix;table,/Users/newhosung/Library/CloudStorage/OneDrive-SharedLibraries-ThePennsylvaniaStateUniversity/AI Adoption Meta Analysis - Documents/Meta/AI Adoption/PDFs/S004.pdf,candidate_only_not_analytic_input_until_human_confirmed
possible_densification_source_review_candidate,ai_candidate_only_missing_pair_no_value_added,S004,ANX-UB,ANX,UB,,21,24,BI;EE;FC;PE;SE;SI;TRU;UB,no,yes,no,,notes=Application QA draft only; Step 5 remains inactive until final full-corpus freeze authorization is recorded. Frozen on 2026-06-09 under explicit caveat-preservation authorization.,likely_false_positive_one_construct_not_human_supported,do_not_add_unless_reopened_by_source_evidence,Only one construct is human/frozen-supported for this study; missing construct=ANX. This usually indicates AI term-hit overreach or unapproved remap.,anxiety,UB;actual use;usage behavior;use;use behavior,correlation;correlations;fornell;larcker;latent;matrix;table,/Users/newhosung/Library/CloudStorage/OneDrive-SharedLibraries-ThePennsylvaniaStateUniversity/AI Adoption Meta Analysis - Documents/Meta/AI Adoption/PDFs/S004.pdf,candidate_only_not_analytic_input_until_human_confirmed
possible_densification_source_review_candidate,ai_candidate_only_missing_pair_no_value_added,S004,ATT-BI,ATT,BI,,21,24,BI;EE;FC;PE;SE;SI;TRU;UB,no,yes,no,,notes=Application QA draft only; Step 5 remains inactive until final full-corpus freeze authorization is recorded. Frozen on 2026-06-09 under explicit caveat-preservation authorization.,likely_false_positive_one_construct_not_human_supported,do_not_add_unless_reopened_by_source_evidence,Only one construct is human/frozen-supported for this study; missing construct=ATT. This usually indicates AI term-hit overreach or unapproved remap.,attitude;attitudes,BI;behavioral intention;intention to use,correlation;correlations;fornell;larcker;latent;matrix;table,/Users/newhosung/Library/CloudStorage/OneDrive-SharedLibraries-ThePennsylvaniaStateUniversity/AI Adoption Meta Analysis - Documents/Meta/AI Adoption/PDFs/S004.pdf,candidate_only_not_analytic_input_until_human_confirmed
possible_densification_source_review_candidate,ai_candidate_only_missing_pair_no_value_added,S004,ATT-EE,ATT,EE,,21,24,BI;EE;FC;PE;SE;SI;TRU;UB,no,yes,no,,notes=Application QA draft only; Step 5 remains inactive until final full-corpus freeze authorization is recorded. Frozen on 2026-06-09 under explicit caveat-preservation authorization.,likely_false_positive_one_construct_not_human_supported,do_not_add_unless_reopened_by_source_evidence,Only one construct is human/frozen-supported for this study; missing construct=ATT. This usually indicates AI term-hit overreach or unapproved remap.,attitude;attitudes,EE;ease of use;easy to use;effort expectancy;perceived ease of use,correlation;correlations;fornell;larcker;latent;matrix;table,/Users/newhosung/Library/CloudStorage/OneDrive-SharedLibraries-ThePennsylvaniaStateUniversity/AI Adoption Meta Analysis - Documents/Meta/AI Adoption/PDFs/S004.pdf,candidate_only_not_analytic_input_until_human_confirmed
possible_densification_source_review_candidate,ai_candidate_only_missing_pair_no_value_added,S004,ATT-FC,ATT,FC,,21,24,BI;EE;FC;PE;SE;SI;TRU;UB,no,yes,no,,notes=Application QA draft only; Step 5 remains inactive until final full-corpus freeze authorization is recorded. Frozen on 2026-06-09 under explicit caveat-preservation authorization.,likely_false_positive_one_construct_not_human_supported,do_not_add_unless_reopened_by_source_evidence,Only one construct is human/frozen-supported for this study; missing construct=ATT. This usually indicates AI term-hit overreach or unapproved remap.,attitude;attitudes,FC;facilitating;facilitating conditions;resources;support,correlation;correlations;fornell;larcker;latent;matrix;table,/Users/newhosung/Library/CloudStorage/OneDrive-SharedLibraries-ThePennsylvaniaStateUniversity/AI Adoption Meta Analysis - Documents/Meta/AI Adoption/PDFs/S004.pdf,candidate_only_not_analytic_input_until_human_confirmed
possible_densification_source_review_candidate,ai_candidate_only_missing_pair_no_value_added,S004,ATT-PE,ATT,PE,,21,24,BI;EE;FC;PE;SE;SI;TRU;UB,no,yes,no,,notes=Application QA draft only; Step 5 remains inactive until final full-corpus freeze authorization is recorded. Frozen on 2026-06-09 under explicit caveat-preservation authorization.,likely_false_positive_one_construct_not_human_supported,do_not_add_unless_reopened_by_source_evidence,Only one construct is human/frozen-supported for this study; missing construct=ATT. This usually indicates AI term-hit overreach or unapproved remap.,attitude;attitudes,PE;perceived usefulness;performance expectancy;useful;usefulness,correlation;correlations;fornell;larcker;latent;matrix;table,/Users/newhosung/Library/CloudStorage/OneDrive-SharedLibraries-ThePennsylvaniaStateUniversity/AI Adoption Meta Analysis - Documents/Meta/AI Adoption/PDFs/S004.pdf,candidate_only_not_analytic_input_until_human_confirmed
possible_densification_source_review_candidate,ai_candidate_only_missing_pair_no_value_added,S004,ATT-SE,ATT,SE,,21,24,BI;EE;FC;PE;SE;SI;TRU;UB,no,yes,no,,notes=Application QA draft only; Step 5 remains inactive until final full-corpus freeze authorization is recorded. Frozen on 2026-06-09 under explicit caveat-preservation authorization.,likely_false_positive_one_construct_not_human_supported,do_not_add_unless_reopened_by_source_evidence,Only one construct is human/frozen-supported for this study; missing construct=ATT. This usually indicates AI term-hit overreach or unapproved remap.,attitude;attitudes,SE;computer self-efficacy;efficacy;self-efficacy,correlation;correlations;fornell;larcker;latent;matrix;table,/Users/newhosung/Library/CloudStorage/OneDrive-SharedLibraries-ThePennsylvaniaStateUniversity/AI Adoption Meta Analysis - Documents/Meta/AI Adoption/PDFs/S004.pdf,candidate_only_not_analytic_input_until_human_confirmed
possible_densification_source_review_candidate,ai_candidate_only_missing_pair_no_value_added,S004,ATT-SI,ATT,SI,,21,24,BI;EE;FC;PE;SE;SI;TRU;UB,no,yes,no,,notes=Application QA draft only; Step 5 remains inactive until final full-corpus freeze authorization is recorded. Frozen on 2026-06-09 under explicit caveat-preservation authorization.,likely_false_positive_one_construct_not_human_supported,do_not_add_unless_reopened_by_source_evidence,Only one construct is human/frozen-supported for this study; missing construct=ATT. This usually indicates AI term-hit overreach or unapproved remap.,attitude;attitudes,SI;social influence,correlation;correlations;fornell;larcker;latent;matrix;table,/Users/newhosung/Library/CloudStorage/OneDrive-SharedLibraries-ThePennsylvaniaStateUniversity/AI Adoption Meta Analysis - Documents/Meta/AI Adoption/PDFs/S004.pdf,candidate_only_not_analytic_input_until_human_confirmed
possible_densification_source_review_candidate,ai_candidate_only_missing_pair_no_value_added,S004,ATT-TRU,ATT,TRU,,21,24,BI;EE;FC;PE;SE;SI;TRU;UB,no,yes,no,,notes=Application QA draft only; Step 5 remains inactive until final full-corpus freeze authorization is recorded. Frozen on 2026-06-09 under explicit caveat-preservation authorization.,likely_false_positive_one_construct_not_human_supported,do_not_add_unless_reopened_by_source_evidence,Only one construct is human/frozen-supported for this study; missing construct=ATT. This usually indicates AI term-hit overreach or unapproved remap.,attitude;attitudes,TRU;trust;trustworthiness,correlation;correlations;fornell;larcker;latent;matrix;table,/Users/newhosung/Library/CloudStorage/OneDrive-SharedLibraries-ThePennsylvaniaStateUniversity/AI Adoption Meta Analysis - Documents/Meta/AI Adoption/PDFs/S004.pdf,candidate_only_not_analytic_input_until_human_confirmed
possible_densification_source_review_candidate,ai_candidate_only_missing_pair_no_value_added,S004,ATT-UB,ATT,UB,,21,24,BI;EE;FC;PE;SE;SI;TRU;UB,no,yes,no,,notes=Application QA draft only; Step 5 remains inactive until final full-corpus freeze authorization is recorded. Frozen on 2026-06-09 under explicit caveat-preservation authorization.,likely_false_positive_one_construct_not_human_supported,do_not_add_unless_reopened_by_source_evidence,Only one construct is human/frozen-supported for this study; missing construct=ATT. This usually indicates AI term-hit overreach or unapproved remap.,attitude;attitudes,UB;actual use;usage behavior;use;use behavior,correlation;correlations;fornell;larcker;latent;matrix;table,/Users/newhosung/Library/CloudStorage/OneDrive-SharedLibraries-ThePennsylvaniaStateUniversity/AI Adoption Meta Analysis - Documents/Meta/AI Adoption/PDFs/S004.pdf,candidate_only_not_analytic_input_until_human_confirmed
possible_densification_source_review_candidate,ai_candidate_only_missing_pair_no_value_added,S016,ANX-TRU,ANX,TRU,,21,24,ANX;ATT;BI;EE;FC;PE;SE,yes,no,no,,notes=study_terminal_status=included_coder_agreed_correlation_rows_status_draft; final_freeze_handling=Carry coder-agreed correlation rows from combined coder values into final full-corpus freeze application/QA; keep Step 5 inactive.; notes=Metadata/status differences only; 21 of 21 unique agreed rows have at least one coded source-location entry. No new source-value adjudication record was created.; audit_status=completed. Application QA draft only; Step 5 remains inactive until final full-corpus freeze authorization is recorded. Frozen on 2026-06-09 under explicit caveat-preservation authorization.,likely_false_positive_one_construct_not_human_supported,do_not_add_unless_reopened_by_source_evidence,Only one construct is human/frozen-supported for this study; missing construct=TRU. This usually indicates AI term-hit overreach or unapproved remap.,AI anxiety;ANX;anxiety;fear,trust,correlation;fornell;larcker;latent;pearson;table,/Users/newhosung/Library/CloudStorage/OneDrive-SharedLibraries-ThePennsylvaniaStateUniversity/AI Adoption Meta Analysis - Documents/Meta/AI Adoption/PDFs/S016.pdf,candidate_only_not_analytic_input_until_human_confirmed
possible_densification_source_review_candidate,ai_candidate_only_missing_pair_no_value_added,S016,ANX-UB,ANX,UB,,21,24,ANX;ATT;BI;EE;FC;PE;SE,yes,no,no,,notes=study_terminal_status=included_coder_agreed_correlation_rows_status_draft; final_freeze_handling=Carry coder-agreed correlation rows from combined coder values into final full-corpus freeze application/QA; keep Step 5 inactive.; notes=Metadata/status differences only; 21 of 21 unique agreed rows have at least one coded source-location entry. No new source-value adjudication record was created.; audit_status=completed. Application QA draft only; Step 5 remains inactive until final full-corpus freeze authorization is recorded. Frozen on 2026-06-09 under explicit caveat-preservation authorization.,likely_false_positive_one_construct_not_human_supported,do_not_add_unless_reopened_by_source_evidence,Only one construct is human/frozen-supported for this study; missing construct=UB. This usually indicates AI term-hit overreach or unapproved remap.,AI anxiety;ANX;anxiety;fear,use,correlation;fornell;larcker;latent;pearson;table,/Users/newhosung/Library/CloudStorage/OneDrive-SharedLibraries-ThePennsylvaniaStateUniversity/AI Adoption Meta Analysis - Documents/Meta/AI Adoption/PDFs/S016.pdf,candidate_only_not_analytic_input_until_human_confirmed
possible_densification_source_review_candidate,ai_candidate_only_missing_pair_no_value_added,S016,ATT-TRU,ATT,TRU,,21,24,ANX;ATT;BI;EE;FC;PE;SE,yes,no,no,,notes=study_terminal_status=included_coder_agreed_correlation_rows_status_draft; final_freeze_handling=Carry coder-agreed correlation rows from combined coder values into final full-corpus freeze application/QA; keep Step 5 inactive.; notes=Metadata/status differences only; 21 of 21 unique agreed rows have at least one coded source-location entry. No new source-value adjudication record was created.; audit_status=completed. Application QA draft only; Step 5 remains inactive until final full-corpus freeze authorization is recorded. Frozen on 2026-06-09 under explicit caveat-preservation authorization.,likely_false_positive_one_construct_not_human_supported,do_not_add_unless_reopened_by_source_evidence,Only one construct is human/frozen-supported for this study; missing construct=TRU. This usually indicates AI term-hit overreach or unapproved remap.,ATT;attitude;attitudes,trust,correlation;fornell;larcker;latent;pearson;table,/Users/newhosung/Library/CloudStorage/OneDrive-SharedLibraries-ThePennsylvaniaStateUniversity/AI Adoption Meta Analysis - Documents/Meta/AI Adoption/PDFs/S016.pdf,candidate_only_not_analytic_input_until_human_confirmed
possible_densification_source_review_candidate,ai_candidate_only_missing_pair_no_value_added,S016,ATT-UB,ATT,UB,,21,24,ANX;ATT;BI;EE;FC;PE;SE,yes,no,no,,notes=study_terminal_status=included_coder_agreed_correlation_rows_status_draft; final_freeze_handling=Carry coder-agreed correlation rows from combined coder values into final full-corpus freeze application/QA; keep Step 5 inactive.; notes=Metadata/status differences only; 21 of 21 unique agreed rows have at least one coded source-location entry. No new source-value adjudication record was created.; audit_status=completed. Application QA draft only; Step 5 remains inactive until final full-corpus freeze authorization is recorded. Frozen on 2026-06-09 under explicit caveat-preservation authorization.,likely_false_positive_one_construct_not_human_supported,do_not_add_unless_reopened_by_source_evidence,Only one construct is human/frozen-supported for this study; missing construct=UB. This usually indicates AI term-hit overreach or unapproved remap.,ATT;attitude;attitudes,use,correlation;fornell;larcker;latent;pearson;table,/Users/newhosung/Library/CloudStorage/OneDrive-SharedLibraries-ThePennsylvaniaStateUniversity/AI Adoption Meta Analysis - Documents/Meta/AI Adoption/PDFs/S016.pdf,candidate_only_not_analytic_input_until_human_confirmed
possible_densification_source_review_candidate,ai_candidate_only_missing_pair_no_value_added,S016,BI-TRU,BI,TRU,,21,24,ANX;ATT;BI;EE;FC;PE;SE,yes,no,no,,notes=study_terminal_status=included_coder_agreed_correlation_rows_status_draft; final_freeze_handling=Carry coder-agreed correlation rows from combined coder values into final full-corpus freeze application/QA; keep Step 5 inactive.; notes=Metadata/status differences only; 21 of 21 unique agreed rows have at least one coded source-location entry. No new source-value adjudication record was created.; audit_status=completed. Application QA draft only; Step 5 remains inactive until final full-corpus freeze authorization is recorded. Frozen on 2026-06-09 under explicit caveat-preservation authorization.,likely_false_positive_one_construct_not_human_supported,do_not_add_unless_reopened_by_source_evidence,Only one construct is human/frozen-supported for this study; missing construct=TRU. This usually indicates AI term-hit overreach or unapproved remap.,BI;behavioral intention;continuance intention;intention to use;usage intention,trust,correlation;fornell;larcker;latent;pearson;table,/Users/newhosung/Library/CloudStorage/OneDrive-SharedLibraries-ThePennsylvaniaStateUniversity/AI Adoption Meta Analysis - Documents/Meta/AI Adoption/PDFs/S016.pdf,candidate_only_not_analytic_input_until_human_confirmed
possible_densification_source_review_candidate,ai_candidate_only_missing_pair_no_value_added,S016,BI-UB,BI,UB,,21,24,ANX;ATT;BI;EE;FC;PE;SE,yes,no,no,,notes=study_terminal_status=included_coder_agreed_correlation_rows_status_draft; final_freeze_handling=Carry coder-agreed correlation rows from combined coder values into final full-corpus freeze application/QA; keep Step 5 inactive.; notes=Metadata/status differences only; 21 of 21 unique agreed rows have at least one coded source-location entry. No new source-value adjudication record was created.; audit_status=completed. Application QA draft only; Step 5 remains inactive until final full-corpus freeze authorization is recorded. Frozen on 2026-06-09 under explicit caveat-preservation authorization.,likely_false_positive_one_construct_not_human_supported,do_not_add_unless_reopened_by_source_evidence,Only one construct is human/frozen-supported for this study; missing construct=UB. This usually indicates AI term-hit overreach or unapproved remap.,BI;behavioral intention;continuance intention;intention to use;usage intention,use,correlation;fornell;larcker;latent;pearson;table,/Users/newhosung/Library/CloudStorage/OneDrive-SharedLibraries-ThePennsylvaniaStateUniversity/AI Adoption Meta Analysis - Documents/Meta/AI Adoption/PDFs/S016.pdf,candidate_only_not_analytic_input_until_human_confirmed
possible_densification_source_review_candidate,ai_candidate_only_missing_pair_no_value_added,S016,EE-TRU,EE,TRU,,21,24,ANX;ATT;BI;EE;FC;PE;SE,yes,no,no,,notes=study_terminal_status=included_coder_agreed_correlation_rows_status_draft; final_freeze_handling=Carry coder-agreed correlation rows from combined coder values into final full-corpus freeze application/QA; keep Step 5 inactive.; notes=Metadata/status differences only; 21 of 21 unique agreed rows have at least one coded source-location entry. No new source-value adjudication record was created.; audit_status=completed. Application QA draft only; Step 5 remains inactive until final full-corpus freeze authorization is recorded. Frozen on 2026-06-09 under explicit caveat-preservation authorization.,likely_false_positive_one_construct_not_human_supported,do_not_add_unless_reopened_by_source_evidence,Only one construct is human/frozen-supported for this study; missing construct=TRU. This usually indicates AI term-hit overreach or unapproved remap.,EE;PEOU;ease of use;effort expectancy;perceived ease of use,trust,correlation;fornell;larcker;latent;pearson;table,/Users/newhosung/Library/CloudStorage/OneDrive-SharedLibraries-ThePennsylvaniaStateUniversity/AI Adoption Meta Analysis - Documents/Meta/AI Adoption/PDFs/S016.pdf,candidate_only_not_analytic_input_until_human_confirmed
possible_densification_source_review_candidate,ai_candidate_only_missing_pair_no_value_added,S016,EE-UB,EE,UB,,21,24,ANX;ATT;BI;EE;FC;PE;SE,yes,no,no,,notes=study_terminal_status=included_coder_agreed_correlation_rows_status_draft; final_freeze_handling=Carry coder-agreed correlation rows from combined coder values into final full-corpus freeze application/QA; keep Step 5 inactive.; notes=Metadata/status differences only; 21 of 21 unique agreed rows have at least one coded source-location entry. No new source-value adjudication record was created.; audit_status=completed. Application QA draft only; Step 5 remains inactive until final full-corpus freeze authorization is recorded. Frozen on 2026-06-09 under explicit caveat-preservation authorization.,likely_false_positive_one_construct_not_human_supported,do_not_add_unless_reopened_by_source_evidence,Only one construct is human/frozen-supported for this study; missing construct=UB. This usually indicates AI term-hit overreach or unapproved remap.,EE;PEOU;ease of use;effort expectancy;perceived ease of use,use,correlation;fornell;larcker;latent;pearson;table,/Users/newhosung/Library/CloudStorage/OneDrive-SharedLibraries-ThePennsylvaniaStateUniversity/AI Adoption Meta Analysis - Documents/Meta/AI Adoption/PDFs/S016.pdf,candidate_only_not_analytic_input_until_human_confirmed
possible_densification_source_review_candidate,ai_candidate_only_missing_pair_no_value_added,S016,FC-TRU,FC,TRU,,21,24,ANX;ATT;BI;EE;FC;PE;SE,yes,no,no,,notes=study_terminal_status=included_coder_agreed_correlation_rows_status_draft; final_freeze_handling=Carry coder-agreed correlation rows from combined coder values into final full-corpus freeze application/QA; keep Step 5 inactive.; notes=Metadata/status differences only; 21 of 21 unique agreed rows have at least one coded source-location entry. No new source-value adjudication record was created.; audit_status=completed. Application QA draft only; Step 5 remains inactive until final full-corpus freeze authorization is recorded. Frozen on 2026-06-09 under explicit caveat-preservation authorization.,likely_false_positive_one_construct_not_human_supported,do_not_add_unless_reopened_by_source_evidence,Only one construct is human/frozen-supported for this study; missing construct=TRU. This usually indicates AI term-hit overreach or unapproved remap.,FC;facilitating;resources;support,trust,correlation;fornell;larcker;latent;pearson;table,/Users/newhosung/Library/CloudStorage/OneDrive-SharedLibraries-ThePennsylvaniaStateUniversity/AI Adoption Meta Analysis - Documents/Meta/AI Adoption/PDFs/S016.pdf,candidate_only_not_analytic_input_until_human_confirmed
possible_densification_source_review_candidate,ai_candidate_only_missing_pair_no_value_added,S016,FC-UB,FC,UB,,21,24,ANX;ATT;BI;EE;FC;PE;SE,yes,no,no,,notes=study_terminal_status=included_coder_agreed_correlation_rows_status_draft; final_freeze_handling=Carry coder-agreed correlation rows from combined coder values into final full-corpus freeze application/QA; keep Step 5 inactive.; notes=Metadata/status differences only; 21 of 21 unique agreed rows have at least one coded source-location entry. No new source-value adjudication record was created.; audit_status=completed. Application QA draft only; Step 5 remains inactive until final full-corpus freeze authorization is recorded. Frozen on 2026-06-09 under explicit caveat-preservation authorization.,likely_false_positive_one_construct_not_human_supported,do_not_add_unless_reopened_by_source_evidence,Only one construct is human/frozen-supported for this study; missing construct=UB. This usually indicates AI term-hit overreach or unapproved remap.,FC;facilitating;resources;support,use,correlation;fornell;larcker;latent;pearson;table,/Users/newhosung/Library/CloudStorage/OneDrive-SharedLibraries-ThePennsylvaniaStateUniversity/AI Adoption Meta Analysis - Documents/Meta/AI Adoption/PDFs/S016.pdf,candidate_only_not_analytic_input_until_human_confirmed
possible_densification_source_review_candidate,ai_candidate_only_missing_pair_no_value_added,S016,PE-TRU,PE,TRU,,21,24,ANX;ATT;BI;EE;FC;PE;SE,yes,no,no,,notes=study_terminal_status=included_coder_agreed_correlation_rows_status_draft; final_freeze_handling=Carry coder-agreed correlation rows from combined coder values into final full-corpus freeze application/QA; keep Step 5 inactive.; notes=Metadata/status differences only; 21 of 21 unique agreed rows have at least one coded source-location entry. No new source-value adjudication record was created.; audit_status=completed. Application QA draft only; Step 5 remains inactive until final full-corpus freeze authorization is recorded. Frozen on 2026-06-09 under explicit caveat-preservation authorization.,likely_false_positive_one_construct_not_human_supported,do_not_add_unless_reopened_by_source_evidence,Only one construct is human/frozen-supported for this study; missing construct=TRU. This usually indicates AI term-hit overreach or unapproved remap.,PE;PU;perceived usefulness;performance expectancy;useful;usefulness,trust,correlation;fornell;larcker;latent;pearson;table,/Users/newhosung/Library/CloudStorage/OneDrive-SharedLibraries-ThePennsylvaniaStateUniversity/AI Adoption Meta Analysis - Documents/Meta/AI Adoption/PDFs/S016.pdf,candidate_only_not_analytic_input_until_human_confirmed
possible_densification_source_review_candidate,ai_candidate_only_missing_pair_no_value_added,S016,PE-UB,PE,UB,,21,24,ANX;ATT;BI;EE;FC;PE;SE,yes,no,no,,notes=study_terminal_status=included_coder_agreed_correlation_rows_status_draft; final_freeze_handling=Carry coder-agreed correlation rows from combined coder values into final full-corpus freeze application/QA; keep Step 5 inactive.; notes=Metadata/status differences only; 21 of 21 unique agreed rows have at least one coded source-location entry. No new source-value adjudication record was created.; audit_status=completed. Application QA draft only; Step 5 remains inactive until final full-corpus freeze authorization is recorded. Frozen on 2026-06-09 under explicit caveat-preservation authorization.,likely_false_positive_one_construct_not_human_supported,do_not_add_unless_reopened_by_source_evidence,Only one construct is human/frozen-supported for this study; missing construct=UB. This usually indicates AI term-hit overreach or unapproved remap.,PE;PU;perceived usefulness;performance expectancy;useful;usefulness,use,correlation;fornell;larcker;latent;pearson;table,/Users/newhosung/Library/CloudStorage/OneDrive-SharedLibraries-ThePennsylvaniaStateUniversity/AI Adoption Meta Analysis - Documents/Meta/AI Adoption/PDFs/S016.pdf,candidate_only_not_analytic_input_until_human_confirmed
possible_densification_source_review_candidate,ai_candidate_only_missing_pair_no_value_added,S016,SE-TRU,SE,TRU,,21,24,ANX;ATT;BI;EE;FC;PE;SE,yes,no,no,,notes=study_terminal_status=included_coder_agreed_correlation_rows_status_draft; final_freeze_handling=Carry coder-agreed correlation rows from combined coder values into final full-corpus freeze application/QA; keep Step 5 inactive.; notes=Metadata/status differences only; 21 of 21 unique agreed rows have at least one coded source-location entry. No new source-value adjudication record was created.; audit_status=completed. Application QA draft only; Step 5 remains inactive until final full-corpus freeze authorization is recorded. Frozen on 2026-06-09 under explicit caveat-preservation authorization.,likely_false_positive_one_construct_not_human_supported,do_not_add_unless_reopened_by_source_evidence,Only one construct is human/frozen-supported for this study; missing construct=TRU. This usually indicates AI term-hit overreach or unapproved remap.,SE;computer self-efficacy;efficacy;self-efficacy,trust,correlation;fornell;larcker;latent;pearson;table,/Users/newhosung/Library/CloudStorage/OneDrive-SharedLibraries-ThePennsylvaniaStateUniversity/AI Adoption Meta Analysis - Documents/Meta/AI Adoption/PDFs/S016.pdf,candidate_only_not_analytic_input_until_human_confirmed
possible_densification_source_review_candidate,ai_candidate_only_missing_pair_no_value_added,S016,SE-UB,SE,UB,,21,24,ANX;ATT;BI;EE;FC;PE;SE,yes,no,no,,notes=study_terminal_status=included_coder_agreed_correlation_rows_status_draft; final_freeze_handling=Carry coder-agreed correlation rows from combined coder values into final full-corpus freeze application/QA; keep Step 5 inactive.; notes=Metadata/status differences only; 21 of 21 unique agreed rows have at least one coded source-location entry. No new source-value adjudication record was created.; audit_status=completed. Application QA draft only; Step 5 remains inactive until final full-corpus freeze authorization is recorded. Frozen on 2026-06-09 under explicit caveat-preservation authorization.,likely_false_positive_one_construct_not_human_supported,do_not_add_unless_reopened_by_source_evidence,Only one construct is human/frozen-supported for this study; missing construct=UB. This usually indicates AI term-hit overreach or unapproved remap.,SE;computer self-efficacy;efficacy;self-efficacy,use,correlation;fornell;larcker;latent;pearson;table,/Users/newhosung/Library/CloudStorage/OneDrive-SharedLibraries-ThePennsylvaniaStateUniversity/AI Adoption Meta Analysis - Documents/Meta/AI Adoption/PDFs/S016.pdf,candidate_only_not_analytic_input_until_human_confirmed
possible_densification_source_review_candidate,ai_candidate_only_missing_pair_no_value_added,S025,ATT-BI,ATT,BI,,21,24,BI;EE;FC;PE;SE;SI;UB,no,yes,no,,notes=Application QA draft only; Step 5 remains inactive until final full-corpus freeze authorization is recorded. Frozen on 2026-06-09 under explicit caveat-preservation authorization.,likely_false_positive_one_construct_not_human_supported,do_not_add_unless_reopened_by_source_evidence,Only one construct is human/frozen-supported for this study; missing construct=ATT. This usually indicates AI term-hit overreach or unapproved remap.,attitude;attitudes,BI;intention to use,correlation;correlations;fornell;inter-construct;larcker;latent;table,/Users/newhosung/Library/CloudStorage/OneDrive-SharedLibraries-ThePennsylvaniaStateUniversity/AI Adoption Meta Analysis - Documents/Meta/AI Adoption/PDFs/S025.pdf,candidate_only_not_analytic_input_until_human_confirmed
possible_densification_source_review_candidate,ai_candidate_only_missing_pair_no_value_added,S025,ATT-EE,ATT,EE,,21,24,BI;EE;FC;PE;SE;SI;UB,no,yes,no,,notes=Application QA draft only; Step 5 remains inactive until final full-corpus freeze authorization is recorded. Frozen on 2026-06-09 under explicit caveat-preservation authorization.,likely_false_positive_one_construct_not_human_supported,do_not_add_unless_reopened_by_source_evidence,Only one construct is human/frozen-supported for this study; missing construct=ATT. This usually indicates AI term-hit overreach or unapproved remap.,attitude;attitudes,EE;ease of use;effort expectancy;perceived ease of use,correlation;correlations;fornell;inter-construct;larcker;latent;table,/Users/newhosung/Library/CloudStorage/OneDrive-SharedLibraries-ThePennsylvaniaStateUniversity/AI Adoption Meta Analysis - Documents/Meta/AI Adoption/PDFs/S025.pdf,candidate_only_not_analytic_input_until_human_confirmed
possible_densification_source_review_candidate,ai_candidate_only_missing_pair_no_value_added,S025,ATT-FC,ATT,FC,,21,24,BI;EE;FC;PE;SE;SI;UB,no,yes,no,,notes=Application QA draft only; Step 5 remains inactive until final full-corpus freeze authorization is recorded. Frozen on 2026-06-09 under explicit caveat-preservation authorization.,likely_false_positive_one_construct_not_human_supported,do_not_add_unless_reopened_by_source_evidence,Only one construct is human/frozen-supported for this study; missing construct=ATT. This usually indicates AI term-hit overreach or unapproved remap.,attitude;attitudes,FC;facilitating;resources;support,correlation;correlations;fornell;inter-construct;larcker;latent;table,/Users/newhosung/Library/CloudStorage/OneDrive-SharedLibraries-ThePennsylvaniaStateUniversity/AI Adoption Meta Analysis - Documents/Meta/AI Adoption/PDFs/S025.pdf,candidate_only_not_analytic_input_until_human_confirmed
possible_densification_source_review_candidate,ai_candidate_only_missing_pair_no_value_added,S025,ATT-PE,ATT,PE,,21,24,BI;EE;FC;PE;SE;SI;UB,no,yes,no,,notes=Application QA draft only; Step 5 remains inactive until final full-corpus freeze authorization is recorded. Frozen on 2026-06-09 under explicit caveat-preservation authorization.,likely_false_positive_one_construct_not_human_supported,do_not_add_unless_reopened_by_source_evidence,Only one construct is human/frozen-supported for this study; missing construct=ATT. This usually indicates AI term-hit overreach or unapproved remap.,attitude;attitudes,PE;perceived usefulness;performance expectancy;usefulness,correlation;correlations;fornell;inter-construct;larcker;latent;table,/Users/newhosung/Library/CloudStorage/OneDrive-SharedLibraries-ThePennsylvaniaStateUniversity/AI Adoption Meta Analysis - Documents/Meta/AI Adoption/PDFs/S025.pdf,candidate_only_not_analytic_input_until_human_confirmed
possible_densification_source_review_candidate,ai_candidate_only_missing_pair_no_value_added,S025,ATT-SE,ATT,SE,,21,24,BI;EE;FC;PE;SE;SI;UB,no,yes,no,,notes=Application QA draft only; Step 5 remains inactive until final full-corpus freeze authorization is recorded. Frozen on 2026-06-09 under explicit caveat-preservation authorization.,likely_false_positive_one_construct_not_human_supported,do_not_add_unless_reopened_by_source_evidence,Only one construct is human/frozen-supported for this study; missing construct=ATT. This usually indicates AI term-hit overreach or unapproved remap.,attitude;attitudes,SE;efficacy;self-efficacy,correlation;correlations;fornell;inter-construct;larcker;latent;table,/Users/newhosung/Library/CloudStorage/OneDrive-SharedLibraries-ThePennsylvaniaStateUniversity/AI Adoption Meta Analysis - Documents/Meta/AI Adoption/PDFs/S025.pdf,candidate_only_not_analytic_input_until_human_confirmed
possible_densification_source_review_candidate,ai_candidate_only_missing_pair_no_value_added,S025,ATT-SI,ATT,SI,,21,24,BI;EE;FC;PE;SE;SI;UB,no,yes,no,,notes=Application QA draft only; Step 5 remains inactive until final full-corpus freeze authorization is recorded. Frozen on 2026-06-09 under explicit caveat-preservation authorization.,likely_false_positive_one_construct_not_human_supported,do_not_add_unless_reopened_by_source_evidence,Only one construct is human/frozen-supported for this study; missing construct=ATT. This usually indicates AI term-hit overreach or unapproved remap.,attitude;attitudes,SI;social influence,correlation;correlations;fornell;inter-construct;larcker;latent;table,/Users/newhosung/Library/CloudStorage/OneDrive-SharedLibraries-ThePennsylvaniaStateUniversity/AI Adoption Meta Analysis - Documents/Meta/AI Adoption/PDFs/S025.pdf,candidate_only_not_analytic_input_until_human_confirmed
possible_densification_source_review_candidate,ai_candidate_only_missing_pair_no_value_added,S025,ATT-UB,ATT,UB,,21,24,BI;EE;FC;PE;SE;SI;UB,no,yes,no,,notes=Application QA draft only; Step 5 remains inactive until final full-corpus freeze authorization is recorded. Frozen on 2026-06-09 under explicit caveat-preservation authorization.,likely_false_positive_one_construct_not_human_supported,do_not_add_unless_reopened_by_source_evidence,Only one construct is human/frozen-supported for this study; missing construct=ATT. This usually indicates AI term-hit overreach or unapproved remap.,attitude;attitudes,UB;actual use;use,correlation;correlations;fornell;inter-construct;larcker;latent;table,/Users/newhosung/Library/CloudStorage/OneDrive-SharedLibraries-ThePennsylvaniaStateUniversity/AI Adoption Meta Analysis - Documents/Meta/AI Adoption/PDFs/S025.pdf,candidate_only_not_analytic_input_until_human_confirmed
possible_densification_source_review_candidate,ai_candidate_only_missing_pair_no_value_added,S025,BI-TRU,BI,TRU,,21,24,BI;EE;FC;PE;SE;SI;UB,yes,no,no,,notes=Application QA draft only; Step 5 remains inactive until final full-corpus freeze authorization is recorded. Frozen on 2026-06-09 under explicit caveat-preservation authorization.,likely_false_positive_one_construct_not_human_supported,do_not_add_unless_reopened_by_source_evidence,Only one construct is human/frozen-supported for this study; missing construct=TRU. This usually indicates AI term-hit overreach or unapproved remap.,BI;intention to use,trust,correlation;correlations;fornell;inter-construct;larcker;latent;table,/Users/newhosung/Library/CloudStorage/OneDrive-SharedLibraries-ThePennsylvaniaStateUniversity/AI Adoption Meta Analysis - Documents/Meta/AI Adoption/PDFs/S025.pdf,candidate_only_not_analytic_input_until_human_confirmed
possible_densification_source_review_candidate,ai_candidate_only_missing_pair_no_value_added,S025,EE-TRU,EE,TRU,,21,24,BI;EE;FC;PE;SE;SI;UB,yes,no,no,,notes=Application QA draft only; Step 5 remains inactive until final full-corpus freeze authorization is recorded. Frozen on 2026-06-09 under explicit caveat-preservation authorization.,likely_false_positive_one_construct_not_human_supported,do_not_add_unless_reopened_by_source_evidence,Only one construct is human/frozen-supported for this study; missing construct=TRU. This usually indicates AI term-hit overreach or unapproved remap.,EE;ease of use;effort expectancy;perceived ease of use,trust,correlation;correlations;fornell;inter-construct;larcker;latent;table,/Users/newhosung/Library/CloudStorage/OneDrive-SharedLibraries-ThePennsylvaniaStateUniversity/AI Adoption Meta Analysis - Documents/Meta/AI Adoption/PDFs/S025.pdf,candidate_only_not_analytic_input_until_human_confirmed
possible_densification_source_review_candidate,ai_candidate_only_missing_pair_no_value_added,S025,FC-TRU,FC,TRU,,21,24,BI;EE;FC;PE;SE;SI;UB,yes,no,no,,notes=Application QA draft only; Step 5 remains inactive until final full-corpus freeze authorization is recorded. Frozen on 2026-06-09 under explicit caveat-preservation authorization.,likely_false_positive_one_construct_not_human_supported,do_not_add_unless_reopened_by_source_evidence,Only one construct is human/frozen-supported for this study; missing construct=TRU. This usually indicates AI term-hit overreach or unapproved remap.,FC;facilitating;resources;support,trust,correlation;correlations;fornell;inter-construct;larcker;latent;table,/Users/newhosung/Library/CloudStorage/OneDrive-SharedLibraries-ThePennsylvaniaStateUniversity/AI Adoption Meta Analysis - Documents/Meta/AI Adoption/PDFs/S025.pdf,candidate_only_not_analytic_input_until_human_confirmed
possible_densification_source_review_candidate,ai_candidate_only_missing_pair_no_value_added,S025,PE-TRU,PE,TRU,,21,24,BI;EE;FC;PE;SE;SI;UB,yes,no,no,,notes=Application QA draft only; Step 5 remains inactive until final full-corpus freeze authorization is recorded. Frozen on 2026-06-09 under explicit caveat-preservation authorization.,likely_false_positive_one_construct_not_human_supported,do_not_add_unless_reopened_by_source_evidence,Only one construct is human/frozen-supported for this study; missing construct=TRU. This usually indicates AI term-hit overreach or unapproved remap.,PE;perceived usefulness;performance expectancy;usefulness,trust,correlation;correlations;fornell;inter-construct;larcker;latent;table,/Users/newhosung/Library/CloudStorage/OneDrive-SharedLibraries-ThePennsylvaniaStateUniversity/AI Adoption Meta Analysis - Documents/Meta/AI Adoption/PDFs/S025.pdf,candidate_only_not_analytic_input_until_human_confirmed
possible_densification_source_review_candidate,ai_candidate_only_missing_pair_no_value_added,S025,SE-TRU,SE,TRU,,21,24,BI;EE;FC;PE;SE;SI;UB,yes,no,no,,notes=Application QA draft only; Step 5 remains inactive until final full-corpus freeze authorization is recorded. Frozen on 2026-06-09 under explicit caveat-preservation authorization.,likely_false_positive_one_construct_not_human_supported,do_not_add_unless_reopened_by_source_evidence,Only one construct is human/frozen-supported for this study; missing construct=TRU. This usually indicates AI term-hit overreach or unapproved remap.,SE;efficacy;self-efficacy,trust,correlation;correlations;fornell;inter-construct;larcker;latent;table,/Users/newhosung/Library/CloudStorage/OneDrive-SharedLibraries-ThePennsylvaniaStateUniversity/AI Adoption Meta Analysis - Documents/Meta/AI Adoption/PDFs/S025.pdf,candidate_only_not_analytic_input_until_human_confirmed
possible_densification_source_review_candidate,ai_candidate_only_missing_pair_no_value_added,S025,SI-TRU,SI,TRU,,21,24,BI;EE;FC;PE;SE;SI;UB,yes,no,no,,notes=Application QA draft only; Step 5 remains inactive until final full-corpus freeze authorization is recorded. Frozen on 2026-06-09 under explicit caveat-preservation authorization.,likely_false_positive_one_construct_not_human_supported,do_not_add_unless_reopened_by_source_evidence,Only one construct is human/frozen-supported for this study; missing construct=TRU. This usually indicates AI term-hit overreach or unapproved remap.,SI;social influence,trust,correlation;correlations;fornell;inter-construct;larcker;latent;table,/Users/newhosung/Library/CloudStorage/OneDrive-SharedLibraries-ThePennsylvaniaStateUniversity/AI Adoption Meta Analysis - Documents/Meta/AI Adoption/PDFs/S025.pdf,candidate_only_not_analytic_input_until_human_confirmed
possible_densification_source_review_candidate,ai_candidate_only_missing_pair_no_value_added,S025,TRU-UB,TRU,UB,,21,24,BI;EE;FC;PE;SE;SI;UB,no,yes,no,,notes=Application QA draft only; Step 5 remains inactive until final full-corpus freeze authorization is recorded. Frozen on 2026-06-09 under explicit caveat-preservation authorization.,likely_false_positive_one_construct_not_human_supported,do_not_add_unless_reopened_by_source_evidence,Only one construct is human/frozen-supported for this study; missing construct=TRU. This usually indicates AI term-hit overreach or unapproved remap.,trust,UB;actual use;use,correlation;correlations;fornell;inter-construct;larcker;latent;table,/Users/newhosung/Library/CloudStorage/OneDrive-SharedLibraries-ThePennsylvaniaStateUniversity/AI Adoption Meta Analysis - Documents/Meta/AI Adoption/PDFs/S025.pdf,candidate_only_not_analytic_input_until_human_confirmed
possible_densification_source_review_candidate,ai_candidate_only_missing_pair_no_value_added,S030,ANX-ATT,ANX,ATT,,21,24,ATT;BI;EE;FC;PE;SI;TRU,no,yes,no,,notes=Application QA draft only; Step 5 remains inactive until final full-corpus freeze authorization is recorded. Frozen on 2026-06-09 under explicit caveat-preservation authorization.,likely_false_positive_one_construct_not_human_supported,do_not_add_unless_reopened_by_source_evidence,Only one construct is human/frozen-supported for this study; missing construct=ANX. This usually indicates AI term-hit overreach or unapproved remap.,anxiety,ATT;attitude;attitude toward;attitudes,correlation;correlations;fornell;larcker;latent;matrix;table,/Users/newhosung/Library/CloudStorage/OneDrive-SharedLibraries-ThePennsylvaniaStateUniversity/AI Adoption Meta Analysis - Documents/Meta/AI Adoption/PDFs/S030.pdf,candidate_only_not_analytic_input_until_human_confirmed
possible_densification_source_review_candidate,ai_candidate_only_missing_pair_no_value_added,S030,ANX-BI,ANX,BI,,21,24,ATT;BI;EE;FC;PE;SI;TRU,no,yes,no,,notes=Application QA draft only; Step 5 remains inactive until final full-corpus freeze authorization is recorded. Frozen on 2026-06-09 under explicit caveat-preservation authorization.,likely_false_positive_one_construct_not_human_supported,do_not_add_unless_reopened_by_source_evidence,Only one construct is human/frozen-supported for this study; missing construct=ANX. This usually indicates AI term-hit overreach or unapproved remap.,anxiety,BI;behavioral intention;intention to use;usage intention,correlation;correlations;fornell;larcker;latent;matrix;table,/Users/newhosung/Library/CloudStorage/OneDrive-SharedLibraries-ThePennsylvaniaStateUniversity/AI Adoption Meta Analysis - Documents/Meta/AI Adoption/PDFs/S030.pdf,candidate_only_not_analytic_input_until_human_confirmed
possible_densification_source_review_candidate,ai_candidate_only_missing_pair_no_value_added,S030,ANX-EE,ANX,EE,,21,24,ATT;BI;EE;FC;PE;SI;TRU,no,yes,no,,notes=Application QA draft only; Step 5 remains inactive until final full-corpus freeze authorization is recorded. Frozen on 2026-06-09 under explicit caveat-preservation authorization.,likely_false_positive_one_construct_not_human_supported,do_not_add_unless_reopened_by_source_evidence,Only one construct is human/frozen-supported for this study; missing construct=ANX. This usually indicates AI term-hit overreach or unapproved remap.,anxiety,EE;PEOU;ease of use;easy to use;perceived ease of use,correlation;correlations;fornell;larcker;latent;matrix;table,/Users/newhosung/Library/CloudStorage/OneDrive-SharedLibraries-ThePennsylvaniaStateUniversity/AI Adoption Meta Analysis - Documents/Meta/AI Adoption/PDFs/S030.pdf,candidate_only_not_analytic_input_until_human_confirmed
possible_densification_source_review_candidate,ai_candidate_only_missing_pair_no_value_added,S030,ANX-FC,ANX,FC,,21,24,ATT;BI;EE;FC;PE;SI;TRU,no,yes,no,,notes=Application QA draft only; Step 5 remains inactive until final full-corpus freeze authorization is recorded. Frozen on 2026-06-09 under explicit caveat-preservation authorization.,likely_false_positive_one_construct_not_human_supported,do_not_add_unless_reopened_by_source_evidence,Only one construct is human/frozen-supported for this study; missing construct=ANX. This usually indicates AI term-hit overreach or unapproved remap.,anxiety,FC;facilitating;resources;support,correlation;correlations;fornell;larcker;latent;matrix;table,/Users/newhosung/Library/CloudStorage/OneDrive-SharedLibraries-ThePennsylvaniaStateUniversity/AI Adoption Meta Analysis - Documents/Meta/AI Adoption/PDFs/S030.pdf,candidate_only_not_analytic_input_until_human_confirmed
possible_densification_source_review_candidate,ai_candidate_only_missing_pair_no_value_added,S030,ANX-PE,ANX,PE,,21,24,ATT;BI;EE;FC;PE;SI;TRU,no,yes,no,,notes=Application QA draft only; Step 5 remains inactive until final full-corpus freeze authorization is recorded. Frozen on 2026-06-09 under explicit caveat-preservation authorization.,likely_false_positive_one_construct_not_human_supported,do_not_add_unless_reopened_by_source_evidence,Only one construct is human/frozen-supported for this study; missing construct=ANX. This usually indicates AI term-hit overreach or unapproved remap.,anxiety,PE;PU;perceived usefulness;useful;usefulness,correlation;correlations;fornell;larcker;latent;matrix;table,/Users/newhosung/Library/CloudStorage/OneDrive-SharedLibraries-ThePennsylvaniaStateUniversity/AI Adoption Meta Analysis - Documents/Meta/AI Adoption/PDFs/S030.pdf,candidate_only_not_analytic_input_until_human_confirmed
possible_densification_source_review_candidate,ai_candidate_only_missing_pair_no_value_added,S030,ANX-SI,ANX,SI,,21,24,ATT;BI;EE;FC;PE;SI;TRU,no,yes,no,,notes=Application QA draft only; Step 5 remains inactive until final full-corpus freeze authorization is recorded. Frozen on 2026-06-09 under explicit caveat-preservation authorization.,likely_false_positive_one_construct_not_human_supported,do_not_add_unless_reopened_by_source_evidence,Only one construct is human/frozen-supported for this study; missing construct=ANX. This usually indicates AI term-hit overreach or unapproved remap.,anxiety,SI;social influence;subjective norm,correlation;correlations;fornell;larcker;latent;matrix;table,/Users/newhosung/Library/CloudStorage/OneDrive-SharedLibraries-ThePennsylvaniaStateUniversity/AI Adoption Meta Analysis - Documents/Meta/AI Adoption/PDFs/S030.pdf,candidate_only_not_analytic_input_until_human_confirmed
possible_densification_source_review_candidate,ai_candidate_only_missing_pair_no_value_added,S030,ANX-TRU,ANX,TRU,,21,24,ATT;BI;EE;FC;PE;SI;TRU,no,yes,no,,notes=Application QA draft only; Step 5 remains inactive until final full-corpus freeze authorization is recorded. Frozen on 2026-06-09 under explicit caveat-preservation authorization.,likely_false_positive_one_construct_not_human_supported,do_not_add_unless_reopened_by_source_evidence,Only one construct is human/frozen-supported for this study; missing construct=ANX. This usually indicates AI term-hit overreach or unapproved remap.,anxiety,TRU;trust;trustworthiness,correlation;correlations;fornell;larcker;latent;matrix;table,/Users/newhosung/Library/CloudStorage/OneDrive-SharedLibraries-ThePennsylvaniaStateUniversity/AI Adoption Meta Analysis - Documents/Meta/AI Adoption/PDFs/S030.pdf,candidate_only_not_analytic_input_until_human_confirmed
possible_densification_source_review_candidate,ai_candidate_only_missing_pair_no_value_added,S030,ATT-SE,ATT,SE,,21,24,ATT;BI;EE;FC;PE;SI;TRU,yes,no,no,,notes=Application QA draft only; Step 5 remains inactive until final full-corpus freeze authorization is recorded. Frozen on 2026-06-09 under explicit caveat-preservation authorization.,likely_false_positive_one_construct_not_human_supported,do_not_add_unless_reopened_by_source_evidence,Only one construct is human/frozen-supported for this study; missing construct=SE. This usually indicates AI term-hit overreach or unapproved remap.,ATT;attitude;attitude toward;attitudes,AI self-efficacy;SE;efficacy;self-efficacy,correlation;correlations;fornell;larcker;latent;matrix;table,/Users/newhosung/Library/CloudStorage/OneDrive-SharedLibraries-ThePennsylvaniaStateUniversity/AI Adoption Meta Analysis - Documents/Meta/AI Adoption/PDFs/S030.pdf,candidate_only_not_analytic_input_until_human_confirmed
possible_densification_source_review_candidate,ai_candidate_only_missing_pair_no_value_added,S030,ATT-UB,ATT,UB,,21,24,ATT;BI;EE;FC;PE;SI;TRU,yes,no,no,,notes=Application QA draft only; Step 5 remains inactive until final full-corpus freeze authorization is recorded. Frozen on 2026-06-09 under explicit caveat-preservation authorization.,likely_false_positive_one_construct_not_human_supported,do_not_add_unless_reopened_by_source_evidence,Only one construct is human/frozen-supported for this study; missing construct=UB. This usually indicates AI term-hit overreach or unapproved remap.,ATT;attitude;attitude toward;attitudes,usage behavior;use,correlation;correlations;fornell;larcker;latent;matrix;table,/Users/newhosung/Library/CloudStorage/OneDrive-SharedLibraries-ThePennsylvaniaStateUniversity/AI Adoption Meta Analysis - Documents/Meta/AI Adoption/PDFs/S030.pdf,candidate_only_not_analytic_input_until_human_confirmed
possible_densification_source_review_candidate,ai_candidate_only_missing_pair_no_value_added,S030,BI-SE,BI,SE,,21,24,ATT;BI;EE;FC;PE;SI;TRU,yes,no,no,,notes=Application QA draft only; Step 5 remains inactive until final full-corpus freeze authorization is recorded. Frozen on 2026-06-09 under explicit caveat-preservation authorization.,likely_false_positive_one_construct_not_human_supported,do_not_add_unless_reopened_by_source_evidence,Only one construct is human/frozen-supported for this study; missing construct=SE. This usually indicates AI term-hit overreach or unapproved remap.,BI;behavioral intention;intention to use;usage intention,AI self-efficacy;SE;efficacy;self-efficacy,correlation;correlations;fornell;larcker;latent;matrix;table,/Users/newhosung/Library/CloudStorage/OneDrive-SharedLibraries-ThePennsylvaniaStateUniversity/AI Adoption Meta Analysis - Documents/Meta/AI Adoption/PDFs/S030.pdf,candidate_only_not_analytic_input_until_human_confirmed
possible_densification_source_review_candidate,ai_candidate_only_missing_pair_no_value_added,S030,BI-UB,BI,UB,,21,24,ATT;BI;EE;FC;PE;SI;TRU,yes,no,no,,notes=Application QA draft only; Step 5 remains inactive until final full-corpus freeze authorization is recorded. Frozen on 2026-06-09 under explicit caveat-preservation authorization.,likely_false_positive_one_construct_not_human_supported,do_not_add_unless_reopened_by_source_evidence,Only one construct is human/frozen-supported for this study; missing construct=UB. This usually indicates AI term-hit overreach or unapproved remap.,BI;behavioral intention;intention to use;usage intention,usage behavior;use,correlation;correlations;fornell;larcker;latent;matrix;table,/Users/newhosung/Library/CloudStorage/OneDrive-SharedLibraries-ThePennsylvaniaStateUniversity/AI Adoption Meta Analysis - Documents/Meta/AI Adoption/PDFs/S030.pdf,candidate_only_not_analytic_input_until_human_confirmed
possible_densification_source_review_candidate,ai_candidate_only_missing_pair_no_value_added,S030,EE-SE,EE,SE,,21,24,ATT;BI;EE;FC;PE;SI;TRU,yes,no,no,,notes=Application QA draft only; Step 5 remains inactive until final full-corpus freeze authorization is recorded. Frozen on 2026-06-09 under explicit caveat-preservation authorization.,likely_false_positive_one_construct_not_human_supported,do_not_add_unless_reopened_by_source_evidence,Only one construct is human/frozen-supported for this study; missing construct=SE. This usually indicates AI term-hit overreach or unapproved remap.,EE;PEOU;ease of use;easy to use;perceived ease of use,AI self-efficacy;SE;efficacy;self-efficacy,correlation;correlations;fornell;larcker;latent;matrix;table,/Users/newhosung/Library/CloudStorage/OneDrive-SharedLibraries-ThePennsylvaniaStateUniversity/AI Adoption Meta Analysis - Documents/Meta/AI Adoption/PDFs/S030.pdf,candidate_only_not_analytic_input_until_human_confirmed
possible_densification_source_review_candidate,ai_candidate_only_missing_pair_no_value_added,S030,EE-UB,EE,UB,,21,24,ATT;BI;EE;FC;PE;SI;TRU,yes,no,no,,notes=Application QA draft only; Step 5 remains inactive until final full-corpus freeze authorization is recorded. Frozen on 2026-06-09 under explicit caveat-preservation authorization.,likely_false_positive_one_construct_not_human_supported,do_not_add_unless_reopened_by_source_evidence,Only one construct is human/frozen-supported for this study; missing construct=UB. This usually indicates AI term-hit overreach or unapproved remap.,EE;PEOU;ease of use;easy to use;perceived ease of use,usage behavior;use,correlation;correlations;fornell;larcker;latent;matrix;table,/Users/newhosung/Library/CloudStorage/OneDrive-SharedLibraries-ThePennsylvaniaStateUniversity/AI Adoption Meta Analysis - Documents/Meta/AI Adoption/PDFs/S030.pdf,candidate_only_not_analytic_input_until_human_confirmed
possible_densification_source_review_candidate,ai_candidate_only_missing_pair_no_value_added,S030,FC-SE,FC,SE,,21,24,ATT;BI;EE;FC;PE;SI;TRU,yes,no,no,,notes=Application QA draft only; Step 5 remains inactive until final full-corpus freeze authorization is recorded. Frozen on 2026-06-09 under explicit caveat-preservation authorization.,likely_false_positive_one_construct_not_human_supported,do_not_add_unless_reopened_by_source_evidence,Only one construct is human/frozen-supported for this study; missing construct=SE. This usually indicates AI term-hit overreach or unapproved remap.,FC;facilitating;resources;support,AI self-efficacy;SE;efficacy;self-efficacy,correlation;correlations;fornell;larcker;latent;matrix;table,/Users/newhosung/Library/CloudStorage/OneDrive-SharedLibraries-ThePennsylvaniaStateUniversity/AI Adoption Meta Analysis - Documents/Meta/AI Adoption/PDFs/S030.pdf,candidate_only_not_analytic_input_until_human_confirmed
possible_densification_source_review_candidate,ai_candidate_only_missing_pair_no_value_added,S030,FC-UB,FC,UB,,21,24,ATT;BI;EE;FC;PE;SI;TRU,yes,no,no,,notes=Application QA draft only; Step 5 remains inactive until final full-corpus freeze authorization is recorded. Frozen on 2026-06-09 under explicit caveat-preservation authorization.,likely_false_positive_one_construct_not_human_supported,do_not_add_unless_reopened_by_source_evidence,Only one construct is human/frozen-supported for this study; missing construct=UB. This usually indicates AI term-hit overreach or unapproved remap.,FC;facilitating;resources;support,usage behavior;use,correlation;correlations;fornell;larcker;latent;matrix;table,/Users/newhosung/Library/CloudStorage/OneDrive-SharedLibraries-ThePennsylvaniaStateUniversity/AI Adoption Meta Analysis - Documents/Meta/AI Adoption/PDFs/S030.pdf,candidate_only_not_analytic_input_until_human_confirmed
possible_densification_source_review_candidate,ai_candidate_only_missing_pair_no_value_added,S030,PE-SE,PE,SE,,21,24,ATT;BI;EE;FC;PE;SI;TRU,yes,no,no,,notes=Application QA draft only; Step 5 remains inactive until final full-corpus freeze authorization is recorded. Frozen on 2026-06-09 under explicit caveat-preservation authorization.,likely_false_positive_one_construct_not_human_supported,do_not_add_unless_reopened_by_source_evidence,Only one construct is human/frozen-supported for this study; missing construct=SE. This usually indicates AI term-hit overreach or unapproved remap.,PE;PU;perceived usefulness;useful;usefulness,AI self-efficacy;SE;efficacy;self-efficacy,correlation;correlations;fornell;larcker;latent;matrix;table,/Users/newhosung/Library/CloudStorage/OneDrive-SharedLibraries-ThePennsylvaniaStateUniversity/AI Adoption Meta Analysis - Documents/Meta/AI Adoption/PDFs/S030.pdf,candidate_only_not_analytic_input_until_human_confirmed
possible_densification_source_review_candidate,ai_candidate_only_missing_pair_no_value_added,S030,PE-UB,PE,UB,,21,24,ATT;BI;EE;FC;PE;SI;TRU,yes,no,no,,notes=Application QA draft only; Step 5 remains inactive until final full-corpus freeze authorization is recorded. Frozen on 2026-06-09 under explicit caveat-preservation authorization.,likely_false_positive_one_construct_not_human_supported,do_not_add_unless_reopened_by_source_evidence,Only one construct is human/frozen-supported for this study; missing construct=UB. This usually indicates AI term-hit overreach or unapproved remap.,PE;PU;perceived usefulness;useful;usefulness,usage behavior;use,correlation;correlations;fornell;larcker;latent;matrix;table,/Users/newhosung/Library/CloudStorage/OneDrive-SharedLibraries-ThePennsylvaniaStateUniversity/AI Adoption Meta Analysis - Documents/Meta/AI Adoption/PDFs/S030.pdf,candidate_only_not_analytic_input_until_human_confirmed
possible_densification_source_review_candidate,ai_candidate_only_missing_pair_no_value_added,S030,SE-SI,SE,SI,,21,24,ATT;BI;EE;FC;PE;SI;TRU,no,yes,no,,notes=Application QA draft only; Step 5 remains inactive until final full-corpus freeze authorization is recorded. Frozen on 2026-06-09 under explicit caveat-preservation authorization.,likely_false_positive_one_construct_not_human_supported,do_not_add_unless_reopened_by_source_evidence,Only one construct is human/frozen-supported for this study; missing construct=SE. This usually indicates AI term-hit overreach or unapproved remap.,AI self-efficacy;SE;efficacy;self-efficacy,SI;social influence;subjective norm,correlation;correlations;fornell;larcker;latent;matrix;table,/Users/newhosung/Library/CloudStorage/OneDrive-SharedLibraries-ThePennsylvaniaStateUniversity/AI Adoption Meta Analysis - Documents/Meta/AI Adoption/PDFs/S030.pdf,candidate_only_not_analytic_input_until_human_confirmed
possible_densification_source_review_candidate,ai_candidate_only_missing_pair_no_value_added,S030,SE-TRU,SE,TRU,,21,24,ATT;BI;EE;FC;PE;SI;TRU,no,yes,no,,notes=Application QA draft only; Step 5 remains inactive until final full-corpus freeze authorization is recorded. Frozen on 2026-06-09 under explicit caveat-preservation authorization.,likely_false_positive_one_construct_not_human_supported,do_not_add_unless_reopened_by_source_evidence,Only one construct is human/frozen-supported for this study; missing construct=SE. This usually indicates AI term-hit overreach or unapproved remap.,AI self-efficacy;SE;efficacy;self-efficacy,TRU;trust;trustworthiness,correlation;correlations;fornell;larcker;latent;matrix;table,/Users/newhosung/Library/CloudStorage/OneDrive-SharedLibraries-ThePennsylvaniaStateUniversity/AI Adoption Meta Analysis - Documents/Meta/AI Adoption/PDFs/S030.pdf,candidate_only_not_analytic_input_until_human_confirmed
possible_densification_source_review_candidate,ai_candidate_only_missing_pair_no_value_added,S030,SI-UB,SI,UB,,21,24,ATT;BI;EE;FC;PE;SI;TRU,yes,no,no,,notes=Application QA draft only; Step 5 remains inactive until final full-corpus freeze authorization is recorded. Frozen on 2026-06-09 under explicit caveat-preservation authorization.,likely_false_positive_one_construct_not_human_supported,do_not_add_unless_reopened_by_source_evidence,Only one construct is human/frozen-supported for this study; missing construct=UB. This usually indicates AI term-hit overreach or unapproved remap.,SI;social influence;subjective norm,usage behavior;use,correlation;correlations;fornell;larcker;latent;matrix;table,/Users/newhosung/Library/CloudStorage/OneDrive-SharedLibraries-ThePennsylvaniaStateUniversity/AI Adoption Meta Analysis - Documents/Meta/AI Adoption/PDFs/S030.pdf,candidate_only_not_analytic_input_until_human_confirmed
possible_densification_source_review_candidate,ai_candidate_only_missing_pair_no_value_added,S030,TRU-UB,TRU,UB,,21,24,ATT;BI;EE;FC;PE;SI;TRU,yes,no,no,,notes=Application QA draft only; Step 5 remains inactive until final full-corpus freeze authorization is recorded. Frozen on 2026-06-09 under explicit caveat-preservation authorization.,likely_false_positive_one_construct_not_human_supported,do_not_add_unless_reopened_by_source_evidence,Only one construct is human/frozen-supported for this study; missing construct=UB. This usually indicates AI term-hit overreach or unapproved remap.,TRU;trust;trustworthiness,usage behavior;use,correlation;correlations;fornell;larcker;latent;matrix;table,/Users/newhosung/Library/CloudStorage/OneDrive-SharedLibraries-ThePennsylvaniaStateUniversity/AI Adoption Meta Analysis - Documents/Meta/AI Adoption/PDFs/S030.pdf,candidate_only_not_analytic_input_until_human_confirmed
possible_densification_source_review_candidate,ai_candidate_only_missing_pair_no_value_added,S035,ATT-BI,ATT,BI,,21,24,BI;EE;FC;PE;SI;TRU;UB,no,yes,no,,notes=draft_status=included_row_draft_high_confidence; decision_summary=Use R1 direct Table 4 values for unresolved R1-R2 correlation differences.; notes=Full R1 row set drafted. Application QA draft only; Step 5 remains inactive until final full-corpus freeze authorization is recorded. Frozen on 2026-06-09 under explicit caveat-preservation authorization.,likely_false_positive_one_construct_not_human_supported,do_not_add_unless_reopened_by_source_evidence,Only one construct is human/frozen-supported for this study; missing construct=ATT. This usually indicates AI term-hit overreach or unapproved remap.,attitude;attitudes,BI;behavioral intention;behavioural intention;intention to use;usage intention,correlation;correlations;fornell;larcker;latent;matrix;table,/Users/newhosung/Library/CloudStorage/OneDrive-SharedLibraries-ThePennsylvaniaStateUniversity/AI Adoption Meta Analysis - Documents/Meta/AI Adoption/R1/PDFs/S035.pdf,candidate_only_not_analytic_input_until_human_confirmed
possible_densification_source_review_candidate,ai_candidate_only_missing_pair_no_value_added,S035,ATT-EE,ATT,EE,,21,24,BI;EE;FC;PE;SI;TRU;UB,no,yes,no,,notes=draft_status=included_row_draft_high_confidence; decision_summary=Use R1 direct Table 4 values for unresolved R1-R2 correlation differences.; notes=Full R1 row set drafted. Application QA draft only; Step 5 remains inactive until final full-corpus freeze authorization is recorded. Frozen on 2026-06-09 under explicit caveat-preservation authorization.,likely_false_positive_one_construct_not_human_supported,do_not_add_unless_reopened_by_source_evidence,Only one construct is human/frozen-supported for this study; missing construct=ATT. This usually indicates AI term-hit overreach or unapproved remap.,attitude;attitudes,EE;easy to use;effort expectancy,correlation;correlations;fornell;larcker;latent;matrix;table,/Users/newhosung/Library/CloudStorage/OneDrive-SharedLibraries-ThePennsylvaniaStateUniversity/AI Adoption Meta Analysis - Documents/Meta/AI Adoption/R1/PDFs/S035.pdf,candidate_only_not_analytic_input_until_human_confirmed
possible_densification_source_review_candidate,ai_candidate_only_missing_pair_no_value_added,S035,ATT-FC,ATT,FC,,21,24,BI;EE;FC;PE;SI;TRU;UB,no,yes,no,,notes=draft_status=included_row_draft_high_confidence; decision_summary=Use R1 direct Table 4 values for unresolved R1-R2 correlation differences.; notes=Full R1 row set drafted. Application QA draft only; Step 5 remains inactive until final full-corpus freeze authorization is recorded. Frozen on 2026-06-09 under explicit caveat-preservation authorization.,likely_false_positive_one_construct_not_human_supported,do_not_add_unless_reopened_by_source_evidence,Only one construct is human/frozen-supported for this study; missing construct=ATT. This usually indicates AI term-hit overreach or unapproved remap.,attitude;attitudes,FC;facilitating;facilitating condition;facilitating conditions;resources;support,correlation;correlations;fornell;larcker;latent;matrix;table,/Users/newhosung/Library/CloudStorage/OneDrive-SharedLibraries-ThePennsylvaniaStateUniversity/AI Adoption Meta Analysis - Documents/Meta/AI Adoption/R1/PDFs/S035.pdf,candidate_only_not_analytic_input_until_human_confirmed
possible_densification_source_review_candidate,ai_candidate_only_missing_pair_no_value_added,S035,ATT-PE,ATT,PE,,21,24,BI;EE;FC;PE;SI;TRU;UB,no,yes,no,,notes=draft_status=included_row_draft_high_confidence; decision_summary=Use R1 direct Table 4 values for unresolved R1-R2 correlation differences.; notes=Full R1 row set drafted. Application QA draft only; Step 5 remains inactive until final full-corpus freeze authorization is recorded. Frozen on 2026-06-09 under explicit caveat-preservation authorization.,likely_false_positive_one_construct_not_human_supported,do_not_add_unless_reopened_by_source_evidence,Only one construct is human/frozen-supported for this study; missing construct=ATT. This usually indicates AI term-hit overreach or unapproved remap.,attitude;attitudes,PE;performance expectancy;useful;usefulness,correlation;correlations;fornell;larcker;latent;matrix;table,/Users/newhosung/Library/CloudStorage/OneDrive-SharedLibraries-ThePennsylvaniaStateUniversity/AI Adoption Meta Analysis - Documents/Meta/AI Adoption/R1/PDFs/S035.pdf,candidate_only_not_analytic_input_until_human_confirmed
possible_densification_source_review_candidate,ai_candidate_only_missing_pair_no_value_added,S035,ATT-SI,ATT,SI,,21,24,BI;EE;FC;PE;SI;TRU;UB,no,yes,no,,notes=draft_status=included_row_draft_high_confidence; decision_summary=Use R1 direct Table 4 values for unresolved R1-R2 correlation differences.; notes=Full R1 row set drafted. Application QA draft only; Step 5 remains inactive until final full-corpus freeze authorization is recorded. Frozen on 2026-06-09 under explicit caveat-preservation authorization.,likely_false_positive_one_construct_not_human_supported,do_not_add_unless_reopened_by_source_evidence,Only one construct is human/frozen-supported for this study; missing construct=ATT. This usually indicates AI term-hit overreach or unapproved remap.,attitude;attitudes,SI;social influence,correlation;correlations;fornell;larcker;latent;matrix;table,/Users/newhosung/Library/CloudStorage/OneDrive-SharedLibraries-ThePennsylvaniaStateUniversity/AI Adoption Meta Analysis - Documents/Meta/AI Adoption/R1/PDFs/S035.pdf,candidate_only_not_analytic_input_until_human_confirmed
possible_densification_source_review_candidate,ai_candidate_only_missing_pair_no_value_added,S035,ATT-TRU,ATT,TRU,,21,24,BI;EE;FC;PE;SI;TRU;UB,no,yes,no,,notes=draft_status=included_row_draft_high_confidence; decision_summary=Use R1 direct Table 4 values for unresolved R1-R2 correlation differences.; notes=Full R1 row set drafted. Application QA draft only; Step 5 remains inactive until final full-corpus freeze authorization is recorded. Frozen on 2026-06-09 under explicit caveat-preservation authorization.,likely_false_positive_one_construct_not_human_supported,do_not_add_unless_reopened_by_source_evidence,Only one construct is human/frozen-supported for this study; missing construct=ATT. This usually indicates AI term-hit overreach or unapproved remap.,attitude;attitudes,TRU;trust,correlation;correlations;fornell;larcker;latent;matrix;table,/Users/newhosung/Library/CloudStorage/OneDrive-SharedLibraries-ThePennsylvaniaStateUniversity/AI Adoption Meta Analysis - Documents/Meta/AI Adoption/R1/PDFs/S035.pdf,candidate_only_not_analytic_input_until_human_confirmed
possible_densification_source_review_candidate,ai_candidate_only_missing_pair_no_value_added,S035,ATT-UB,ATT,UB,,21,24,BI;EE;FC;PE;SI;TRU;UB,no,yes,no,,notes=draft_status=included_row_draft_high_confidence; decision_summary=Use R1 direct Table 4 values for unresolved R1-R2 correlation differences.; notes=Full R1 row set drafted. Application QA draft only; Step 5 remains inactive until final full-corpus freeze authorization is recorded. Frozen on 2026-06-09 under explicit caveat-preservation authorization.,likely_false_positive_one_construct_not_human_supported,do_not_add_unless_reopened_by_source_evidence,Only one construct is human/frozen-supported for this study; missing construct=ATT. This usually indicates AI term-hit overreach or unapproved remap.,attitude;attitudes,UB;usage behavior;use;use behavior,correlation;correlations;fornell;larcker;latent;matrix;table,/Users/newhosung/Library/CloudStorage/OneDrive-SharedLibraries-ThePennsylvaniaStateUniversity/AI Adoption Meta Analysis - Documents/Meta/AI Adoption/R1/PDFs/S035.pdf,candidate_only_not_analytic_input_until_human_confirmed
possible_densification_source_review_candidate,ai_candidate_only_missing_pair_no_value_added,S036,ANX-ATT,ANX,ATT,,21,24,ANX;BI;EE;PE;SE;SI;TRU,yes,no,no,,notes=study_terminal_status=included_coder_agreed_correlation_rows_status_draft; final_freeze_handling=Carry coder-agreed correlation rows from combined coder values into final full-corpus freeze application/QA; keep Step 5 inactive.; notes=Metadata/status differences only; 21 of 21 unique agreed rows have at least one coded source-location entry. No new source-value adjudication record was created.; audit_status=completed. Application QA draft only; Step 5 remains inactive until final full-corpus freeze authorization is recorded. Frozen on 2026-06-09 under explicit caveat-preservation authorization.,likely_false_positive_one_construct_not_human_supported,do_not_add_unless_reopened_by_source_evidence,Only one construct is human/frozen-supported for this study; missing construct=ATT. This usually indicates AI term-hit overreach or unapproved remap.,AI anxiety;ANX;anxiety;apprehension;fear,attitude;attitude toward;attitudes,correlations;fornell;larcker;latent;table,/Users/newhosung/Library/CloudStorage/OneDrive-SharedLibraries-ThePennsylvaniaStateUniversity/AI Adoption Meta Analysis - Documents/Meta/AI Adoption/PDFs/S036.pdf,candidate_only_not_analytic_input_until_human_confirmed
possible_densification_source_review_candidate,ai_candidate_only_missing_pair_no_value_added,S036,ANX-FC,ANX,FC,,21,24,ANX;BI;EE;PE;SE;SI;TRU,yes,no,no,,notes=study_terminal_status=included_coder_agreed_correlation_rows_status_draft; final_freeze_handling=Carry coder-agreed correlation rows from combined coder values into final full-corpus freeze application/QA; keep Step 5 inactive.; notes=Metadata/status differences only; 21 of 21 unique agreed rows have at least one coded source-location entry. No new source-value adjudication record was created.; audit_status=completed. Application QA draft only; Step 5 remains inactive until final full-corpus freeze authorization is recorded. Frozen on 2026-06-09 under explicit caveat-preservation authorization.,likely_false_positive_one_construct_not_human_supported,do_not_add_unless_reopened_by_source_evidence,Only one construct is human/frozen-supported for this study; missing construct=FC. This usually indicates AI term-hit overreach or unapproved remap.,AI anxiety;ANX;anxiety;apprehension;fear,FC;resources;support,correlations;fornell;larcker;latent;table,/Users/newhosung/Library/CloudStorage/OneDrive-SharedLibraries-ThePennsylvaniaStateUniversity/AI Adoption Meta Analysis - Documents/Meta/AI Adoption/PDFs/S036.pdf,candidate_only_not_analytic_input_until_human_confirmed
possible_densification_source_review_candidate,ai_candidate_only_missing_pair_no_value_added,S036,ANX-UB,ANX,UB,,21,24,ANX;BI;EE;PE;SE;SI;TRU,yes,no,no,,notes=study_terminal_status=included_coder_agreed_correlation_rows_status_draft; final_freeze_handling=Carry coder-agreed correlation rows from combined coder values into final full-corpus freeze application/QA; keep Step 5 inactive.; notes=Metadata/status differences only; 21 of 21 unique agreed rows have at least one coded source-location entry. No new source-value adjudication record was created.; audit_status=completed. Application QA draft only; Step 5 remains inactive until final full-corpus freeze authorization is recorded. Frozen on 2026-06-09 under explicit caveat-preservation authorization.,likely_false_positive_one_construct_not_human_supported,do_not_add_unless_reopened_by_source_evidence,Only one construct is human/frozen-supported for this study; missing construct=UB. This usually indicates AI term-hit overreach or unapproved remap.,AI anxiety;ANX;anxiety;apprehension;fear,actual use;usage behavior;use,correlations;fornell;larcker;latent;table,/Users/newhosung/Library/CloudStorage/OneDrive-SharedLibraries-ThePennsylvaniaStateUniversity/AI Adoption Meta Analysis - Documents/Meta/AI Adoption/PDFs/S036.pdf,candidate_only_not_analytic_input_until_human_confirmed
possible_densification_source_review_candidate,ai_candidate_only_missing_pair_no_value_added,S036,ATT-BI,ATT,BI,,21,24,ANX;BI;EE;PE;SE;SI;TRU,no,yes,no,,notes=study_terminal_status=included_coder_agreed_correlation_rows_status_draft; final_freeze_handling=Carry coder-agreed correlation rows from combined coder values into final full-corpus freeze application/QA; keep Step 5 inactive.; notes=Metadata/status differences only; 21 of 21 unique agreed rows have at least one coded source-location entry. No new source-value adjudication record was created.; audit_status=completed. Application QA draft only; Step 5 remains inactive until final full-corpus freeze authorization is recorded. Frozen on 2026-06-09 under explicit caveat-preservation authorization.,likely_false_positive_one_construct_not_human_supported,do_not_add_unless_reopened_by_source_evidence,Only one construct is human/frozen-supported for this study; missing construct=ATT. This usually indicates AI term-hit overreach or unapproved remap.,attitude;attitude toward;attitudes,BI;behavioral intention;behavioural intention;continuance intention;intention to use,correlations;fornell;larcker;latent;table,/Users/newhosung/Library/CloudStorage/OneDrive-SharedLibraries-ThePennsylvaniaStateUniversity/AI Adoption Meta Analysis - Documents/Meta/AI Adoption/PDFs/S036.pdf,candidate_only_not_analytic_input_until_human_confirmed
possible_densification_source_review_candidate,ai_candidate_only_missing_pair_no_value_added,S036,ATT-EE,ATT,EE,,21,24,ANX;BI;EE;PE;SE;SI;TRU,no,yes,no,,notes=study_terminal_status=included_coder_agreed_correlation_rows_status_draft; final_freeze_handling=Carry coder-agreed correlation rows from combined coder values into final full-corpus freeze application/QA; keep Step 5 inactive.; notes=Metadata/status differences only; 21 of 21 unique agreed rows have at least one coded source-location entry. No new source-value adjudication record was created.; audit_status=completed. Application QA draft only; Step 5 remains inactive until final full-corpus freeze authorization is recorded. Frozen on 2026-06-09 under explicit caveat-preservation authorization.,likely_false_positive_one_construct_not_human_supported,do_not_add_unless_reopened_by_source_evidence,Only one construct is human/frozen-supported for this study; missing construct=ATT. This usually indicates AI term-hit overreach or unapproved remap.,attitude;attitude toward;attitudes,EE;PEOU;ease of use;easy to use;perceived ease of use,correlations;fornell;larcker;latent;table,/Users/newhosung/Library/CloudStorage/OneDrive-SharedLibraries-ThePennsylvaniaStateUniversity/AI Adoption Meta Analysis - Documents/Meta/AI Adoption/PDFs/S036.pdf,candidate_only_not_analytic_input_until_human_confirmed
possible_densification_source_review_candidate,ai_candidate_only_missing_pair_no_value_added,S036,ATT-PE,ATT,PE,,21,24,ANX;BI;EE;PE;SE;SI;TRU,no,yes,no,,notes=study_terminal_status=included_coder_agreed_correlation_rows_status_draft; final_freeze_handling=Carry coder-agreed correlation rows from combined coder values into final full-corpus freeze application/QA; keep Step 5 inactive.; notes=Metadata/status differences only; 21 of 21 unique agreed rows have at least one coded source-location entry. No new source-value adjudication record was created.; audit_status=completed. Application QA draft only; Step 5 remains inactive until final full-corpus freeze authorization is recorded. Frozen on 2026-06-09 under explicit caveat-preservation authorization.,likely_false_positive_one_construct_not_human_supported,do_not_add_unless_reopened_by_source_evidence,Only one construct is human/frozen-supported for this study; missing construct=ATT. This usually indicates AI term-hit overreach or unapproved remap.,attitude;attitude toward;attitudes,PE;PU;perceived usefulness;useful;usefulness,correlations;fornell;larcker;latent;table,/Users/newhosung/Library/CloudStorage/OneDrive-SharedLibraries-ThePennsylvaniaStateUniversity/AI Adoption Meta Analysis - Documents/Meta/AI Adoption/PDFs/S036.pdf,candidate_only_not_analytic_input_until_human_confirmed
possible_densification_source_review_candidate,ai_candidate_only_missing_pair_no_value_added,S036,ATT-SE,ATT,SE,,21,24,ANX;BI;EE;PE;SE;SI;TRU,no,yes,no,,notes=study_terminal_status=included_coder_agreed_correlation_rows_status_draft; final_freeze_handling=Carry coder-agreed correlation rows from combined coder values into final full-corpus freeze application/QA; keep Step 5 inactive.; notes=Metadata/status differences only; 21 of 21 unique agreed rows have at least one coded source-location entry. No new source-value adjudication record was created.; audit_status=completed. Application QA draft only; Step 5 remains inactive until final full-corpus freeze authorization is recorded. Frozen on 2026-06-09 under explicit caveat-preservation authorization.,likely_false_positive_one_construct_not_human_supported,do_not_add_unless_reopened_by_source_evidence,Only one construct is human/frozen-supported for this study; missing construct=ATT. This usually indicates AI term-hit overreach or unapproved remap.,attitude;attitude toward;attitudes,AI self-efficacy;SE;computer self-efficacy;efficacy;self-efficacy,correlations;fornell;larcker;latent;table,/Users/newhosung/Library/CloudStorage/OneDrive-SharedLibraries-ThePennsylvaniaStateUniversity/AI Adoption Meta Analysis - Documents/Meta/AI Adoption/PDFs/S036.pdf,candidate_only_not_analytic_input_until_human_confirmed
possible_densification_source_review_candidate,ai_candidate_only_missing_pair_no_value_added,S036,ATT-SI,ATT,SI,,21,24,ANX;BI;EE;PE;SE;SI;TRU,no,yes,no,,notes=study_terminal_status=included_coder_agreed_correlation_rows_status_draft; final_freeze_handling=Carry coder-agreed correlation rows from combined coder values into final full-corpus freeze application/QA; keep Step 5 inactive.; notes=Metadata/status differences only; 21 of 21 unique agreed rows have at least one coded source-location entry. No new source-value adjudication record was created.; audit_status=completed. Application QA draft only; Step 5 remains inactive until final full-corpus freeze authorization is recorded. Frozen on 2026-06-09 under explicit caveat-preservation authorization.,likely_false_positive_one_construct_not_human_supported,do_not_add_unless_reopened_by_source_evidence,Only one construct is human/frozen-supported for this study; missing construct=ATT. This usually indicates AI term-hit overreach or unapproved remap.,attitude;attitude toward;attitudes,SI;social influence,correlations;fornell;larcker;latent;table,/Users/newhosung/Library/CloudStorage/OneDrive-SharedLibraries-ThePennsylvaniaStateUniversity/AI Adoption Meta Analysis - Documents/Meta/AI Adoption/PDFs/S036.pdf,candidate_only_not_analytic_input_until_human_confirmed
possible_densification_source_review_candidate,ai_candidate_only_missing_pair_no_value_added,S036,ATT-TRU,ATT,TRU,,21,24,ANX;BI;EE;PE;SE;SI;TRU,no,yes,no,,notes=study_terminal_status=included_coder_agreed_correlation_rows_status_draft; final_freeze_handling=Carry coder-agreed correlation rows from combined coder values into final full-corpus freeze application/QA; keep Step 5 inactive.; notes=Metadata/status differences only; 21 of 21 unique agreed rows have at least one coded source-location entry. No new source-value adjudication record was created.; audit_status=completed. Application QA draft only; Step 5 remains inactive until final full-corpus freeze authorization is recorded. Frozen on 2026-06-09 under explicit caveat-preservation authorization.,likely_false_positive_one_construct_not_human_supported,do_not_add_unless_reopened_by_source_evidence,Only one construct is human/frozen-supported for this study; missing construct=ATT. This usually indicates AI term-hit overreach or unapproved remap.,attitude;attitude toward;attitudes,TRU;trust,correlations;fornell;larcker;latent;table,/Users/newhosung/Library/CloudStorage/OneDrive-SharedLibraries-ThePennsylvaniaStateUniversity/AI Adoption Meta Analysis - Documents/Meta/AI Adoption/PDFs/S036.pdf,candidate_only_not_analytic_input_until_human_confirmed
possible_densification_source_review_candidate,ai_candidate_only_missing_pair_no_value_added,S036,BI-FC,BI,FC,,21,24,ANX;BI;EE;PE;SE;SI;TRU,yes,no,no,,notes=study_terminal_status=included_coder_agreed_correlation_rows_status_draft; final_freeze_handling=Carry coder-agreed correlation rows from combined coder values into final full-corpus freeze application/QA; keep Step 5 inactive.; notes=Metadata/status differences only; 21 of 21 unique agreed rows have at least one coded source-location entry. No new source-value adjudication record was created.; audit_status=completed. Application QA draft only; Step 5 remains inactive until final full-corpus freeze authorization is recorded. Frozen on 2026-06-09 under explicit caveat-preservation authorization.,likely_false_positive_one_construct_not_human_supported,do_not_add_unless_reopened_by_source_evidence,Only one construct is human/frozen-supported for this study; missing construct=FC. This usually indicates AI term-hit overreach or unapproved remap.,BI;behavioral intention;behavioural intention;continuance intention;intention to use,FC;resources;support,correlations;fornell;larcker;latent;table,/Users/newhosung/Library/CloudStorage/OneDrive-SharedLibraries-ThePennsylvaniaStateUniversity/AI Adoption Meta Analysis - Documents/Meta/AI Adoption/PDFs/S036.pdf,candidate_only_not_analytic_input_until_human_confirmed
possible_densification_source_review_candidate,ai_candidate_only_missing_pair_no_value_added,S036,BI-UB,BI,UB,,21,24,ANX;BI;EE;PE;SE;SI;TRU,yes,no,no,,notes=study_terminal_status=included_coder_agreed_correlation_rows_status_draft; final_freeze_handling=Carry coder-agreed correlation rows from combined coder values into final full-corpus freeze application/QA; keep Step 5 inactive.; notes=Metadata/status differences only; 21 of 21 unique agreed rows have at least one coded source-location entry. No new source-value adjudication record was created.; audit_status=completed. Application QA draft only; Step 5 remains inactive until final full-corpus freeze authorization is recorded. Frozen on 2026-06-09 under explicit caveat-preservation authorization.,likely_false_positive_one_construct_not_human_supported,do_not_add_unless_reopened_by_source_evidence,Only one construct is human/frozen-supported for this study; missing construct=UB. This usually indicates AI term-hit overreach or unapproved remap.,BI;behavioral intention;behavioural intention;continuance intention;intention to use,actual use;usage behavior;use,correlations;fornell;larcker;latent;table,/Users/newhosung/Library/CloudStorage/OneDrive-SharedLibraries-ThePennsylvaniaStateUniversity/AI Adoption Meta Analysis - Documents/Meta/AI Adoption/PDFs/S036.pdf,candidate_only_not_analytic_input_until_human_confirmed
possible_densification_source_review_candidate,ai_candidate_only_missing_pair_no_value_added,S036,EE-FC,EE,FC,,21,24,ANX;BI;EE;PE;SE;SI;TRU,yes,no,no,,notes=study_terminal_status=included_coder_agreed_correlation_rows_status_draft; final_freeze_handling=Carry coder-agreed correlation rows from combined coder values into final full-corpus freeze application/QA; keep Step 5 inactive.; notes=Metadata/status differences only; 21 of 21 unique agreed rows have at least one coded source-location entry. No new source-value adjudication record was created.; audit_status=completed. Application QA draft only; Step 5 remains inactive until final full-corpus freeze authorization is recorded. Frozen on 2026-06-09 under explicit caveat-preservation authorization.,likely_false_positive_one_construct_not_human_supported,do_not_add_unless_reopened_by_source_evidence,Only one construct is human/frozen-supported for this study; missing construct=FC. This usually indicates AI term-hit overreach or unapproved remap.,EE;PEOU;ease of use;easy to use;perceived ease of use,FC;resources;support,correlations;fornell;larcker;latent;table,/Users/newhosung/Library/CloudStorage/OneDrive-SharedLibraries-ThePennsylvaniaStateUniversity/AI Adoption Meta Analysis - Documents/Meta/AI Adoption/PDFs/S036.pdf,candidate_only_not_analytic_input_until_human_confirmed
possible_densification_source_review_candidate,ai_candidate_only_missing_pair_no_value_added,S036,EE-UB,EE,UB,,21,24,ANX;BI;EE;PE;SE;SI;TRU,yes,no,no,,notes=study_terminal_status=included_coder_agreed_correlation_rows_status_draft; final_freeze_handling=Carry coder-agreed correlation rows from combined coder values into final full-corpus freeze application/QA; keep Step 5 inactive.; notes=Metadata/status differences only; 21 of 21 unique agreed rows have at least one coded source-location entry. No new source-value adjudication record was created.; audit_status=completed. Application QA draft only; Step 5 remains inactive until final full-corpus freeze authorization is recorded. Frozen on 2026-06-09 under explicit caveat-preservation authorization.,likely_false_positive_one_construct_not_human_supported,do_not_add_unless_reopened_by_source_evidence,Only one construct is human/frozen-supported for this study; missing construct=UB. This usually indicates AI term-hit overreach or unapproved remap.,EE;PEOU;ease of use;easy to use;perceived ease of use,actual use;usage behavior;use,correlations;fornell;larcker;latent;table,/Users/newhosung/Library/CloudStorage/OneDrive-SharedLibraries-ThePennsylvaniaStateUniversity/AI Adoption Meta Analysis - Documents/Meta/AI Adoption/PDFs/S036.pdf,candidate_only_not_analytic_input_until_human_confirmed
possible_densification_source_review_candidate,ai_candidate_only_missing_pair_no_value_added,S036,FC-PE,FC,PE,,21,24,ANX;BI;EE;PE;SE;SI;TRU,no,yes,no,,notes=study_terminal_status=included_coder_agreed_correlation_rows_status_draft; final_freeze_handling=Carry coder-agreed correlation rows from combined coder values into final full-corpus freeze application/QA; keep Step 5 inactive.; notes=Metadata/status differences only; 21 of 21 unique agreed rows have at least one coded source-location entry. No new source-value adjudication record was created.; audit_status=completed. Application QA draft only; Step 5 remains inactive until final full-corpus freeze authorization is recorded. Frozen on 2026-06-09 under explicit caveat-preservation authorization.,likely_false_positive_one_construct_not_human_supported,do_not_add_unless_reopened_by_source_evidence,Only one construct is human/frozen-supported for this study; missing construct=FC. This usually indicates AI term-hit overreach or unapproved remap.,FC;resources;support,PE;PU;perceived usefulness;useful;usefulness,correlations;fornell;larcker;latent;table,/Users/newhosung/Library/CloudStorage/OneDrive-SharedLibraries-ThePennsylvaniaStateUniversity/AI Adoption Meta Analysis - Documents/Meta/AI Adoption/PDFs/S036.pdf,candidate_only_not_analytic_input_until_human_confirmed
possible_densification_source_review_candidate,ai_candidate_only_missing_pair_no_value_added,S036,FC-SE,FC,SE,,21,24,ANX;BI;EE;PE;SE;SI;TRU,no,yes,no,,notes=study_terminal_status=included_coder_agreed_correlation_rows_status_draft; final_freeze_handling=Carry coder-agreed correlation rows from combined coder values into final full-corpus freeze application/QA; keep Step 5 inactive.; notes=Metadata/status differences only; 21 of 21 unique agreed rows have at least one coded source-location entry. No new source-value adjudication record was created.; audit_status=completed. Application QA draft only; Step 5 remains inactive until final full-corpus freeze authorization is recorded. Frozen on 2026-06-09 under explicit caveat-preservation authorization.,likely_false_positive_one_construct_not_human_supported,do_not_add_unless_reopened_by_source_evidence,Only one construct is human/frozen-supported for this study; missing construct=FC. This usually indicates AI term-hit overreach or unapproved remap.,FC;resources;support,AI self-efficacy;SE;computer self-efficacy;efficacy;self-efficacy,correlations;fornell;larcker;latent;table,/Users/newhosung/Library/CloudStorage/OneDrive-SharedLibraries-ThePennsylvaniaStateUniversity/AI Adoption Meta Analysis - Documents/Meta/AI Adoption/PDFs/S036.pdf,candidate_only_not_analytic_input_until_human_confirmed
possible_densification_source_review_candidate,ai_candidate_only_missing_pair_no_value_added,S036,FC-SI,FC,SI,,21,24,ANX;BI;EE;PE;SE;SI;TRU,no,yes,no,,notes=study_terminal_status=included_coder_agreed_correlation_rows_status_draft; final_freeze_handling=Carry coder-agreed correlation rows from combined coder values into final full-corpus freeze application/QA; keep Step 5 inactive.; notes=Metadata/status differences only; 21 of 21 unique agreed rows have at least one coded source-location entry. No new source-value adjudication record was created.; audit_status=completed. Application QA draft only; Step 5 remains inactive until final full-corpus freeze authorization is recorded. Frozen on 2026-06-09 under explicit caveat-preservation authorization.,likely_false_positive_one_construct_not_human_supported,do_not_add_unless_reopened_by_source_evidence,Only one construct is human/frozen-supported for this study; missing construct=FC. This usually indicates AI term-hit overreach or unapproved remap.,FC;resources;support,SI;social influence,correlations;fornell;larcker;latent;table,/Users/newhosung/Library/CloudStorage/OneDrive-SharedLibraries-ThePennsylvaniaStateUniversity/AI Adoption Meta Analysis - Documents/Meta/AI Adoption/PDFs/S036.pdf,candidate_only_not_analytic_input_until_human_confirmed
possible_densification_source_review_candidate,ai_candidate_only_missing_pair_no_value_added,S036,FC-TRU,FC,TRU,,21,24,ANX;BI;EE;PE;SE;SI;TRU,no,yes,no,,notes=study_terminal_status=included_coder_agreed_correlation_rows_status_draft; final_freeze_handling=Carry coder-agreed correlation rows from combined coder values into final full-corpus freeze application/QA; keep Step 5 inactive.; notes=Metadata/status differences only; 21 of 21 unique agreed rows have at least one coded source-location entry. No new source-value adjudication record was created.; audit_status=completed. Application QA draft only; Step 5 remains inactive until final full-corpus freeze authorization is recorded. Frozen on 2026-06-09 under explicit caveat-preservation authorization.,likely_false_positive_one_construct_not_human_supported,do_not_add_unless_reopened_by_source_evidence,Only one construct is human/frozen-supported for this study; missing construct=FC. This usually indicates AI term-hit overreach or unapproved remap.,FC;resources;support,TRU;trust,correlations;fornell;larcker;latent;table,/Users/newhosung/Library/CloudStorage/OneDrive-SharedLibraries-ThePennsylvaniaStateUniversity/AI Adoption Meta Analysis - Documents/Meta/AI Adoption/PDFs/S036.pdf,candidate_only_not_analytic_input_until_human_confirmed
possible_densification_source_review_candidate,ai_candidate_only_missing_pair_no_value_added,S036,PE-UB,PE,UB,,21,24,ANX;BI;EE;PE;SE;SI;TRU,yes,no,no,,notes=study_terminal_status=included_coder_agreed_correlation_rows_status_draft; final_freeze_handling=Carry coder-agreed correlation rows from combined coder values into final full-corpus freeze application/QA; keep Step 5 inactive.; notes=Metadata/status differences only; 21 of 21 unique agreed rows have at least one coded source-location entry. No new source-value adjudication record was created.; audit_status=completed. Application QA draft only; Step 5 remains inactive until final full-corpus freeze authorization is recorded. Frozen on 2026-06-09 under explicit caveat-preservation authorization.,likely_false_positive_one_construct_not_human_supported,do_not_add_unless_reopened_by_source_evidence,Only one construct is human/frozen-supported for this study; missing construct=UB. This usually indicates AI term-hit overreach or unapproved remap.,PE;PU;perceived usefulness;useful;usefulness,actual use;usage behavior;use,correlations;fornell;larcker;latent;table,/Users/newhosung/Library/CloudStorage/OneDrive-SharedLibraries-ThePennsylvaniaStateUniversity/AI Adoption Meta Analysis - Documents/Meta/AI Adoption/PDFs/S036.pdf,candidate_only_not_analytic_input_until_human_confirmed
possible_densification_source_review_candidate,ai_candidate_only_missing_pair_no_value_added,S036,SE-UB,SE,UB,,21,24,ANX;BI;EE;PE;SE;SI;TRU,yes,no,no,,notes=study_terminal_status=included_coder_agreed_correlation_rows_status_draft; final_freeze_handling=Carry coder-agreed correlation rows from combined coder values into final full-corpus freeze application/QA; keep Step 5 inactive.; notes=Metadata/status differences only; 21 of 21 unique agreed rows have at least one coded source-location entry. No new source-value adjudication record was created.; audit_status=completed. Application QA draft only; Step 5 remains inactive until final full-corpus freeze authorization is recorded. Frozen on 2026-06-09 under explicit caveat-preservation authorization.,likely_false_positive_one_construct_not_human_supported,do_not_add_unless_reopened_by_source_evidence,Only one construct is human/frozen-supported for this study; missing construct=UB. This usually indicates AI term-hit overreach or unapproved remap.,AI self-efficacy;SE;computer self-efficacy;efficacy;self-efficacy,actual use;usage behavior;use,correlations;fornell;larcker;latent;table,/Users/newhosung/Library/CloudStorage/OneDrive-SharedLibraries-ThePennsylvaniaStateUniversity/AI Adoption Meta Analysis - Documents/Meta/AI Adoption/PDFs/S036.pdf,candidate_only_not_analytic_input_until_human_confirmed
possible_densification_source_review_candidate,ai_candidate_only_missing_pair_no_value_added,S036,SI-UB,SI,UB,,21,24,ANX;BI;EE;PE;SE;SI;TRU,yes,no,no,,notes=study_terminal_status=included_coder_agreed_correlation_rows_status_draft; final_freeze_handling=Carry coder-agreed correlation rows from combined coder values into final full-corpus freeze application/QA; keep Step 5 inactive.; notes=Metadata/status differences only; 21 of 21 unique agreed rows have at least one coded source-location entry. No new source-value adjudication record was created.; audit_status=completed. Application QA draft only; Step 5 remains inactive until final full-corpus freeze authorization is recorded. Frozen on 2026-06-09 under explicit caveat-preservation authorization.,likely_false_positive_one_construct_not_human_supported,do_not_add_unless_reopened_by_source_evidence,Only one construct is human/frozen-supported for this study; missing construct=UB. This usually indicates AI term-hit overreach or unapproved remap.,SI;social influence,actual use;usage behavior;use,correlations;fornell;larcker;latent;table,/Users/newhosung/Library/CloudStorage/OneDrive-SharedLibraries-ThePennsylvaniaStateUniversity/AI Adoption Meta Analysis - Documents/Meta/AI Adoption/PDFs/S036.pdf,candidate_only_not_analytic_input_until_human_confirmed
possible_densification_source_review_candidate,ai_candidate_only_missing_pair_no_value_added,S036,TRU-UB,TRU,UB,,21,24,ANX;BI;EE;PE;SE;SI;TRU,yes,no,no,,notes=study_terminal_status=included_coder_agreed_correlation_rows_status_draft; final_freeze_handling=Carry coder-agreed correlation rows from combined coder values into final full-corpus freeze application/QA; keep Step 5 inactive.; notes=Metadata/status differences only; 21 of 21 unique agreed rows have at least one coded source-location entry. No new source-value adjudication record was created.; audit_status=completed. Application QA draft only; Step 5 remains inactive until final full-corpus freeze authorization is recorded. Frozen on 2026-06-09 under explicit caveat-preservation authorization.,likely_false_positive_one_construct_not_human_supported,do_not_add_unless_reopened_by_source_evidence,Only one construct is human/frozen-supported for this study; missing construct=UB. This usually indicates AI term-hit overreach or unapproved remap.,TRU;trust,actual use;usage behavior;use,correlations;fornell;larcker;latent;table,/Users/newhosung/Library/CloudStorage/OneDrive-SharedLibraries-ThePennsylvaniaStateUniversity/AI Adoption Meta Analysis - Documents/Meta/AI Adoption/PDFs/S036.pdf,candidate_only_not_analytic_input_until_human_confirmed
possible_densification_source_review_candidate,ai_candidate_only_missing_pair_no_value_added,S048,ANX-ATT,ANX,ATT,,21,24,ATT;BI;EE;FC;PE;SI;TRU;UB,no,yes,no,,notes=Application QA draft only; Step 5 remains inactive until final full-corpus freeze authorization is recorded. Frozen on 2026-06-09 under explicit caveat-preservation authorization.,likely_false_positive_one_construct_not_human_supported,do_not_add_unless_reopened_by_source_evidence,Only one construct is human/frozen-supported for this study; missing construct=ANX. This usually indicates AI term-hit overreach or unapproved remap.,anxiety,ATT;attitude;attitudes,correlation;correlations;fornell;larcker;latent;matrix;pearson;table,/Users/newhosung/Library/CloudStorage/OneDrive-SharedLibraries-ThePennsylvaniaStateUniversity/AI Adoption Meta Analysis - Documents/Meta/AI Adoption/PDFs/S048.pdf,candidate_only_not_analytic_input_until_human_confirmed
possible_densification_source_review_candidate,ai_candidate_only_missing_pair_no_value_added,S048,ANX-BI,ANX,BI,,21,24,ATT;BI;EE;FC;PE;SI;TRU;UB,no,yes,no,,notes=Application QA draft only; Step 5 remains inactive until final full-corpus freeze authorization is recorded. Frozen on 2026-06-09 under explicit caveat-preservation authorization.,likely_false_positive_one_construct_not_human_supported,do_not_add_unless_reopened_by_source_evidence,Only one construct is human/frozen-supported for this study; missing construct=ANX. This usually indicates AI term-hit overreach or unapproved remap.,anxiety,BI;behavioural intention;continuance intention;intention to use,correlation;correlations;fornell;larcker;latent;matrix;pearson;table,/Users/newhosung/Library/CloudStorage/OneDrive-SharedLibraries-ThePennsylvaniaStateUniversity/AI Adoption Meta Analysis - Documents/Meta/AI Adoption/PDFs/S048.pdf,candidate_only_not_analytic_input_until_human_confirmed
possible_densification_source_review_candidate,ai_candidate_only_missing_pair_no_value_added,S048,ANX-EE,ANX,EE,,21,24,ATT;BI;EE;FC;PE;SI;TRU;UB,no,yes,no,,notes=Application QA draft only; Step 5 remains inactive until final full-corpus freeze authorization is recorded. Frozen on 2026-06-09 under explicit caveat-preservation authorization.,likely_false_positive_one_construct_not_human_supported,do_not_add_unless_reopened_by_source_evidence,Only one construct is human/frozen-supported for this study; missing construct=ANX. This usually indicates AI term-hit overreach or unapproved remap.,anxiety,EE;ease of use;easy to use;effort expectancy;perceived ease of use,correlation;correlations;fornell;larcker;latent;matrix;pearson;table,/Users/newhosung/Library/CloudStorage/OneDrive-SharedLibraries-ThePennsylvaniaStateUniversity/AI Adoption Meta Analysis - Documents/Meta/AI Adoption/PDFs/S048.pdf,candidate_only_not_analytic_input_until_human_confirmed
possible_densification_source_review_candidate,ai_candidate_only_missing_pair_no_value_added,S048,ANX-FC,ANX,FC,,21,24,ATT;BI;EE;FC;PE;SI;TRU;UB,no,yes,no,,notes=Application QA draft only; Step 5 remains inactive until final full-corpus freeze authorization is recorded. Frozen on 2026-06-09 under explicit caveat-preservation authorization.,likely_false_positive_one_construct_not_human_supported,do_not_add_unless_reopened_by_source_evidence,Only one construct is human/frozen-supported for this study; missing construct=ANX. This usually indicates AI term-hit overreach or unapproved remap.,anxiety,FC;facilitating;facilitating condition;facilitating conditions;resources;support,correlation;correlations;fornell;larcker;latent;matrix;pearson;table,/Users/newhosung/Library/CloudStorage/OneDrive-SharedLibraries-ThePennsylvaniaStateUniversity/AI Adoption Meta Analysis - Documents/Meta/AI Adoption/PDFs/S048.pdf,candidate_only_not_analytic_input_until_human_confirmed
possible_densification_source_review_candidate,ai_candidate_only_missing_pair_no_value_added,S048,ANX-PE,ANX,PE,,21,24,ATT;BI;EE;FC;PE;SI;TRU;UB,no,yes,no,,notes=Application QA draft only; Step 5 remains inactive until final full-corpus freeze authorization is recorded. Frozen on 2026-06-09 under explicit caveat-preservation authorization.,likely_false_positive_one_construct_not_human_supported,do_not_add_unless_reopened_by_source_evidence,Only one construct is human/frozen-supported for this study; missing construct=ANX. This usually indicates AI term-hit overreach or unapproved remap.,anxiety,PE;performance expectancy;useful;usefulness,correlation;correlations;fornell;larcker;latent;matrix;pearson;table,/Users/newhosung/Library/CloudStorage/OneDrive-SharedLibraries-ThePennsylvaniaStateUniversity/AI Adoption Meta Analysis - Documents/Meta/AI Adoption/PDFs/S048.pdf,candidate_only_not_analytic_input_until_human_confirmed
possible_densification_source_review_candidate,ai_candidate_only_missing_pair_no_value_added,S048,ANX-SI,ANX,SI,,21,24,ATT;BI;EE;FC;PE;SI;TRU;UB,no,yes,no,,notes=Application QA draft only; Step 5 remains inactive until final full-corpus freeze authorization is recorded. Frozen on 2026-06-09 under explicit caveat-preservation authorization.,likely_false_positive_one_construct_not_human_supported,do_not_add_unless_reopened_by_source_evidence,Only one construct is human/frozen-supported for this study; missing construct=ANX. This usually indicates AI term-hit overreach or unapproved remap.,anxiety,SI;social influence,correlation;correlations;fornell;larcker;latent;matrix;pearson;table,/Users/newhosung/Library/CloudStorage/OneDrive-SharedLibraries-ThePennsylvaniaStateUniversity/AI Adoption Meta Analysis - Documents/Meta/AI Adoption/PDFs/S048.pdf,candidate_only_not_analytic_input_until_human_confirmed
possible_densification_source_review_candidate,ai_candidate_only_missing_pair_no_value_added,S048,ANX-TRU,ANX,TRU,,21,24,ATT;BI;EE;FC;PE;SI;TRU;UB,no,yes,no,,notes=Application QA draft only; Step 5 remains inactive until final full-corpus freeze authorization is recorded. Frozen on 2026-06-09 under explicit caveat-preservation authorization.,likely_false_positive_one_construct_not_human_supported,do_not_add_unless_reopened_by_source_evidence,Only one construct is human/frozen-supported for this study; missing construct=ANX. This usually indicates AI term-hit overreach or unapproved remap.,anxiety,TRU;trust,correlation;correlations;fornell;larcker;latent;matrix;pearson;table,/Users/newhosung/Library/CloudStorage/OneDrive-SharedLibraries-ThePennsylvaniaStateUniversity/AI Adoption Meta Analysis - Documents/Meta/AI Adoption/PDFs/S048.pdf,candidate_only_not_analytic_input_until_human_confirmed
possible_densification_source_review_candidate,ai_candidate_only_missing_pair_no_value_added,S048,ANX-UB,ANX,UB,,21,24,ATT;BI;EE;FC;PE;SI;TRU;UB,no,yes,no,,notes=Application QA draft only; Step 5 remains inactive until final full-corpus freeze authorization is recorded. Frozen on 2026-06-09 under explicit caveat-preservation authorization.,likely_false_positive_one_construct_not_human_supported,do_not_add_unless_reopened_by_source_evidence,Only one construct is human/frozen-supported for this study; missing construct=ANX. This usually indicates AI term-hit overreach or unapproved remap.,anxiety,UB;actual use;usage behavior;usage behaviour;use;use behaviour,correlation;correlations;fornell;larcker;latent;matrix;pearson;table,/Users/newhosung/Library/CloudStorage/OneDrive-SharedLibraries-ThePennsylvaniaStateUniversity/AI Adoption Meta Analysis - Documents/Meta/AI Adoption/PDFs/S048.pdf,candidate_only_not_analytic_input_until_human_confirmed
possible_densification_source_review_candidate,ai_candidate_only_missing_pair_no_value_added,S051,ATT-BI,ATT,BI,,21,24,ANX;BI;EE;FC;PE;SI;UB,no,yes,no,,"notes=draft_status=included_partial_row_draft; decision_summary=Do not map Perceived Risk to ANX; include R1 direct EE-FC=.59, EE-PE=.48, and FC-PE=.47.; notes=Partial row draft only. Application QA draft only; Step 5 remains inactive until final full-corpus freeze authorization is recorded. Frozen on 2026-06-09 under explicit caveat-preservation authorization.",likely_false_positive_one_construct_not_human_supported,do_not_add_unless_reopened_by_source_evidence,Only one construct is human/frozen-supported for this study; missing construct=ATT. This usually indicates AI term-hit overreach or unapproved remap.,attitudes,BI;behavioral intention;intention to use;usage intention,correlations;latent;table,/Users/newhosung/Library/CloudStorage/OneDrive-SharedLibraries-ThePennsylvaniaStateUniversity/AI Adoption Meta Analysis - Documents/Meta/AI Adoption/PDFs/S051.pdf,candidate_only_not_analytic_input_until_human_confirmed
possible_densification_source_review_candidate,ai_candidate_only_missing_pair_no_value_added,S051,ATT-EE,ATT,EE,,21,24,ANX;BI;EE;FC;PE;SI;UB,no,yes,no,,"notes=draft_status=included_partial_row_draft; decision_summary=Do not map Perceived Risk to ANX; include R1 direct EE-FC=.59, EE-PE=.48, and FC-PE=.47.; notes=Partial row draft only. Application QA draft only; Step 5 remains inactive until final full-corpus freeze authorization is recorded. Frozen on 2026-06-09 under explicit caveat-preservation authorization.",likely_false_positive_one_construct_not_human_supported,do_not_add_unless_reopened_by_source_evidence,Only one construct is human/frozen-supported for this study; missing construct=ATT. This usually indicates AI term-hit overreach or unapproved remap.,attitudes,EE;ease of use;effort expectancy;perceived ease of use,correlations;latent;table,/Users/newhosung/Library/CloudStorage/OneDrive-SharedLibraries-ThePennsylvaniaStateUniversity/AI Adoption Meta Analysis - Documents/Meta/AI Adoption/PDFs/S051.pdf,candidate_only_not_analytic_input_until_human_confirmed
possible_densification_source_review_candidate,ai_candidate_only_missing_pair_no_value_added,S051,ATT-FC,ATT,FC,,21,24,ANX;BI;EE;FC;PE;SI;UB,no,yes,no,,"notes=draft_status=included_partial_row_draft; decision_summary=Do not map Perceived Risk to ANX; include R1 direct EE-FC=.59, EE-PE=.48, and FC-PE=.47.; notes=Partial row draft only. Application QA draft only; Step 5 remains inactive until final full-corpus freeze authorization is recorded. Frozen on 2026-06-09 under explicit caveat-preservation authorization.",likely_false_positive_one_construct_not_human_supported,do_not_add_unless_reopened_by_source_evidence,Only one construct is human/frozen-supported for this study; missing construct=ATT. This usually indicates AI term-hit overreach or unapproved remap.,attitudes,FC;facilitating;facilitating conditions;resources;support,correlations;latent;table,/Users/newhosung/Library/CloudStorage/OneDrive-SharedLibraries-ThePennsylvaniaStateUniversity/AI Adoption Meta Analysis - Documents/Meta/AI Adoption/PDFs/S051.pdf,candidate_only_not_analytic_input_until_human_confirmed
possible_densification_source_review_candidate,ai_candidate_only_missing_pair_no_value_added,S051,ATT-PE,ATT,PE,,21,24,ANX;BI;EE;FC;PE;SI;UB,no,yes,no,,"notes=draft_status=included_partial_row_draft; decision_summary=Do not map Perceived Risk to ANX; include R1 direct EE-FC=.59, EE-PE=.48, and FC-PE=.47.; notes=Partial row draft only. Application QA draft only; Step 5 remains inactive until final full-corpus freeze authorization is recorded. Frozen on 2026-06-09 under explicit caveat-preservation authorization.",likely_false_positive_one_construct_not_human_supported,do_not_add_unless_reopened_by_source_evidence,Only one construct is human/frozen-supported for this study; missing construct=ATT. This usually indicates AI term-hit overreach or unapproved remap.,attitudes,PE;perceived usefulness;performance expectancy;usefulness,correlations;latent;table,/Users/newhosung/Library/CloudStorage/OneDrive-SharedLibraries-ThePennsylvaniaStateUniversity/AI Adoption Meta Analysis - Documents/Meta/AI Adoption/PDFs/S051.pdf,candidate_only_not_analytic_input_until_human_confirmed
possible_densification_source_review_candidate,ai_candidate_only_missing_pair_no_value_added,S051,ATT-SI,ATT,SI,,21,24,ANX;BI;EE;FC;PE;SI;UB,no,yes,no,,"notes=draft_status=included_partial_row_draft; decision_summary=Do not map Perceived Risk to ANX; include R1 direct EE-FC=.59, EE-PE=.48, and FC-PE=.47.; notes=Partial row draft only. Application QA draft only; Step 5 remains inactive until final full-corpus freeze authorization is recorded. Frozen on 2026-06-09 under explicit caveat-preservation authorization.",likely_false_positive_one_construct_not_human_supported,do_not_add_unless_reopened_by_source_evidence,Only one construct is human/frozen-supported for this study; missing construct=ATT. This usually indicates AI term-hit overreach or unapproved remap.,attitudes,SI;social influence,correlations;latent;table,/Users/newhosung/Library/CloudStorage/OneDrive-SharedLibraries-ThePennsylvaniaStateUniversity/AI Adoption Meta Analysis - Documents/Meta/AI Adoption/PDFs/S051.pdf,candidate_only_not_analytic_input_until_human_confirmed
possible_densification_source_review_candidate,ai_candidate_only_missing_pair_no_value_added,S051,ATT-UB,ATT,UB,,21,24,ANX;BI;EE;FC;PE;SI;UB,no,yes,no,,"notes=draft_status=included_partial_row_draft; decision_summary=Do not map Perceived Risk to ANX; include R1 direct EE-FC=.59, EE-PE=.48, and FC-PE=.47.; notes=Partial row draft only. Application QA draft only; Step 5 remains inactive until final full-corpus freeze authorization is recorded. Frozen on 2026-06-09 under explicit caveat-preservation authorization.",likely_false_positive_one_construct_not_human_supported,do_not_add_unless_reopened_by_source_evidence,Only one construct is human/frozen-supported for this study; missing construct=ATT. This usually indicates AI term-hit overreach or unapproved remap.,attitudes,UB;usage behavior;use,correlations;latent;table,/Users/newhosung/Library/CloudStorage/OneDrive-SharedLibraries-ThePennsylvaniaStateUniversity/AI Adoption Meta Analysis - Documents/Meta/AI Adoption/PDFs/S051.pdf,candidate_only_not_analytic_input_until_human_confirmed
possible_densification_source_review_candidate,ai_candidate_only_missing_pair_no_value_added,S051,BI-TRU,BI,TRU,,21,24,ANX;BI;EE;FC;PE;SI;UB,yes,no,no,,"notes=draft_status=included_partial_row_draft; decision_summary=Do not map Perceived Risk to ANX; include R1 direct EE-FC=.59, EE-PE=.48, and FC-PE=.47.; notes=Partial row draft only. Application QA draft only; Step 5 remains inactive until final full-corpus freeze authorization is recorded. Frozen on 2026-06-09 under explicit caveat-preservation authorization.",likely_false_positive_one_construct_not_human_supported,do_not_add_unless_reopened_by_source_evidence,Only one construct is human/frozen-supported for this study; missing construct=TRU. This usually indicates AI term-hit overreach or unapproved remap.,BI;behavioral intention;intention to use;usage intention,trust,correlations;latent;table,/Users/newhosung/Library/CloudStorage/OneDrive-SharedLibraries-ThePennsylvaniaStateUniversity/AI Adoption Meta Analysis - Documents/Meta/AI Adoption/PDFs/S051.pdf,candidate_only_not_analytic_input_until_human_confirmed
possible_densification_source_review_candidate,ai_candidate_only_missing_pair_no_value_added,S051,EE-TRU,EE,TRU,,21,24,ANX;BI;EE;FC;PE;SI;UB,yes,no,no,,"notes=draft_status=included_partial_row_draft; decision_summary=Do not map Perceived Risk to ANX; include R1 direct EE-FC=.59, EE-PE=.48, and FC-PE=.47.; notes=Partial row draft only. Application QA draft only; Step 5 remains inactive until final full-corpus freeze authorization is recorded. Frozen on 2026-06-09 under explicit caveat-preservation authorization.",likely_false_positive_one_construct_not_human_supported,do_not_add_unless_reopened_by_source_evidence,Only one construct is human/frozen-supported for this study; missing construct=TRU. This usually indicates AI term-hit overreach or unapproved remap.,EE;ease of use;effort expectancy;perceived ease of use,trust,correlations;latent;table,/Users/newhosung/Library/CloudStorage/OneDrive-SharedLibraries-ThePennsylvaniaStateUniversity/AI Adoption Meta Analysis - Documents/Meta/AI Adoption/PDFs/S051.pdf,candidate_only_not_analytic_input_until_human_confirmed
possible_densification_source_review_candidate,ai_candidate_only_missing_pair_no_value_added,S051,FC-TRU,FC,TRU,,21,24,ANX;BI;EE;FC;PE;SI;UB,yes,no,no,,"notes=draft_status=included_partial_row_draft; decision_summary=Do not map Perceived Risk to ANX; include R1 direct EE-FC=.59, EE-PE=.48, and FC-PE=.47.; notes=Partial row draft only. Application QA draft only; Step 5 remains inactive until final full-corpus freeze authorization is recorded. Frozen on 2026-06-09 under explicit caveat-preservation authorization.",likely_false_positive_one_construct_not_human_supported,do_not_add_unless_reopened_by_source_evidence,Only one construct is human/frozen-supported for this study; missing construct=TRU. This usually indicates AI term-hit overreach or unapproved remap.,FC;facilitating;facilitating conditions;resources;support,trust,correlations;latent;table,/Users/newhosung/Library/CloudStorage/OneDrive-SharedLibraries-ThePennsylvaniaStateUniversity/AI Adoption Meta Analysis - Documents/Meta/AI Adoption/PDFs/S051.pdf,candidate_only_not_analytic_input_until_human_confirmed
possible_densification_source_review_candidate,ai_candidate_only_missing_pair_no_value_added,S051,PE-TRU,PE,TRU,,21,24,ANX;BI;EE;FC;PE;SI;UB,yes,no,no,,"notes=draft_status=included_partial_row_draft; decision_summary=Do not map Perceived Risk to ANX; include R1 direct EE-FC=.59, EE-PE=.48, and FC-PE=.47.; notes=Partial row draft only. Application QA draft only; Step 5 remains inactive until final full-corpus freeze authorization is recorded. Frozen on 2026-06-09 under explicit caveat-preservation authorization.",likely_false_positive_one_construct_not_human_supported,do_not_add_unless_reopened_by_source_evidence,Only one construct is human/frozen-supported for this study; missing construct=TRU. This usually indicates AI term-hit overreach or unapproved remap.,PE;perceived usefulness;performance expectancy;usefulness,trust,correlations;latent;table,/Users/newhosung/Library/CloudStorage/OneDrive-SharedLibraries-ThePennsylvaniaStateUniversity/AI Adoption Meta Analysis - Documents/Meta/AI Adoption/PDFs/S051.pdf,candidate_only_not_analytic_input_until_human_confirmed
possible_densification_source_review_candidate,ai_candidate_only_missing_pair_no_value_added,S051,SI-TRU,SI,TRU,,21,24,ANX;BI;EE;FC;PE;SI;UB,yes,no,no,,"notes=draft_status=included_partial_row_draft; decision_summary=Do not map Perceived Risk to ANX; include R1 direct EE-FC=.59, EE-PE=.48, and FC-PE=.47.; notes=Partial row draft only. Application QA draft only; Step 5 remains inactive until final full-corpus freeze authorization is recorded. Frozen on 2026-06-09 under explicit caveat-preservation authorization.",likely_false_positive_one_construct_not_human_supported,do_not_add_unless_reopened_by_source_evidence,Only one construct is human/frozen-supported for this study; missing construct=TRU. This usually indicates AI term-hit overreach or unapproved remap.,SI;social influence,trust,correlations;latent;table,/Users/newhosung/Library/CloudStorage/OneDrive-SharedLibraries-ThePennsylvaniaStateUniversity/AI Adoption Meta Analysis - Documents/Meta/AI Adoption/PDFs/S051.pdf,candidate_only_not_analytic_input_until_human_confirmed
possible_densification_source_review_candidate,ai_candidate_only_missing_pair_no_value_added,S051,TRU-UB,TRU,UB,,21,24,ANX;BI;EE;FC;PE;SI;UB,no,yes,no,,"notes=draft_status=included_partial_row_draft; decision_summary=Do not map Perceived Risk to ANX; include R1 direct EE-FC=.59, EE-PE=.48, and FC-PE=.47.; notes=Partial row draft only. Application QA draft only; Step 5 remains inactive until final full-corpus freeze authorization is recorded. Frozen on 2026-06-09 under explicit caveat-preservation authorization.",likely_false_positive_one_construct_not_human_supported,do_not_add_unless_reopened_by_source_evidence,Only one construct is human/frozen-supported for this study; missing construct=TRU. This usually indicates AI term-hit overreach or unapproved remap.,trust,UB;usage behavior;use,correlations;latent;table,/Users/newhosung/Library/CloudStorage/OneDrive-SharedLibraries-ThePennsylvaniaStateUniversity/AI Adoption Meta Analysis - Documents/Meta/AI Adoption/PDFs/S051.pdf,candidate_only_not_analytic_input_until_human_confirmed
possible_densification_source_review_candidate,ai_candidate_only_missing_pair_no_value_added,S055,ANX-ATT,ANX,ATT,,21,24,ATT;BI;EE;FC;PE;SI;UB,no,yes,no,,notes=Application QA draft only; Step 5 remains inactive until final full-corpus freeze authorization is recorded. Frozen on 2026-06-09 under explicit caveat-preservation authorization.,likely_false_positive_one_construct_not_human_supported,do_not_add_unless_reopened_by_source_evidence,Only one construct is human/frozen-supported for this study; missing construct=ANX. This usually indicates AI term-hit overreach or unapproved remap.,fear,ATT;attitude;attitudes,correlation;fornell;larcker;latent;pearson;table,/Users/newhosung/Library/CloudStorage/OneDrive-SharedLibraries-ThePennsylvaniaStateUniversity/AI Adoption Meta Analysis - Documents/Meta/AI Adoption/PDFs/S055.pdf,candidate_only_not_analytic_input_until_human_confirmed
possible_densification_source_review_candidate,ai_candidate_only_missing_pair_no_value_added,S055,ANX-BI,ANX,BI,,21,24,ATT;BI;EE;FC;PE;SI;UB,no,yes,no,,notes=Application QA draft only; Step 5 remains inactive until final full-corpus freeze authorization is recorded. Frozen on 2026-06-09 under explicit caveat-preservation authorization.,likely_false_positive_one_construct_not_human_supported,do_not_add_unless_reopened_by_source_evidence,Only one construct is human/frozen-supported for this study; missing construct=ANX. This usually indicates AI term-hit overreach or unapproved remap.,fear,BI;behavioural intention;intention to use;usage intention,correlation;fornell;larcker;latent;pearson;table,/Users/newhosung/Library/CloudStorage/OneDrive-SharedLibraries-ThePennsylvaniaStateUniversity/AI Adoption Meta Analysis - Documents/Meta/AI Adoption/PDFs/S055.pdf,candidate_only_not_analytic_input_until_human_confirmed
possible_densification_source_review_candidate,ai_candidate_only_missing_pair_no_value_added,S055,ANX-EE,ANX,EE,,21,24,ATT;BI;EE;FC;PE;SI;UB,no,yes,no,,notes=Application QA draft only; Step 5 remains inactive until final full-corpus freeze authorization is recorded. Frozen on 2026-06-09 under explicit caveat-preservation authorization.,likely_false_positive_one_construct_not_human_supported,do_not_add_unless_reopened_by_source_evidence,Only one construct is human/frozen-supported for this study; missing construct=ANX. This usually indicates AI term-hit overreach or unapproved remap.,fear,EE;easy to use;effort expectancy,correlation;fornell;larcker;latent;pearson;table,/Users/newhosung/Library/CloudStorage/OneDrive-SharedLibraries-ThePennsylvaniaStateUniversity/AI Adoption Meta Analysis - Documents/Meta/AI Adoption/PDFs/S055.pdf,candidate_only_not_analytic_input_until_human_confirmed
possible_densification_source_review_candidate,ai_candidate_only_missing_pair_no_value_added,S055,ANX-FC,ANX,FC,,21,24,ATT;BI;EE;FC;PE;SI;UB,no,yes,no,,notes=Application QA draft only; Step 5 remains inactive until final full-corpus freeze authorization is recorded. Frozen on 2026-06-09 under explicit caveat-preservation authorization.,likely_false_positive_one_construct_not_human_supported,do_not_add_unless_reopened_by_source_evidence,Only one construct is human/frozen-supported for this study; missing construct=ANX. This usually indicates AI term-hit overreach or unapproved remap.,fear,FC;facilitating;facilitating condition;facilitating conditions;resources;support,correlation;fornell;larcker;latent;pearson;table,/Users/newhosung/Library/CloudStorage/OneDrive-SharedLibraries-ThePennsylvaniaStateUniversity/AI Adoption Meta Analysis - Documents/Meta/AI Adoption/PDFs/S055.pdf,candidate_only_not_analytic_input_until_human_confirmed
possible_densification_source_review_candidate,ai_candidate_only_missing_pair_no_value_added,S055,ANX-PE,ANX,PE,,21,24,ATT;BI;EE;FC;PE;SI;UB,no,yes,no,,notes=Application QA draft only; Step 5 remains inactive until final full-corpus freeze authorization is recorded. Frozen on 2026-06-09 under explicit caveat-preservation authorization.,likely_false_positive_one_construct_not_human_supported,do_not_add_unless_reopened_by_source_evidence,Only one construct is human/frozen-supported for this study; missing construct=ANX. This usually indicates AI term-hit overreach or unapproved remap.,fear,PE;performance expectancy;useful;usefulness,correlation;fornell;larcker;latent;pearson;table,/Users/newhosung/Library/CloudStorage/OneDrive-SharedLibraries-ThePennsylvaniaStateUniversity/AI Adoption Meta Analysis - Documents/Meta/AI Adoption/PDFs/S055.pdf,candidate_only_not_analytic_input_until_human_confirmed
possible_densification_source_review_candidate,ai_candidate_only_missing_pair_no_value_added,S055,ANX-SI,ANX,SI,,21,24,ATT;BI;EE;FC;PE;SI;UB,no,yes,no,,notes=Application QA draft only; Step 5 remains inactive until final full-corpus freeze authorization is recorded. Frozen on 2026-06-09 under explicit caveat-preservation authorization.,likely_false_positive_one_construct_not_human_supported,do_not_add_unless_reopened_by_source_evidence,Only one construct is human/frozen-supported for this study; missing construct=ANX. This usually indicates AI term-hit overreach or unapproved remap.,fear,SI;social influence,correlation;fornell;larcker;latent;pearson;table,/Users/newhosung/Library/CloudStorage/OneDrive-SharedLibraries-ThePennsylvaniaStateUniversity/AI Adoption Meta Analysis - Documents/Meta/AI Adoption/PDFs/S055.pdf,candidate_only_not_analytic_input_until_human_confirmed
possible_densification_source_review_candidate,ai_candidate_only_missing_pair_no_value_added,S055,ANX-UB,ANX,UB,,21,24,ATT;BI;EE;FC;PE;SI;UB,no,yes,no,,notes=Application QA draft only; Step 5 remains inactive until final full-corpus freeze authorization is recorded. Frozen on 2026-06-09 under explicit caveat-preservation authorization.,likely_false_positive_one_construct_not_human_supported,do_not_add_unless_reopened_by_source_evidence,Only one construct is human/frozen-supported for this study; missing construct=ANX. This usually indicates AI term-hit overreach or unapproved remap.,fear,UB;actual use;usage behaviour;use;use behavior;use behaviour,correlation;fornell;larcker;latent;pearson;table,/Users/newhosung/Library/CloudStorage/OneDrive-SharedLibraries-ThePennsylvaniaStateUniversity/AI Adoption Meta Analysis - Documents/Meta/AI Adoption/PDFs/S055.pdf,candidate_only_not_analytic_input_until_human_confirmed
possible_densification_source_review_candidate,ai_candidate_only_missing_pair_no_value_added,S055,ATT-SE,ATT,SE,,21,24,ATT;BI;EE;FC;PE;SI;UB,yes,no,no,,notes=Application QA draft only; Step 5 remains inactive until final full-corpus freeze authorization is recorded. Frozen on 2026-06-09 under explicit caveat-preservation authorization.,likely_false_positive_one_construct_not_human_supported,do_not_add_unless_reopened_by_source_evidence,Only one construct is human/frozen-supported for this study; missing construct=SE. This usually indicates AI term-hit overreach or unapproved remap.,ATT;attitude;attitudes,efficacy,correlation;fornell;larcker;latent;pearson;table,/Users/newhosung/Library/CloudStorage/OneDrive-SharedLibraries-ThePennsylvaniaStateUniversity/AI Adoption Meta Analysis - Documents/Meta/AI Adoption/PDFs/S055.pdf,candidate_only_not_analytic_input_until_human_confirmed
possible_densification_source_review_candidate,ai_candidate_only_missing_pair_no_value_added,S055,ATT-TRU,ATT,TRU,,21,24,ATT;BI;EE;FC;PE;SI;UB,yes,no,no,,notes=Application QA draft only; Step 5 remains inactive until final full-corpus freeze authorization is recorded. Frozen on 2026-06-09 under explicit caveat-preservation authorization.,likely_false_positive_one_construct_not_human_supported,do_not_add_unless_reopened_by_source_evidence,Only one construct is human/frozen-supported for this study; missing construct=TRU. This usually indicates AI term-hit overreach or unapproved remap.,ATT;attitude;attitudes,trust,correlation;fornell;larcker;latent;pearson;table,/Users/newhosung/Library/CloudStorage/OneDrive-SharedLibraries-ThePennsylvaniaStateUniversity/AI Adoption Meta Analysis - Documents/Meta/AI Adoption/PDFs/S055.pdf,candidate_only_not_analytic_input_until_human_confirmed
possible_densification_source_review_candidate,ai_candidate_only_missing_pair_no_value_added,S055,BI-SE,BI,SE,,21,24,ATT;BI;EE;FC;PE;SI;UB,yes,no,no,,notes=Application QA draft only; Step 5 remains inactive until final full-corpus freeze authorization is recorded. Frozen on 2026-06-09 under explicit caveat-preservation authorization.,likely_false_positive_one_construct_not_human_supported,do_not_add_unless_reopened_by_source_evidence,Only one construct is human/frozen-supported for this study; missing construct=SE. This usually indicates AI term-hit overreach or unapproved remap.,BI;behavioural intention;intention to use;usage intention,efficacy,correlation;fornell;larcker;latent;pearson;table,/Users/newhosung/Library/CloudStorage/OneDrive-SharedLibraries-ThePennsylvaniaStateUniversity/AI Adoption Meta Analysis - Documents/Meta/AI Adoption/PDFs/S055.pdf,candidate_only_not_analytic_input_until_human_confirmed
possible_densification_source_review_candidate,ai_candidate_only_missing_pair_no_value_added,S055,BI-TRU,BI,TRU,,21,24,ATT;BI;EE;FC;PE;SI;UB,yes,no,no,,notes=Application QA draft only; Step 5 remains inactive until final full-corpus freeze authorization is recorded. Frozen on 2026-06-09 under explicit caveat-preservation authorization.,likely_false_positive_one_construct_not_human_supported,do_not_add_unless_reopened_by_source_evidence,Only one construct is human/frozen-supported for this study; missing construct=TRU. This usually indicates AI term-hit overreach or unapproved remap.,BI;behavioural intention;intention to use;usage intention,trust,correlation;fornell;larcker;latent;pearson;table,/Users/newhosung/Library/CloudStorage/OneDrive-SharedLibraries-ThePennsylvaniaStateUniversity/AI Adoption Meta Analysis - Documents/Meta/AI Adoption/PDFs/S055.pdf,candidate_only_not_analytic_input_until_human_confirmed
possible_densification_source_review_candidate,ai_candidate_only_missing_pair_no_value_added,S055,EE-SE,EE,SE,,21,24,ATT;BI;EE;FC;PE;SI;UB,yes,no,no,,notes=Application QA draft only; Step 5 remains inactive until final full-corpus freeze authorization is recorded. Frozen on 2026-06-09 under explicit caveat-preservation authorization.,likely_false_positive_one_construct_not_human_supported,do_not_add_unless_reopened_by_source_evidence,Only one construct is human/frozen-supported for this study; missing construct=SE. This usually indicates AI term-hit overreach or unapproved remap.,EE;easy to use;effort expectancy,efficacy,correlation;fornell;larcker;latent;pearson;table,/Users/newhosung/Library/CloudStorage/OneDrive-SharedLibraries-ThePennsylvaniaStateUniversity/AI Adoption Meta Analysis - Documents/Meta/AI Adoption/PDFs/S055.pdf,candidate_only_not_analytic_input_until_human_confirmed
possible_densification_source_review_candidate,ai_candidate_only_missing_pair_no_value_added,S055,EE-TRU,EE,TRU,,21,24,ATT;BI;EE;FC;PE;SI;UB,yes,no,no,,notes=Application QA draft only; Step 5 remains inactive until final full-corpus freeze authorization is recorded. Frozen on 2026-06-09 under explicit caveat-preservation authorization.,likely_false_positive_one_construct_not_human_supported,do_not_add_unless_reopened_by_source_evidence,Only one construct is human/frozen-supported for this study; missing construct=TRU. This usually indicates AI term-hit overreach or unapproved remap.,EE;easy to use;effort expectancy,trust,correlation;fornell;larcker;latent;pearson;table,/Users/newhosung/Library/CloudStorage/OneDrive-SharedLibraries-ThePennsylvaniaStateUniversity/AI Adoption Meta Analysis - Documents/Meta/AI Adoption/PDFs/S055.pdf,candidate_only_not_analytic_input_until_human_confirmed
possible_densification_source_review_candidate,ai_candidate_only_missing_pair_no_value_added,S055,FC-SE,FC,SE,,21,24,ATT;BI;EE;FC;PE;SI;UB,yes,no,no,,notes=Application QA draft only; Step 5 remains inactive until final full-corpus freeze authorization is recorded. Frozen on 2026-06-09 under explicit caveat-preservation authorization.,likely_false_positive_one_construct_not_human_supported,do_not_add_unless_reopened_by_source_evidence,Only one construct is human/frozen-supported for this study; missing construct=SE. This usually indicates AI term-hit overreach or unapproved remap.,FC;facilitating;facilitating condition;facilitating conditions;resources;support,efficacy,correlation;fornell;larcker;latent;pearson;table,/Users/newhosung/Library/CloudStorage/OneDrive-SharedLibraries-ThePennsylvaniaStateUniversity/AI Adoption Meta Analysis - Documents/Meta/AI Adoption/PDFs/S055.pdf,candidate_only_not_analytic_input_until_human_confirmed
possible_densification_source_review_candidate,ai_candidate_only_missing_pair_no_value_added,S055,FC-TRU,FC,TRU,,21,24,ATT;BI;EE;FC;PE;SI;UB,yes,no,no,,notes=Application QA draft only; Step 5 remains inactive until final full-corpus freeze authorization is recorded. Frozen on 2026-06-09 under explicit caveat-preservation authorization.,likely_false_positive_one_construct_not_human_supported,do_not_add_unless_reopened_by_source_evidence,Only one construct is human/frozen-supported for this study; missing construct=TRU. This usually indicates AI term-hit overreach or unapproved remap.,FC;facilitating;facilitating condition;facilitating conditions;resources;support,trust,correlation;fornell;larcker;latent;pearson;table,/Users/newhosung/Library/CloudStorage/OneDrive-SharedLibraries-ThePennsylvaniaStateUniversity/AI Adoption Meta Analysis - Documents/Meta/AI Adoption/PDFs/S055.pdf,candidate_only_not_analytic_input_until_human_confirmed
possible_densification_source_review_candidate,ai_candidate_only_missing_pair_no_value_added,S055,PE-SE,PE,SE,,21,24,ATT;BI;EE;FC;PE;SI;UB,yes,no,no,,notes=Application QA draft only; Step 5 remains inactive until final full-corpus freeze authorization is recorded. Frozen on 2026-06-09 under explicit caveat-preservation authorization.,likely_false_positive_one_construct_not_human_supported,do_not_add_unless_reopened_by_source_evidence,Only one construct is human/frozen-supported for this study; missing construct=SE. This usually indicates AI term-hit overreach or unapproved remap.,PE;performance expectancy;useful;usefulness,efficacy,correlation;fornell;larcker;latent;pearson;table,/Users/newhosung/Library/CloudStorage/OneDrive-SharedLibraries-ThePennsylvaniaStateUniversity/AI Adoption Meta Analysis - Documents/Meta/AI Adoption/PDFs/S055.pdf,candidate_only_not_analytic_input_until_human_confirmed
possible_densification_source_review_candidate,ai_candidate_only_missing_pair_no_value_added,S055,PE-TRU,PE,TRU,,21,24,ATT;BI;EE;FC;PE;SI;UB,yes,no,no,,notes=Application QA draft only; Step 5 remains inactive until final full-corpus freeze authorization is recorded. Frozen on 2026-06-09 under explicit caveat-preservation authorization.,likely_false_positive_one_construct_not_human_supported,do_not_add_unless_reopened_by_source_evidence,Only one construct is human/frozen-supported for this study; missing construct=TRU. This usually indicates AI term-hit overreach or unapproved remap.,PE;performance expectancy;useful;usefulness,trust,correlation;fornell;larcker;latent;pearson;table,/Users/newhosung/Library/CloudStorage/OneDrive-SharedLibraries-ThePennsylvaniaStateUniversity/AI Adoption Meta Analysis - Documents/Meta/AI Adoption/PDFs/S055.pdf,candidate_only_not_analytic_input_until_human_confirmed
possible_densification_source_review_candidate,ai_candidate_only_missing_pair_no_value_added,S055,SE-SI,SE,SI,,21,24,ATT;BI;EE;FC;PE;SI;UB,no,yes,no,,notes=Application QA draft only; Step 5 remains inactive until final full-corpus freeze authorization is recorded. Frozen on 2026-06-09 under explicit caveat-preservation authorization.,likely_false_positive_one_construct_not_human_supported,do_not_add_unless_reopened_by_source_evidence,Only one construct is human/frozen-supported for this study; missing construct=SE. This usually indicates AI term-hit overreach or unapproved remap.,efficacy,SI;social influence,correlation;fornell;larcker;latent;pearson;table,/Users/newhosung/Library/CloudStorage/OneDrive-SharedLibraries-ThePennsylvaniaStateUniversity/AI Adoption Meta Analysis - Documents/Meta/AI Adoption/PDFs/S055.pdf,candidate_only_not_analytic_input_until_human_confirmed
possible_densification_source_review_candidate,ai_candidate_only_missing_pair_no_value_added,S055,SE-UB,SE,UB,,21,24,ATT;BI;EE;FC;PE;SI;UB,no,yes,no,,notes=Application QA draft only; Step 5 remains inactive until final full-corpus freeze authorization is recorded. Frozen on 2026-06-09 under explicit caveat-preservation authorization.,likely_false_positive_one_construct_not_human_supported,do_not_add_unless_reopened_by_source_evidence,Only one construct is human/frozen-supported for this study; missing construct=SE. This usually indicates AI term-hit overreach or unapproved remap.,efficacy,UB;actual use;usage behaviour;use;use behavior;use behaviour,correlation;fornell;larcker;latent;pearson;table,/Users/newhosung/Library/CloudStorage/OneDrive-SharedLibraries-ThePennsylvaniaStateUniversity/AI Adoption Meta Analysis - Documents/Meta/AI Adoption/PDFs/S055.pdf,candidate_only_not_analytic_input_until_human_confirmed
possible_densification_source_review_candidate,ai_candidate_only_missing_pair_no_value_added,S055,SI-TRU,SI,TRU,,21,24,ATT;BI;EE;FC;PE;SI;UB,yes,no,no,,notes=Application QA draft only; Step 5 remains inactive until final full-corpus freeze authorization is recorded. Frozen on 2026-06-09 under explicit caveat-preservation authorization.,likely_false_positive_one_construct_not_human_supported,do_not_add_unless_reopened_by_source_evidence,Only one construct is human/frozen-supported for this study; missing construct=TRU. This usually indicates AI term-hit overreach or unapproved remap.,SI;social influence,trust,correlation;fornell;larcker;latent;pearson;table,/Users/newhosung/Library/CloudStorage/OneDrive-SharedLibraries-ThePennsylvaniaStateUniversity/AI Adoption Meta Analysis - Documents/Meta/AI Adoption/PDFs/S055.pdf,candidate_only_not_analytic_input_until_human_confirmed
possible_densification_source_review_candidate,ai_candidate_only_missing_pair_no_value_added,S055,TRU-UB,TRU,UB,,21,24,ATT;BI;EE;FC;PE;SI;UB,no,yes,no,,notes=Application QA draft only; Step 5 remains inactive until final full-corpus freeze authorization is recorded. Frozen on 2026-06-09 under explicit caveat-preservation authorization.,likely_false_positive_one_construct_not_human_supported,do_not_add_unless_reopened_by_source_evidence,Only one construct is human/frozen-supported for this study; missing construct=TRU. This usually indicates AI term-hit overreach or unapproved remap.,trust,UB;actual use;usage behaviour;use;use behavior;use behaviour,correlation;fornell;larcker;latent;pearson;table,/Users/newhosung/Library/CloudStorage/OneDrive-SharedLibraries-ThePennsylvaniaStateUniversity/AI Adoption Meta Analysis - Documents/Meta/AI Adoption/PDFs/S055.pdf,candidate_only_not_analytic_input_until_human_confirmed
possible_densification_source_review_candidate,ai_candidate_only_missing_pair_no_value_added,S057,ANX-TRU,ANX,TRU,,28,17,ANX;ATT;BI;EE;FC;PE;SE;SI,yes,no,no,,notes=Application QA draft only; Step 5 remains inactive until final full-corpus freeze authorization is recorded. Frozen on 2026-06-09 under explicit caveat-preservation authorization.,likely_false_positive_one_construct_not_human_supported,do_not_add_unless_reopened_by_source_evidence,Only one construct is human/frozen-supported for this study; missing construct=TRU. This usually indicates AI term-hit overreach or unapproved remap.,ANX;anxiety;apprehension;fear,trust,correlation;correlations;latent;table,/Users/newhosung/Library/CloudStorage/OneDrive-SharedLibraries-ThePennsylvaniaStateUniversity/AI Adoption Meta Analysis - Documents/Meta/AI Adoption/PDFs/S057.pdf,candidate_only_not_analytic_input_until_human_confirmed
possible_densification_source_review_candidate,ai_candidate_only_missing_pair_no_value_added,S057,ANX-UB,ANX,UB,,28,17,ANX;ATT;BI;EE;FC;PE;SE;SI,yes,no,no,,notes=Application QA draft only; Step 5 remains inactive until final full-corpus freeze authorization is recorded. Frozen on 2026-06-09 under explicit caveat-preservation authorization.,likely_false_positive_one_construct_not_human_supported,do_not_add_unless_reopened_by_source_evidence,Only one construct is human/frozen-supported for this study; missing construct=UB. This usually indicates AI term-hit overreach or unapproved remap.,ANX;anxiety;apprehension;fear,use,correlation;correlations;latent;table,/Users/newhosung/Library/CloudStorage/OneDrive-SharedLibraries-ThePennsylvaniaStateUniversity/AI Adoption Meta Analysis - Documents/Meta/AI Adoption/PDFs/S057.pdf,candidate_only_not_analytic_input_until_human_confirmed
possible_densification_source_review_candidate,ai_candidate_only_missing_pair_no_value_added,S057,ATT-TRU,ATT,TRU,,28,17,ANX;ATT;BI;EE;FC;PE;SE;SI,yes,no,no,,notes=Application QA draft only; Step 5 remains inactive until final full-corpus freeze authorization is recorded. Frozen on 2026-06-09 under explicit caveat-preservation authorization.,likely_false_positive_one_construct_not_human_supported,do_not_add_unless_reopened_by_source_evidence,Only one construct is human/frozen-supported for this study; missing construct=TRU. This usually indicates AI term-hit overreach or unapproved remap.,ATT;attitude;attitude toward;attitudes,trust,correlation;correlations;latent;table,/Users/newhosung/Library/CloudStorage/OneDrive-SharedLibraries-ThePennsylvaniaStateUniversity/AI Adoption Meta Analysis - Documents/Meta/AI Adoption/PDFs/S057.pdf,candidate_only_not_analytic_input_until_human_confirmed
possible_densification_source_review_candidate,ai_candidate_only_missing_pair_no_value_added,S057,ATT-UB,ATT,UB,,28,17,ANX;ATT;BI;EE;FC;PE;SE;SI,yes,no,no,,notes=Application QA draft only; Step 5 remains inactive until final full-corpus freeze authorization is recorded. Frozen on 2026-06-09 under explicit caveat-preservation authorization.,likely_false_positive_one_construct_not_human_supported,do_not_add_unless_reopened_by_source_evidence,Only one construct is human/frozen-supported for this study; missing construct=UB. This usually indicates AI term-hit overreach or unapproved remap.,ATT;attitude;attitude toward;attitudes,use,correlation;correlations;latent;table,/Users/newhosung/Library/CloudStorage/OneDrive-SharedLibraries-ThePennsylvaniaStateUniversity/AI Adoption Meta Analysis - Documents/Meta/AI Adoption/PDFs/S057.pdf,candidate_only_not_analytic_input_until_human_confirmed
possible_densification_source_review_candidate,ai_candidate_only_missing_pair_no_value_added,S057,BI-TRU,BI,TRU,,28,17,ANX;ATT;BI;EE;FC;PE;SE;SI,yes,no,no,,notes=Application QA draft only; Step 5 remains inactive until final full-corpus freeze authorization is recorded. Frozen on 2026-06-09 under explicit caveat-preservation authorization.,likely_false_positive_one_construct_not_human_supported,do_not_add_unless_reopened_by_source_evidence,Only one construct is human/frozen-supported for this study; missing construct=TRU. This usually indicates AI term-hit overreach or unapproved remap.,BI;behavioral intention;intention to use;usage intention,trust,correlation;correlations;latent;table,/Users/newhosung/Library/CloudStorage/OneDrive-SharedLibraries-ThePennsylvaniaStateUniversity/AI Adoption Meta Analysis - Documents/Meta/AI Adoption/PDFs/S057.pdf,candidate_only_not_analytic_input_until_human_confirmed
possible_densification_source_review_candidate,ai_candidate_only_missing_pair_no_value_added,S057,BI-UB,BI,UB,,28,17,ANX;ATT;BI;EE;FC;PE;SE;SI,yes,no,no,,notes=Application QA draft only; Step 5 remains inactive until final full-corpus freeze authorization is recorded. Frozen on 2026-06-09 under explicit caveat-preservation authorization.,likely_false_positive_one_construct_not_human_supported,do_not_add_unless_reopened_by_source_evidence,Only one construct is human/frozen-supported for this study; missing construct=UB. This usually indicates AI term-hit overreach or unapproved remap.,BI;behavioral intention;intention to use;usage intention,use,correlation;correlations;latent;table,/Users/newhosung/Library/CloudStorage/OneDrive-SharedLibraries-ThePennsylvaniaStateUniversity/AI Adoption Meta Analysis - Documents/Meta/AI Adoption/PDFs/S057.pdf,candidate_only_not_analytic_input_until_human_confirmed
possible_densification_source_review_candidate,ai_candidate_only_missing_pair_no_value_added,S057,EE-TRU,EE,TRU,,28,17,ANX;ATT;BI;EE;FC;PE;SE;SI,yes,no,no,,notes=Application QA draft only; Step 5 remains inactive until final full-corpus freeze authorization is recorded. Frozen on 2026-06-09 under explicit caveat-preservation authorization.,likely_false_positive_one_construct_not_human_supported,do_not_add_unless_reopened_by_source_evidence,Only one construct is human/frozen-supported for this study; missing construct=TRU. This usually indicates AI term-hit overreach or unapproved remap.,EE;PEOU;ease of use;easy to use;effort expectancy;perceived ease of use,trust,correlation;correlations;latent;table,/Users/newhosung/Library/CloudStorage/OneDrive-SharedLibraries-ThePennsylvaniaStateUniversity/AI Adoption Meta Analysis - Documents/Meta/AI Adoption/PDFs/S057.pdf,candidate_only_not_analytic_input_until_human_confirmed
possible_densification_source_review_candidate,ai_candidate_only_missing_pair_no_value_added,S057,EE-UB,EE,UB,,28,17,ANX;ATT;BI;EE;FC;PE;SE;SI,yes,no,no,,notes=Application QA draft only; Step 5 remains inactive until final full-corpus freeze authorization is recorded. Frozen on 2026-06-09 under explicit caveat-preservation authorization.,likely_false_positive_one_construct_not_human_supported,do_not_add_unless_reopened_by_source_evidence,Only one construct is human/frozen-supported for this study; missing construct=UB. This usually indicates AI term-hit overreach or unapproved remap.,EE;PEOU;ease of use;easy to use;effort expectancy;perceived ease of use,use,correlation;correlations;latent;table,/Users/newhosung/Library/CloudStorage/OneDrive-SharedLibraries-ThePennsylvaniaStateUniversity/AI Adoption Meta Analysis - Documents/Meta/AI Adoption/PDFs/S057.pdf,candidate_only_not_analytic_input_until_human_confirmed
possible_densification_source_review_candidate,ai_candidate_only_missing_pair_no_value_added,S057,FC-TRU,FC,TRU,,28,17,ANX;ATT;BI;EE;FC;PE;SE;SI,yes,no,no,,notes=Application QA draft only; Step 5 remains inactive until final full-corpus freeze authorization is recorded. Frozen on 2026-06-09 under explicit caveat-preservation authorization.,likely_false_positive_one_construct_not_human_supported,do_not_add_unless_reopened_by_source_evidence,Only one construct is human/frozen-supported for this study; missing construct=TRU. This usually indicates AI term-hit overreach or unapproved remap.,FC;facilitating;facilitating conditions;resources;support,trust,correlation;correlations;latent;table,/Users/newhosung/Library/CloudStorage/OneDrive-SharedLibraries-ThePennsylvaniaStateUniversity/AI Adoption Meta Analysis - Documents/Meta/AI Adoption/PDFs/S057.pdf,candidate_only_not_analytic_input_until_human_confirmed
possible_densification_source_review_candidate,ai_candidate_only_missing_pair_no_value_added,S057,FC-UB,FC,UB,,28,17,ANX;ATT;BI;EE;FC;PE;SE;SI,yes,no,no,,notes=Application QA draft only; Step 5 remains inactive until final full-corpus freeze authorization is recorded. Frozen on 2026-06-09 under explicit caveat-preservation authorization.,likely_false_positive_one_construct_not_human_supported,do_not_add_unless_reopened_by_source_evidence,Only one construct is human/frozen-supported for this study; missing construct=UB. This usually indicates AI term-hit overreach or unapproved remap.,FC;facilitating;facilitating conditions;resources;support,use,correlation;correlations;latent;table,/Users/newhosung/Library/CloudStorage/OneDrive-SharedLibraries-ThePennsylvaniaStateUniversity/AI Adoption Meta Analysis - Documents/Meta/AI Adoption/PDFs/S057.pdf,candidate_only_not_analytic_input_until_human_confirmed
possible_densification_source_review_candidate,ai_candidate_only_missing_pair_no_value_added,S057,PE-TRU,PE,TRU,,28,17,ANX;ATT;BI;EE;FC;PE;SE;SI,yes,no,no,,notes=Application QA draft only; Step 5 remains inactive until final full-corpus freeze authorization is recorded. Frozen on 2026-06-09 under explicit caveat-preservation authorization.,likely_false_positive_one_construct_not_human_supported,do_not_add_unless_reopened_by_source_evidence,Only one construct is human/frozen-supported for this study; missing construct=TRU. This usually indicates AI term-hit overreach or unapproved remap.,PE;PU;perceived usefulness;performance expectancy;useful;usefulness,trust,correlation;correlations;latent;table,/Users/newhosung/Library/CloudStorage/OneDrive-SharedLibraries-ThePennsylvaniaStateUniversity/AI Adoption Meta Analysis - Documents/Meta/AI Adoption/PDFs/S057.pdf,candidate_only_not_analytic_input_until_human_confirmed
possible_densification_source_review_candidate,ai_candidate_only_missing_pair_no_value_added,S057,PE-UB,PE,UB,,28,17,ANX;ATT;BI;EE;FC;PE;SE;SI,yes,no,no,,notes=Application QA draft only; Step 5 remains inactive until final full-corpus freeze authorization is recorded. Frozen on 2026-06-09 under explicit caveat-preservation authorization.,likely_false_positive_one_construct_not_human_supported,do_not_add_unless_reopened_by_source_evidence,Only one construct is human/frozen-supported for this study; missing construct=UB. This usually indicates AI term-hit overreach or unapproved remap.,PE;PU;perceived usefulness;performance expectancy;useful;usefulness,use,correlation;correlations;latent;table,/Users/newhosung/Library/CloudStorage/OneDrive-SharedLibraries-ThePennsylvaniaStateUniversity/AI Adoption Meta Analysis - Documents/Meta/AI Adoption/PDFs/S057.pdf,candidate_only_not_analytic_input_until_human_confirmed
possible_densification_source_review_candidate,ai_candidate_only_missing_pair_no_value_added,S057,SE-TRU,SE,TRU,,28,17,ANX;ATT;BI;EE;FC;PE;SE;SI,yes,no,no,,notes=Application QA draft only; Step 5 remains inactive until final full-corpus freeze authorization is recorded. Frozen on 2026-06-09 under explicit caveat-preservation authorization.,likely_false_positive_one_construct_not_human_supported,do_not_add_unless_reopened_by_source_evidence,Only one construct is human/frozen-supported for this study; missing construct=TRU. This usually indicates AI term-hit overreach or unapproved remap.,SE;efficacy;self-efficacy,trust,correlation;correlations;latent;table,/Users/newhosung/Library/CloudStorage/OneDrive-SharedLibraries-ThePennsylvaniaStateUniversity/AI Adoption Meta Analysis - Documents/Meta/AI Adoption/PDFs/S057.pdf,candidate_only_not_analytic_input_until_human_confirmed
possible_densification_source_review_candidate,ai_candidate_only_missing_pair_no_value_added,S057,SE-UB,SE,UB,,28,17,ANX;ATT;BI;EE;FC;PE;SE;SI,yes,no,no,,notes=Application QA draft only; Step 5 remains inactive until final full-corpus freeze authorization is recorded. Frozen on 2026-06-09 under explicit caveat-preservation authorization.,likely_false_positive_one_construct_not_human_supported,do_not_add_unless_reopened_by_source_evidence,Only one construct is human/frozen-supported for this study; missing construct=UB. This usually indicates AI term-hit overreach or unapproved remap.,SE;efficacy;self-efficacy,use,correlation;correlations;latent;table,/Users/newhosung/Library/CloudStorage/OneDrive-SharedLibraries-ThePennsylvaniaStateUniversity/AI Adoption Meta Analysis - Documents/Meta/AI Adoption/PDFs/S057.pdf,candidate_only_not_analytic_input_until_human_confirmed
possible_densification_source_review_candidate,ai_candidate_only_missing_pair_no_value_added,S057,SI-TRU,SI,TRU,,28,17,ANX;ATT;BI;EE;FC;PE;SE;SI,yes,no,no,,notes=Application QA draft only; Step 5 remains inactive until final full-corpus freeze authorization is recorded. Frozen on 2026-06-09 under explicit caveat-preservation authorization.,likely_false_positive_one_construct_not_human_supported,do_not_add_unless_reopened_by_source_evidence,Only one construct is human/frozen-supported for this study; missing construct=TRU. This usually indicates AI term-hit overreach or unapproved remap.,SI;social influence;subjective norm,trust,correlation;correlations;latent;table,/Users/newhosung/Library/CloudStorage/OneDrive-SharedLibraries-ThePennsylvaniaStateUniversity/AI Adoption Meta Analysis - Documents/Meta/AI Adoption/PDFs/S057.pdf,candidate_only_not_analytic_input_until_human_confirmed
possible_densification_source_review_candidate,ai_candidate_only_missing_pair_no_value_added,S057,SI-UB,SI,UB,,28,17,ANX;ATT;BI;EE;FC;PE;SE;SI,yes,no,no,,notes=Application QA draft only; Step 5 remains inactive until final full-corpus freeze authorization is recorded. Frozen on 2026-06-09 under explicit caveat-preservation authorization.,likely_false_positive_one_construct_not_human_supported,do_not_add_unless_reopened_by_source_evidence,Only one construct is human/frozen-supported for this study; missing construct=UB. This usually indicates AI term-hit overreach or unapproved remap.,SI;social influence;subjective norm,use,correlation;correlations;latent;table,/Users/newhosung/Library/CloudStorage/OneDrive-SharedLibraries-ThePennsylvaniaStateUniversity/AI Adoption Meta Analysis - Documents/Meta/AI Adoption/PDFs/S057.pdf,candidate_only_not_analytic_input_until_human_confirmed
possible_densification_source_review_candidate,ai_candidate_only_missing_pair_no_value_added,S072,ANX-SE,ANX,SE,,26,19,ANX;ATT;BI;EE;FC;PE;SI;UB,yes,no,no,,notes=Application QA draft only; Step 5 remains inactive until final full-corpus freeze authorization is recorded. Frozen on 2026-06-09 under explicit caveat-preservation authorization.,likely_false_positive_one_construct_not_human_supported,do_not_add_unless_reopened_by_source_evidence,Only one construct is human/frozen-supported for this study; missing construct=SE. This usually indicates AI term-hit overreach or unapproved remap.,anxiety,efficacy,correlation;correlations;fornell;larcker;latent;table,/Users/newhosung/Library/CloudStorage/OneDrive-SharedLibraries-ThePennsylvaniaStateUniversity/AI Adoption Meta Analysis - Documents/Meta/AI Adoption/PDFs/S072.pdf,candidate_only_not_analytic_input_until_human_confirmed
possible_densification_source_review_candidate,ai_candidate_only_missing_pair_no_value_added,S072,ANX-TRU,ANX,TRU,,26,19,ANX;ATT;BI;EE;FC;PE;SI;UB,yes,no,no,,notes=Application QA draft only; Step 5 remains inactive until final full-corpus freeze authorization is recorded. Frozen on 2026-06-09 under explicit caveat-preservation authorization.,likely_false_positive_one_construct_not_human_supported,do_not_add_unless_reopened_by_source_evidence,Only one construct is human/frozen-supported for this study; missing construct=TRU. This usually indicates AI term-hit overreach or unapproved remap.,anxiety,trust;trustworthiness,correlation;correlations;fornell;larcker;latent;table,/Users/newhosung/Library/CloudStorage/OneDrive-SharedLibraries-ThePennsylvaniaStateUniversity/AI Adoption Meta Analysis - Documents/Meta/AI Adoption/PDFs/S072.pdf,candidate_only_not_analytic_input_until_human_confirmed
possible_densification_source_review_candidate,ai_candidate_only_missing_pair_no_value_added,S072,ATT-SE,ATT,SE,,26,19,ANX;ATT;BI;EE;FC;PE;SI;UB,yes,no,no,,notes=Application QA draft only; Step 5 remains inactive until final full-corpus freeze authorization is recorded. Frozen on 2026-06-09 under explicit caveat-preservation authorization.,likely_false_positive_one_construct_not_human_supported,do_not_add_unless_reopened_by_source_evidence,Only one construct is human/frozen-supported for this study; missing construct=SE. This usually indicates AI term-hit overreach or unapproved remap.,attitudes,efficacy,correlation;correlations;fornell;larcker;latent;table,/Users/newhosung/Library/CloudStorage/OneDrive-SharedLibraries-ThePennsylvaniaStateUniversity/AI Adoption Meta Analysis - Documents/Meta/AI Adoption/PDFs/S072.pdf,candidate_only_not_analytic_input_until_human_confirmed
possible_densification_source_review_candidate,ai_candidate_only_missing_pair_no_value_added,S072,ATT-TRU,ATT,TRU,,26,19,ANX;ATT;BI;EE;FC;PE;SI;UB,yes,no,no,,notes=Application QA draft only; Step 5 remains inactive until final full-corpus freeze authorization is recorded. Frozen on 2026-06-09 under explicit caveat-preservation authorization.,likely_false_positive_one_construct_not_human_supported,do_not_add_unless_reopened_by_source_evidence,Only one construct is human/frozen-supported for this study; missing construct=TRU. This usually indicates AI term-hit overreach or unapproved remap.,attitudes,trust;trustworthiness,correlation;correlations;fornell;larcker;latent;table,/Users/newhosung/Library/CloudStorage/OneDrive-SharedLibraries-ThePennsylvaniaStateUniversity/AI Adoption Meta Analysis - Documents/Meta/AI Adoption/PDFs/S072.pdf,candidate_only_not_analytic_input_until_human_confirmed
possible_densification_source_review_candidate,ai_candidate_only_missing_pair_no_value_added,S072,BI-SE,BI,SE,,26,19,ANX;ATT;BI;EE;FC;PE;SI;UB,yes,no,no,,notes=Application QA draft only; Step 5 remains inactive until final full-corpus freeze authorization is recorded. Frozen on 2026-06-09 under explicit caveat-preservation authorization.,likely_false_positive_one_construct_not_human_supported,do_not_add_unless_reopened_by_source_evidence,Only one construct is human/frozen-supported for this study; missing construct=SE. This usually indicates AI term-hit overreach or unapproved remap.,BI;behavioral intention;behavioural intention;intention to use;usage intention,efficacy,correlation;correlations;fornell;larcker;latent;table,/Users/newhosung/Library/CloudStorage/OneDrive-SharedLibraries-ThePennsylvaniaStateUniversity/AI Adoption Meta Analysis - Documents/Meta/AI Adoption/PDFs/S072.pdf,candidate_only_not_analytic_input_until_human_confirmed
possible_densification_source_review_candidate,ai_candidate_only_missing_pair_no_value_added,S072,BI-TRU,BI,TRU,,26,19,ANX;ATT;BI;EE;FC;PE;SI;UB,yes,no,no,,notes=Application QA draft only; Step 5 remains inactive until final full-corpus freeze authorization is recorded. Frozen on 2026-06-09 under explicit caveat-preservation authorization.,likely_false_positive_one_construct_not_human_supported,do_not_add_unless_reopened_by_source_evidence,Only one construct is human/frozen-supported for this study; missing construct=TRU. This usually indicates AI term-hit overreach or unapproved remap.,BI;behavioral intention;behavioural intention;intention to use;usage intention,trust;trustworthiness,correlation;correlations;fornell;larcker;latent;table,/Users/newhosung/Library/CloudStorage/OneDrive-SharedLibraries-ThePennsylvaniaStateUniversity/AI Adoption Meta Analysis - Documents/Meta/AI Adoption/PDFs/S072.pdf,candidate_only_not_analytic_input_until_human_confirmed
possible_densification_source_review_candidate,ai_candidate_only_missing_pair_no_value_added,S072,EE-SE,EE,SE,,26,19,ANX;ATT;BI;EE;FC;PE;SI;UB,yes,no,no,,notes=Application QA draft only; Step 5 remains inactive until final full-corpus freeze authorization is recorded. Frozen on 2026-06-09 under explicit caveat-preservation authorization.,likely_false_positive_one_construct_not_human_supported,do_not_add_unless_reopened_by_source_evidence,Only one construct is human/frozen-supported for this study; missing construct=SE. This usually indicates AI term-hit overreach or unapproved remap.,EE;ease of use;easy to use;effort expectancy;perceived ease of use,efficacy,correlation;correlations;fornell;larcker;latent;table,/Users/newhosung/Library/CloudStorage/OneDrive-SharedLibraries-ThePennsylvaniaStateUniversity/AI Adoption Meta Analysis - Documents/Meta/AI Adoption/PDFs/S072.pdf,candidate_only_not_analytic_input_until_human_confirmed
possible_densification_source_review_candidate,ai_candidate_only_missing_pair_no_value_added,S072,EE-TRU,EE,TRU,,26,19,ANX;ATT;BI;EE;FC;PE;SI;UB,yes,no,no,,notes=Application QA draft only; Step 5 remains inactive until final full-corpus freeze authorization is recorded. Frozen on 2026-06-09 under explicit caveat-preservation authorization.,likely_false_positive_one_construct_not_human_supported,do_not_add_unless_reopened_by_source_evidence,Only one construct is human/frozen-supported for this study; missing construct=TRU. This usually indicates AI term-hit overreach or unapproved remap.,EE;ease of use;easy to use;effort expectancy;perceived ease of use,trust;trustworthiness,correlation;correlations;fornell;larcker;latent;table,/Users/newhosung/Library/CloudStorage/OneDrive-SharedLibraries-ThePennsylvaniaStateUniversity/AI Adoption Meta Analysis - Documents/Meta/AI Adoption/PDFs/S072.pdf,candidate_only_not_analytic_input_until_human_confirmed
possible_densification_source_review_candidate,ai_candidate_only_missing_pair_no_value_added,S072,FC-SE,FC,SE,,26,19,ANX;ATT;BI;EE;FC;PE;SI;UB,yes,no,no,,notes=Application QA draft only; Step 5 remains inactive until final full-corpus freeze authorization is recorded. Frozen on 2026-06-09 under explicit caveat-preservation authorization.,likely_false_positive_one_construct_not_human_supported,do_not_add_unless_reopened_by_source_evidence,Only one construct is human/frozen-supported for this study; missing construct=SE. This usually indicates AI term-hit overreach or unapproved remap.,FC;facilitating;facilitating conditions;resources;support,efficacy,correlation;correlations;fornell;larcker;latent;table,/Users/newhosung/Library/CloudStorage/OneDrive-SharedLibraries-ThePennsylvaniaStateUniversity/AI Adoption Meta Analysis - Documents/Meta/AI Adoption/PDFs/S072.pdf,candidate_only_not_analytic_input_until_human_confirmed
possible_densification_source_review_candidate,ai_candidate_only_missing_pair_no_value_added,S072,FC-TRU,FC,TRU,,26,19,ANX;ATT;BI;EE;FC;PE;SI;UB,yes,no,no,,notes=Application QA draft only; Step 5 remains inactive until final full-corpus freeze authorization is recorded. Frozen on 2026-06-09 under explicit caveat-preservation authorization.,likely_false_positive_one_construct_not_human_supported,do_not_add_unless_reopened_by_source_evidence,Only one construct is human/frozen-supported for this study; missing construct=TRU. This usually indicates AI term-hit overreach or unapproved remap.,FC;facilitating;facilitating conditions;resources;support,trust;trustworthiness,correlation;correlations;fornell;larcker;latent;table,/Users/newhosung/Library/CloudStorage/OneDrive-SharedLibraries-ThePennsylvaniaStateUniversity/AI Adoption Meta Analysis - Documents/Meta/AI Adoption/PDFs/S072.pdf,candidate_only_not_analytic_input_until_human_confirmed
possible_densification_source_review_candidate,ai_candidate_only_missing_pair_no_value_added,S072,PE-SE,PE,SE,,26,19,ANX;ATT;BI;EE;FC;PE;SI;UB,yes,no,no,,notes=Application QA draft only; Step 5 remains inactive until final full-corpus freeze authorization is recorded. Frozen on 2026-06-09 under explicit caveat-preservation authorization.,likely_false_positive_one_construct_not_human_supported,do_not_add_unless_reopened_by_source_evidence,Only one construct is human/frozen-supported for this study; missing construct=SE. This usually indicates AI term-hit overreach or unapproved remap.,PE;perceived usefulness;performance expectancy;useful;usefulness,efficacy,correlation;correlations;fornell;larcker;latent;table,/Users/newhosung/Library/CloudStorage/OneDrive-SharedLibraries-ThePennsylvaniaStateUniversity/AI Adoption Meta Analysis - Documents/Meta/AI Adoption/PDFs/S072.pdf,candidate_only_not_analytic_input_until_human_confirmed
possible_densification_source_review_candidate,ai_candidate_only_missing_pair_no_value_added,S072,PE-TRU,PE,TRU,,26,19,ANX;ATT;BI;EE;FC;PE;SI;UB,yes,no,no,,notes=Application QA draft only; Step 5 remains inactive until final full-corpus freeze authorization is recorded. Frozen on 2026-06-09 under explicit caveat-preservation authorization.,likely_false_positive_one_construct_not_human_supported,do_not_add_unless_reopened_by_source_evidence,Only one construct is human/frozen-supported for this study; missing construct=TRU. This usually indicates AI term-hit overreach or unapproved remap.,PE;perceived usefulness;performance expectancy;useful;usefulness,trust;trustworthiness,correlation;correlations;fornell;larcker;latent;table,/Users/newhosung/Library/CloudStorage/OneDrive-SharedLibraries-ThePennsylvaniaStateUniversity/AI Adoption Meta Analysis - Documents/Meta/AI Adoption/PDFs/S072.pdf,candidate_only_not_analytic_input_until_human_confirmed
possible_densification_source_review_candidate,ai_candidate_only_missing_pair_no_value_added,S072,SE-SI,SE,SI,,26,19,ANX;ATT;BI;EE;FC;PE;SI;UB,no,yes,no,,notes=Application QA draft only; Step 5 remains inactive until final full-corpus freeze authorization is recorded. Frozen on 2026-06-09 under explicit caveat-preservation authorization.,likely_false_positive_one_construct_not_human_supported,do_not_add_unless_reopened_by_source_evidence,Only one construct is human/frozen-supported for this study; missing construct=SE. This usually indicates AI term-hit overreach or unapproved remap.,efficacy,SI;social influence,correlation;correlations;fornell;larcker;latent;table,/Users/newhosung/Library/CloudStorage/OneDrive-SharedLibraries-ThePennsylvaniaStateUniversity/AI Adoption Meta Analysis - Documents/Meta/AI Adoption/PDFs/S072.pdf,candidate_only_not_analytic_input_until_human_confirmed
possible_densification_source_review_candidate,ai_candidate_only_missing_pair_no_value_added,S072,SE-UB,SE,UB,,26,19,ANX;ATT;BI;EE;FC;PE;SI;UB,no,yes,no,,notes=Application QA draft only; Step 5 remains inactive until final full-corpus freeze authorization is recorded. Frozen on 2026-06-09 under explicit caveat-preservation authorization.,likely_false_positive_one_construct_not_human_supported,do_not_add_unless_reopened_by_source_evidence,Only one construct is human/frozen-supported for this study; missing construct=SE. This usually indicates AI term-hit overreach or unapproved remap.,efficacy,UB;actual use;use;use behavior,correlation;correlations;fornell;larcker;latent;table,/Users/newhosung/Library/CloudStorage/OneDrive-SharedLibraries-ThePennsylvaniaStateUniversity/AI Adoption Meta Analysis - Documents/Meta/AI Adoption/PDFs/S072.pdf,candidate_only_not_analytic_input_until_human_confirmed
possible_densification_source_review_candidate,ai_candidate_only_missing_pair_no_value_added,S072,SI-TRU,SI,TRU,,26,19,ANX;ATT;BI;EE;FC;PE;SI;UB,yes,no,no,,notes=Application QA draft only; Step 5 remains inactive until final full-corpus freeze authorization is recorded. Frozen on 2026-06-09 under explicit caveat-preservation authorization.,likely_false_positive_one_construct_not_human_supported,do_not_add_unless_reopened_by_source_evidence,Only one construct is human/frozen-supported for this study; missing construct=TRU. This usually indicates AI term-hit overreach or unapproved remap.,SI;social influence,trust;trustworthiness,correlation;correlations;fornell;larcker;latent;table,/Users/newhosung/Library/CloudStorage/OneDrive-SharedLibraries-ThePennsylvaniaStateUniversity/AI Adoption Meta Analysis - Documents/Meta/AI Adoption/PDFs/S072.pdf,candidate_only_not_analytic_input_until_human_confirmed
possible_densification_source_review_candidate,ai_candidate_only_missing_pair_no_value_added,S072,TRU-UB,TRU,UB,,26,19,ANX;ATT;BI;EE;FC;PE;SI;UB,no,yes,no,,notes=Application QA draft only; Step 5 remains inactive until final full-corpus freeze authorization is recorded. Frozen on 2026-06-09 under explicit caveat-preservation authorization.,likely_false_positive_one_construct_not_human_supported,do_not_add_unless_reopened_by_source_evidence,Only one construct is human/frozen-supported for this study; missing construct=TRU. This usually indicates AI term-hit overreach or unapproved remap.,trust;trustworthiness,UB;actual use;use;use behavior,correlation;correlations;fornell;larcker;latent;table,/Users/newhosung/Library/CloudStorage/OneDrive-SharedLibraries-ThePennsylvaniaStateUniversity/AI Adoption Meta Analysis - Documents/Meta/AI Adoption/PDFs/S072.pdf,candidate_only_not_analytic_input_until_human_confirmed
possible_densification_source_review_candidate,ai_candidate_only_missing_pair_no_value_added,S086,ANX-BI,ANX,BI,,21,24,BI;EE;FC;PE;SI;TRU;UB,no,yes,no,,notes=Application QA draft only; Step 5 remains inactive until final full-corpus freeze authorization is recorded. Frozen on 2026-06-09 under explicit caveat-preservation authorization.,likely_false_positive_one_construct_not_human_supported,do_not_add_unless_reopened_by_source_evidence,Only one construct is human/frozen-supported for this study; missing construct=ANX. This usually indicates AI term-hit overreach or unapproved remap.,anxiety;fear,BI;behavioral intention;intention to use,correlation;correlations;latent;matrix;pearson;table,/Users/newhosung/Library/CloudStorage/OneDrive-SharedLibraries-ThePennsylvaniaStateUniversity/AI Adoption Meta Analysis - Documents/Meta/AI Adoption/PDFs/S086.pdf,candidate_only_not_analytic_input_until_human_confirmed
possible_densification_source_review_candidate,ai_candidate_only_missing_pair_no_value_added,S086,ANX-EE,ANX,EE,,21,24,BI;EE;FC;PE;SI;TRU;UB,no,yes,no,,notes=Application QA draft only; Step 5 remains inactive until final full-corpus freeze authorization is recorded. Frozen on 2026-06-09 under explicit caveat-preservation authorization.,likely_false_positive_one_construct_not_human_supported,do_not_add_unless_reopened_by_source_evidence,Only one construct is human/frozen-supported for this study; missing construct=ANX. This usually indicates AI term-hit overreach or unapproved remap.,anxiety;fear,EE;ease of use;easy to use;effort expectancy,correlation;correlations;latent;matrix;pearson;table,/Users/newhosung/Library/CloudStorage/OneDrive-SharedLibraries-ThePennsylvaniaStateUniversity/AI Adoption Meta Analysis - Documents/Meta/AI Adoption/PDFs/S086.pdf,candidate_only_not_analytic_input_until_human_confirmed
possible_densification_source_review_candidate,ai_candidate_only_missing_pair_no_value_added,S086,ANX-FC,ANX,FC,,21,24,BI;EE;FC;PE;SI;TRU;UB,no,yes,no,,notes=Application QA draft only; Step 5 remains inactive until final full-corpus freeze authorization is recorded. Frozen on 2026-06-09 under explicit caveat-preservation authorization.,likely_false_positive_one_construct_not_human_supported,do_not_add_unless_reopened_by_source_evidence,Only one construct is human/frozen-supported for this study; missing construct=ANX. This usually indicates AI term-hit overreach or unapproved remap.,anxiety;fear,FC;facilitating;facilitating conditions;resources;support,correlation;correlations;latent;matrix;pearson;table,/Users/newhosung/Library/CloudStorage/OneDrive-SharedLibraries-ThePennsylvaniaStateUniversity/AI Adoption Meta Analysis - Documents/Meta/AI Adoption/PDFs/S086.pdf,candidate_only_not_analytic_input_until_human_confirmed
possible_densification_source_review_candidate,ai_candidate_only_missing_pair_no_value_added,S086,ANX-PE,ANX,PE,,21,24,BI;EE;FC;PE;SI;TRU;UB,no,yes,no,,notes=Application QA draft only; Step 5 remains inactive until final full-corpus freeze authorization is recorded. Frozen on 2026-06-09 under explicit caveat-preservation authorization.,likely_false_positive_one_construct_not_human_supported,do_not_add_unless_reopened_by_source_evidence,Only one construct is human/frozen-supported for this study; missing construct=ANX. This usually indicates AI term-hit overreach or unapproved remap.,anxiety;fear,PE;perceived usefulness;performance expectancy;useful;usefulness,correlation;correlations;latent;matrix;pearson;table,/Users/newhosung/Library/CloudStorage/OneDrive-SharedLibraries-ThePennsylvaniaStateUniversity/AI Adoption Meta Analysis - Documents/Meta/AI Adoption/PDFs/S086.pdf,candidate_only_not_analytic_input_until_human_confirmed
possible_densification_source_review_candidate,ai_candidate_only_missing_pair_no_value_added,S086,ANX-SI,ANX,SI,,21,24,BI;EE;FC;PE;SI;TRU;UB,no,yes,no,,notes=Application QA draft only; Step 5 remains inactive until final full-corpus freeze authorization is recorded. Frozen on 2026-06-09 under explicit caveat-preservation authorization.,likely_false_positive_one_construct_not_human_supported,do_not_add_unless_reopened_by_source_evidence,Only one construct is human/frozen-supported for this study; missing construct=ANX. This usually indicates AI term-hit overreach or unapproved remap.,anxiety;fear,SI;social influence,correlation;correlations;latent;matrix;pearson;table,/Users/newhosung/Library/CloudStorage/OneDrive-SharedLibraries-ThePennsylvaniaStateUniversity/AI Adoption Meta Analysis - Documents/Meta/AI Adoption/PDFs/S086.pdf,candidate_only_not_analytic_input_until_human_confirmed
possible_densification_source_review_candidate,ai_candidate_only_missing_pair_no_value_added,S086,ANX-TRU,ANX,TRU,,21,24,BI;EE;FC;PE;SI;TRU;UB,no,yes,no,,notes=Application QA draft only; Step 5 remains inactive until final full-corpus freeze authorization is recorded. Frozen on 2026-06-09 under explicit caveat-preservation authorization.,likely_false_positive_one_construct_not_human_supported,do_not_add_unless_reopened_by_source_evidence,Only one construct is human/frozen-supported for this study; missing construct=ANX. This usually indicates AI term-hit overreach or unapproved remap.,anxiety;fear,TRU;trust,correlation;correlations;latent;matrix;pearson;table,/Users/newhosung/Library/CloudStorage/OneDrive-SharedLibraries-ThePennsylvaniaStateUniversity/AI Adoption Meta Analysis - Documents/Meta/AI Adoption/PDFs/S086.pdf,candidate_only_not_analytic_input_until_human_confirmed
possible_densification_source_review_candidate,ai_candidate_only_missing_pair_no_value_added,S086,ANX-UB,ANX,UB,,21,24,BI;EE;FC;PE;SI;TRU;UB,no,yes,no,,notes=Application QA draft only; Step 5 remains inactive until final full-corpus freeze authorization is recorded. Frozen on 2026-06-09 under explicit caveat-preservation authorization.,likely_false_positive_one_construct_not_human_supported,do_not_add_unless_reopened_by_source_evidence,Only one construct is human/frozen-supported for this study; missing construct=ANX. This usually indicates AI term-hit overreach or unapproved remap.,anxiety;fear,UB;usage behavior;use;use behavior,correlation;correlations;latent;matrix;pearson;table,/Users/newhosung/Library/CloudStorage/OneDrive-SharedLibraries-ThePennsylvaniaStateUniversity/AI Adoption Meta Analysis - Documents/Meta/AI Adoption/PDFs/S086.pdf,candidate_only_not_analytic_input_until_human_confirmed
possible_densification_source_review_candidate,ai_candidate_only_missing_pair_no_value_added,S086,ATT-BI,ATT,BI,,21,24,BI;EE;FC;PE;SI;TRU;UB,no,yes,no,,notes=Application QA draft only; Step 5 remains inactive until final full-corpus freeze authorization is recorded. Frozen on 2026-06-09 under explicit caveat-preservation authorization.,likely_false_positive_one_construct_not_human_supported,do_not_add_unless_reopened_by_source_evidence,Only one construct is human/frozen-supported for this study; missing construct=ATT. This usually indicates AI term-hit overreach or unapproved remap.,attitude;attitude toward;attitudes,BI;behavioral intention;intention to use,correlation;correlations;latent;matrix;pearson;table,/Users/newhosung/Library/CloudStorage/OneDrive-SharedLibraries-ThePennsylvaniaStateUniversity/AI Adoption Meta Analysis - Documents/Meta/AI Adoption/PDFs/S086.pdf,candidate_only_not_analytic_input_until_human_confirmed
possible_densification_source_review_candidate,ai_candidate_only_missing_pair_no_value_added,S086,ATT-EE,ATT,EE,,21,24,BI;EE;FC;PE;SI;TRU;UB,no,yes,no,,notes=Application QA draft only; Step 5 remains inactive until final full-corpus freeze authorization is recorded. Frozen on 2026-06-09 under explicit caveat-preservation authorization.,likely_false_positive_one_construct_not_human_supported,do_not_add_unless_reopened_by_source_evidence,Only one construct is human/frozen-supported for this study; missing construct=ATT. This usually indicates AI term-hit overreach or unapproved remap.,attitude;attitude toward;attitudes,EE;ease of use;easy to use;effort expectancy,correlation;correlations;latent;matrix;pearson;table,/Users/newhosung/Library/CloudStorage/OneDrive-SharedLibraries-ThePennsylvaniaStateUniversity/AI Adoption Meta Analysis - Documents/Meta/AI Adoption/PDFs/S086.pdf,candidate_only_not_analytic_input_until_human_confirmed
possible_densification_source_review_candidate,ai_candidate_only_missing_pair_no_value_added,S086,ATT-FC,ATT,FC,,21,24,BI;EE;FC;PE;SI;TRU;UB,no,yes,no,,notes=Application QA draft only; Step 5 remains inactive until final full-corpus freeze authorization is recorded. Frozen on 2026-06-09 under explicit caveat-preservation authorization.,likely_false_positive_one_construct_not_human_supported,do_not_add_unless_reopened_by_source_evidence,Only one construct is human/frozen-supported for this study; missing construct=ATT. This usually indicates AI term-hit overreach or unapproved remap.,attitude;attitude toward;attitudes,FC;facilitating;facilitating conditions;resources;support,correlation;correlations;latent;matrix;pearson;table,/Users/newhosung/Library/CloudStorage/OneDrive-SharedLibraries-ThePennsylvaniaStateUniversity/AI Adoption Meta Analysis - Documents/Meta/AI Adoption/PDFs/S086.pdf,candidate_only_not_analytic_input_until_human_confirmed
possible_densification_source_review_candidate,ai_candidate_only_missing_pair_no_value_added,S086,ATT-PE,ATT,PE,,21,24,BI;EE;FC;PE;SI;TRU;UB,no,yes,no,,notes=Application QA draft only; Step 5 remains inactive until final full-corpus freeze authorization is recorded. Frozen on 2026-06-09 under explicit caveat-preservation authorization.,likely_false_positive_one_construct_not_human_supported,do_not_add_unless_reopened_by_source_evidence,Only one construct is human/frozen-supported for this study; missing construct=ATT. This usually indicates AI term-hit overreach or unapproved remap.,attitude;attitude toward;attitudes,PE;perceived usefulness;performance expectancy;useful;usefulness,correlation;correlations;latent;matrix;pearson;table,/Users/newhosung/Library/CloudStorage/OneDrive-SharedLibraries-ThePennsylvaniaStateUniversity/AI Adoption Meta Analysis - Documents/Meta/AI Adoption/PDFs/S086.pdf,candidate_only_not_analytic_input_until_human_confirmed
possible_densification_source_review_candidate,ai_candidate_only_missing_pair_no_value_added,S086,ATT-SI,ATT,SI,,21,24,BI;EE;FC;PE;SI;TRU;UB,no,yes,no,,notes=Application QA draft only; Step 5 remains inactive until final full-corpus freeze authorization is recorded. Frozen on 2026-06-09 under explicit caveat-preservation authorization.,likely_false_positive_one_construct_not_human_supported,do_not_add_unless_reopened_by_source_evidence,Only one construct is human/frozen-supported for this study; missing construct=ATT. This usually indicates AI term-hit overreach or unapproved remap.,attitude;attitude toward;attitudes,SI;social influence,correlation;correlations;latent;matrix;pearson;table,/Users/newhosung/Library/CloudStorage/OneDrive-SharedLibraries-ThePennsylvaniaStateUniversity/AI Adoption Meta Analysis - Documents/Meta/AI Adoption/PDFs/S086.pdf,candidate_only_not_analytic_input_until_human_confirmed
possible_densification_source_review_candidate,ai_candidate_only_missing_pair_no_value_added,S086,ATT-TRU,ATT,TRU,,21,24,BI;EE;FC;PE;SI;TRU;UB,no,yes,no,,notes=Application QA draft only; Step 5 remains inactive until final full-corpus freeze authorization is recorded. Frozen on 2026-06-09 under explicit caveat-preservation authorization.,likely_false_positive_one_construct_not_human_supported,do_not_add_unless_reopened_by_source_evidence,Only one construct is human/frozen-supported for this study; missing construct=ATT. This usually indicates AI term-hit overreach or unapproved remap.,attitude;attitude toward;attitudes,TRU;trust,correlation;correlations;latent;matrix;pearson;table,/Users/newhosung/Library/CloudStorage/OneDrive-SharedLibraries-ThePennsylvaniaStateUniversity/AI Adoption Meta Analysis - Documents/Meta/AI Adoption/PDFs/S086.pdf,candidate_only_not_analytic_input_until_human_confirmed
possible_densification_source_review_candidate,ai_candidate_only_missing_pair_no_value_added,S086,ATT-UB,ATT,UB,,21,24,BI;EE;FC;PE;SI;TRU;UB,no,yes,no,,notes=Application QA draft only; Step 5 remains inactive until final full-corpus freeze authorization is recorded. Frozen on 2026-06-09 under explicit caveat-preservation authorization.,likely_false_positive_one_construct_not_human_supported,do_not_add_unless_reopened_by_source_evidence,Only one construct is human/frozen-supported for this study; missing construct=ATT. This usually indicates AI term-hit overreach or unapproved remap.,attitude;attitude toward;attitudes,UB;usage behavior;use;use behavior,correlation;correlations;latent;matrix;pearson;table,/Users/newhosung/Library/CloudStorage/OneDrive-SharedLibraries-ThePennsylvaniaStateUniversity/AI Adoption Meta Analysis - Documents/Meta/AI Adoption/PDFs/S086.pdf,candidate_only_not_analytic_input_until_human_confirmed
possible_densification_source_review_candidate,ai_candidate_only_missing_pair_no_value_added,S088,ANX-BI,ANX,BI,,21,24,BI;EE;FC;PE;SI;TRU;UB,no,yes,no,,notes=study_terminal_status=included_coder_agreed_correlation_rows_status_draft; final_freeze_handling=Carry coder-agreed correlation rows from combined coder values into final full-corpus freeze application/QA; keep Step 5 inactive.; notes=Metadata/status differences only; 21 of 21 unique agreed rows have at least one coded source-location entry. No new source-value adjudication record was created.; audit_status=completed. Application QA draft only; Step 5 remains inactive until final full-corpus freeze authorization is recorded. Frozen on 2026-06-09 under explicit caveat-preservation authorization.,likely_false_positive_one_construct_not_human_supported,do_not_add_unless_reopened_by_source_evidence,Only one construct is human/frozen-supported for this study; missing construct=ANX. This usually indicates AI term-hit overreach or unapproved remap.,anxiety;anxious,BI;behavioral intention;intention to use,correlations;fornell;larcker;latent;table,/Users/newhosung/Library/CloudStorage/OneDrive-SharedLibraries-ThePennsylvaniaStateUniversity/AI Adoption Meta Analysis - Documents/Meta/AI Adoption/PDFs/S088.pdf,candidate_only_not_analytic_input_until_human_confirmed
possible_densification_source_review_candidate,ai_candidate_only_missing_pair_no_value_added,S088,ANX-EE,ANX,EE,,21,24,BI;EE;FC;PE;SI;TRU;UB,no,yes,no,,notes=study_terminal_status=included_coder_agreed_correlation_rows_status_draft; final_freeze_handling=Carry coder-agreed correlation rows from combined coder values into final full-corpus freeze application/QA; keep Step 5 inactive.; notes=Metadata/status differences only; 21 of 21 unique agreed rows have at least one coded source-location entry. No new source-value adjudication record was created.; audit_status=completed. Application QA draft only; Step 5 remains inactive until final full-corpus freeze authorization is recorded. Frozen on 2026-06-09 under explicit caveat-preservation authorization.,likely_false_positive_one_construct_not_human_supported,do_not_add_unless_reopened_by_source_evidence,Only one construct is human/frozen-supported for this study; missing construct=ANX. This usually indicates AI term-hit overreach or unapproved remap.,anxiety;anxious,EE;ease of use;easy to use;effort expectancy;perceived ease of use,correlations;fornell;larcker;latent;table,/Users/newhosung/Library/CloudStorage/OneDrive-SharedLibraries-ThePennsylvaniaStateUniversity/AI Adoption Meta Analysis - Documents/Meta/AI Adoption/PDFs/S088.pdf,candidate_only_not_analytic_input_until_human_confirmed
possible_densification_source_review_candidate,ai_candidate_only_missing_pair_no_value_added,S088,ANX-FC,ANX,FC,,21,24,BI;EE;FC;PE;SI;TRU;UB,no,yes,no,,notes=study_terminal_status=included_coder_agreed_correlation_rows_status_draft; final_freeze_handling=Carry coder-agreed correlation rows from combined coder values into final full-corpus freeze application/QA; keep Step 5 inactive.; notes=Metadata/status differences only; 21 of 21 unique agreed rows have at least one coded source-location entry. No new source-value adjudication record was created.; audit_status=completed. Application QA draft only; Step 5 remains inactive until final full-corpus freeze authorization is recorded. Frozen on 2026-06-09 under explicit caveat-preservation authorization.,likely_false_positive_one_construct_not_human_supported,do_not_add_unless_reopened_by_source_evidence,Only one construct is human/frozen-supported for this study; missing construct=ANX. This usually indicates AI term-hit overreach or unapproved remap.,anxiety;anxious,FC;facilitating;facilitating conditions;resources;support,correlations;fornell;larcker;latent;table,/Users/newhosung/Library/CloudStorage/OneDrive-SharedLibraries-ThePennsylvaniaStateUniversity/AI Adoption Meta Analysis - Documents/Meta/AI Adoption/PDFs/S088.pdf,candidate_only_not_analytic_input_until_human_confirmed
possible_densification_source_review_candidate,ai_candidate_only_missing_pair_no_value_added,S088,ANX-PE,ANX,PE,,21,24,BI;EE;FC;PE;SI;TRU;UB,no,yes,no,,notes=study_terminal_status=included_coder_agreed_correlation_rows_status_draft; final_freeze_handling=Carry coder-agreed correlation rows from combined coder values into final full-corpus freeze application/QA; keep Step 5 inactive.; notes=Metadata/status differences only; 21 of 21 unique agreed rows have at least one coded source-location entry. No new source-value adjudication record was created.; audit_status=completed. Application QA draft only; Step 5 remains inactive until final full-corpus freeze authorization is recorded. Frozen on 2026-06-09 under explicit caveat-preservation authorization.,likely_false_positive_one_construct_not_human_supported,do_not_add_unless_reopened_by_source_evidence,Only one construct is human/frozen-supported for this study; missing construct=ANX. This usually indicates AI term-hit overreach or unapproved remap.,anxiety;anxious,PE;perceived usefulness;performance expectancy;useful;usefulness,correlations;fornell;larcker;latent;table,/Users/newhosung/Library/CloudStorage/OneDrive-SharedLibraries-ThePennsylvaniaStateUniversity/AI Adoption Meta Analysis - Documents/Meta/AI Adoption/PDFs/S088.pdf,candidate_only_not_analytic_input_until_human_confirmed
possible_densification_source_review_candidate,ai_candidate_only_missing_pair_no_value_added,S088,ANX-SI,ANX,SI,,21,24,BI;EE;FC;PE;SI;TRU;UB,no,yes,no,,notes=study_terminal_status=included_coder_agreed_correlation_rows_status_draft; final_freeze_handling=Carry coder-agreed correlation rows from combined coder values into final full-corpus freeze application/QA; keep Step 5 inactive.; notes=Metadata/status differences only; 21 of 21 unique agreed rows have at least one coded source-location entry. No new source-value adjudication record was created.; audit_status=completed. Application QA draft only; Step 5 remains inactive until final full-corpus freeze authorization is recorded. Frozen on 2026-06-09 under explicit caveat-preservation authorization.,likely_false_positive_one_construct_not_human_supported,do_not_add_unless_reopened_by_source_evidence,Only one construct is human/frozen-supported for this study; missing construct=ANX. This usually indicates AI term-hit overreach or unapproved remap.,anxiety;anxious,SI;social influence,correlations;fornell;larcker;latent;table,/Users/newhosung/Library/CloudStorage/OneDrive-SharedLibraries-ThePennsylvaniaStateUniversity/AI Adoption Meta Analysis - Documents/Meta/AI Adoption/PDFs/S088.pdf,candidate_only_not_analytic_input_until_human_confirmed
possible_densification_source_review_candidate,ai_candidate_only_missing_pair_no_value_added,S088,ANX-TRU,ANX,TRU,,21,24,BI;EE;FC;PE;SI;TRU;UB,no,yes,no,,notes=study_terminal_status=included_coder_agreed_correlation_rows_status_draft; final_freeze_handling=Carry coder-agreed correlation rows from combined coder values into final full-corpus freeze application/QA; keep Step 5 inactive.; notes=Metadata/status differences only; 21 of 21 unique agreed rows have at least one coded source-location entry. No new source-value adjudication record was created.; audit_status=completed. Application QA draft only; Step 5 remains inactive until final full-corpus freeze authorization is recorded. Frozen on 2026-06-09 under explicit caveat-preservation authorization.,likely_false_positive_one_construct_not_human_supported,do_not_add_unless_reopened_by_source_evidence,Only one construct is human/frozen-supported for this study; missing construct=ANX. This usually indicates AI term-hit overreach or unapproved remap.,anxiety;anxious,TRU;trust,correlations;fornell;larcker;latent;table,/Users/newhosung/Library/CloudStorage/OneDrive-SharedLibraries-ThePennsylvaniaStateUniversity/AI Adoption Meta Analysis - Documents/Meta/AI Adoption/PDFs/S088.pdf,candidate_only_not_analytic_input_until_human_confirmed
possible_densification_source_review_candidate,ai_candidate_only_missing_pair_no_value_added,S088,ANX-UB,ANX,UB,,21,24,BI;EE;FC;PE;SI;TRU;UB,no,yes,no,,notes=study_terminal_status=included_coder_agreed_correlation_rows_status_draft; final_freeze_handling=Carry coder-agreed correlation rows from combined coder values into final full-corpus freeze application/QA; keep Step 5 inactive.; notes=Metadata/status differences only; 21 of 21 unique agreed rows have at least one coded source-location entry. No new source-value adjudication record was created.; audit_status=completed. Application QA draft only; Step 5 remains inactive until final full-corpus freeze authorization is recorded. Frozen on 2026-06-09 under explicit caveat-preservation authorization.,likely_false_positive_one_construct_not_human_supported,do_not_add_unless_reopened_by_source_evidence,Only one construct is human/frozen-supported for this study; missing construct=ANX. This usually indicates AI term-hit overreach or unapproved remap.,anxiety;anxious,UB;actual use;use;use behavior,correlations;fornell;larcker;latent;table,/Users/newhosung/Library/CloudStorage/OneDrive-SharedLibraries-ThePennsylvaniaStateUniversity/AI Adoption Meta Analysis - Documents/Meta/AI Adoption/PDFs/S088.pdf,candidate_only_not_analytic_input_until_human_confirmed
possible_densification_source_review_candidate,ai_candidate_only_missing_pair_no_value_added,S088,ATT-BI,ATT,BI,,21,24,BI;EE;FC;PE;SI;TRU;UB,no,yes,no,,notes=study_terminal_status=included_coder_agreed_correlation_rows_status_draft; final_freeze_handling=Carry coder-agreed correlation rows from combined coder values into final full-corpus freeze application/QA; keep Step 5 inactive.; notes=Metadata/status differences only; 21 of 21 unique agreed rows have at least one coded source-location entry. No new source-value adjudication record was created.; audit_status=completed. Application QA draft only; Step 5 remains inactive until final full-corpus freeze authorization is recorded. Frozen on 2026-06-09 under explicit caveat-preservation authorization.,likely_false_positive_one_construct_not_human_supported,do_not_add_unless_reopened_by_source_evidence,Only one construct is human/frozen-supported for this study; missing construct=ATT. This usually indicates AI term-hit overreach or unapproved remap.,attitude;attitudes,BI;behavioral intention;intention to use,correlations;fornell;larcker;latent;table,/Users/newhosung/Library/CloudStorage/OneDrive-SharedLibraries-ThePennsylvaniaStateUniversity/AI Adoption Meta Analysis - Documents/Meta/AI Adoption/PDFs/S088.pdf,candidate_only_not_analytic_input_until_human_confirmed
possible_densification_source_review_candidate,ai_candidate_only_missing_pair_no_value_added,S088,ATT-EE,ATT,EE,,21,24,BI;EE;FC;PE;SI;TRU;UB,no,yes,no,,notes=study_terminal_status=included_coder_agreed_correlation_rows_status_draft; final_freeze_handling=Carry coder-agreed correlation rows from combined coder values into final full-corpus freeze application/QA; keep Step 5 inactive.; notes=Metadata/status differences only; 21 of 21 unique agreed rows have at least one coded source-location entry. No new source-value adjudication record was created.; audit_status=completed. Application QA draft only; Step 5 remains inactive until final full-corpus freeze authorization is recorded. Frozen on 2026-06-09 under explicit caveat-preservation authorization.,likely_false_positive_one_construct_not_human_supported,do_not_add_unless_reopened_by_source_evidence,Only one construct is human/frozen-supported for this study; missing construct=ATT. This usually indicates AI term-hit overreach or unapproved remap.,attitude;attitudes,EE;ease of use;easy to use;effort expectancy;perceived ease of use,correlations;fornell;larcker;latent;table,/Users/newhosung/Library/CloudStorage/OneDrive-SharedLibraries-ThePennsylvaniaStateUniversity/AI Adoption Meta Analysis - Documents/Meta/AI Adoption/PDFs/S088.pdf,candidate_only_not_analytic_input_until_human_confirmed
possible_densification_source_review_candidate,ai_candidate_only_missing_pair_no_value_added,S088,ATT-FC,ATT,FC,,21,24,BI;EE;FC;PE;SI;TRU;UB,no,yes,no,,notes=study_terminal_status=included_coder_agreed_correlation_rows_status_draft; final_freeze_handling=Carry coder-agreed correlation rows from combined coder values into final full-corpus freeze application/QA; keep Step 5 inactive.; notes=Metadata/status differences only; 21 of 21 unique agreed rows have at least one coded source-location entry. No new source-value adjudication record was created.; audit_status=completed. Application QA draft only; Step 5 remains inactive until final full-corpus freeze authorization is recorded. Frozen on 2026-06-09 under explicit caveat-preservation authorization.,likely_false_positive_one_construct_not_human_supported,do_not_add_unless_reopened_by_source_evidence,Only one construct is human/frozen-supported for this study; missing construct=ATT. This usually indicates AI term-hit overreach or unapproved remap.,attitude;attitudes,FC;facilitating;facilitating conditions;resources;support,correlations;fornell;larcker;latent;table,/Users/newhosung/Library/CloudStorage/OneDrive-SharedLibraries-ThePennsylvaniaStateUniversity/AI Adoption Meta Analysis - Documents/Meta/AI Adoption/PDFs/S088.pdf,candidate_only_not_analytic_input_until_human_confirmed
possible_densification_source_review_candidate,ai_candidate_only_missing_pair_no_value_added,S088,ATT-PE,ATT,PE,,21,24,BI;EE;FC;PE;SI;TRU;UB,no,yes,no,,notes=study_terminal_status=included_coder_agreed_correlation_rows_status_draft; final_freeze_handling=Carry coder-agreed correlation rows from combined coder values into final full-corpus freeze application/QA; keep Step 5 inactive.; notes=Metadata/status differences only; 21 of 21 unique agreed rows have at least one coded source-location entry. No new source-value adjudication record was created.; audit_status=completed. Application QA draft only; Step 5 remains inactive until final full-corpus freeze authorization is recorded. Frozen on 2026-06-09 under explicit caveat-preservation authorization.,likely_false_positive_one_construct_not_human_supported,do_not_add_unless_reopened_by_source_evidence,Only one construct is human/frozen-supported for this study; missing construct=ATT. This usually indicates AI term-hit overreach or unapproved remap.,attitude;attitudes,PE;perceived usefulness;performance expectancy;useful;usefulness,correlations;fornell;larcker;latent;table,/Users/newhosung/Library/CloudStorage/OneDrive-SharedLibraries-ThePennsylvaniaStateUniversity/AI Adoption Meta Analysis - Documents/Meta/AI Adoption/PDFs/S088.pdf,candidate_only_not_analytic_input_until_human_confirmed
possible_densification_source_review_candidate,ai_candidate_only_missing_pair_no_value_added,S088,ATT-SI,ATT,SI,,21,24,BI;EE;FC;PE;SI;TRU;UB,no,yes,no,,notes=study_terminal_status=included_coder_agreed_correlation_rows_status_draft; final_freeze_handling=Carry coder-agreed correlation rows from combined coder values into final full-corpus freeze application/QA; keep Step 5 inactive.; notes=Metadata/status differences only; 21 of 21 unique agreed rows have at least one coded source-location entry. No new source-value adjudication record was created.; audit_status=completed. Application QA draft only; Step 5 remains inactive until final full-corpus freeze authorization is recorded. Frozen on 2026-06-09 under explicit caveat-preservation authorization.,likely_false_positive_one_construct_not_human_supported,do_not_add_unless_reopened_by_source_evidence,Only one construct is human/frozen-supported for this study; missing construct=ATT. This usually indicates AI term-hit overreach or unapproved remap.,attitude;attitudes,SI;social influence,correlations;fornell;larcker;latent;table,/Users/newhosung/Library/CloudStorage/OneDrive-SharedLibraries-ThePennsylvaniaStateUniversity/AI Adoption Meta Analysis - Documents/Meta/AI Adoption/PDFs/S088.pdf,candidate_only_not_analytic_input_until_human_confirmed
possible_densification_source_review_candidate,ai_candidate_only_missing_pair_no_value_added,S088,ATT-TRU,ATT,TRU,,21,24,BI;EE;FC;PE;SI;TRU;UB,no,yes,no,,notes=study_terminal_status=included_coder_agreed_correlation_rows_status_draft; final_freeze_handling=Carry coder-agreed correlation rows from combined coder values into final full-corpus freeze application/QA; keep Step 5 inactive.; notes=Metadata/status differences only; 21 of 21 unique agreed rows have at least one coded source-location entry. No new source-value adjudication record was created.; audit_status=completed. Application QA draft only; Step 5 remains inactive until final full-corpus freeze authorization is recorded. Frozen on 2026-06-09 under explicit caveat-preservation authorization.,likely_false_positive_one_construct_not_human_supported,do_not_add_unless_reopened_by_source_evidence,Only one construct is human/frozen-supported for this study; missing construct=ATT. This usually indicates AI term-hit overreach or unapproved remap.,attitude;attitudes,TRU;trust,correlations;fornell;larcker;latent;table,/Users/newhosung/Library/CloudStorage/OneDrive-SharedLibraries-ThePennsylvaniaStateUniversity/AI Adoption Meta Analysis - Documents/Meta/AI Adoption/PDFs/S088.pdf,candidate_only_not_analytic_input_until_human_confirmed
possible_densification_source_review_candidate,ai_candidate_only_missing_pair_no_value_added,S088,ATT-UB,ATT,UB,,21,24,BI;EE;FC;PE;SI;TRU;UB,no,yes,no,,notes=study_terminal_status=included_coder_agreed_correlation_rows_status_draft; final_freeze_handling=Carry coder-agreed correlation rows from combined coder values into final full-corpus freeze application/QA; keep Step 5 inactive.; notes=Metadata/status differences only; 21 of 21 unique agreed rows have at least one coded source-location entry. No new source-value adjudication record was created.; audit_status=completed. Application QA draft only; Step 5 remains inactive until final full-corpus freeze authorization is recorded. Frozen on 2026-06-09 under explicit caveat-preservation authorization.,likely_false_positive_one_construct_not_human_supported,do_not_add_unless_reopened_by_source_evidence,Only one construct is human/frozen-supported for this study; missing construct=ATT. This usually indicates AI term-hit overreach or unapproved remap.,attitude;attitudes,UB;actual use;use;use behavior,correlations;fornell;larcker;latent;table,/Users/newhosung/Library/CloudStorage/OneDrive-SharedLibraries-ThePennsylvaniaStateUniversity/AI Adoption Meta Analysis - Documents/Meta/AI Adoption/PDFs/S088.pdf,candidate_only_not_analytic_input_until_human_confirmed
possible_densification_source_review_candidate,ai_candidate_only_missing_pair_no_value_added,S088,BI-SE,BI,SE,,21,24,BI;EE;FC;PE;SI;TRU;UB,yes,no,no,,notes=study_terminal_status=included_coder_agreed_correlation_rows_status_draft; final_freeze_handling=Carry coder-agreed correlation rows from combined coder values into final full-corpus freeze application/QA; keep Step 5 inactive.; notes=Metadata/status differences only; 21 of 21 unique agreed rows have at least one coded source-location entry. No new source-value adjudication record was created.; audit_status=completed. Application QA draft only; Step 5 remains inactive until final full-corpus freeze authorization is recorded. Frozen on 2026-06-09 under explicit caveat-preservation authorization.,likely_false_positive_one_construct_not_human_supported,do_not_add_unless_reopened_by_source_evidence,Only one construct is human/frozen-supported for this study; missing construct=SE. This usually indicates AI term-hit overreach or unapproved remap.,BI;behavioral intention;intention to use,SE,correlations;fornell;larcker;latent;table,/Users/newhosung/Library/CloudStorage/OneDrive-SharedLibraries-ThePennsylvaniaStateUniversity/AI Adoption Meta Analysis - Documents/Meta/AI Adoption/PDFs/S088.pdf,candidate_only_not_analytic_input_until_human_confirmed
possible_densification_source_review_candidate,ai_candidate_only_missing_pair_no_value_added,S088,EE-SE,EE,SE,,21,24,BI;EE;FC;PE;SI;TRU;UB,yes,no,no,,notes=study_terminal_status=included_coder_agreed_correlation_rows_status_draft; final_freeze_handling=Carry coder-agreed correlation rows from combined coder values into final full-corpus freeze application/QA; keep Step 5 inactive.; notes=Metadata/status differences only; 21 of 21 unique agreed rows have at least one coded source-location entry. No new source-value adjudication record was created.; audit_status=completed. Application QA draft only; Step 5 remains inactive until final full-corpus freeze authorization is recorded. Frozen on 2026-06-09 under explicit caveat-preservation authorization.,likely_false_positive_one_construct_not_human_supported,do_not_add_unless_reopened_by_source_evidence,Only one construct is human/frozen-supported for this study; missing construct=SE. This usually indicates AI term-hit overreach or unapproved remap.,EE;ease of use;easy to use;effort expectancy;perceived ease of use,SE,correlations;fornell;larcker;latent;table,/Users/newhosung/Library/CloudStorage/OneDrive-SharedLibraries-ThePennsylvaniaStateUniversity/AI Adoption Meta Analysis - Documents/Meta/AI Adoption/PDFs/S088.pdf,candidate_only_not_analytic_input_until_human_confirmed
possible_densification_source_review_candidate,ai_candidate_only_missing_pair_no_value_added,S088,FC-SE,FC,SE,,21,24,BI;EE;FC;PE;SI;TRU;UB,yes,no,no,,notes=study_terminal_status=included_coder_agreed_correlation_rows_status_draft; final_freeze_handling=Carry coder-agreed correlation rows from combined coder values into final full-corpus freeze application/QA; keep Step 5 inactive.; notes=Metadata/status differences only; 21 of 21 unique agreed rows have at least one coded source-location entry. No new source-value adjudication record was created.; audit_status=completed. Application QA draft only; Step 5 remains inactive until final full-corpus freeze authorization is recorded. Frozen on 2026-06-09 under explicit caveat-preservation authorization.,likely_false_positive_one_construct_not_human_supported,do_not_add_unless_reopened_by_source_evidence,Only one construct is human/frozen-supported for this study; missing construct=SE. This usually indicates AI term-hit overreach or unapproved remap.,FC;facilitating;facilitating conditions;resources;support,SE,correlations;fornell;larcker;latent;table,/Users/newhosung/Library/CloudStorage/OneDrive-SharedLibraries-ThePennsylvaniaStateUniversity/AI Adoption Meta Analysis - Documents/Meta/AI Adoption/PDFs/S088.pdf,candidate_only_not_analytic_input_until_human_confirmed
possible_densification_source_review_candidate,ai_candidate_only_missing_pair_no_value_added,S088,PE-SE,PE,SE,,21,24,BI;EE;FC;PE;SI;TRU;UB,yes,no,no,,notes=study_terminal_status=included_coder_agreed_correlation_rows_status_draft; final_freeze_handling=Carry coder-agreed correlation rows from combined coder values into final full-corpus freeze application/QA; keep Step 5 inactive.; notes=Metadata/status differences only; 21 of 21 unique agreed rows have at least one coded source-location entry. No new source-value adjudication record was created.; audit_status=completed. Application QA draft only; Step 5 remains inactive until final full-corpus freeze authorization is recorded. Frozen on 2026-06-09 under explicit caveat-preservation authorization.,likely_false_positive_one_construct_not_human_supported,do_not_add_unless_reopened_by_source_evidence,Only one construct is human/frozen-supported for this study; missing construct=SE. This usually indicates AI term-hit overreach or unapproved remap.,PE;perceived usefulness;performance expectancy;useful;usefulness,SE,correlations;fornell;larcker;latent;table,/Users/newhosung/Library/CloudStorage/OneDrive-SharedLibraries-ThePennsylvaniaStateUniversity/AI Adoption Meta Analysis - Documents/Meta/AI Adoption/PDFs/S088.pdf,candidate_only_not_analytic_input_until_human_confirmed
possible_densification_source_review_candidate,ai_candidate_only_missing_pair_no_value_added,S088,SE-SI,SE,SI,,21,24,BI;EE;FC;PE;SI;TRU;UB,no,yes,no,,notes=study_terminal_status=included_coder_agreed_correlation_rows_status_draft; final_freeze_handling=Carry coder-agreed correlation rows from combined coder values into final full-corpus freeze application/QA; keep Step 5 inactive.; notes=Metadata/status differences only; 21 of 21 unique agreed rows have at least one coded source-location entry. No new source-value adjudication record was created.; audit_status=completed. Application QA draft only; Step 5 remains inactive until final full-corpus freeze authorization is recorded. Frozen on 2026-06-09 under explicit caveat-preservation authorization.,likely_false_positive_one_construct_not_human_supported,do_not_add_unless_reopened_by_source_evidence,Only one construct is human/frozen-supported for this study; missing construct=SE. This usually indicates AI term-hit overreach or unapproved remap.,SE,SI;social influence,correlations;fornell;larcker;latent;table,/Users/newhosung/Library/CloudStorage/OneDrive-SharedLibraries-ThePennsylvaniaStateUniversity/AI Adoption Meta Analysis - Documents/Meta/AI Adoption/PDFs/S088.pdf,candidate_only_not_analytic_input_until_human_confirmed
possible_densification_source_review_candidate,ai_candidate_only_missing_pair_no_value_added,S088,SE-TRU,SE,TRU,,21,24,BI;EE;FC;PE;SI;TRU;UB,no,yes,no,,notes=study_terminal_status=included_coder_agreed_correlation_rows_status_draft; final_freeze_handling=Carry coder-agreed correlation rows from combined coder values into final full-corpus freeze application/QA; keep Step 5 inactive.; notes=Metadata/status differences only; 21 of 21 unique agreed rows have at least one coded source-location entry. No new source-value adjudication record was created.; audit_status=completed. Application QA draft only; Step 5 remains inactive until final full-corpus freeze authorization is recorded. Frozen on 2026-06-09 under explicit caveat-preservation authorization.,likely_false_positive_one_construct_not_human_supported,do_not_add_unless_reopened_by_source_evidence,Only one construct is human/frozen-supported for this study; missing construct=SE. This usually indicates AI term-hit overreach or unapproved remap.,SE,TRU;trust,correlations;fornell;larcker;latent;table,/Users/newhosung/Library/CloudStorage/OneDrive-SharedLibraries-ThePennsylvaniaStateUniversity/AI Adoption Meta Analysis - Documents/Meta/AI Adoption/PDFs/S088.pdf,candidate_only_not_analytic_input_until_human_confirmed
possible_densification_source_review_candidate,ai_candidate_only_missing_pair_no_value_added,S088,SE-UB,SE,UB,,21,24,BI;EE;FC;PE;SI;TRU;UB,no,yes,no,,notes=study_terminal_status=included_coder_agreed_correlation_rows_status_draft; final_freeze_handling=Carry coder-agreed correlation rows from combined coder values into final full-corpus freeze application/QA; keep Step 5 inactive.; notes=Metadata/status differences only; 21 of 21 unique agreed rows have at least one coded source-location entry. No new source-value adjudication record was created.; audit_status=completed. Application QA draft only; Step 5 remains inactive until final full-corpus freeze authorization is recorded. Frozen on 2026-06-09 under explicit caveat-preservation authorization.,likely_false_positive_one_construct_not_human_supported,do_not_add_unless_reopened_by_source_evidence,Only one construct is human/frozen-supported for this study; missing construct=SE. This usually indicates AI term-hit overreach or unapproved remap.,SE,UB;actual use;use;use behavior,correlations;fornell;larcker;latent;table,/Users/newhosung/Library/CloudStorage/OneDrive-SharedLibraries-ThePennsylvaniaStateUniversity/AI Adoption Meta Analysis - Documents/Meta/AI Adoption/PDFs/S088.pdf,candidate_only_not_analytic_input_until_human_confirmed
possible_densification_source_review_candidate,ai_candidate_only_missing_pair_no_value_added,S121-1,ANX-BI,ANX,BI,,21,24,BI;EE;FC;PE;SI;TRU;UB,no,yes,no,,,likely_false_positive_one_construct_not_human_supported,do_not_add_unless_reopened_by_source_evidence,Only one construct is human/frozen-supported for this study; missing construct=ANX. This usually indicates AI term-hit overreach or unapproved remap.,anxiety,BI;behavioral intention;intention to use;usage intention,correlation;correlations;table,/Users/newhosung/Library/CloudStorage/OneDrive-SharedLibraries-ThePennsylvaniaStateUniversity/AI Adoption Meta Analysis - Documents/Meta/AI Adoption/PDFs/S121.pdf,candidate_only_not_analytic_input_until_human_confirmed
possible_densification_source_review_candidate,ai_candidate_only_missing_pair_no_value_added,S121-1,ANX-EE,ANX,EE,,21,24,BI;EE;FC;PE;SI;TRU;UB,no,yes,no,,,likely_false_positive_one_construct_not_human_supported,do_not_add_unless_reopened_by_source_evidence,Only one construct is human/frozen-supported for this study; missing construct=ANX. This usually indicates AI term-hit overreach or unapproved remap.,anxiety,EE;ease of use;effort expectancy;perceived ease of use,correlation;correlations;table,/Users/newhosung/Library/CloudStorage/OneDrive-SharedLibraries-ThePennsylvaniaStateUniversity/AI Adoption Meta Analysis - Documents/Meta/AI Adoption/PDFs/S121.pdf,candidate_only_not_analytic_input_until_human_confirmed
possible_densification_source_review_candidate,ai_candidate_only_missing_pair_no_value_added,S121-1,ANX-FC,ANX,FC,,21,24,BI;EE;FC;PE;SI;TRU;UB,no,yes,no,,,likely_false_positive_one_construct_not_human_supported,do_not_add_unless_reopened_by_source_evidence,Only one construct is human/frozen-supported for this study; missing construct=ANX. This usually indicates AI term-hit overreach or unapproved remap.,anxiety,FC;facilitating;facilitating conditions;resources;support,correlation;correlations;table,/Users/newhosung/Library/CloudStorage/OneDrive-SharedLibraries-ThePennsylvaniaStateUniversity/AI Adoption Meta Analysis - Documents/Meta/AI Adoption/PDFs/S121.pdf,candidate_only_not_analytic_input_until_human_confirmed
possible_densification_source_review_candidate,ai_candidate_only_missing_pair_no_value_added,S121-1,ANX-PE,ANX,PE,,21,24,BI;EE;FC;PE;SI;TRU;UB,no,yes,no,,,likely_false_positive_one_construct_not_human_supported,do_not_add_unless_reopened_by_source_evidence,Only one construct is human/frozen-supported for this study; missing construct=ANX. This usually indicates AI term-hit overreach or unapproved remap.,anxiety,PE;perceived usefulness;performance expectancy;useful;usefulness,correlation;correlations;table,/Users/newhosung/Library/CloudStorage/OneDrive-SharedLibraries-ThePennsylvaniaStateUniversity/AI Adoption Meta Analysis - Documents/Meta/AI Adoption/PDFs/S121.pdf,candidate_only_not_analytic_input_until_human_confirmed
possible_densification_source_review_candidate,ai_candidate_only_missing_pair_no_value_added,S121-1,ANX-SI,ANX,SI,,21,24,BI;EE;FC;PE;SI;TRU;UB,no,yes,no,,,likely_false_positive_one_construct_not_human_supported,do_not_add_unless_reopened_by_source_evidence,Only one construct is human/frozen-supported for this study; missing construct=ANX. This usually indicates AI term-hit overreach or unapproved remap.,anxiety,SI;social influence,correlation;correlations;table,/Users/newhosung/Library/CloudStorage/OneDrive-SharedLibraries-ThePennsylvaniaStateUniversity/AI Adoption Meta Analysis - Documents/Meta/AI Adoption/PDFs/S121.pdf,candidate_only_not_analytic_input_until_human_confirmed
possible_densification_source_review_candidate,ai_candidate_only_missing_pair_no_value_added,S121-1,ANX-TRU,ANX,TRU,,21,24,BI;EE;FC;PE;SI;TRU;UB,no,yes,no,,,likely_false_positive_one_construct_not_human_supported,do_not_add_unless_reopened_by_source_evidence,Only one construct is human/frozen-supported for this study; missing construct=ANX. This usually indicates AI term-hit overreach or unapproved remap.,anxiety,TRU;trust,correlation;correlations;table,/Users/newhosung/Library/CloudStorage/OneDrive-SharedLibraries-ThePennsylvaniaStateUniversity/AI Adoption Meta Analysis - Documents/Meta/AI Adoption/PDFs/S121.pdf,candidate_only_not_analytic_input_until_human_confirmed
possible_densification_source_review_candidate,ai_candidate_only_missing_pair_no_value_added,S121-1,ANX-UB,ANX,UB,,21,24,BI;EE;FC;PE;SI;TRU;UB,no,yes,no,,,likely_false_positive_one_construct_not_human_supported,do_not_add_unless_reopened_by_source_evidence,Only one construct is human/frozen-supported for this study; missing construct=ANX. This usually indicates AI term-hit overreach or unapproved remap.,anxiety,UB;actual use;usage behavior;use;use behavior,correlation;correlations;table,/Users/newhosung/Library/CloudStorage/OneDrive-SharedLibraries-ThePennsylvaniaStateUniversity/AI Adoption Meta Analysis - Documents/Meta/AI Adoption/PDFs/S121.pdf,candidate_only_not_analytic_input_until_human_confirmed
possible_densification_source_review_candidate,ai_candidate_only_missing_pair_no_value_added,S121-1,ATT-BI,ATT,BI,,21,24,BI;EE;FC;PE;SI;TRU;UB,no,yes,no,,,likely_false_positive_one_construct_not_human_supported,do_not_add_unless_reopened_by_source_evidence,Only one construct is human/frozen-supported for this study; missing construct=ATT. This usually indicates AI term-hit overreach or unapproved remap.,attitudes,BI;behavioral intention;intention to use;usage intention,correlation;correlations;table,/Users/newhosung/Library/CloudStorage/OneDrive-SharedLibraries-ThePennsylvaniaStateUniversity/AI Adoption Meta Analysis - Documents/Meta/AI Adoption/PDFs/S121.pdf,candidate_only_not_analytic_input_until_human_confirmed
possible_densification_source_review_candidate,ai_candidate_only_missing_pair_no_value_added,S121-1,ATT-EE,ATT,EE,,21,24,BI;EE;FC;PE;SI;TRU;UB,no,yes,no,,,likely_false_positive_one_construct_not_human_supported,do_not_add_unless_reopened_by_source_evidence,Only one construct is human/frozen-supported for this study; missing construct=ATT. This usually indicates AI term-hit overreach or unapproved remap.,attitudes,EE;ease of use;effort expectancy;perceived ease of use,correlation;correlations;table,/Users/newhosung/Library/CloudStorage/OneDrive-SharedLibraries-ThePennsylvaniaStateUniversity/AI Adoption Meta Analysis - Documents/Meta/AI Adoption/PDFs/S121.pdf,candidate_only_not_analytic_input_until_human_confirmed
possible_densification_source_review_candidate,ai_candidate_only_missing_pair_no_value_added,S121-1,ATT-FC,ATT,FC,,21,24,BI;EE;FC;PE;SI;TRU;UB,no,yes,no,,,likely_false_positive_one_construct_not_human_supported,do_not_add_unless_reopened_by_source_evidence,Only one construct is human/frozen-supported for this study; missing construct=ATT. This usually indicates AI term-hit overreach or unapproved remap.,attitudes,FC;facilitating;facilitating conditions;resources;support,correlation;correlations;table,/Users/newhosung/Library/CloudStorage/OneDrive-SharedLibraries-ThePennsylvaniaStateUniversity/AI Adoption Meta Analysis - Documents/Meta/AI Adoption/PDFs/S121.pdf,candidate_only_not_analytic_input_until_human_confirmed
possible_densification_source_review_candidate,ai_candidate_only_missing_pair_no_value_added,S121-1,ATT-PE,ATT,PE,,21,24,BI;EE;FC;PE;SI;TRU;UB,no,yes,no,,,likely_false_positive_one_construct_not_human_supported,do_not_add_unless_reopened_by_source_evidence,Only one construct is human/frozen-supported for this study; missing construct=ATT. This usually indicates AI term-hit overreach or unapproved remap.,attitudes,PE;perceived usefulness;performance expectancy;useful;usefulness,correlation;correlations;table,/Users/newhosung/Library/CloudStorage/OneDrive-SharedLibraries-ThePennsylvaniaStateUniversity/AI Adoption Meta Analysis - Documents/Meta/AI Adoption/PDFs/S121.pdf,candidate_only_not_analytic_input_until_human_confirmed
possible_densification_source_review_candidate,ai_candidate_only_missing_pair_no_value_added,S121-1,ATT-SI,ATT,SI,,21,24,BI;EE;FC;PE;SI;TRU;UB,no,yes,no,,,likely_false_positive_one_construct_not_human_supported,do_not_add_unless_reopened_by_source_evidence,Only one construct is human/frozen-supported for this study; missing construct=ATT. This usually indicates AI term-hit overreach or unapproved remap.,attitudes,SI;social influence,correlation;correlations;table,/Users/newhosung/Library/CloudStorage/OneDrive-SharedLibraries-ThePennsylvaniaStateUniversity/AI Adoption Meta Analysis - Documents/Meta/AI Adoption/PDFs/S121.pdf,candidate_only_not_analytic_input_until_human_confirmed
possible_densification_source_review_candidate,ai_candidate_only_missing_pair_no_value_added,S121-1,ATT-TRU,ATT,TRU,,21,24,BI;EE;FC;PE;SI;TRU;UB,no,yes,no,,,likely_false_positive_one_construct_not_human_supported,do_not_add_unless_reopened_by_source_evidence,Only one construct is human/frozen-supported for this study; missing construct=ATT. This usually indicates AI term-hit overreach or unapproved remap.,attitudes,TRU;trust,correlation;correlations;table,/Users/newhosung/Library/CloudStorage/OneDrive-SharedLibraries-ThePennsylvaniaStateUniversity/AI Adoption Meta Analysis - Documents/Meta/AI Adoption/PDFs/S121.pdf,candidate_only_not_analytic_input_until_human_confirmed
possible_densification_source_review_candidate,ai_candidate_only_missing_pair_no_value_added,S121-1,ATT-UB,ATT,UB,,21,24,BI;EE;FC;PE;SI;TRU;UB,no,yes,no,,,likely_false_positive_one_construct_not_human_supported,do_not_add_unless_reopened_by_source_evidence,Only one construct is human/frozen-supported for this study; missing construct=ATT. This usually indicates AI term-hit overreach or unapproved remap.,attitudes,UB;actual use;usage behavior;use;use behavior,correlation;correlations;table,/Users/newhosung/Library/CloudStorage/OneDrive-SharedLibraries-ThePennsylvaniaStateUniversity/AI Adoption Meta Analysis - Documents/Meta/AI Adoption/PDFs/S121.pdf,candidate_only_not_analytic_input_until_human_confirmed
possible_densification_source_review_candidate,ai_candidate_only_missing_pair_no_value_added,S121-1,BI-SE,BI,SE,,21,24,BI;EE;FC;PE;SI;TRU;UB,yes,no,no,,,likely_false_positive_one_construct_not_human_supported,do_not_add_unless_reopened_by_source_evidence,Only one construct is human/frozen-supported for this study; missing construct=SE. This usually indicates AI term-hit overreach or unapproved remap.,BI;behavioral intention;intention to use;usage intention,SE;efficacy;self-efficacy,correlation;correlations;table,/Users/newhosung/Library/CloudStorage/OneDrive-SharedLibraries-ThePennsylvaniaStateUniversity/AI Adoption Meta Analysis - Documents/Meta/AI Adoption/PDFs/S121.pdf,candidate_only_not_analytic_input_until_human_confirmed
possible_densification_source_review_candidate,ai_candidate_only_missing_pair_no_value_added,S121-1,EE-SE,EE,SE,,21,24,BI;EE;FC;PE;SI;TRU;UB,yes,no,no,,,likely_false_positive_one_construct_not_human_supported,do_not_add_unless_reopened_by_source_evidence,Only one construct is human/frozen-supported for this study; missing construct=SE. This usually indicates AI term-hit overreach or unapproved remap.,EE;ease of use;effort expectancy;perceived ease of use,SE;efficacy;self-efficacy,correlation;correlations;table,/Users/newhosung/Library/CloudStorage/OneDrive-SharedLibraries-ThePennsylvaniaStateUniversity/AI Adoption Meta Analysis - Documents/Meta/AI Adoption/PDFs/S121.pdf,candidate_only_not_analytic_input_until_human_confirmed
possible_densification_source_review_candidate,ai_candidate_only_missing_pair_no_value_added,S121-1,FC-SE,FC,SE,,21,24,BI;EE;FC;PE;SI;TRU;UB,yes,no,no,,,likely_false_positive_one_construct_not_human_supported,do_not_add_unless_reopened_by_source_evidence,Only one construct is human/frozen-supported for this study; missing construct=SE. This usually indicates AI term-hit overreach or unapproved remap.,FC;facilitating;facilitating conditions;resources;support,SE;efficacy;self-efficacy,correlation;correlations;table,/Users/newhosung/Library/CloudStorage/OneDrive-SharedLibraries-ThePennsylvaniaStateUniversity/AI Adoption Meta Analysis - Documents/Meta/AI Adoption/PDFs/S121.pdf,candidate_only_not_analytic_input_until_human_confirmed
possible_densification_source_review_candidate,ai_candidate_only_missing_pair_no_value_added,S121-1,PE-SE,PE,SE,,21,24,BI;EE;FC;PE;SI;TRU;UB,yes,no,no,,,likely_false_positive_one_construct_not_human_supported,do_not_add_unless_reopened_by_source_evidence,Only one construct is human/frozen-supported for this study; missing construct=SE. This usually indicates AI term-hit overreach or unapproved remap.,PE;perceived usefulness;performance expectancy;useful;usefulness,SE;efficacy;self-efficacy,correlation;correlations;table,/Users/newhosung/Library/CloudStorage/OneDrive-SharedLibraries-ThePennsylvaniaStateUniversity/AI Adoption Meta Analysis - Documents/Meta/AI Adoption/PDFs/S121.pdf,candidate_only_not_analytic_input_until_human_confirmed
possible_densification_source_review_candidate,ai_candidate_only_missing_pair_no_value_added,S121-1,SE-SI,SE,SI,,21,24,BI;EE;FC;PE;SI;TRU;UB,no,yes,no,,,likely_false_positive_one_construct_not_human_supported,do_not_add_unless_reopened_by_source_evidence,Only one construct is human/frozen-supported for this study; missing construct=SE. This usually indicates AI term-hit overreach or unapproved remap.,SE;efficacy;self-efficacy,SI;social influence,correlation;correlations;table,/Users/newhosung/Library/CloudStorage/OneDrive-SharedLibraries-ThePennsylvaniaStateUniversity/AI Adoption Meta Analysis - Documents/Meta/AI Adoption/PDFs/S121.pdf,candidate_only_not_analytic_input_until_human_confirmed
possible_densification_source_review_candidate,ai_candidate_only_missing_pair_no_value_added,S121-1,SE-TRU,SE,TRU,,21,24,BI;EE;FC;PE;SI;TRU;UB,no,yes,no,,,likely_false_positive_one_construct_not_human_supported,do_not_add_unless_reopened_by_source_evidence,Only one construct is human/frozen-supported for this study; missing construct=SE. This usually indicates AI term-hit overreach or unapproved remap.,SE;efficacy;self-efficacy,TRU;trust,correlation;correlations;table,/Users/newhosung/Library/CloudStorage/OneDrive-SharedLibraries-ThePennsylvaniaStateUniversity/AI Adoption Meta Analysis - Documents/Meta/AI Adoption/PDFs/S121.pdf,candidate_only_not_analytic_input_until_human_confirmed
possible_densification_source_review_candidate,ai_candidate_only_missing_pair_no_value_added,S121-1,SE-UB,SE,UB,,21,24,BI;EE;FC;PE;SI;TRU;UB,no,yes,no,,,likely_false_positive_one_construct_not_human_supported,do_not_add_unless_reopened_by_source_evidence,Only one construct is human/frozen-supported for this study; missing construct=SE. This usually indicates AI term-hit overreach or unapproved remap.,SE;efficacy;self-efficacy,UB;actual use;usage behavior;use;use behavior,correlation;correlations;table,/Users/newhosung/Library/CloudStorage/OneDrive-SharedLibraries-ThePennsylvaniaStateUniversity/AI Adoption Meta Analysis - Documents/Meta/AI Adoption/PDFs/S121.pdf,candidate_only_not_analytic_input_until_human_confirmed
possible_densification_source_review_candidate,ai_candidate_only_missing_pair_no_value_added,S121-2,ANX-BI,ANX,BI,,21,24,BI;EE;FC;PE;SI;TRU;UB,no,yes,no,,,likely_false_positive_one_construct_not_human_supported,do_not_add_unless_reopened_by_source_evidence,Only one construct is human/frozen-supported for this study; missing construct=ANX. This usually indicates AI term-hit overreach or unapproved remap.,anxiety,BI;behavioral intention;intention to use;usage intention,correlation;correlations;table,/Users/newhosung/Library/CloudStorage/OneDrive-SharedLibraries-ThePennsylvaniaStateUniversity/AI Adoption Meta Analysis - Documents/Meta/AI Adoption/PDFs/S121.pdf,candidate_only_not_analytic_input_until_human_confirmed
possible_densification_source_review_candidate,ai_candidate_only_missing_pair_no_value_added,S121-2,ANX-EE,ANX,EE,,21,24,BI;EE;FC;PE;SI;TRU;UB,no,yes,no,,,likely_false_positive_one_construct_not_human_supported,do_not_add_unless_reopened_by_source_evidence,Only one construct is human/frozen-supported for this study; missing construct=ANX. This usually indicates AI term-hit overreach or unapproved remap.,anxiety,EE;ease of use;effort expectancy;perceived ease of use,correlation;correlations;table,/Users/newhosung/Library/CloudStorage/OneDrive-SharedLibraries-ThePennsylvaniaStateUniversity/AI Adoption Meta Analysis - Documents/Meta/AI Adoption/PDFs/S121.pdf,candidate_only_not_analytic_input_until_human_confirmed
possible_densification_source_review_candidate,ai_candidate_only_missing_pair_no_value_added,S121-2,ANX-FC,ANX,FC,,21,24,BI;EE;FC;PE;SI;TRU;UB,no,yes,no,,,likely_false_positive_one_construct_not_human_supported,do_not_add_unless_reopened_by_source_evidence,Only one construct is human/frozen-supported for this study; missing construct=ANX. This usually indicates AI term-hit overreach or unapproved remap.,anxiety,FC;facilitating;facilitating conditions;resources;support,correlation;correlations;table,/Users/newhosung/Library/CloudStorage/OneDrive-SharedLibraries-ThePennsylvaniaStateUniversity/AI Adoption Meta Analysis - Documents/Meta/AI Adoption/PDFs/S121.pdf,candidate_only_not_analytic_input_until_human_confirmed
possible_densification_source_review_candidate,ai_candidate_only_missing_pair_no_value_added,S121-2,ANX-PE,ANX,PE,,21,24,BI;EE;FC;PE;SI;TRU;UB,no,yes,no,,,likely_false_positive_one_construct_not_human_supported,do_not_add_unless_reopened_by_source_evidence,Only one construct is human/frozen-supported for this study; missing construct=ANX. This usually indicates AI term-hit overreach or unapproved remap.,anxiety,PE;perceived usefulness;performance expectancy;useful;usefulness,correlation;correlations;table,/Users/newhosung/Library/CloudStorage/OneDrive-SharedLibraries-ThePennsylvaniaStateUniversity/AI Adoption Meta Analysis - Documents/Meta/AI Adoption/PDFs/S121.pdf,candidate_only_not_analytic_input_until_human_confirmed
possible_densification_source_review_candidate,ai_candidate_only_missing_pair_no_value_added,S121-2,ANX-SI,ANX,SI,,21,24,BI;EE;FC;PE;SI;TRU;UB,no,yes,no,,,likely_false_positive_one_construct_not_human_supported,do_not_add_unless_reopened_by_source_evidence,Only one construct is human/frozen-supported for this study; missing construct=ANX. This usually indicates AI term-hit overreach or unapproved remap.,anxiety,SI;social influence,correlation;correlations;table,/Users/newhosung/Library/CloudStorage/OneDrive-SharedLibraries-ThePennsylvaniaStateUniversity/AI Adoption Meta Analysis - Documents/Meta/AI Adoption/PDFs/S121.pdf,candidate_only_not_analytic_input_until_human_confirmed
possible_densification_source_review_candidate,ai_candidate_only_missing_pair_no_value_added,S121-2,ANX-TRU,ANX,TRU,,21,24,BI;EE;FC;PE;SI;TRU;UB,no,yes,no,,,likely_false_positive_one_construct_not_human_supported,do_not_add_unless_reopened_by_source_evidence,Only one construct is human/frozen-supported for this study; missing construct=ANX. This usually indicates AI term-hit overreach or unapproved remap.,anxiety,TRU;trust,correlation;correlations;table,/Users/newhosung/Library/CloudStorage/OneDrive-SharedLibraries-ThePennsylvaniaStateUniversity/AI Adoption Meta Analysis - Documents/Meta/AI Adoption/PDFs/S121.pdf,candidate_only_not_analytic_input_until_human_confirmed
possible_densification_source_review_candidate,ai_candidate_only_missing_pair_no_value_added,S121-2,ANX-UB,ANX,UB,,21,24,BI;EE;FC;PE;SI;TRU;UB,no,yes,no,,,likely_false_positive_one_construct_not_human_supported,do_not_add_unless_reopened_by_source_evidence,Only one construct is human/frozen-supported for this study; missing construct=ANX. This usually indicates AI term-hit overreach or unapproved remap.,anxiety,UB;actual use;usage behavior;use;use behavior,correlation;correlations;table,/Users/newhosung/Library/CloudStorage/OneDrive-SharedLibraries-ThePennsylvaniaStateUniversity/AI Adoption Meta Analysis - Documents/Meta/AI Adoption/PDFs/S121.pdf,candidate_only_not_analytic_input_until_human_confirmed
possible_densification_source_review_candidate,ai_candidate_only_missing_pair_no_value_added,S121-2,ATT-BI,ATT,BI,,21,24,BI;EE;FC;PE;SI;TRU;UB,no,yes,no,,,likely_false_positive_one_construct_not_human_supported,do_not_add_unless_reopened_by_source_evidence,Only one construct is human/frozen-supported for this study; missing construct=ATT. This usually indicates AI term-hit overreach or unapproved remap.,attitudes,BI;behavioral intention;intention to use;usage intention,correlation;correlations;table,/Users/newhosung/Library/CloudStorage/OneDrive-SharedLibraries-ThePennsylvaniaStateUniversity/AI Adoption Meta Analysis - Documents/Meta/AI Adoption/PDFs/S121.pdf,candidate_only_not_analytic_input_until_human_confirmed
possible_densification_source_review_candidate,ai_candidate_only_missing_pair_no_value_added,S121-2,ATT-EE,ATT,EE,,21,24,BI;EE;FC;PE;SI;TRU;UB,no,yes,no,,,likely_false_positive_one_construct_not_human_supported,do_not_add_unless_reopened_by_source_evidence,Only one construct is human/frozen-supported for this study; missing construct=ATT. This usually indicates AI term-hit overreach or unapproved remap.,attitudes,EE;ease of use;effort expectancy;perceived ease of use,correlation;correlations;table,/Users/newhosung/Library/CloudStorage/OneDrive-SharedLibraries-ThePennsylvaniaStateUniversity/AI Adoption Meta Analysis - Documents/Meta/AI Adoption/PDFs/S121.pdf,candidate_only_not_analytic_input_until_human_confirmed
possible_densification_source_review_candidate,ai_candidate_only_missing_pair_no_value_added,S121-2,ATT-FC,ATT,FC,,21,24,BI;EE;FC;PE;SI;TRU;UB,no,yes,no,,,likely_false_positive_one_construct_not_human_supported,do_not_add_unless_reopened_by_source_evidence,Only one construct is human/frozen-supported for this study; missing construct=ATT. This usually indicates AI term-hit overreach or unapproved remap.,attitudes,FC;facilitating;facilitating conditions;resources;support,correlation;correlations;table,/Users/newhosung/Library/CloudStorage/OneDrive-SharedLibraries-ThePennsylvaniaStateUniversity/AI Adoption Meta Analysis - Documents/Meta/AI Adoption/PDFs/S121.pdf,candidate_only_not_analytic_input_until_human_confirmed
possible_densification_source_review_candidate,ai_candidate_only_missing_pair_no_value_added,S121-2,ATT-PE,ATT,PE,,21,24,BI;EE;FC;PE;SI;TRU;UB,no,yes,no,,,likely_false_positive_one_construct_not_human_supported,do_not_add_unless_reopened_by_source_evidence,Only one construct is human/frozen-supported for this study; missing construct=ATT. This usually indicates AI term-hit overreach or unapproved remap.,attitudes,PE;perceived usefulness;performance expectancy;useful;usefulness,correlation;correlations;table,/Users/newhosung/Library/CloudStorage/OneDrive-SharedLibraries-ThePennsylvaniaStateUniversity/AI Adoption Meta Analysis - Documents/Meta/AI Adoption/PDFs/S121.pdf,candidate_only_not_analytic_input_until_human_confirmed
possible_densification_source_review_candidate,ai_candidate_only_missing_pair_no_value_added,S121-2,ATT-SI,ATT,SI,,21,24,BI;EE;FC;PE;SI;TRU;UB,no,yes,no,,,likely_false_positive_one_construct_not_human_supported,do_not_add_unless_reopened_by_source_evidence,Only one construct is human/frozen-supported for this study; missing construct=ATT. This usually indicates AI term-hit overreach or unapproved remap.,attitudes,SI;social influence,correlation;correlations;table,/Users/newhosung/Library/CloudStorage/OneDrive-SharedLibraries-ThePennsylvaniaStateUniversity/AI Adoption Meta Analysis - Documents/Meta/AI Adoption/PDFs/S121.pdf,candidate_only_not_analytic_input_until_human_confirmed
possible_densification_source_review_candidate,ai_candidate_only_missing_pair_no_value_added,S121-2,ATT-TRU,ATT,TRU,,21,24,BI;EE;FC;PE;SI;TRU;UB,no,yes,no,,,likely_false_positive_one_construct_not_human_supported,do_not_add_unless_reopened_by_source_evidence,Only one construct is human/frozen-supported for this study; missing construct=ATT. This usually indicates AI term-hit overreach or unapproved remap.,attitudes,TRU;trust,correlation;correlations;table,/Users/newhosung/Library/CloudStorage/OneDrive-SharedLibraries-ThePennsylvaniaStateUniversity/AI Adoption Meta Analysis - Documents/Meta/AI Adoption/PDFs/S121.pdf,candidate_only_not_analytic_input_until_human_confirmed
possible_densification_source_review_candidate,ai_candidate_only_missing_pair_no_value_added,S121-2,ATT-UB,ATT,UB,,21,24,BI;EE;FC;PE;SI;TRU;UB,no,yes,no,,,likely_false_positive_one_construct_not_human_supported,do_not_add_unless_reopened_by_source_evidence,Only one construct is human/frozen-supported for this study; missing construct=ATT. This usually indicates AI term-hit overreach or unapproved remap.,attitudes,UB;actual use;usage behavior;use;use behavior,correlation;correlations;table,/Users/newhosung/Library/CloudStorage/OneDrive-SharedLibraries-ThePennsylvaniaStateUniversity/AI Adoption Meta Analysis - Documents/Meta/AI Adoption/PDFs/S121.pdf,candidate_only_not_analytic_input_until_human_confirmed
possible_densification_source_review_candidate,ai_candidate_only_missing_pair_no_value_added,S121-2,BI-SE,BI,SE,,21,24,BI;EE;FC;PE;SI;TRU;UB,yes,no,no,,,likely_false_positive_one_construct_not_human_supported,do_not_add_unless_reopened_by_source_evidence,Only one construct is human/frozen-supported for this study; missing construct=SE. This usually indicates AI term-hit overreach or unapproved remap.,BI;behavioral intention;intention to use;usage intention,SE;efficacy;self-efficacy,correlation;correlations;table,/Users/newhosung/Library/CloudStorage/OneDrive-SharedLibraries-ThePennsylvaniaStateUniversity/AI Adoption Meta Analysis - Documents/Meta/AI Adoption/PDFs/S121.pdf,candidate_only_not_analytic_input_until_human_confirmed
possible_densification_source_review_candidate,ai_candidate_only_missing_pair_no_value_added,S121-2,EE-SE,EE,SE,,21,24,BI;EE;FC;PE;SI;TRU;UB,yes,no,no,,,likely_false_positive_one_construct_not_human_supported,do_not_add_unless_reopened_by_source_evidence,Only one construct is human/frozen-supported for this study; missing construct=SE. This usually indicates AI term-hit overreach or unapproved remap.,EE;ease of use;effort expectancy;perceived ease of use,SE;efficacy;self-efficacy,correlation;correlations;table,/Users/newhosung/Library/CloudStorage/OneDrive-SharedLibraries-ThePennsylvaniaStateUniversity/AI Adoption Meta Analysis - Documents/Meta/AI Adoption/PDFs/S121.pdf,candidate_only_not_analytic_input_until_human_confirmed
possible_densification_source_review_candidate,ai_candidate_only_missing_pair_no_value_added,S121-2,FC-SE,FC,SE,,21,24,BI;EE;FC;PE;SI;TRU;UB,yes,no,no,,,likely_false_positive_one_construct_not_human_supported,do_not_add_unless_reopened_by_source_evidence,Only one construct is human/frozen-supported for this study; missing construct=SE. This usually indicates AI term-hit overreach or unapproved remap.,FC;facilitating;facilitating conditions;resources;support,SE;efficacy;self-efficacy,correlation;correlations;table,/Users/newhosung/Library/CloudStorage/OneDrive-SharedLibraries-ThePennsylvaniaStateUniversity/AI Adoption Meta Analysis - Documents/Meta/AI Adoption/PDFs/S121.pdf,candidate_only_not_analytic_input_until_human_confirmed
possible_densification_source_review_candidate,ai_candidate_only_missing_pair_no_value_added,S121-2,PE-SE,PE,SE,,21,24,BI;EE;FC;PE;SI;TRU;UB,yes,no,no,,,likely_false_positive_one_construct_not_human_supported,do_not_add_unless_reopened_by_source_evidence,Only one construct is human/frozen-supported for this study; missing construct=SE. This usually indicates AI term-hit overreach or unapproved remap.,PE;perceived usefulness;performance expectancy;useful;usefulness,SE;efficacy;self-efficacy,correlation;correlations;table,/Users/newhosung/Library/CloudStorage/OneDrive-SharedLibraries-ThePennsylvaniaStateUniversity/AI Adoption Meta Analysis - Documents/Meta/AI Adoption/PDFs/S121.pdf,candidate_only_not_analytic_input_until_human_confirmed
possible_densification_source_review_candidate,ai_candidate_only_missing_pair_no_value_added,S121-2,SE-SI,SE,SI,,21,24,BI;EE;FC;PE;SI;TRU;UB,no,yes,no,,,likely_false_positive_one_construct_not_human_supported,do_not_add_unless_reopened_by_source_evidence,Only one construct is human/frozen-supported for this study; missing construct=SE. This usually indicates AI term-hit overreach or unapproved remap.,SE;efficacy;self-efficacy,SI;social influence,correlation;correlations;table,/Users/newhosung/Library/CloudStorage/OneDrive-SharedLibraries-ThePennsylvaniaStateUniversity/AI Adoption Meta Analysis - Documents/Meta/AI Adoption/PDFs/S121.pdf,candidate_only_not_analytic_input_until_human_confirmed
possible_densification_source_review_candidate,ai_candidate_only_missing_pair_no_value_added,S121-2,SE-TRU,SE,TRU,,21,24,BI;EE;FC;PE;SI;TRU;UB,no,yes,no,,,likely_false_positive_one_construct_not_human_supported,do_not_add_unless_reopened_by_source_evidence,Only one construct is human/frozen-supported for this study; missing construct=SE. This usually indicates AI term-hit overreach or unapproved remap.,SE;efficacy;self-efficacy,TRU;trust,correlation;correlations;table,/Users/newhosung/Library/CloudStorage/OneDrive-SharedLibraries-ThePennsylvaniaStateUniversity/AI Adoption Meta Analysis - Documents/Meta/AI Adoption/PDFs/S121.pdf,candidate_only_not_analytic_input_until_human_confirmed
possible_densification_source_review_candidate,ai_candidate_only_missing_pair_no_value_added,S121-2,SE-UB,SE,UB,,21,24,BI;EE;FC;PE;SI;TRU;UB,no,yes,no,,,likely_false_positive_one_construct_not_human_supported,do_not_add_unless_reopened_by_source_evidence,Only one construct is human/frozen-supported for this study; missing construct=SE. This usually indicates AI term-hit overreach or unapproved remap.,SE;efficacy;self-efficacy,UB;actual use;usage behavior;use;use behavior,correlation;correlations;table,/Users/newhosung/Library/CloudStorage/OneDrive-SharedLibraries-ThePennsylvaniaStateUniversity/AI Adoption Meta Analysis - Documents/Meta/AI Adoption/PDFs/S121.pdf,candidate_only_not_analytic_input_until_human_confirmed
possible_densification_source_review_candidate,ai_candidate_only_missing_pair_no_value_added,S138,ANX-ATT,ANX,ATT,,28,17,ATT;BI;EE;PE;SE;SI;TRU;UB,no,yes,no,,notes=study_terminal_status=included_coder_agreed_correlation_rows_status_draft; final_freeze_handling=Carry coder-agreed correlation rows from combined coder values into final full-corpus freeze application/QA; keep Step 5 inactive.; notes=Metadata/status differences only; 28 of 28 unique agreed rows have at least one coded source-location entry. No new source-value adjudication record was created.; audit_status=completed. Application QA draft only; Step 5 remains inactive until final full-corpus freeze authorization is recorded. Frozen on 2026-06-09 under explicit caveat-preservation authorization.,likely_false_positive_one_construct_not_human_supported,do_not_add_unless_reopened_by_source_evidence,Only one construct is human/frozen-supported for this study; missing construct=ANX. This usually indicates AI term-hit overreach or unapproved remap.,anxiety;fear,ATT;attitude;attitude toward;attitudes,correlation;correlations;fornell;larcker;latent;table,/Users/newhosung/Library/CloudStorage/OneDrive-SharedLibraries-ThePennsylvaniaStateUniversity/AI Adoption Meta Analysis - Documents/Meta/AI Adoption/PDFs/S138.pdf,candidate_only_not_analytic_input_until_human_confirmed
possible_densification_source_review_candidate,ai_candidate_only_missing_pair_no_value_added,S138,ANX-BI,ANX,BI,,28,17,ATT;BI;EE;PE;SE;SI;TRU;UB,no,yes,no,,notes=study_terminal_status=included_coder_agreed_correlation_rows_status_draft; final_freeze_handling=Carry coder-agreed correlation rows from combined coder values into final full-corpus freeze application/QA; keep Step 5 inactive.; notes=Metadata/status differences only; 28 of 28 unique agreed rows have at least one coded source-location entry. No new source-value adjudication record was created.; audit_status=completed. Application QA draft only; Step 5 remains inactive until final full-corpus freeze authorization is recorded. Frozen on 2026-06-09 under explicit caveat-preservation authorization.,likely_false_positive_one_construct_not_human_supported,do_not_add_unless_reopened_by_source_evidence,Only one construct is human/frozen-supported for this study; missing construct=ANX. This usually indicates AI term-hit overreach or unapproved remap.,anxiety;fear,BI;behavioral intention;intention to use,correlation;correlations;fornell;larcker;latent;table,/Users/newhosung/Library/CloudStorage/OneDrive-SharedLibraries-ThePennsylvaniaStateUniversity/AI Adoption Meta Analysis - Documents/Meta/AI Adoption/PDFs/S138.pdf,candidate_only_not_analytic_input_until_human_confirmed
possible_densification_source_review_candidate,ai_candidate_only_missing_pair_no_value_added,S138,ANX-EE,ANX,EE,,28,17,ATT;BI;EE;PE;SE;SI;TRU;UB,no,yes,no,,notes=study_terminal_status=included_coder_agreed_correlation_rows_status_draft; final_freeze_handling=Carry coder-agreed correlation rows from combined coder values into final full-corpus freeze application/QA; keep Step 5 inactive.; notes=Metadata/status differences only; 28 of 28 unique agreed rows have at least one coded source-location entry. No new source-value adjudication record was created.; audit_status=completed. Application QA draft only; Step 5 remains inactive until final full-corpus freeze authorization is recorded. Frozen on 2026-06-09 under explicit caveat-preservation authorization.,likely_false_positive_one_construct_not_human_supported,do_not_add_unless_reopened_by_source_evidence,Only one construct is human/frozen-supported for this study; missing construct=ANX. This usually indicates AI term-hit overreach or unapproved remap.,anxiety;fear,EE;PEOU;ease of use;easy to use;perceived ease of use,correlation;correlations;fornell;larcker;latent;table,/Users/newhosung/Library/CloudStorage/OneDrive-SharedLibraries-ThePennsylvaniaStateUniversity/AI Adoption Meta Analysis - Documents/Meta/AI Adoption/PDFs/S138.pdf,candidate_only_not_analytic_input_until_human_confirmed
possible_densification_source_review_candidate,ai_candidate_only_missing_pair_no_value_added,S138,ANX-PE,ANX,PE,,28,17,ATT;BI;EE;PE;SE;SI;TRU;UB,no,yes,no,,notes=study_terminal_status=included_coder_agreed_correlation_rows_status_draft; final_freeze_handling=Carry coder-agreed correlation rows from combined coder values into final full-corpus freeze application/QA; keep Step 5 inactive.; notes=Metadata/status differences only; 28 of 28 unique agreed rows have at least one coded source-location entry. No new source-value adjudication record was created.; audit_status=completed. Application QA draft only; Step 5 remains inactive until final full-corpus freeze authorization is recorded. Frozen on 2026-06-09 under explicit caveat-preservation authorization.,likely_false_positive_one_construct_not_human_supported,do_not_add_unless_reopened_by_source_evidence,Only one construct is human/frozen-supported for this study; missing construct=ANX. This usually indicates AI term-hit overreach or unapproved remap.,anxiety;fear,PE;PU;perceived usefulness;useful;usefulness,correlation;correlations;fornell;larcker;latent;table,/Users/newhosung/Library/CloudStorage/OneDrive-SharedLibraries-ThePennsylvaniaStateUniversity/AI Adoption Meta Analysis - Documents/Meta/AI Adoption/PDFs/S138.pdf,candidate_only_not_analytic_input_until_human_confirmed
possible_densification_source_review_candidate,ai_candidate_only_missing_pair_no_value_added,S138,ANX-SE,ANX,SE,,28,17,ATT;BI;EE;PE;SE;SI;TRU;UB,no,yes,no,,notes=study_terminal_status=included_coder_agreed_correlation_rows_status_draft; final_freeze_handling=Carry coder-agreed correlation rows from combined coder values into final full-corpus freeze application/QA; keep Step 5 inactive.; notes=Metadata/status differences only; 28 of 28 unique agreed rows have at least one coded source-location entry. No new source-value adjudication record was created.; audit_status=completed. Application QA draft only; Step 5 remains inactive until final full-corpus freeze authorization is recorded. Frozen on 2026-06-09 under explicit caveat-preservation authorization.,likely_false_positive_one_construct_not_human_supported,do_not_add_unless_reopened_by_source_evidence,Only one construct is human/frozen-supported for this study; missing construct=ANX. This usually indicates AI term-hit overreach or unapproved remap.,anxiety;fear,SE;efficacy;self-efficacy,correlation;correlations;fornell;larcker;latent;table,/Users/newhosung/Library/CloudStorage/OneDrive-SharedLibraries-ThePennsylvaniaStateUniversity/AI Adoption Meta Analysis - Documents/Meta/AI Adoption/PDFs/S138.pdf,candidate_only_not_analytic_input_until_human_confirmed
possible_densification_source_review_candidate,ai_candidate_only_missing_pair_no_value_added,S138,ANX-SI,ANX,SI,,28,17,ATT;BI;EE;PE;SE;SI;TRU;UB,no,yes,no,,notes=study_terminal_status=included_coder_agreed_correlation_rows_status_draft; final_freeze_handling=Carry coder-agreed correlation rows from combined coder values into final full-corpus freeze application/QA; keep Step 5 inactive.; notes=Metadata/status differences only; 28 of 28 unique agreed rows have at least one coded source-location entry. No new source-value adjudication record was created.; audit_status=completed. Application QA draft only; Step 5 remains inactive until final full-corpus freeze authorization is recorded. Frozen on 2026-06-09 under explicit caveat-preservation authorization.,likely_false_positive_one_construct_not_human_supported,do_not_add_unless_reopened_by_source_evidence,Only one construct is human/frozen-supported for this study; missing construct=ANX. This usually indicates AI term-hit overreach or unapproved remap.,anxiety;fear,SI;social influence,correlation;correlations;fornell;larcker;latent;table,/Users/newhosung/Library/CloudStorage/OneDrive-SharedLibraries-ThePennsylvaniaStateUniversity/AI Adoption Meta Analysis - Documents/Meta/AI Adoption/PDFs/S138.pdf,candidate_only_not_analytic_input_until_human_confirmed
possible_densification_source_review_candidate,ai_candidate_only_missing_pair_no_value_added,S138,ANX-TRU,ANX,TRU,,28,17,ATT;BI;EE;PE;SE;SI;TRU;UB,no,yes,no,,notes=study_terminal_status=included_coder_agreed_correlation_rows_status_draft; final_freeze_handling=Carry coder-agreed correlation rows from combined coder values into final full-corpus freeze application/QA; keep Step 5 inactive.; notes=Metadata/status differences only; 28 of 28 unique agreed rows have at least one coded source-location entry. No new source-value adjudication record was created.; audit_status=completed. Application QA draft only; Step 5 remains inactive until final full-corpus freeze authorization is recorded. Frozen on 2026-06-09 under explicit caveat-preservation authorization.,likely_false_positive_one_construct_not_human_supported,do_not_add_unless_reopened_by_source_evidence,Only one construct is human/frozen-supported for this study; missing construct=ANX. This usually indicates AI term-hit overreach or unapproved remap.,anxiety;fear,TRU;trust;trustworthiness,correlation;correlations;fornell;larcker;latent;table,/Users/newhosung/Library/CloudStorage/OneDrive-SharedLibraries-ThePennsylvaniaStateUniversity/AI Adoption Meta Analysis - Documents/Meta/AI Adoption/PDFs/S138.pdf,candidate_only_not_analytic_input_until_human_confirmed
possible_densification_source_review_candidate,ai_candidate_only_missing_pair_no_value_added,S138,ANX-UB,ANX,UB,,28,17,ATT;BI;EE;PE;SE;SI;TRU;UB,no,yes,no,,notes=study_terminal_status=included_coder_agreed_correlation_rows_status_draft; final_freeze_handling=Carry coder-agreed correlation rows from combined coder values into final full-corpus freeze application/QA; keep Step 5 inactive.; notes=Metadata/status differences only; 28 of 28 unique agreed rows have at least one coded source-location entry. No new source-value adjudication record was created.; audit_status=completed. Application QA draft only; Step 5 remains inactive until final full-corpus freeze authorization is recorded. Frozen on 2026-06-09 under explicit caveat-preservation authorization.,likely_false_positive_one_construct_not_human_supported,do_not_add_unless_reopened_by_source_evidence,Only one construct is human/frozen-supported for this study; missing construct=ANX. This usually indicates AI term-hit overreach or unapproved remap.,anxiety;fear,UB;actual use;usage behavior;use,correlation;correlations;fornell;larcker;latent;table,/Users/newhosung/Library/CloudStorage/OneDrive-SharedLibraries-ThePennsylvaniaStateUniversity/AI Adoption Meta Analysis - Documents/Meta/AI Adoption/PDFs/S138.pdf,candidate_only_not_analytic_input_until_human_confirmed
possible_densification_source_review_candidate,ai_candidate_only_missing_pair_no_value_added,S138,ATT-FC,ATT,FC,,28,17,ATT;BI;EE;PE;SE;SI;TRU;UB,yes,no,no,,notes=study_terminal_status=included_coder_agreed_correlation_rows_status_draft; final_freeze_handling=Carry coder-agreed correlation rows from combined coder values into final full-corpus freeze application/QA; keep Step 5 inactive.; notes=Metadata/status differences only; 28 of 28 unique agreed rows have at least one coded source-location entry. No new source-value adjudication record was created.; audit_status=completed. Application QA draft only; Step 5 remains inactive until final full-corpus freeze authorization is recorded. Frozen on 2026-06-09 under explicit caveat-preservation authorization.,likely_false_positive_one_construct_not_human_supported,do_not_add_unless_reopened_by_source_evidence,Only one construct is human/frozen-supported for this study; missing construct=FC. This usually indicates AI term-hit overreach or unapproved remap.,ATT;attitude;attitude toward;attitudes,FC;resources;support,correlation;correlations;fornell;larcker;latent;table,/Users/newhosung/Library/CloudStorage/OneDrive-SharedLibraries-ThePennsylvaniaStateUniversity/AI Adoption Meta Analysis - Documents/Meta/AI Adoption/PDFs/S138.pdf,candidate_only_not_analytic_input_until_human_confirmed
possible_densification_source_review_candidate,ai_candidate_only_missing_pair_no_value_added,S138,BI-FC,BI,FC,,28,17,ATT;BI;EE;PE;SE;SI;TRU;UB,yes,no,no,,notes=study_terminal_status=included_coder_agreed_correlation_rows_status_draft; final_freeze_handling=Carry coder-agreed correlation rows from combined coder values into final full-corpus freeze application/QA; keep Step 5 inactive.; notes=Metadata/status differences only; 28 of 28 unique agreed rows have at least one coded source-location entry. No new source-value adjudication record was created.; audit_status=completed. Application QA draft only; Step 5 remains inactive until final full-corpus freeze authorization is recorded. Frozen on 2026-06-09 under explicit caveat-preservation authorization.,likely_false_positive_one_construct_not_human_supported,do_not_add_unless_reopened_by_source_evidence,Only one construct is human/frozen-supported for this study; missing construct=FC. This usually indicates AI term-hit overreach or unapproved remap.,BI;behavioral intention;intention to use,FC;resources;support,correlation;correlations;fornell;larcker;latent;table,/Users/newhosung/Library/CloudStorage/OneDrive-SharedLibraries-ThePennsylvaniaStateUniversity/AI Adoption Meta Analysis - Documents/Meta/AI Adoption/PDFs/S138.pdf,candidate_only_not_analytic_input_until_human_confirmed
possible_densification_source_review_candidate,ai_candidate_only_missing_pair_no_value_added,S138,EE-FC,EE,FC,,28,17,ATT;BI;EE;PE;SE;SI;TRU;UB,yes,no,no,,notes=study_terminal_status=included_coder_agreed_correlation_rows_status_draft; final_freeze_handling=Carry coder-agreed correlation rows from combined coder values into final full-corpus freeze application/QA; keep Step 5 inactive.; notes=Metadata/status differences only; 28 of 28 unique agreed rows have at least one coded source-location entry. No new source-value adjudication record was created.; audit_status=completed. Application QA draft only; Step 5 remains inactive until final full-corpus freeze authorization is recorded. Frozen on 2026-06-09 under explicit caveat-preservation authorization.,likely_false_positive_one_construct_not_human_supported,do_not_add_unless_reopened_by_source_evidence,Only one construct is human/frozen-supported for this study; missing construct=FC. This usually indicates AI term-hit overreach or unapproved remap.,EE;PEOU;ease of use;easy to use;perceived ease of use,FC;resources;support,correlation;correlations;fornell;larcker;latent;table,/Users/newhosung/Library/CloudStorage/OneDrive-SharedLibraries-ThePennsylvaniaStateUniversity/AI Adoption Meta Analysis - Documents/Meta/AI Adoption/PDFs/S138.pdf,candidate_only_not_analytic_input_until_human_confirmed
possible_densification_source_review_candidate,ai_candidate_only_missing_pair_no_value_added,S138,FC-PE,FC,PE,,28,17,ATT;BI;EE;PE;SE;SI;TRU;UB,no,yes,no,,notes=study_terminal_status=included_coder_agreed_correlation_rows_status_draft; final_freeze_handling=Carry coder-agreed correlation rows from combined coder values into final full-corpus freeze application/QA; keep Step 5 inactive.; notes=Metadata/status differences only; 28 of 28 unique agreed rows have at least one coded source-location entry. No new source-value adjudication record was created.; audit_status=completed. Application QA draft only; Step 5 remains inactive until final full-corpus freeze authorization is recorded. Frozen on 2026-06-09 under explicit caveat-preservation authorization.,likely_false_positive_one_construct_not_human_supported,do_not_add_unless_reopened_by_source_evidence,Only one construct is human/frozen-supported for this study; missing construct=FC. This usually indicates AI term-hit overreach or unapproved remap.,FC;resources;support,PE;PU;perceived usefulness;useful;usefulness,correlation;correlations;fornell;larcker;latent;table,/Users/newhosung/Library/CloudStorage/OneDrive-SharedLibraries-ThePennsylvaniaStateUniversity/AI Adoption Meta Analysis - Documents/Meta/AI Adoption/PDFs/S138.pdf,candidate_only_not_analytic_input_until_human_confirmed
possible_densification_source_review_candidate,ai_candidate_only_missing_pair_no_value_added,S138,FC-SE,FC,SE,,28,17,ATT;BI;EE;PE;SE;SI;TRU;UB,no,yes,no,,notes=study_terminal_status=included_coder_agreed_correlation_rows_status_draft; final_freeze_handling=Carry coder-agreed correlation rows from combined coder values into final full-corpus freeze application/QA; keep Step 5 inactive.; notes=Metadata/status differences only; 28 of 28 unique agreed rows have at least one coded source-location entry. No new source-value adjudication record was created.; audit_status=completed. Application QA draft only; Step 5 remains inactive until final full-corpus freeze authorization is recorded. Frozen on 2026-06-09 under explicit caveat-preservation authorization.,likely_false_positive_one_construct_not_human_supported,do_not_add_unless_reopened_by_source_evidence,Only one construct is human/frozen-supported for this study; missing construct=FC. This usually indicates AI term-hit overreach or unapproved remap.,FC;resources;support,SE;efficacy;self-efficacy,correlation;correlations;fornell;larcker;latent;table,/Users/newhosung/Library/CloudStorage/OneDrive-SharedLibraries-ThePennsylvaniaStateUniversity/AI Adoption Meta Analysis - Documents/Meta/AI Adoption/PDFs/S138.pdf,candidate_only_not_analytic_input_until_human_confirmed
possible_densification_source_review_candidate,ai_candidate_only_missing_pair_no_value_added,S138,FC-SI,FC,SI,,28,17,ATT;BI;EE;PE;SE;SI;TRU;UB,no,yes,no,,notes=study_terminal_status=included_coder_agreed_correlation_rows_status_draft; final_freeze_handling=Carry coder-agreed correlation rows from combined coder values into final full-corpus freeze application/QA; keep Step 5 inactive.; notes=Metadata/status differences only; 28 of 28 unique agreed rows have at least one coded source-location entry. No new source-value adjudication record was created.; audit_status=completed. Application QA draft only; Step 5 remains inactive until final full-corpus freeze authorization is recorded. Frozen on 2026-06-09 under explicit caveat-preservation authorization.,likely_false_positive_one_construct_not_human_supported,do_not_add_unless_reopened_by_source_evidence,Only one construct is human/frozen-supported for this study; missing construct=FC. This usually indicates AI term-hit overreach or unapproved remap.,FC;resources;support,SI;social influence,correlation;correlations;fornell;larcker;latent;table,/Users/newhosung/Library/CloudStorage/OneDrive-SharedLibraries-ThePennsylvaniaStateUniversity/AI Adoption Meta Analysis - Documents/Meta/AI Adoption/PDFs/S138.pdf,candidate_only_not_analytic_input_until_human_confirmed
possible_densification_source_review_candidate,ai_candidate_only_missing_pair_no_value_added,S138,FC-TRU,FC,TRU,,28,17,ATT;BI;EE;PE;SE;SI;TRU;UB,no,yes,no,,notes=study_terminal_status=included_coder_agreed_correlation_rows_status_draft; final_freeze_handling=Carry coder-agreed correlation rows from combined coder values into final full-corpus freeze application/QA; keep Step 5 inactive.; notes=Metadata/status differences only; 28 of 28 unique agreed rows have at least one coded source-location entry. No new source-value adjudication record was created.; audit_status=completed. Application QA draft only; Step 5 remains inactive until final full-corpus freeze authorization is recorded. Frozen on 2026-06-09 under explicit caveat-preservation authorization.,likely_false_positive_one_construct_not_human_supported,do_not_add_unless_reopened_by_source_evidence,Only one construct is human/frozen-supported for this study; missing construct=FC. This usually indicates AI term-hit overreach or unapproved remap.,FC;resources;support,TRU;trust;trustworthiness,correlation;correlations;fornell;larcker;latent;table,/Users/newhosung/Library/CloudStorage/OneDrive-SharedLibraries-ThePennsylvaniaStateUniversity/AI Adoption Meta Analysis - Documents/Meta/AI Adoption/PDFs/S138.pdf,candidate_only_not_analytic_input_until_human_confirmed
possible_densification_source_review_candidate,ai_candidate_only_missing_pair_no_value_added,S138,FC-UB,FC,UB,,28,17,ATT;BI;EE;PE;SE;SI;TRU;UB,no,yes,no,,notes=study_terminal_status=included_coder_agreed_correlation_rows_status_draft; final_freeze_handling=Carry coder-agreed correlation rows from combined coder values into final full-corpus freeze application/QA; keep Step 5 inactive.; notes=Metadata/status differences only; 28 of 28 unique agreed rows have at least one coded source-location entry. No new source-value adjudication record was created.; audit_status=completed. Application QA draft only; Step 5 remains inactive until final full-corpus freeze authorization is recorded. Frozen on 2026-06-09 under explicit caveat-preservation authorization.,likely_false_positive_one_construct_not_human_supported,do_not_add_unless_reopened_by_source_evidence,Only one construct is human/frozen-supported for this study; missing construct=FC. This usually indicates AI term-hit overreach or unapproved remap.,FC;resources;support,UB;actual use;usage behavior;use,correlation;correlations;fornell;larcker;latent;table,/Users/newhosung/Library/CloudStorage/OneDrive-SharedLibraries-ThePennsylvaniaStateUniversity/AI Adoption Meta Analysis - Documents/Meta/AI Adoption/PDFs/S138.pdf,candidate_only_not_analytic_input_until_human_confirmed
possible_densification_source_review_candidate,ai_candidate_only_missing_pair_no_value_added,S157,ATT-BI,ATT,BI,,21,24,AUT;BI;EE;FC;PE;SE;SI;UB,no,yes,no,,notes=Application QA draft only; Step 5 remains inactive until final full-corpus freeze authorization is recorded. Frozen on 2026-06-09 under explicit caveat-preservation authorization.,likely_false_positive_one_construct_not_human_supported,do_not_add_unless_reopened_by_source_evidence,Only one construct is human/frozen-supported for this study; missing construct=ATT. This usually indicates AI term-hit overreach or unapproved remap.,attitude;attitudes,BI;behavioral intention;continuance intention;intention to use,construct correlation;correlation;correlations;inter-construct;matrix;pearson;table,/Users/newhosung/Library/CloudStorage/OneDrive-SharedLibraries-ThePennsylvaniaStateUniversity/AI Adoption Meta Analysis - Documents/Meta/AI Adoption/PDFs/S157.pdf,candidate_only_not_analytic_input_until_human_confirmed
possible_densification_source_review_candidate,ai_candidate_only_missing_pair_no_value_added,S157,ATT-EE,ATT,EE,,21,24,AUT;BI;EE;FC;PE;SE;SI;UB,no,yes,no,,notes=Application QA draft only; Step 5 remains inactive until final full-corpus freeze authorization is recorded. Frozen on 2026-06-09 under explicit caveat-preservation authorization.,likely_false_positive_one_construct_not_human_supported,do_not_add_unless_reopened_by_source_evidence,Only one construct is human/frozen-supported for this study; missing construct=ATT. This usually indicates AI term-hit overreach or unapproved remap.,attitude;attitudes,EE;ease of use;effort expectancy;perceived ease of use,construct correlation;correlation;correlations;inter-construct;matrix;pearson;table,/Users/newhosung/Library/CloudStorage/OneDrive-SharedLibraries-ThePennsylvaniaStateUniversity/AI Adoption Meta Analysis - Documents/Meta/AI Adoption/PDFs/S157.pdf,candidate_only_not_analytic_input_until_human_confirmed
possible_densification_source_review_candidate,ai_candidate_only_missing_pair_no_value_added,S157,ATT-FC,ATT,FC,,21,24,AUT;BI;EE;FC;PE;SE;SI;UB,no,yes,no,,notes=Application QA draft only; Step 5 remains inactive until final full-corpus freeze authorization is recorded. Frozen on 2026-06-09 under explicit caveat-preservation authorization.,likely_false_positive_one_construct_not_human_supported,do_not_add_unless_reopened_by_source_evidence,Only one construct is human/frozen-supported for this study; missing construct=ATT. This usually indicates AI term-hit overreach or unapproved remap.,attitude;attitudes,FC;facilitating;facilitating conditions;resources;support,construct correlation;correlation;correlations;inter-construct;matrix;pearson;table,/Users/newhosung/Library/CloudStorage/OneDrive-SharedLibraries-ThePennsylvaniaStateUniversity/AI Adoption Meta Analysis - Documents/Meta/AI Adoption/PDFs/S157.pdf,candidate_only_not_analytic_input_until_human_confirmed
possible_densification_source_review_candidate,ai_candidate_only_missing_pair_no_value_added,S157,ATT-PE,ATT,PE,,21,24,AUT;BI;EE;FC;PE;SE;SI;UB,no,yes,no,,notes=Application QA draft only; Step 5 remains inactive until final full-corpus freeze authorization is recorded. Frozen on 2026-06-09 under explicit caveat-preservation authorization.,likely_false_positive_one_construct_not_human_supported,do_not_add_unless_reopened_by_source_evidence,Only one construct is human/frozen-supported for this study; missing construct=ATT. This usually indicates AI term-hit overreach or unapproved remap.,attitude;attitudes,PE;PU;perceived usefulness;performance expectancy;useful;usefulness,construct correlation;correlation;correlations;inter-construct;matrix;pearson;table,/Users/newhosung/Library/CloudStorage/OneDrive-SharedLibraries-ThePennsylvaniaStateUniversity/AI Adoption Meta Analysis - Documents/Meta/AI Adoption/PDFs/S157.pdf,candidate_only_not_analytic_input_until_human_confirmed
possible_densification_source_review_candidate,ai_candidate_only_missing_pair_no_value_added,S157,ATT-SE,ATT,SE,,21,24,AUT;BI;EE;FC;PE;SE;SI;UB,no,yes,no,,notes=Application QA draft only; Step 5 remains inactive until final full-corpus freeze authorization is recorded. Frozen on 2026-06-09 under explicit caveat-preservation authorization.,likely_false_positive_one_construct_not_human_supported,do_not_add_unless_reopened_by_source_evidence,Only one construct is human/frozen-supported for this study; missing construct=ATT. This usually indicates AI term-hit overreach or unapproved remap.,attitude;attitudes,SE,construct correlation;correlation;correlations;inter-construct;matrix;pearson;table,/Users/newhosung/Library/CloudStorage/OneDrive-SharedLibraries-ThePennsylvaniaStateUniversity/AI Adoption Meta Analysis - Documents/Meta/AI Adoption/PDFs/S157.pdf,candidate_only_not_analytic_input_until_human_confirmed
possible_densification_source_review_candidate,ai_candidate_only_missing_pair_no_value_added,S157,ATT-SI,ATT,SI,,21,24,AUT;BI;EE;FC;PE;SE;SI;UB,no,yes,no,,notes=Application QA draft only; Step 5 remains inactive until final full-corpus freeze authorization is recorded. Frozen on 2026-06-09 under explicit caveat-preservation authorization.,likely_false_positive_one_construct_not_human_supported,do_not_add_unless_reopened_by_source_evidence,Only one construct is human/frozen-supported for this study; missing construct=ATT. This usually indicates AI term-hit overreach or unapproved remap.,attitude;attitudes,SI;social influence,construct correlation;correlation;correlations;inter-construct;matrix;pearson;table,/Users/newhosung/Library/CloudStorage/OneDrive-SharedLibraries-ThePennsylvaniaStateUniversity/AI Adoption Meta Analysis - Documents/Meta/AI Adoption/PDFs/S157.pdf,candidate_only_not_analytic_input_until_human_confirmed
possible_densification_source_review_candidate,ai_candidate_only_missing_pair_no_value_added,S157,ATT-UB,ATT,UB,,21,24,AUT;BI;EE;FC;PE;SE;SI;UB,no,yes,no,,notes=Application QA draft only; Step 5 remains inactive until final full-corpus freeze authorization is recorded. Frozen on 2026-06-09 under explicit caveat-preservation authorization.,likely_false_positive_one_construct_not_human_supported,do_not_add_unless_reopened_by_source_evidence,Only one construct is human/frozen-supported for this study; missing construct=ATT. This usually indicates AI term-hit overreach or unapproved remap.,attitude;attitudes,UB;actual use;use,construct correlation;correlation;correlations;inter-construct;matrix;pearson;table,/Users/newhosung/Library/CloudStorage/OneDrive-SharedLibraries-ThePennsylvaniaStateUniversity/AI Adoption Meta Analysis - Documents/Meta/AI Adoption/PDFs/S157.pdf,candidate_only_not_analytic_input_until_human_confirmed
possible_densification_source_review_candidate,ai_candidate_only_missing_pair_no_value_added,S157,BI-TRU,BI,TRU,,21,24,AUT;BI;EE;FC;PE;SE;SI;UB,yes,no,no,,notes=Application QA draft only; Step 5 remains inactive until final full-corpus freeze authorization is recorded. Frozen on 2026-06-09 under explicit caveat-preservation authorization.,likely_false_positive_one_construct_not_human_supported,do_not_add_unless_reopened_by_source_evidence,Only one construct is human/frozen-supported for this study; missing construct=TRU. This usually indicates AI term-hit overreach or unapproved remap.,BI;behavioral intention;continuance intention;intention to use,trust,construct correlation;correlation;correlations;inter-construct;matrix;pearson;table,/Users/newhosung/Library/CloudStorage/OneDrive-SharedLibraries-ThePennsylvaniaStateUniversity/AI Adoption Meta Analysis - Documents/Meta/AI Adoption/PDFs/S157.pdf,candidate_only_not_analytic_input_until_human_confirmed
possible_densification_source_review_candidate,ai_candidate_only_missing_pair_no_value_added,S157,EE-TRU,EE,TRU,,21,24,AUT;BI;EE;FC;PE;SE;SI;UB,yes,no,no,,notes=Application QA draft only; Step 5 remains inactive until final full-corpus freeze authorization is recorded. Frozen on 2026-06-09 under explicit caveat-preservation authorization.,likely_false_positive_one_construct_not_human_supported,do_not_add_unless_reopened_by_source_evidence,Only one construct is human/frozen-supported for this study; missing construct=TRU. This usually indicates AI term-hit overreach or unapproved remap.,EE;ease of use;effort expectancy;perceived ease of use,trust,construct correlation;correlation;correlations;inter-construct;matrix;pearson;table,/Users/newhosung/Library/CloudStorage/OneDrive-SharedLibraries-ThePennsylvaniaStateUniversity/AI Adoption Meta Analysis - Documents/Meta/AI Adoption/PDFs/S157.pdf,candidate_only_not_analytic_input_until_human_confirmed
possible_densification_source_review_candidate,ai_candidate_only_missing_pair_no_value_added,S157,FC-TRU,FC,TRU,,21,24,AUT;BI;EE;FC;PE;SE;SI;UB,yes,no,no,,notes=Application QA draft only; Step 5 remains inactive until final full-corpus freeze authorization is recorded. Frozen on 2026-06-09 under explicit caveat-preservation authorization.,likely_false_positive_one_construct_not_human_supported,do_not_add_unless_reopened_by_source_evidence,Only one construct is human/frozen-supported for this study; missing construct=TRU. This usually indicates AI term-hit overreach or unapproved remap.,FC;facilitating;facilitating conditions;resources;support,trust,construct correlation;correlation;correlations;inter-construct;matrix;pearson;table,/Users/newhosung/Library/CloudStorage/OneDrive-SharedLibraries-ThePennsylvaniaStateUniversity/AI Adoption Meta Analysis - Documents/Meta/AI Adoption/PDFs/S157.pdf,candidate_only_not_analytic_input_until_human_confirmed
possible_densification_source_review_candidate,ai_candidate_only_missing_pair_no_value_added,S157,PE-TRU,PE,TRU,,21,24,AUT;BI;EE;FC;PE;SE;SI;UB,yes,no,no,,notes=Application QA draft only; Step 5 remains inactive until final full-corpus freeze authorization is recorded. Frozen on 2026-06-09 under explicit caveat-preservation authorization.,likely_false_positive_one_construct_not_human_supported,do_not_add_unless_reopened_by_source_evidence,Only one construct is human/frozen-supported for this study; missing construct=TRU. This usually indicates AI term-hit overreach or unapproved remap.,PE;PU;perceived usefulness;performance expectancy;useful;usefulness,trust,construct correlation;correlation;correlations;inter-construct;matrix;pearson;table,/Users/newhosung/Library/CloudStorage/OneDrive-SharedLibraries-ThePennsylvaniaStateUniversity/AI Adoption Meta Analysis - Documents/Meta/AI Adoption/PDFs/S157.pdf,candidate_only_not_analytic_input_until_human_confirmed
possible_densification_source_review_candidate,ai_candidate_only_missing_pair_no_value_added,S157,SE-TRU,SE,TRU,,21,24,AUT;BI;EE;FC;PE;SE;SI;UB,yes,no,no,,notes=Application QA draft only; Step 5 remains inactive until final full-corpus freeze authorization is recorded. Frozen on 2026-06-09 under explicit caveat-preservation authorization.,likely_false_positive_one_construct_not_human_supported,do_not_add_unless_reopened_by_source_evidence,Only one construct is human/frozen-supported for this study; missing construct=TRU. This usually indicates AI term-hit overreach or unapproved remap.,SE,trust,construct correlation;correlation;correlations;inter-construct;matrix;pearson;table,/Users/newhosung/Library/CloudStorage/OneDrive-SharedLibraries-ThePennsylvaniaStateUniversity/AI Adoption Meta Analysis - Documents/Meta/AI Adoption/PDFs/S157.pdf,candidate_only_not_analytic_input_until_human_confirmed
possible_densification_source_review_candidate,ai_candidate_only_missing_pair_no_value_added,S157,SI-TRU,SI,TRU,,21,24,AUT;BI;EE;FC;PE;SE;SI;UB,yes,no,no,,notes=Application QA draft only; Step 5 remains inactive until final full-corpus freeze authorization is recorded. Frozen on 2026-06-09 under explicit caveat-preservation authorization.,likely_false_positive_one_construct_not_human_supported,do_not_add_unless_reopened_by_source_evidence,Only one construct is human/frozen-supported for this study; missing construct=TRU. This usually indicates AI term-hit overreach or unapproved remap.,SI;social influence,trust,construct correlation;correlation;correlations;inter-construct;matrix;pearson;table,/Users/newhosung/Library/CloudStorage/OneDrive-SharedLibraries-ThePennsylvaniaStateUniversity/AI Adoption Meta Analysis - Documents/Meta/AI Adoption/PDFs/S157.pdf,candidate_only_not_analytic_input_until_human_confirmed
possible_densification_source_review_candidate,ai_candidate_only_missing_pair_no_value_added,S157,TRU-UB,TRU,UB,,21,24,AUT;BI;EE;FC;PE;SE;SI;UB,no,yes,no,,notes=Application QA draft only; Step 5 remains inactive until final full-corpus freeze authorization is recorded. Frozen on 2026-06-09 under explicit caveat-preservation authorization.,likely_false_positive_one_construct_not_human_supported,do_not_add_unless_reopened_by_source_evidence,Only one construct is human/frozen-supported for this study; missing construct=TRU. This usually indicates AI term-hit overreach or unapproved remap.,trust,UB;actual use;use,construct correlation;correlation;correlations;inter-construct;matrix;pearson;table,/Users/newhosung/Library/CloudStorage/OneDrive-SharedLibraries-ThePennsylvaniaStateUniversity/AI Adoption Meta Analysis - Documents/Meta/AI Adoption/PDFs/S157.pdf,candidate_only_not_analytic_input_until_human_confirmed
possible_densification_source_review_candidate,ai_candidate_only_missing_pair_no_value_added,S164,ANX-ATT,ANX,ATT,,21,24,ATT;BI;EE;FC;PE;SI;UB,no,yes,no,,"notes=draft_status=included_partial_row_draft; decision_summary=Use EE-SI=-0.024, FC-PE=0.716, and PE-UB=0.632.; notes=Partial value decision only. Application QA draft only; Step 5 remains inactive until final full-corpus freeze authorization is recorded. Frozen on 2026-06-09 under explicit caveat-preservation authorization.",likely_false_positive_one_construct_not_human_supported,do_not_add_unless_reopened_by_source_evidence,Only one construct is human/frozen-supported for this study; missing construct=ANX. This usually indicates AI term-hit overreach or unapproved remap.,anxiety,ATT;attitude;attitudes,correlation;correlations;fornell;larcker;latent;table,/Users/newhosung/Library/CloudStorage/OneDrive-SharedLibraries-ThePennsylvaniaStateUniversity/AI Adoption Meta Analysis - Documents/Meta/AI Adoption/PDFs/S164.pdf,candidate_only_not_analytic_input_until_human_confirmed
possible_densification_source_review_candidate,ai_candidate_only_missing_pair_no_value_added,S164,ANX-BI,ANX,BI,,21,24,ATT;BI;EE;FC;PE;SI;UB,no,yes,no,,"notes=draft_status=included_partial_row_draft; decision_summary=Use EE-SI=-0.024, FC-PE=0.716, and PE-UB=0.632.; notes=Partial value decision only. Application QA draft only; Step 5 remains inactive until final full-corpus freeze authorization is recorded. Frozen on 2026-06-09 under explicit caveat-preservation authorization.",likely_false_positive_one_construct_not_human_supported,do_not_add_unless_reopened_by_source_evidence,Only one construct is human/frozen-supported for this study; missing construct=ANX. This usually indicates AI term-hit overreach or unapproved remap.,anxiety,BI;behavioral intention;continuance intention;intention to use,correlation;correlations;fornell;larcker;latent;table,/Users/newhosung/Library/CloudStorage/OneDrive-SharedLibraries-ThePennsylvaniaStateUniversity/AI Adoption Meta Analysis - Documents/Meta/AI Adoption/PDFs/S164.pdf,candidate_only_not_analytic_input_until_human_confirmed
possible_densification_source_review_candidate,ai_candidate_only_missing_pair_no_value_added,S164,ANX-EE,ANX,EE,,21,24,ATT;BI;EE;FC;PE;SI;UB,no,yes,no,,"notes=draft_status=included_partial_row_draft; decision_summary=Use EE-SI=-0.024, FC-PE=0.716, and PE-UB=0.632.; notes=Partial value decision only. Application QA draft only; Step 5 remains inactive until final full-corpus freeze authorization is recorded. Frozen on 2026-06-09 under explicit caveat-preservation authorization.",likely_false_positive_one_construct_not_human_supported,do_not_add_unless_reopened_by_source_evidence,Only one construct is human/frozen-supported for this study; missing construct=ANX. This usually indicates AI term-hit overreach or unapproved remap.,anxiety,EE;easy to use;effort expectancy,correlation;correlations;fornell;larcker;latent;table,/Users/newhosung/Library/CloudStorage/OneDrive-SharedLibraries-ThePennsylvaniaStateUniversity/AI Adoption Meta Analysis - Documents/Meta/AI Adoption/PDFs/S164.pdf,candidate_only_not_analytic_input_until_human_confirmed
possible_densification_source_review_candidate,ai_candidate_only_missing_pair_no_value_added,S164,ANX-FC,ANX,FC,,21,24,ATT;BI;EE;FC;PE;SI;UB,no,yes,no,,"notes=draft_status=included_partial_row_draft; decision_summary=Use EE-SI=-0.024, FC-PE=0.716, and PE-UB=0.632.; notes=Partial value decision only. Application QA draft only; Step 5 remains inactive until final full-corpus freeze authorization is recorded. Frozen on 2026-06-09 under explicit caveat-preservation authorization.",likely_false_positive_one_construct_not_human_supported,do_not_add_unless_reopened_by_source_evidence,Only one construct is human/frozen-supported for this study; missing construct=ANX. This usually indicates AI term-hit overreach or unapproved remap.,anxiety,FC;facilitating;facilitating conditions;resources;support,correlation;correlations;fornell;larcker;latent;table,/Users/newhosung/Library/CloudStorage/OneDrive-SharedLibraries-ThePennsylvaniaStateUniversity/AI Adoption Meta Analysis - Documents/Meta/AI Adoption/PDFs/S164.pdf,candidate_only_not_analytic_input_until_human_confirmed
possible_densification_source_review_candidate,ai_candidate_only_missing_pair_no_value_added,S164,ANX-PE,ANX,PE,,21,24,ATT;BI;EE;FC;PE;SI;UB,no,yes,no,,"notes=draft_status=included_partial_row_draft; decision_summary=Use EE-SI=-0.024, FC-PE=0.716, and PE-UB=0.632.; notes=Partial value decision only. Application QA draft only; Step 5 remains inactive until final full-corpus freeze authorization is recorded. Frozen on 2026-06-09 under explicit caveat-preservation authorization.",likely_false_positive_one_construct_not_human_supported,do_not_add_unless_reopened_by_source_evidence,Only one construct is human/frozen-supported for this study; missing construct=ANX. This usually indicates AI term-hit overreach or unapproved remap.,anxiety,PE;performance expectancy;useful,correlation;correlations;fornell;larcker;latent;table,/Users/newhosung/Library/CloudStorage/OneDrive-SharedLibraries-ThePennsylvaniaStateUniversity/AI Adoption Meta Analysis - Documents/Meta/AI Adoption/PDFs/S164.pdf,candidate_only_not_analytic_input_until_human_confirmed
possible_densification_source_review_candidate,ai_candidate_only_missing_pair_no_value_added,S164,ANX-SI,ANX,SI,,21,24,ATT;BI;EE;FC;PE;SI;UB,no,yes,no,,"notes=draft_status=included_partial_row_draft; decision_summary=Use EE-SI=-0.024, FC-PE=0.716, and PE-UB=0.632.; notes=Partial value decision only. Application QA draft only; Step 5 remains inactive until final full-corpus freeze authorization is recorded. Frozen on 2026-06-09 under explicit caveat-preservation authorization.",likely_false_positive_one_construct_not_human_supported,do_not_add_unless_reopened_by_source_evidence,Only one construct is human/frozen-supported for this study; missing construct=ANX. This usually indicates AI term-hit overreach or unapproved remap.,anxiety,SI;social influence;subjective norm,correlation;correlations;fornell;larcker;latent;table,/Users/newhosung/Library/CloudStorage/OneDrive-SharedLibraries-ThePennsylvaniaStateUniversity/AI Adoption Meta Analysis - Documents/Meta/AI Adoption/PDFs/S164.pdf,candidate_only_not_analytic_input_until_human_confirmed
possible_densification_source_review_candidate,ai_candidate_only_missing_pair_no_value_added,S164,ANX-UB,ANX,UB,,21,24,ATT;BI;EE;FC;PE;SI;UB,no,yes,no,,"notes=draft_status=included_partial_row_draft; decision_summary=Use EE-SI=-0.024, FC-PE=0.716, and PE-UB=0.632.; notes=Partial value decision only. Application QA draft only; Step 5 remains inactive until final full-corpus freeze authorization is recorded. Frozen on 2026-06-09 under explicit caveat-preservation authorization.",likely_false_positive_one_construct_not_human_supported,do_not_add_unless_reopened_by_source_evidence,Only one construct is human/frozen-supported for this study; missing construct=ANX. This usually indicates AI term-hit overreach or unapproved remap.,anxiety,UB;actual use;use,correlation;correlations;fornell;larcker;latent;table,/Users/newhosung/Library/CloudStorage/OneDrive-SharedLibraries-ThePennsylvaniaStateUniversity/AI Adoption Meta Analysis - Documents/Meta/AI Adoption/PDFs/S164.pdf,candidate_only_not_analytic_input_until_human_confirmed
possible_densification_source_review_candidate,ai_candidate_only_missing_pair_no_value_added,S164,ATT-TRU,ATT,TRU,,21,24,ATT;BI;EE;FC;PE;SI;UB,yes,no,no,,"notes=draft_status=included_partial_row_draft; decision_summary=Use EE-SI=-0.024, FC-PE=0.716, and PE-UB=0.632.; notes=Partial value decision only. Application QA draft only; Step 5 remains inactive until final full-corpus freeze authorization is recorded. Frozen on 2026-06-09 under explicit caveat-preservation authorization.",likely_false_positive_one_construct_not_human_supported,do_not_add_unless_reopened_by_source_evidence,Only one construct is human/frozen-supported for this study; missing construct=TRU. This usually indicates AI term-hit overreach or unapproved remap.,ATT;attitude;attitudes,trust,correlation;correlations;fornell;larcker;latent;table,/Users/newhosung/Library/CloudStorage/OneDrive-SharedLibraries-ThePennsylvaniaStateUniversity/AI Adoption Meta Analysis - Documents/Meta/AI Adoption/PDFs/S164.pdf,candidate_only_not_analytic_input_until_human_confirmed
possible_densification_source_review_candidate,ai_candidate_only_missing_pair_no_value_added,S164,BI-TRU,BI,TRU,,21,24,ATT;BI;EE;FC;PE;SI;UB,yes,no,no,,"notes=draft_status=included_partial_row_draft; decision_summary=Use EE-SI=-0.024, FC-PE=0.716, and PE-UB=0.632.; notes=Partial value decision only. Application QA draft only; Step 5 remains inactive until final full-corpus freeze authorization is recorded. Frozen on 2026-06-09 under explicit caveat-preservation authorization.",likely_false_positive_one_construct_not_human_supported,do_not_add_unless_reopened_by_source_evidence,Only one construct is human/frozen-supported for this study; missing construct=TRU. This usually indicates AI term-hit overreach or unapproved remap.,BI;behavioral intention;continuance intention;intention to use,trust,correlation;correlations;fornell;larcker;latent;table,/Users/newhosung/Library/CloudStorage/OneDrive-SharedLibraries-ThePennsylvaniaStateUniversity/AI Adoption Meta Analysis - Documents/Meta/AI Adoption/PDFs/S164.pdf,candidate_only_not_analytic_input_until_human_confirmed
possible_densification_source_review_candidate,ai_candidate_only_missing_pair_no_value_added,S164,EE-TRU,EE,TRU,,21,24,ATT;BI;EE;FC;PE;SI;UB,yes,no,no,,"notes=draft_status=included_partial_row_draft; decision_summary=Use EE-SI=-0.024, FC-PE=0.716, and PE-UB=0.632.; notes=Partial value decision only. Application QA draft only; Step 5 remains inactive until final full-corpus freeze authorization is recorded. Frozen on 2026-06-09 under explicit caveat-preservation authorization.",likely_false_positive_one_construct_not_human_supported,do_not_add_unless_reopened_by_source_evidence,Only one construct is human/frozen-supported for this study; missing construct=TRU. This usually indicates AI term-hit overreach or unapproved remap.,EE;easy to use;effort expectancy,trust,correlation;correlations;fornell;larcker;latent;table,/Users/newhosung/Library/CloudStorage/OneDrive-SharedLibraries-ThePennsylvaniaStateUniversity/AI Adoption Meta Analysis - Documents/Meta/AI Adoption/PDFs/S164.pdf,candidate_only_not_analytic_input_until_human_confirmed
possible_densification_source_review_candidate,ai_candidate_only_missing_pair_no_value_added,S164,FC-TRU,FC,TRU,,21,24,ATT;BI;EE;FC;PE;SI;UB,yes,no,no,,"notes=draft_status=included_partial_row_draft; decision_summary=Use EE-SI=-0.024, FC-PE=0.716, and PE-UB=0.632.; notes=Partial value decision only. Application QA draft only; Step 5 remains inactive until final full-corpus freeze authorization is recorded. Frozen on 2026-06-09 under explicit caveat-preservation authorization.",likely_false_positive_one_construct_not_human_supported,do_not_add_unless_reopened_by_source_evidence,Only one construct is human/frozen-supported for this study; missing construct=TRU. This usually indicates AI term-hit overreach or unapproved remap.,FC;facilitating;facilitating conditions;resources;support,trust,correlation;correlations;fornell;larcker;latent;table,/Users/newhosung/Library/CloudStorage/OneDrive-SharedLibraries-ThePennsylvaniaStateUniversity/AI Adoption Meta Analysis - Documents/Meta/AI Adoption/PDFs/S164.pdf,candidate_only_not_analytic_input_until_human_confirmed
possible_densification_source_review_candidate,ai_candidate_only_missing_pair_no_value_added,S164,PE-TRU,PE,TRU,,21,24,ATT;BI;EE;FC;PE;SI;UB,yes,no,no,,"notes=draft_status=included_partial_row_draft; decision_summary=Use EE-SI=-0.024, FC-PE=0.716, and PE-UB=0.632.; notes=Partial value decision only. Application QA draft only; Step 5 remains inactive until final full-corpus freeze authorization is recorded. Frozen on 2026-06-09 under explicit caveat-preservation authorization.",likely_false_positive_one_construct_not_human_supported,do_not_add_unless_reopened_by_source_evidence,Only one construct is human/frozen-supported for this study; missing construct=TRU. This usually indicates AI term-hit overreach or unapproved remap.,PE;performance expectancy;useful,trust,correlation;correlations;fornell;larcker;latent;table,/Users/newhosung/Library/CloudStorage/OneDrive-SharedLibraries-ThePennsylvaniaStateUniversity/AI Adoption Meta Analysis - Documents/Meta/AI Adoption/PDFs/S164.pdf,candidate_only_not_analytic_input_until_human_confirmed
possible_densification_source_review_candidate,ai_candidate_only_missing_pair_no_value_added,S164,SI-TRU,SI,TRU,,21,24,ATT;BI;EE;FC;PE;SI;UB,yes,no,no,,"notes=draft_status=included_partial_row_draft; decision_summary=Use EE-SI=-0.024, FC-PE=0.716, and PE-UB=0.632.; notes=Partial value decision only. Application QA draft only; Step 5 remains inactive until final full-corpus freeze authorization is recorded. Frozen on 2026-06-09 under explicit caveat-preservation authorization.",likely_false_positive_one_construct_not_human_supported,do_not_add_unless_reopened_by_source_evidence,Only one construct is human/frozen-supported for this study; missing construct=TRU. This usually indicates AI term-hit overreach or unapproved remap.,SI;social influence;subjective norm,trust,correlation;correlations;fornell;larcker;latent;table,/Users/newhosung/Library/CloudStorage/OneDrive-SharedLibraries-ThePennsylvaniaStateUniversity/AI Adoption Meta Analysis - Documents/Meta/AI Adoption/PDFs/S164.pdf,candidate_only_not_analytic_input_until_human_confirmed
possible_densification_source_review_candidate,ai_candidate_only_missing_pair_no_value_added,S164,TRU-UB,TRU,UB,,21,24,ATT;BI;EE;FC;PE;SI;UB,no,yes,no,,"notes=draft_status=included_partial_row_draft; decision_summary=Use EE-SI=-0.024, FC-PE=0.716, and PE-UB=0.632.; notes=Partial value decision only. Application QA draft only; Step 5 remains inactive until final full-corpus freeze authorization is recorded. Frozen on 2026-06-09 under explicit caveat-preservation authorization.",likely_false_positive_one_construct_not_human_supported,do_not_add_unless_reopened_by_source_evidence,Only one construct is human/frozen-supported for this study; missing construct=TRU. This usually indicates AI term-hit overreach or unapproved remap.,trust,UB;actual use;use,correlation;correlations;fornell;larcker;latent;table,/Users/newhosung/Library/CloudStorage/OneDrive-SharedLibraries-ThePennsylvaniaStateUniversity/AI Adoption Meta Analysis - Documents/Meta/AI Adoption/PDFs/S164.pdf,candidate_only_not_analytic_input_until_human_confirmed
possible_densification_source_review_candidate,ai_candidate_only_missing_pair_no_value_added,S173,ANX-BI,ANX,BI,,21,24,BI;EE;FC;PE;SI;TRU;UB,no,yes,no,,notes=Application QA draft only; Step 5 remains inactive until final full-corpus freeze authorization is recorded. Frozen on 2026-06-09 under explicit caveat-preservation authorization.,likely_false_positive_one_construct_not_human_supported,do_not_add_unless_reopened_by_source_evidence,Only one construct is human/frozen-supported for this study; missing construct=ANX. This usually indicates AI term-hit overreach or unapproved remap.,fear,BI;behavioral intention;behavioural intention;intention to use;usage intention,correlation;correlations;fornell;larcker;latent;pearson;table,/Users/newhosung/Library/CloudStorage/OneDrive-SharedLibraries-ThePennsylvaniaStateUniversity/AI Adoption Meta Analysis - Documents/Meta/AI Adoption/PDFs/S173.pdf,candidate_only_not_analytic_input_until_human_confirmed
possible_densification_source_review_candidate,ai_candidate_only_missing_pair_no_value_added,S173,ANX-EE,ANX,EE,,21,24,BI;EE;FC;PE;SI;TRU;UB,no,yes,no,,notes=Application QA draft only; Step 5 remains inactive until final full-corpus freeze authorization is recorded. Frozen on 2026-06-09 under explicit caveat-preservation authorization.,likely_false_positive_one_construct_not_human_supported,do_not_add_unless_reopened_by_source_evidence,Only one construct is human/frozen-supported for this study; missing construct=ANX. This usually indicates AI term-hit overreach or unapproved remap.,fear,EE;ease of use;effort expectancy;perceived ease of use,correlation;correlations;fornell;larcker;latent;pearson;table,/Users/newhosung/Library/CloudStorage/OneDrive-SharedLibraries-ThePennsylvaniaStateUniversity/AI Adoption Meta Analysis - Documents/Meta/AI Adoption/PDFs/S173.pdf,candidate_only_not_analytic_input_until_human_confirmed
possible_densification_source_review_candidate,ai_candidate_only_missing_pair_no_value_added,S173,ANX-FC,ANX,FC,,21,24,BI;EE;FC;PE;SI;TRU;UB,no,yes,no,,notes=Application QA draft only; Step 5 remains inactive until final full-corpus freeze authorization is recorded. Frozen on 2026-06-09 under explicit caveat-preservation authorization.,likely_false_positive_one_construct_not_human_supported,do_not_add_unless_reopened_by_source_evidence,Only one construct is human/frozen-supported for this study; missing construct=ANX. This usually indicates AI term-hit overreach or unapproved remap.,fear,FC;facilitating;facilitating condition;facilitating conditions;support,correlation;correlations;fornell;larcker;latent;pearson;table,/Users/newhosung/Library/CloudStorage/OneDrive-SharedLibraries-ThePennsylvaniaStateUniversity/AI Adoption Meta Analysis - Documents/Meta/AI Adoption/PDFs/S173.pdf,candidate_only_not_analytic_input_until_human_confirmed
possible_densification_source_review_candidate,ai_candidate_only_missing_pair_no_value_added,S173,ANX-PE,ANX,PE,,21,24,BI;EE;FC;PE;SI;TRU;UB,no,yes,no,,notes=Application QA draft only; Step 5 remains inactive until final full-corpus freeze authorization is recorded. Frozen on 2026-06-09 under explicit caveat-preservation authorization.,likely_false_positive_one_construct_not_human_supported,do_not_add_unless_reopened_by_source_evidence,Only one construct is human/frozen-supported for this study; missing construct=ANX. This usually indicates AI term-hit overreach or unapproved remap.,fear,PE;perceived usefulness;performance expectancy;useful;usefulness,correlation;correlations;fornell;larcker;latent;pearson;table,/Users/newhosung/Library/CloudStorage/OneDrive-SharedLibraries-ThePennsylvaniaStateUniversity/AI Adoption Meta Analysis - Documents/Meta/AI Adoption/PDFs/S173.pdf,candidate_only_not_analytic_input_until_human_confirmed
possible_densification_source_review_candidate,ai_candidate_only_missing_pair_no_value_added,S173,ANX-SI,ANX,SI,,21,24,BI;EE;FC;PE;SI;TRU;UB,no,yes,no,,notes=Application QA draft only; Step 5 remains inactive until final full-corpus freeze authorization is recorded. Frozen on 2026-06-09 under explicit caveat-preservation authorization.,likely_false_positive_one_construct_not_human_supported,do_not_add_unless_reopened_by_source_evidence,Only one construct is human/frozen-supported for this study; missing construct=ANX. This usually indicates AI term-hit overreach or unapproved remap.,fear,SI;social influence;social norm,correlation;correlations;fornell;larcker;latent;pearson;table,/Users/newhosung/Library/CloudStorage/OneDrive-SharedLibraries-ThePennsylvaniaStateUniversity/AI Adoption Meta Analysis - Documents/Meta/AI Adoption/PDFs/S173.pdf,candidate_only_not_analytic_input_until_human_confirmed
possible_densification_source_review_candidate,ai_candidate_only_missing_pair_no_value_added,S173,ANX-TRU,ANX,TRU,,21,24,BI;EE;FC;PE;SI;TRU;UB,no,yes,no,,notes=Application QA draft only; Step 5 remains inactive until final full-corpus freeze authorization is recorded. Frozen on 2026-06-09 under explicit caveat-preservation authorization.,likely_false_positive_one_construct_not_human_supported,do_not_add_unless_reopened_by_source_evidence,Only one construct is human/frozen-supported for this study; missing construct=ANX. This usually indicates AI term-hit overreach or unapproved remap.,fear,TRU;trust;trustworthiness,correlation;correlations;fornell;larcker;latent;pearson;table,/Users/newhosung/Library/CloudStorage/OneDrive-SharedLibraries-ThePennsylvaniaStateUniversity/AI Adoption Meta Analysis - Documents/Meta/AI Adoption/PDFs/S173.pdf,candidate_only_not_analytic_input_until_human_confirmed
possible_densification_source_review_candidate,ai_candidate_only_missing_pair_no_value_added,S173,ANX-UB,ANX,UB,,21,24,BI;EE;FC;PE;SI;TRU;UB,no,yes,no,,notes=Application QA draft only; Step 5 remains inactive until final full-corpus freeze authorization is recorded. Frozen on 2026-06-09 under explicit caveat-preservation authorization.,likely_false_positive_one_construct_not_human_supported,do_not_add_unless_reopened_by_source_evidence,Only one construct is human/frozen-supported for this study; missing construct=ANX. This usually indicates AI term-hit overreach or unapproved remap.,fear,UB;actual use;usage behaviour;use;use behaviour,correlation;correlations;fornell;larcker;latent;pearson;table,/Users/newhosung/Library/CloudStorage/OneDrive-SharedLibraries-ThePennsylvaniaStateUniversity/AI Adoption Meta Analysis - Documents/Meta/AI Adoption/PDFs/S173.pdf,candidate_only_not_analytic_input_until_human_confirmed
possible_densification_source_review_candidate,ai_candidate_only_missing_pair_no_value_added,S173,ATT-BI,ATT,BI,,21,24,BI;EE;FC;PE;SI;TRU;UB,no,yes,no,,notes=Application QA draft only; Step 5 remains inactive until final full-corpus freeze authorization is recorded. Frozen on 2026-06-09 under explicit caveat-preservation authorization.,likely_false_positive_one_construct_not_human_supported,do_not_add_unless_reopened_by_source_evidence,Only one construct is human/frozen-supported for this study; missing construct=ATT. This usually indicates AI term-hit overreach or unapproved remap.,attitude;attitudes,BI;behavioral intention;behavioural intention;intention to use;usage intention,correlation;correlations;fornell;larcker;latent;pearson;table,/Users/newhosung/Library/CloudStorage/OneDrive-SharedLibraries-ThePennsylvaniaStateUniversity/AI Adoption Meta Analysis - Documents/Meta/AI Adoption/PDFs/S173.pdf,candidate_only_not_analytic_input_until_human_confirmed
possible_densification_source_review_candidate,ai_candidate_only_missing_pair_no_value_added,S173,ATT-EE,ATT,EE,,21,24,BI;EE;FC;PE;SI;TRU;UB,no,yes,no,,notes=Application QA draft only; Step 5 remains inactive until final full-corpus freeze authorization is recorded. Frozen on 2026-06-09 under explicit caveat-preservation authorization.,likely_false_positive_one_construct_not_human_supported,do_not_add_unless_reopened_by_source_evidence,Only one construct is human/frozen-supported for this study; missing construct=ATT. This usually indicates AI term-hit overreach or unapproved remap.,attitude;attitudes,EE;ease of use;effort expectancy;perceived ease of use,correlation;correlations;fornell;larcker;latent;pearson;table,/Users/newhosung/Library/CloudStorage/OneDrive-SharedLibraries-ThePennsylvaniaStateUniversity/AI Adoption Meta Analysis - Documents/Meta/AI Adoption/PDFs/S173.pdf,candidate_only_not_analytic_input_until_human_confirmed
possible_densification_source_review_candidate,ai_candidate_only_missing_pair_no_value_added,S173,ATT-FC,ATT,FC,,21,24,BI;EE;FC;PE;SI;TRU;UB,no,yes,no,,notes=Application QA draft only; Step 5 remains inactive until final full-corpus freeze authorization is recorded. Frozen on 2026-06-09 under explicit caveat-preservation authorization.,likely_false_positive_one_construct_not_human_supported,do_not_add_unless_reopened_by_source_evidence,Only one construct is human/frozen-supported for this study; missing construct=ATT. This usually indicates AI term-hit overreach or unapproved remap.,attitude;attitudes,FC;facilitating;facilitating condition;facilitating conditions;support,correlation;correlations;fornell;larcker;latent;pearson;table,/Users/newhosung/Library/CloudStorage/OneDrive-SharedLibraries-ThePennsylvaniaStateUniversity/AI Adoption Meta Analysis - Documents/Meta/AI Adoption/PDFs/S173.pdf,candidate_only_not_analytic_input_until_human_confirmed
possible_densification_source_review_candidate,ai_candidate_only_missing_pair_no_value_added,S173,ATT-PE,ATT,PE,,21,24,BI;EE;FC;PE;SI;TRU;UB,no,yes,no,,notes=Application QA draft only; Step 5 remains inactive until final full-corpus freeze authorization is recorded. Frozen on 2026-06-09 under explicit caveat-preservation authorization.,likely_false_positive_one_construct_not_human_supported,do_not_add_unless_reopened_by_source_evidence,Only one construct is human/frozen-supported for this study; missing construct=ATT. This usually indicates AI term-hit overreach or unapproved remap.,attitude;attitudes,PE;perceived usefulness;performance expectancy;useful;usefulness,correlation;correlations;fornell;larcker;latent;pearson;table,/Users/newhosung/Library/CloudStorage/OneDrive-SharedLibraries-ThePennsylvaniaStateUniversity/AI Adoption Meta Analysis - Documents/Meta/AI Adoption/PDFs/S173.pdf,candidate_only_not_analytic_input_until_human_confirmed
possible_densification_source_review_candidate,ai_candidate_only_missing_pair_no_value_added,S173,ATT-SI,ATT,SI,,21,24,BI;EE;FC;PE;SI;TRU;UB,no,yes,no,,notes=Application QA draft only; Step 5 remains inactive until final full-corpus freeze authorization is recorded. Frozen on 2026-06-09 under explicit caveat-preservation authorization.,likely_false_positive_one_construct_not_human_supported,do_not_add_unless_reopened_by_source_evidence,Only one construct is human/frozen-supported for this study; missing construct=ATT. This usually indicates AI term-hit overreach or unapproved remap.,attitude;attitudes,SI;social influence;social norm,correlation;correlations;fornell;larcker;latent;pearson;table,/Users/newhosung/Library/CloudStorage/OneDrive-SharedLibraries-ThePennsylvaniaStateUniversity/AI Adoption Meta Analysis - Documents/Meta/AI Adoption/PDFs/S173.pdf,candidate_only_not_analytic_input_until_human_confirmed
possible_densification_source_review_candidate,ai_candidate_only_missing_pair_no_value_added,S173,ATT-TRU,ATT,TRU,,21,24,BI;EE;FC;PE;SI;TRU;UB,no,yes,no,,notes=Application QA draft only; Step 5 remains inactive until final full-corpus freeze authorization is recorded. Frozen on 2026-06-09 under explicit caveat-preservation authorization.,likely_false_positive_one_construct_not_human_supported,do_not_add_unless_reopened_by_source_evidence,Only one construct is human/frozen-supported for this study; missing construct=ATT. This usually indicates AI term-hit overreach or unapproved remap.,attitude;attitudes,TRU;trust;trustworthiness,correlation;correlations;fornell;larcker;latent;pearson;table,/Users/newhosung/Library/CloudStorage/OneDrive-SharedLibraries-ThePennsylvaniaStateUniversity/AI Adoption Meta Analysis - Documents/Meta/AI Adoption/PDFs/S173.pdf,candidate_only_not_analytic_input_until_human_confirmed
possible_densification_source_review_candidate,ai_candidate_only_missing_pair_no_value_added,S173,ATT-UB,ATT,UB,,21,24,BI;EE;FC;PE;SI;TRU;UB,no,yes,no,,notes=Application QA draft only; Step 5 remains inactive until final full-corpus freeze authorization is recorded. Frozen on 2026-06-09 under explicit caveat-preservation authorization.,likely_false_positive_one_construct_not_human_supported,do_not_add_unless_reopened_by_source_evidence,Only one construct is human/frozen-supported for this study; missing construct=ATT. This usually indicates AI term-hit overreach or unapproved remap.,attitude;attitudes,UB;actual use;usage behaviour;use;use behaviour,correlation;correlations;fornell;larcker;latent;pearson;table,/Users/newhosung/Library/CloudStorage/OneDrive-SharedLibraries-ThePennsylvaniaStateUniversity/AI Adoption Meta Analysis - Documents/Meta/AI Adoption/PDFs/S173.pdf,candidate_only_not_analytic_input_until_human_confirmed
possible_densification_source_review_candidate,ai_candidate_only_missing_pair_no_value_added,S173,BI-SE,BI,SE,,21,24,BI;EE;FC;PE;SI;TRU;UB,yes,no,no,,notes=Application QA draft only; Step 5 remains inactive until final full-corpus freeze authorization is recorded. Frozen on 2026-06-09 under explicit caveat-preservation authorization.,likely_false_positive_one_construct_not_human_supported,do_not_add_unless_reopened_by_source_evidence,Only one construct is human/frozen-supported for this study; missing construct=SE. This usually indicates AI term-hit overreach or unapproved remap.,BI;behavioral intention;behavioural intention;intention to use;usage intention,efficacy;self-efficacy,correlation;correlations;fornell;larcker;latent;pearson;table,/Users/newhosung/Library/CloudStorage/OneDrive-SharedLibraries-ThePennsylvaniaStateUniversity/AI Adoption Meta Analysis - Documents/Meta/AI Adoption/PDFs/S173.pdf,candidate_only_not_analytic_input_until_human_confirmed
possible_densification_source_review_candidate,ai_candidate_only_missing_pair_no_value_added,S173,EE-SE,EE,SE,,21,24,BI;EE;FC;PE;SI;TRU;UB,yes,no,no,,notes=Application QA draft only; Step 5 remains inactive until final full-corpus freeze authorization is recorded. Frozen on 2026-06-09 under explicit caveat-preservation authorization.,likely_false_positive_one_construct_not_human_supported,do_not_add_unless_reopened_by_source_evidence,Only one construct is human/frozen-supported for this study; missing construct=SE. This usually indicates AI term-hit overreach or unapproved remap.,EE;ease of use;effort expectancy;perceived ease of use,efficacy;self-efficacy,correlation;correlations;fornell;larcker;latent;pearson;table,/Users/newhosung/Library/CloudStorage/OneDrive-SharedLibraries-ThePennsylvaniaStateUniversity/AI Adoption Meta Analysis - Documents/Meta/AI Adoption/PDFs/S173.pdf,candidate_only_not_analytic_input_until_human_confirmed
possible_densification_source_review_candidate,ai_candidate_only_missing_pair_no_value_added,S173,FC-SE,FC,SE,,21,24,BI;EE;FC;PE;SI;TRU;UB,yes,no,no,,notes=Application QA draft only; Step 5 remains inactive until final full-corpus freeze authorization is recorded. Frozen on 2026-06-09 under explicit caveat-preservation authorization.,likely_false_positive_one_construct_not_human_supported,do_not_add_unless_reopened_by_source_evidence,Only one construct is human/frozen-supported for this study; missing construct=SE. This usually indicates AI term-hit overreach or unapproved remap.,FC;facilitating;facilitating condition;facilitating conditions;support,efficacy;self-efficacy,correlation;correlations;fornell;larcker;latent;pearson;table,/Users/newhosung/Library/CloudStorage/OneDrive-SharedLibraries-ThePennsylvaniaStateUniversity/AI Adoption Meta Analysis - Documents/Meta/AI Adoption/PDFs/S173.pdf,candidate_only_not_analytic_input_until_human_confirmed
possible_densification_source_review_candidate,ai_candidate_only_missing_pair_no_value_added,S173,PE-SE,PE,SE,,21,24,BI;EE;FC;PE;SI;TRU;UB,yes,no,no,,notes=Application QA draft only; Step 5 remains inactive until final full-corpus freeze authorization is recorded. Frozen on 2026-06-09 under explicit caveat-preservation authorization.,likely_false_positive_one_construct_not_human_supported,do_not_add_unless_reopened_by_source_evidence,Only one construct is human/frozen-supported for this study; missing construct=SE. This usually indicates AI term-hit overreach or unapproved remap.,PE;perceived usefulness;performance expectancy;useful;usefulness,efficacy;self-efficacy,correlation;correlations;fornell;larcker;latent;pearson;table,/Users/newhosung/Library/CloudStorage/OneDrive-SharedLibraries-ThePennsylvaniaStateUniversity/AI Adoption Meta Analysis - Documents/Meta/AI Adoption/PDFs/S173.pdf,candidate_only_not_analytic_input_until_human_confirmed
possible_densification_source_review_candidate,ai_candidate_only_missing_pair_no_value_added,S173,SE-SI,SE,SI,,21,24,BI;EE;FC;PE;SI;TRU;UB,no,yes,no,,notes=Application QA draft only; Step 5 remains inactive until final full-corpus freeze authorization is recorded. Frozen on 2026-06-09 under explicit caveat-preservation authorization.,likely_false_positive_one_construct_not_human_supported,do_not_add_unless_reopened_by_source_evidence,Only one construct is human/frozen-supported for this study; missing construct=SE. This usually indicates AI term-hit overreach or unapproved remap.,efficacy;self-efficacy,SI;social influence;social norm,correlation;correlations;fornell;larcker;latent;pearson;table,/Users/newhosung/Library/CloudStorage/OneDrive-SharedLibraries-ThePennsylvaniaStateUniversity/AI Adoption Meta Analysis - Documents/Meta/AI Adoption/PDFs/S173.pdf,candidate_only_not_analytic_input_until_human_confirmed
possible_densification_source_review_candidate,ai_candidate_only_missing_pair_no_value_added,S173,SE-TRU,SE,TRU,,21,24,BI;EE;FC;PE;SI;TRU;UB,no,yes,no,,notes=Application QA draft only; Step 5 remains inactive until final full-corpus freeze authorization is recorded. Frozen on 2026-06-09 under explicit caveat-preservation authorization.,likely_false_positive_one_construct_not_human_supported,do_not_add_unless_reopened_by_source_evidence,Only one construct is human/frozen-supported for this study; missing construct=SE. This usually indicates AI term-hit overreach or unapproved remap.,efficacy;self-efficacy,TRU;trust;trustworthiness,correlation;correlations;fornell;larcker;latent;pearson;table,/Users/newhosung/Library/CloudStorage/OneDrive-SharedLibraries-ThePennsylvaniaStateUniversity/AI Adoption Meta Analysis - Documents/Meta/AI Adoption/PDFs/S173.pdf,candidate_only_not_analytic_input_until_human_confirmed
possible_densification_source_review_candidate,ai_candidate_only_missing_pair_no_value_added,S173,SE-UB,SE,UB,,21,24,BI;EE;FC;PE;SI;TRU;UB,no,yes,no,,notes=Application QA draft only; Step 5 remains inactive until final full-corpus freeze authorization is recorded. Frozen on 2026-06-09 under explicit caveat-preservation authorization.,likely_false_positive_one_construct_not_human_supported,do_not_add_unless_reopened_by_source_evidence,Only one construct is human/frozen-supported for this study; missing construct=SE. This usually indicates AI term-hit overreach or unapproved remap.,efficacy;self-efficacy,UB;actual use;usage behaviour;use;use behaviour,correlation;correlations;fornell;larcker;latent;pearson;table,/Users/newhosung/Library/CloudStorage/OneDrive-SharedLibraries-ThePennsylvaniaStateUniversity/AI Adoption Meta Analysis - Documents/Meta/AI Adoption/PDFs/S173.pdf,candidate_only_not_analytic_input_until_human_confirmed
possible_densification_source_review_candidate,ai_candidate_only_missing_pair_no_value_added,S176,ANX-ATT,ANX,ATT,,28,17,ATT;BI;EE;FC;PE;SI;TRU;UB,no,yes,no,,notes=Application QA draft only; Step 5 remains inactive until final full-corpus freeze authorization is recorded. Frozen on 2026-06-09 under explicit caveat-preservation authorization.,likely_false_positive_one_construct_not_human_supported,do_not_add_unless_reopened_by_source_evidence,Only one construct is human/frozen-supported for this study; missing construct=ANX. This usually indicates AI term-hit overreach or unapproved remap.,anxiety,ATT;attitudes,correlation;correlations;latent;table,/Users/newhosung/Library/CloudStorage/OneDrive-SharedLibraries-ThePennsylvaniaStateUniversity/AI Adoption Meta Analysis - Documents/Meta/AI Adoption/PDFs/S176.pdf,candidate_only_not_analytic_input_until_human_confirmed
possible_densification_source_review_candidate,ai_candidate_only_missing_pair_no_value_added,S176,ANX-BI,ANX,BI,,28,17,ATT;BI;EE;FC;PE;SI;TRU;UB,no,yes,no,,notes=Application QA draft only; Step 5 remains inactive until final full-corpus freeze authorization is recorded. Frozen on 2026-06-09 under explicit caveat-preservation authorization.,likely_false_positive_one_construct_not_human_supported,do_not_add_unless_reopened_by_source_evidence,Only one construct is human/frozen-supported for this study; missing construct=ANX. This usually indicates AI term-hit overreach or unapproved remap.,anxiety,BI;behavioral intention;behavioural intention;intention to use,correlation;correlations;latent;table,/Users/newhosung/Library/CloudStorage/OneDrive-SharedLibraries-ThePennsylvaniaStateUniversity/AI Adoption Meta Analysis - Documents/Meta/AI Adoption/PDFs/S176.pdf,candidate_only_not_analytic_input_until_human_confirmed
possible_densification_source_review_candidate,ai_candidate_only_missing_pair_no_value_added,S176,ANX-EE,ANX,EE,,28,17,ATT;BI;EE;FC;PE;SI;TRU;UB,no,yes,no,,notes=Application QA draft only; Step 5 remains inactive until final full-corpus freeze authorization is recorded. Frozen on 2026-06-09 under explicit caveat-preservation authorization.,likely_false_positive_one_construct_not_human_supported,do_not_add_unless_reopened_by_source_evidence,Only one construct is human/frozen-supported for this study; missing construct=ANX. This usually indicates AI term-hit overreach or unapproved remap.,anxiety,EE;ease of use;easy to use;effort expectancy;perceived ease of use,correlation;correlations;latent;table,/Users/newhosung/Library/CloudStorage/OneDrive-SharedLibraries-ThePennsylvaniaStateUniversity/AI Adoption Meta Analysis - Documents/Meta/AI Adoption/PDFs/S176.pdf,candidate_only_not_analytic_input_until_human_confirmed
possible_densification_source_review_candidate,ai_candidate_only_missing_pair_no_value_added,S176,ANX-FC,ANX,FC,,28,17,ATT;BI;EE;FC;PE;SI;TRU;UB,no,yes,no,,notes=Application QA draft only; Step 5 remains inactive until final full-corpus freeze authorization is recorded. Frozen on 2026-06-09 under explicit caveat-preservation authorization.,likely_false_positive_one_construct_not_human_supported,do_not_add_unless_reopened_by_source_evidence,Only one construct is human/frozen-supported for this study; missing construct=ANX. This usually indicates AI term-hit overreach or unapproved remap.,anxiety,FC;facilitating;facilitating condition;facilitating conditions;resources;support,correlation;correlations;latent;table,/Users/newhosung/Library/CloudStorage/OneDrive-SharedLibraries-ThePennsylvaniaStateUniversity/AI Adoption Meta Analysis - Documents/Meta/AI Adoption/PDFs/S176.pdf,candidate_only_not_analytic_input_until_human_confirmed
possible_densification_source_review_candidate,ai_candidate_only_missing_pair_no_value_added,S176,ANX-PE,ANX,PE,,28,17,ATT;BI;EE;FC;PE;SI;TRU;UB,no,yes,no,,notes=Application QA draft only; Step 5 remains inactive until final full-corpus freeze authorization is recorded. Frozen on 2026-06-09 under explicit caveat-preservation authorization.,likely_false_positive_one_construct_not_human_supported,do_not_add_unless_reopened_by_source_evidence,Only one construct is human/frozen-supported for this study; missing construct=ANX. This usually indicates AI term-hit overreach or unapproved remap.,anxiety,PE;perceived usefulness;performance expectancy;useful;usefulness,correlation;correlations;latent;table,/Users/newhosung/Library/CloudStorage/OneDrive-SharedLibraries-ThePennsylvaniaStateUniversity/AI Adoption Meta Analysis - Documents/Meta/AI Adoption/PDFs/S176.pdf,candidate_only_not_analytic_input_until_human_confirmed
possible_densification_source_review_candidate,ai_candidate_only_missing_pair_no_value_added,S176,ANX-SI,ANX,SI,,28,17,ATT;BI;EE;FC;PE;SI;TRU;UB,no,yes,no,,notes=Application QA draft only; Step 5 remains inactive until final full-corpus freeze authorization is recorded. Frozen on 2026-06-09 under explicit caveat-preservation authorization.,likely_false_positive_one_construct_not_human_supported,do_not_add_unless_reopened_by_source_evidence,Only one construct is human/frozen-supported for this study; missing construct=ANX. This usually indicates AI term-hit overreach or unapproved remap.,anxiety,SI;social influence,correlation;correlations;latent;table,/Users/newhosung/Library/CloudStorage/OneDrive-SharedLibraries-ThePennsylvaniaStateUniversity/AI Adoption Meta Analysis - Documents/Meta/AI Adoption/PDFs/S176.pdf,candidate_only_not_analytic_input_until_human_confirmed
possible_densification_source_review_candidate,ai_candidate_only_missing_pair_no_value_added,S176,ANX-TRU,ANX,TRU,,28,17,ATT;BI;EE;FC;PE;SI;TRU;UB,no,yes,no,,notes=Application QA draft only; Step 5 remains inactive until final full-corpus freeze authorization is recorded. Frozen on 2026-06-09 under explicit caveat-preservation authorization.,likely_false_positive_one_construct_not_human_supported,do_not_add_unless_reopened_by_source_evidence,Only one construct is human/frozen-supported for this study; missing construct=ANX. This usually indicates AI term-hit overreach or unapproved remap.,anxiety,TRU;trust,correlation;correlations;latent;table,/Users/newhosung/Library/CloudStorage/OneDrive-SharedLibraries-ThePennsylvaniaStateUniversity/AI Adoption Meta Analysis - Documents/Meta/AI Adoption/PDFs/S176.pdf,candidate_only_not_analytic_input_until_human_confirmed
possible_densification_source_review_candidate,ai_candidate_only_missing_pair_no_value_added,S176,ANX-UB,ANX,UB,,28,17,ATT;BI;EE;FC;PE;SI;TRU;UB,no,yes,no,,notes=Application QA draft only; Step 5 remains inactive until final full-corpus freeze authorization is recorded. Frozen on 2026-06-09 under explicit caveat-preservation authorization.,likely_false_positive_one_construct_not_human_supported,do_not_add_unless_reopened_by_source_evidence,Only one construct is human/frozen-supported for this study; missing construct=ANX. This usually indicates AI term-hit overreach or unapproved remap.,anxiety,UB;usage behavior;use;use behavior,correlation;correlations;latent;table,/Users/newhosung/Library/CloudStorage/OneDrive-SharedLibraries-ThePennsylvaniaStateUniversity/AI Adoption Meta Analysis - Documents/Meta/AI Adoption/PDFs/S176.pdf,candidate_only_not_analytic_input_until_human_confirmed
possible_densification_source_review_candidate,ai_candidate_only_missing_pair_no_value_added,S176,ATT-SE,ATT,SE,,28,17,ATT;BI;EE;FC;PE;SI;TRU;UB,yes,no,no,,notes=Application QA draft only; Step 5 remains inactive until final full-corpus freeze authorization is recorded. Frozen on 2026-06-09 under explicit caveat-preservation authorization.,likely_false_positive_one_construct_not_human_supported,do_not_add_unless_reopened_by_source_evidence,Only one construct is human/frozen-supported for this study; missing construct=SE. This usually indicates AI term-hit overreach or unapproved remap.,ATT;attitudes,SE;efficacy,correlation;correlations;latent;table,/Users/newhosung/Library/CloudStorage/OneDrive-SharedLibraries-ThePennsylvaniaStateUniversity/AI Adoption Meta Analysis - Documents/Meta/AI Adoption/PDFs/S176.pdf,candidate_only_not_analytic_input_until_human_confirmed
possible_densification_source_review_candidate,ai_candidate_only_missing_pair_no_value_added,S176,BI-SE,BI,SE,,28,17,ATT;BI;EE;FC;PE;SI;TRU;UB,yes,no,no,,notes=Application QA draft only; Step 5 remains inactive until final full-corpus freeze authorization is recorded. Frozen on 2026-06-09 under explicit caveat-preservation authorization.,likely_false_positive_one_construct_not_human_supported,do_not_add_unless_reopened_by_source_evidence,Only one construct is human/frozen-supported for this study; missing construct=SE. This usually indicates AI term-hit overreach or unapproved remap.,BI;behavioral intention;behavioural intention;intention to use,SE;efficacy,correlation;correlations;latent;table,/Users/newhosung/Library/CloudStorage/OneDrive-SharedLibraries-ThePennsylvaniaStateUniversity/AI Adoption Meta Analysis - Documents/Meta/AI Adoption/PDFs/S176.pdf,candidate_only_not_analytic_input_until_human_confirmed
possible_densification_source_review_candidate,ai_candidate_only_missing_pair_no_value_added,S176,EE-SE,EE,SE,,28,17,ATT;BI;EE;FC;PE;SI;TRU;UB,yes,no,no,,notes=Application QA draft only; Step 5 remains inactive until final full-corpus freeze authorization is recorded. Frozen on 2026-06-09 under explicit caveat-preservation authorization.,likely_false_positive_one_construct_not_human_supported,do_not_add_unless_reopened_by_source_evidence,Only one construct is human/frozen-supported for this study; missing construct=SE. This usually indicates AI term-hit overreach or unapproved remap.,EE;ease of use;easy to use;effort expectancy;perceived ease of use,SE;efficacy,correlation;correlations;latent;table,/Users/newhosung/Library/CloudStorage/OneDrive-SharedLibraries-ThePennsylvaniaStateUniversity/AI Adoption Meta Analysis - Documents/Meta/AI Adoption/PDFs/S176.pdf,candidate_only_not_analytic_input_until_human_confirmed
possible_densification_source_review_candidate,ai_candidate_only_missing_pair_no_value_added,S176,FC-SE,FC,SE,,28,17,ATT;BI;EE;FC;PE;SI;TRU;UB,yes,no,no,,notes=Application QA draft only; Step 5 remains inactive until final full-corpus freeze authorization is recorded. Frozen on 2026-06-09 under explicit caveat-preservation authorization.,likely_false_positive_one_construct_not_human_supported,do_not_add_unless_reopened_by_source_evidence,Only one construct is human/frozen-supported for this study; missing construct=SE. This usually indicates AI term-hit overreach or unapproved remap.,FC;facilitating;facilitating condition;facilitating conditions;resources;support,SE;efficacy,correlation;correlations;latent;table,/Users/newhosung/Library/CloudStorage/OneDrive-SharedLibraries-ThePennsylvaniaStateUniversity/AI Adoption Meta Analysis - Documents/Meta/AI Adoption/PDFs/S176.pdf,candidate_only_not_analytic_input_until_human_confirmed
possible_densification_source_review_candidate,ai_candidate_only_missing_pair_no_value_added,S176,PE-SE,PE,SE,,28,17,ATT;BI;EE;FC;PE;SI;TRU;UB,yes,no,no,,notes=Application QA draft only; Step 5 remains inactive until final full-corpus freeze authorization is recorded. Frozen on 2026-06-09 under explicit caveat-preservation authorization.,likely_false_positive_one_construct_not_human_supported,do_not_add_unless_reopened_by_source_evidence,Only one construct is human/frozen-supported for this study; missing construct=SE. This usually indicates AI term-hit overreach or unapproved remap.,PE;perceived usefulness;performance expectancy;useful;usefulness,SE;efficacy,correlation;correlations;latent;table,/Users/newhosung/Library/CloudStorage/OneDrive-SharedLibraries-ThePennsylvaniaStateUniversity/AI Adoption Meta Analysis - Documents/Meta/AI Adoption/PDFs/S176.pdf,candidate_only_not_analytic_input_until_human_confirmed
possible_densification_source_review_candidate,ai_candidate_only_missing_pair_no_value_added,S176,SE-SI,SE,SI,,28,17,ATT;BI;EE;FC;PE;SI;TRU;UB,no,yes,no,,notes=Application QA draft only; Step 5 remains inactive until final full-corpus freeze authorization is recorded. Frozen on 2026-06-09 under explicit caveat-preservation authorization.,likely_false_positive_one_construct_not_human_supported,do_not_add_unless_reopened_by_source_evidence,Only one construct is human/frozen-supported for this study; missing construct=SE. This usually indicates AI term-hit overreach or unapproved remap.,SE;efficacy,SI;social influence,correlation;correlations;latent;table,/Users/newhosung/Library/CloudStorage/OneDrive-SharedLibraries-ThePennsylvaniaStateUniversity/AI Adoption Meta Analysis - Documents/Meta/AI Adoption/PDFs/S176.pdf,candidate_only_not_analytic_input_until_human_confirmed
possible_densification_source_review_candidate,ai_candidate_only_missing_pair_no_value_added,S176,SE-TRU,SE,TRU,,28,17,ATT;BI;EE;FC;PE;SI;TRU;UB,no,yes,no,,notes=Application QA draft only; Step 5 remains inactive until final full-corpus freeze authorization is recorded. Frozen on 2026-06-09 under explicit caveat-preservation authorization.,likely_false_positive_one_construct_not_human_supported,do_not_add_unless_reopened_by_source_evidence,Only one construct is human/frozen-supported for this study; missing construct=SE. This usually indicates AI term-hit overreach or unapproved remap.,SE;efficacy,TRU;trust,correlation;correlations;latent;table,/Users/newhosung/Library/CloudStorage/OneDrive-SharedLibraries-ThePennsylvaniaStateUniversity/AI Adoption Meta Analysis - Documents/Meta/AI Adoption/PDFs/S176.pdf,candidate_only_not_analytic_input_until_human_confirmed
possible_densification_source_review_candidate,ai_candidate_only_missing_pair_no_value_added,S176,SE-UB,SE,UB,,28,17,ATT;BI;EE;FC;PE;SI;TRU;UB,no,yes,no,,notes=Application QA draft only; Step 5 remains inactive until final full-corpus freeze authorization is recorded. Frozen on 2026-06-09 under explicit caveat-preservation authorization.,likely_false_positive_one_construct_not_human_supported,do_not_add_unless_reopened_by_source_evidence,Only one construct is human/frozen-supported for this study; missing construct=SE. This usually indicates AI term-hit overreach or unapproved remap.,SE;efficacy,UB;usage behavior;use;use behavior,correlation;correlations;latent;table,/Users/newhosung/Library/CloudStorage/OneDrive-SharedLibraries-ThePennsylvaniaStateUniversity/AI Adoption Meta Analysis - Documents/Meta/AI Adoption/PDFs/S176.pdf,candidate_only_not_analytic_input_until_human_confirmed
possible_densification_source_review_candidate,ai_candidate_only_missing_pair_no_value_added,S185,ANX-SE,ANX,SE,,21,24,ANX;ATT;BI;EE;FC;PE;SI,yes,no,no,,,likely_false_positive_one_construct_not_human_supported,do_not_add_unless_reopened_by_source_evidence,Only one construct is human/frozen-supported for this study; missing construct=SE. This usually indicates AI term-hit overreach or unapproved remap.,anxiety;apprehension,efficacy;self-efficacy,correlation;fornell;larcker;table,/Users/newhosung/Library/CloudStorage/OneDrive-SharedLibraries-ThePennsylvaniaStateUniversity/AI Adoption Meta Analysis - Documents/Meta/AI Adoption/PDFs/S185.pdf,candidate_only_not_analytic_input_until_human_confirmed
possible_densification_source_review_candidate,ai_candidate_only_missing_pair_no_value_added,S185,ANX-TRU,ANX,TRU,,21,24,ANX;ATT;BI;EE;FC;PE;SI,yes,no,no,,,likely_false_positive_one_construct_not_human_supported,do_not_add_unless_reopened_by_source_evidence,Only one construct is human/frozen-supported for this study; missing construct=TRU. This usually indicates AI term-hit overreach or unapproved remap.,anxiety;apprehension,trust,correlation;fornell;larcker;table,/Users/newhosung/Library/CloudStorage/OneDrive-SharedLibraries-ThePennsylvaniaStateUniversity/AI Adoption Meta Analysis - Documents/Meta/AI Adoption/PDFs/S185.pdf,candidate_only_not_analytic_input_until_human_confirmed
possible_densification_source_review_candidate,ai_candidate_only_missing_pair_no_value_added,S185,ANX-UB,ANX,UB,,21,24,ANX;ATT;BI;EE;FC;PE;SI,yes,no,no,,,likely_false_positive_one_construct_not_human_supported,do_not_add_unless_reopened_by_source_evidence,Only one construct is human/frozen-supported for this study; missing construct=UB. This usually indicates AI term-hit overreach or unapproved remap.,anxiety;apprehension,use,correlation;fornell;larcker;table,/Users/newhosung/Library/CloudStorage/OneDrive-SharedLibraries-ThePennsylvaniaStateUniversity/AI Adoption Meta Analysis - Documents/Meta/AI Adoption/PDFs/S185.pdf,candidate_only_not_analytic_input_until_human_confirmed
possible_densification_source_review_candidate,ai_candidate_only_missing_pair_no_value_added,S185,ATT-SE,ATT,SE,,21,24,ANX;ATT;BI;EE;FC;PE;SI,yes,no,no,,,likely_false_positive_one_construct_not_human_supported,do_not_add_unless_reopened_by_source_evidence,Only one construct is human/frozen-supported for this study; missing construct=SE. This usually indicates AI term-hit overreach or unapproved remap.,ATT;attitude;attitude toward;attitudes,efficacy;self-efficacy,correlation;fornell;larcker;table,/Users/newhosung/Library/CloudStorage/OneDrive-SharedLibraries-ThePennsylvaniaStateUniversity/AI Adoption Meta Analysis - Documents/Meta/AI Adoption/PDFs/S185.pdf,candidate_only_not_analytic_input_until_human_confirmed
possible_densification_source_review_candidate,ai_candidate_only_missing_pair_no_value_added,S185,ATT-TRU,ATT,TRU,,21,24,ANX;ATT;BI;EE;FC;PE;SI,yes,no,no,,,likely_false_positive_one_construct_not_human_supported,do_not_add_unless_reopened_by_source_evidence,Only one construct is human/frozen-supported for this study; missing construct=TRU. This usually indicates AI term-hit overreach or unapproved remap.,ATT;attitude;attitude toward;attitudes,trust,correlation;fornell;larcker;table,/Users/newhosung/Library/CloudStorage/OneDrive-SharedLibraries-ThePennsylvaniaStateUniversity/AI Adoption Meta Analysis - Documents/Meta/AI Adoption/PDFs/S185.pdf,candidate_only_not_analytic_input_until_human_confirmed
possible_densification_source_review_candidate,ai_candidate_only_missing_pair_no_value_added,S185,ATT-UB,ATT,UB,,21,24,ANX;ATT;BI;EE;FC;PE;SI,yes,no,no,,,likely_false_positive_one_construct_not_human_supported,do_not_add_unless_reopened_by_source_evidence,Only one construct is human/frozen-supported for this study; missing construct=UB. This usually indicates AI term-hit overreach or unapproved remap.,ATT;attitude;attitude toward;attitudes,use,correlation;fornell;larcker;table,/Users/newhosung/Library/CloudStorage/OneDrive-SharedLibraries-ThePennsylvaniaStateUniversity/AI Adoption Meta Analysis - Documents/Meta/AI Adoption/PDFs/S185.pdf,candidate_only_not_analytic_input_until_human_confirmed
possible_densification_source_review_candidate,ai_candidate_only_missing_pair_no_value_added,S185,BI-SE,BI,SE,,21,24,ANX;ATT;BI;EE;FC;PE;SI,yes,no,no,,,likely_false_positive_one_construct_not_human_supported,do_not_add_unless_reopened_by_source_evidence,Only one construct is human/frozen-supported for this study; missing construct=SE. This usually indicates AI term-hit overreach or unapproved remap.,BI;behavioral intention;intention to use;usage intention,efficacy;self-efficacy,correlation;fornell;larcker;table,/Users/newhosung/Library/CloudStorage/OneDrive-SharedLibraries-ThePennsylvaniaStateUniversity/AI Adoption Meta Analysis - Documents/Meta/AI Adoption/PDFs/S185.pdf,candidate_only_not_analytic_input_until_human_confirmed
possible_densification_source_review_candidate,ai_candidate_only_missing_pair_no_value_added,S185,BI-TRU,BI,TRU,,21,24,ANX;ATT;BI;EE;FC;PE;SI,yes,no,no,,,likely_false_positive_one_construct_not_human_supported,do_not_add_unless_reopened_by_source_evidence,Only one construct is human/frozen-supported for this study; missing construct=TRU. This usually indicates AI term-hit overreach or unapproved remap.,BI;behavioral intention;intention to use;usage intention,trust,correlation;fornell;larcker;table,/Users/newhosung/Library/CloudStorage/OneDrive-SharedLibraries-ThePennsylvaniaStateUniversity/AI Adoption Meta Analysis - Documents/Meta/AI Adoption/PDFs/S185.pdf,candidate_only_not_analytic_input_until_human_confirmed
possible_densification_source_review_candidate,ai_candidate_only_missing_pair_no_value_added,S185,BI-UB,BI,UB,,21,24,ANX;ATT;BI;EE;FC;PE;SI,yes,no,no,,,likely_false_positive_one_construct_not_human_supported,do_not_add_unless_reopened_by_source_evidence,Only one construct is human/frozen-supported for this study; missing construct=UB. This usually indicates AI term-hit overreach or unapproved remap.,BI;behavioral intention;intention to use;usage intention,use,correlation;fornell;larcker;table,/Users/newhosung/Library/CloudStorage/OneDrive-SharedLibraries-ThePennsylvaniaStateUniversity/AI Adoption Meta Analysis - Documents/Meta/AI Adoption/PDFs/S185.pdf,candidate_only_not_analytic_input_until_human_confirmed
possible_densification_source_review_candidate,ai_candidate_only_missing_pair_no_value_added,S185,EE-SE,EE,SE,,21,24,ANX;ATT;BI;EE;FC;PE;SI,yes,no,no,,,likely_false_positive_one_construct_not_human_supported,do_not_add_unless_reopened_by_source_evidence,Only one construct is human/frozen-supported for this study; missing construct=SE. This usually indicates AI term-hit overreach or unapproved remap.,ease of use;easy to use;perceived ease of use,efficacy;self-efficacy,correlation;fornell;larcker;table,/Users/newhosung/Library/CloudStorage/OneDrive-SharedLibraries-ThePennsylvaniaStateUniversity/AI Adoption Meta Analysis - Documents/Meta/AI Adoption/PDFs/S185.pdf,candidate_only_not_analytic_input_until_human_confirmed
possible_densification_source_review_candidate,ai_candidate_only_missing_pair_no_value_added,S185,EE-TRU,EE,TRU,,21,24,ANX;ATT;BI;EE;FC;PE;SI,yes,no,no,,,likely_false_positive_one_construct_not_human_supported,do_not_add_unless_reopened_by_source_evidence,Only one construct is human/frozen-supported for this study; missing construct=TRU. This usually indicates AI term-hit overreach or unapproved remap.,ease of use;easy to use;perceived ease of use,trust,correlation;fornell;larcker;table,/Users/newhosung/Library/CloudStorage/OneDrive-SharedLibraries-ThePennsylvaniaStateUniversity/AI Adoption Meta Analysis - Documents/Meta/AI Adoption/PDFs/S185.pdf,candidate_only_not_analytic_input_until_human_confirmed
possible_densification_source_review_candidate,ai_candidate_only_missing_pair_no_value_added,S185,EE-UB,EE,UB,,21,24,ANX;ATT;BI;EE;FC;PE;SI,yes,no,no,,,likely_false_positive_one_construct_not_human_supported,do_not_add_unless_reopened_by_source_evidence,Only one construct is human/frozen-supported for this study; missing construct=UB. This usually indicates AI term-hit overreach or unapproved remap.,ease of use;easy to use;perceived ease of use,use,correlation;fornell;larcker;table,/Users/newhosung/Library/CloudStorage/OneDrive-SharedLibraries-ThePennsylvaniaStateUniversity/AI Adoption Meta Analysis - Documents/Meta/AI Adoption/PDFs/S185.pdf,candidate_only_not_analytic_input_until_human_confirmed
possible_densification_source_review_candidate,ai_candidate_only_missing_pair_no_value_added,S185,FC-SE,FC,SE,,21,24,ANX;ATT;BI;EE;FC;PE;SI,yes,no,no,,,likely_false_positive_one_construct_not_human_supported,do_not_add_unless_reopened_by_source_evidence,Only one construct is human/frozen-supported for this study; missing construct=SE. This usually indicates AI term-hit overreach or unapproved remap.,facilitating;resources;support,efficacy;self-efficacy,correlation;fornell;larcker;table,/Users/newhosung/Library/CloudStorage/OneDrive-SharedLibraries-ThePennsylvaniaStateUniversity/AI Adoption Meta Analysis - Documents/Meta/AI Adoption/PDFs/S185.pdf,candidate_only_not_analytic_input_until_human_confirmed
possible_densification_source_review_candidate,ai_candidate_only_missing_pair_no_value_added,S185,FC-TRU,FC,TRU,,21,24,ANX;ATT;BI;EE;FC;PE;SI,yes,no,no,,,likely_false_positive_one_construct_not_human_supported,do_not_add_unless_reopened_by_source_evidence,Only one construct is human/frozen-supported for this study; missing construct=TRU. This usually indicates AI term-hit overreach or unapproved remap.,facilitating;resources;support,trust,correlation;fornell;larcker;table,/Users/newhosung/Library/CloudStorage/OneDrive-SharedLibraries-ThePennsylvaniaStateUniversity/AI Adoption Meta Analysis - Documents/Meta/AI Adoption/PDFs/S185.pdf,candidate_only_not_analytic_input_until_human_confirmed
possible_densification_source_review_candidate,ai_candidate_only_missing_pair_no_value_added,S185,FC-UB,FC,UB,,21,24,ANX;ATT;BI;EE;FC;PE;SI,yes,no,no,,,likely_false_positive_one_construct_not_human_supported,do_not_add_unless_reopened_by_source_evidence,Only one construct is human/frozen-supported for this study; missing construct=UB. This usually indicates AI term-hit overreach or unapproved remap.,facilitating;resources;support,use,correlation;fornell;larcker;table,/Users/newhosung/Library/CloudStorage/OneDrive-SharedLibraries-ThePennsylvaniaStateUniversity/AI Adoption Meta Analysis - Documents/Meta/AI Adoption/PDFs/S185.pdf,candidate_only_not_analytic_input_until_human_confirmed
possible_densification_source_review_candidate,ai_candidate_only_missing_pair_no_value_added,S185,PE-SE,PE,SE,,21,24,ANX;ATT;BI;EE;FC;PE;SI,yes,no,no,,,likely_false_positive_one_construct_not_human_supported,do_not_add_unless_reopened_by_source_evidence,Only one construct is human/frozen-supported for this study; missing construct=SE. This usually indicates AI term-hit overreach or unapproved remap.,PE;PU;perceived usefulness;useful;usefulness,efficacy;self-efficacy,correlation;fornell;larcker;table,/Users/newhosung/Library/CloudStorage/OneDrive-SharedLibraries-ThePennsylvaniaStateUniversity/AI Adoption Meta Analysis - Documents/Meta/AI Adoption/PDFs/S185.pdf,candidate_only_not_analytic_input_until_human_confirmed
possible_densification_source_review_candidate,ai_candidate_only_missing_pair_no_value_added,S185,PE-TRU,PE,TRU,,21,24,ANX;ATT;BI;EE;FC;PE;SI,yes,no,no,,,likely_false_positive_one_construct_not_human_supported,do_not_add_unless_reopened_by_source_evidence,Only one construct is human/frozen-supported for this study; missing construct=TRU. This usually indicates AI term-hit overreach or unapproved remap.,PE;PU;perceived usefulness;useful;usefulness,trust,correlation;fornell;larcker;table,/Users/newhosung/Library/CloudStorage/OneDrive-SharedLibraries-ThePennsylvaniaStateUniversity/AI Adoption Meta Analysis - Documents/Meta/AI Adoption/PDFs/S185.pdf,candidate_only_not_analytic_input_until_human_confirmed
possible_densification_source_review_candidate,ai_candidate_only_missing_pair_no_value_added,S185,PE-UB,PE,UB,,21,24,ANX;ATT;BI;EE;FC;PE;SI,yes,no,no,,,likely_false_positive_one_construct_not_human_supported,do_not_add_unless_reopened_by_source_evidence,Only one construct is human/frozen-supported for this study; missing construct=UB. This usually indicates AI term-hit overreach or unapproved remap.,PE;PU;perceived usefulness;useful;usefulness,use,correlation;fornell;larcker;table,/Users/newhosung/Library/CloudStorage/OneDrive-SharedLibraries-ThePennsylvaniaStateUniversity/AI Adoption Meta Analysis - Documents/Meta/AI Adoption/PDFs/S185.pdf,candidate_only_not_analytic_input_until_human_confirmed
possible_densification_source_review_candidate,ai_candidate_only_missing_pair_no_value_added,S185,SE-SI,SE,SI,,21,24,ANX;ATT;BI;EE;FC;PE;SI,no,yes,no,,,likely_false_positive_one_construct_not_human_supported,do_not_add_unless_reopened_by_source_evidence,Only one construct is human/frozen-supported for this study; missing construct=SE. This usually indicates AI term-hit overreach or unapproved remap.,efficacy;self-efficacy,social influence;subjective norm,correlation;fornell;larcker;table,/Users/newhosung/Library/CloudStorage/OneDrive-SharedLibraries-ThePennsylvaniaStateUniversity/AI Adoption Meta Analysis - Documents/Meta/AI Adoption/PDFs/S185.pdf,candidate_only_not_analytic_input_until_human_confirmed
possible_densification_source_review_candidate,ai_candidate_only_missing_pair_no_value_added,S185,SI-TRU,SI,TRU,,21,24,ANX;ATT;BI;EE;FC;PE;SI,yes,no,no,,,likely_false_positive_one_construct_not_human_supported,do_not_add_unless_reopened_by_source_evidence,Only one construct is human/frozen-supported for this study; missing construct=TRU. This usually indicates AI term-hit overreach or unapproved remap.,social influence;subjective norm,trust,correlation;fornell;larcker;table,/Users/newhosung/Library/CloudStorage/OneDrive-SharedLibraries-ThePennsylvaniaStateUniversity/AI Adoption Meta Analysis - Documents/Meta/AI Adoption/PDFs/S185.pdf,candidate_only_not_analytic_input_until_human_confirmed
possible_densification_source_review_candidate,ai_candidate_only_missing_pair_no_value_added,S185,SI-UB,SI,UB,,21,24,ANX;ATT;BI;EE;FC;PE;SI,yes,no,no,,,likely_false_positive_one_construct_not_human_supported,do_not_add_unless_reopened_by_source_evidence,Only one construct is human/frozen-supported for this study; missing construct=UB. This usually indicates AI term-hit overreach or unapproved remap.,social influence;subjective norm,use,correlation;fornell;larcker;table,/Users/newhosung/Library/CloudStorage/OneDrive-SharedLibraries-ThePennsylvaniaStateUniversity/AI Adoption Meta Analysis - Documents/Meta/AI Adoption/PDFs/S185.pdf,candidate_only_not_analytic_input_until_human_confirmed
possible_densification_source_review_candidate,ai_candidate_only_missing_pair_no_value_added,S190,ANX-SE,ANX,SE,,21,24,ANX;ATT;BI;EE;FC;PE;SI,yes,no,no,,notes=Application QA draft only; Step 5 remains inactive until final full-corpus freeze authorization is recorded. Frozen on 2026-06-09 under explicit caveat-preservation authorization.,likely_false_positive_one_construct_not_human_supported,do_not_add_unless_reopened_by_source_evidence,Only one construct is human/frozen-supported for this study; missing construct=SE. This usually indicates AI term-hit overreach or unapproved remap.,ANX,efficacy;self-efficacy,correlation;correlations;latent;pearson;table,/Users/newhosung/Library/CloudStorage/OneDrive-SharedLibraries-ThePennsylvaniaStateUniversity/AI Adoption Meta Analysis - Documents/Meta/AI Adoption/PDFs/S190.pdf,candidate_only_not_analytic_input_until_human_confirmed
possible_densification_source_review_candidate,ai_candidate_only_missing_pair_no_value_added,S190,ANX-TRU,ANX,TRU,,21,24,ANX;ATT;BI;EE;FC;PE;SI,yes,no,no,,notes=Application QA draft only; Step 5 remains inactive until final full-corpus freeze authorization is recorded. Frozen on 2026-06-09 under explicit caveat-preservation authorization.,likely_false_positive_one_construct_not_human_supported,do_not_add_unless_reopened_by_source_evidence,Only one construct is human/frozen-supported for this study; missing construct=TRU. This usually indicates AI term-hit overreach or unapproved remap.,ANX,trust,correlation;correlations;latent;pearson;table,/Users/newhosung/Library/CloudStorage/OneDrive-SharedLibraries-ThePennsylvaniaStateUniversity/AI Adoption Meta Analysis - Documents/Meta/AI Adoption/PDFs/S190.pdf,candidate_only_not_analytic_input_until_human_confirmed
possible_densification_source_review_candidate,ai_candidate_only_missing_pair_no_value_added,S190,ANX-UB,ANX,UB,,21,24,ANX;ATT;BI;EE;FC;PE;SI,yes,no,no,,notes=Application QA draft only; Step 5 remains inactive until final full-corpus freeze authorization is recorded. Frozen on 2026-06-09 under explicit caveat-preservation authorization.,likely_false_positive_one_construct_not_human_supported,do_not_add_unless_reopened_by_source_evidence,Only one construct is human/frozen-supported for this study; missing construct=UB. This usually indicates AI term-hit overreach or unapproved remap.,ANX,actual use;use,correlation;correlations;latent;pearson;table,/Users/newhosung/Library/CloudStorage/OneDrive-SharedLibraries-ThePennsylvaniaStateUniversity/AI Adoption Meta Analysis - Documents/Meta/AI Adoption/PDFs/S190.pdf,candidate_only_not_analytic_input_until_human_confirmed
possible_densification_source_review_candidate,ai_candidate_only_missing_pair_no_value_added,S190,ATT-SE,ATT,SE,,21,24,ANX;ATT;BI;EE;FC;PE;SI,yes,no,no,,notes=Application QA draft only; Step 5 remains inactive until final full-corpus freeze authorization is recorded. Frozen on 2026-06-09 under explicit caveat-preservation authorization.,likely_false_positive_one_construct_not_human_supported,do_not_add_unless_reopened_by_source_evidence,Only one construct is human/frozen-supported for this study; missing construct=SE. This usually indicates AI term-hit overreach or unapproved remap.,ATT;attitude;attitude toward;attitudes,efficacy;self-efficacy,correlation;correlations;latent;pearson;table,/Users/newhosung/Library/CloudStorage/OneDrive-SharedLibraries-ThePennsylvaniaStateUniversity/AI Adoption Meta Analysis - Documents/Meta/AI Adoption/PDFs/S190.pdf,candidate_only_not_analytic_input_until_human_confirmed
possible_densification_source_review_candidate,ai_candidate_only_missing_pair_no_value_added,S190,ATT-TRU,ATT,TRU,,21,24,ANX;ATT;BI;EE;FC;PE;SI,yes,no,no,,notes=Application QA draft only; Step 5 remains inactive until final full-corpus freeze authorization is recorded. Frozen on 2026-06-09 under explicit caveat-preservation authorization.,likely_false_positive_one_construct_not_human_supported,do_not_add_unless_reopened_by_source_evidence,Only one construct is human/frozen-supported for this study; missing construct=TRU. This usually indicates AI term-hit overreach or unapproved remap.,ATT;attitude;attitude toward;attitudes,trust,correlation;correlations;latent;pearson;table,/Users/newhosung/Library/CloudStorage/OneDrive-SharedLibraries-ThePennsylvaniaStateUniversity/AI Adoption Meta Analysis - Documents/Meta/AI Adoption/PDFs/S190.pdf,candidate_only_not_analytic_input_until_human_confirmed
possible_densification_source_review_candidate,ai_candidate_only_missing_pair_no_value_added,S190,ATT-UB,ATT,UB,,21,24,ANX;ATT;BI;EE;FC;PE;SI,yes,no,no,,notes=Application QA draft only; Step 5 remains inactive until final full-corpus freeze authorization is recorded. Frozen on 2026-06-09 under explicit caveat-preservation authorization.,likely_false_positive_one_construct_not_human_supported,do_not_add_unless_reopened_by_source_evidence,Only one construct is human/frozen-supported for this study; missing construct=UB. This usually indicates AI term-hit overreach or unapproved remap.,ATT;attitude;attitude toward;attitudes,actual use;use,correlation;correlations;latent;pearson;table,/Users/newhosung/Library/CloudStorage/OneDrive-SharedLibraries-ThePennsylvaniaStateUniversity/AI Adoption Meta Analysis - Documents/Meta/AI Adoption/PDFs/S190.pdf,candidate_only_not_analytic_input_until_human_confirmed
possible_densification_source_review_candidate,ai_candidate_only_missing_pair_no_value_added,S190,BI-SE,BI,SE,,21,24,ANX;ATT;BI;EE;FC;PE;SI,yes,no,no,,notes=Application QA draft only; Step 5 remains inactive until final full-corpus freeze authorization is recorded. Frozen on 2026-06-09 under explicit caveat-preservation authorization.,likely_false_positive_one_construct_not_human_supported,do_not_add_unless_reopened_by_source_evidence,Only one construct is human/frozen-supported for this study; missing construct=SE. This usually indicates AI term-hit overreach or unapproved remap.,BI;behavioral intention,efficacy;self-efficacy,correlation;correlations;latent;pearson;table,/Users/newhosung/Library/CloudStorage/OneDrive-SharedLibraries-ThePennsylvaniaStateUniversity/AI Adoption Meta Analysis - Documents/Meta/AI Adoption/PDFs/S190.pdf,candidate_only_not_analytic_input_until_human_confirmed
possible_densification_source_review_candidate,ai_candidate_only_missing_pair_no_value_added,S190,BI-TRU,BI,TRU,,21,24,ANX;ATT;BI;EE;FC;PE;SI,yes,no,no,,notes=Application QA draft only; Step 5 remains inactive until final full-corpus freeze authorization is recorded. Frozen on 2026-06-09 under explicit caveat-preservation authorization.,likely_false_positive_one_construct_not_human_supported,do_not_add_unless_reopened_by_source_evidence,Only one construct is human/frozen-supported for this study; missing construct=TRU. This usually indicates AI term-hit overreach or unapproved remap.,BI;behavioral intention,trust,correlation;correlations;latent;pearson;table,/Users/newhosung/Library/CloudStorage/OneDrive-SharedLibraries-ThePennsylvaniaStateUniversity/AI Adoption Meta Analysis - Documents/Meta/AI Adoption/PDFs/S190.pdf,candidate_only_not_analytic_input_until_human_confirmed
possible_densification_source_review_candidate,ai_candidate_only_missing_pair_no_value_added,S190,BI-UB,BI,UB,,21,24,ANX;ATT;BI;EE;FC;PE;SI,yes,no,no,,notes=Application QA draft only; Step 5 remains inactive until final full-corpus freeze authorization is recorded. Frozen on 2026-06-09 under explicit caveat-preservation authorization.,likely_false_positive_one_construct_not_human_supported,do_not_add_unless_reopened_by_source_evidence,Only one construct is human/frozen-supported for this study; missing construct=UB. This usually indicates AI term-hit overreach or unapproved remap.,BI;behavioral intention,actual use;use,correlation;correlations;latent;pearson;table,/Users/newhosung/Library/CloudStorage/OneDrive-SharedLibraries-ThePennsylvaniaStateUniversity/AI Adoption Meta Analysis - Documents/Meta/AI Adoption/PDFs/S190.pdf,candidate_only_not_analytic_input_until_human_confirmed
possible_densification_source_review_candidate,ai_candidate_only_missing_pair_no_value_added,S190,EE-SE,EE,SE,,21,24,ANX;ATT;BI;EE;FC;PE;SI,yes,no,no,,notes=Application QA draft only; Step 5 remains inactive until final full-corpus freeze authorization is recorded. Frozen on 2026-06-09 under explicit caveat-preservation authorization.,likely_false_positive_one_construct_not_human_supported,do_not_add_unless_reopened_by_source_evidence,Only one construct is human/frozen-supported for this study; missing construct=SE. This usually indicates AI term-hit overreach or unapproved remap.,EE;ease of use;perceived ease of use,efficacy;self-efficacy,correlation;correlations;latent;pearson;table,/Users/newhosung/Library/CloudStorage/OneDrive-SharedLibraries-ThePennsylvaniaStateUniversity/AI Adoption Meta Analysis - Documents/Meta/AI Adoption/PDFs/S190.pdf,candidate_only_not_analytic_input_until_human_confirmed
possible_densification_source_review_candidate,ai_candidate_only_missing_pair_no_value_added,S190,EE-TRU,EE,TRU,,21,24,ANX;ATT;BI;EE;FC;PE;SI,yes,no,no,,notes=Application QA draft only; Step 5 remains inactive until final full-corpus freeze authorization is recorded. Frozen on 2026-06-09 under explicit caveat-preservation authorization.,likely_false_positive_one_construct_not_human_supported,do_not_add_unless_reopened_by_source_evidence,Only one construct is human/frozen-supported for this study; missing construct=TRU. This usually indicates AI term-hit overreach or unapproved remap.,EE;ease of use;perceived ease of use,trust,correlation;correlations;latent;pearson;table,/Users/newhosung/Library/CloudStorage/OneDrive-SharedLibraries-ThePennsylvaniaStateUniversity/AI Adoption Meta Analysis - Documents/Meta/AI Adoption/PDFs/S190.pdf,candidate_only_not_analytic_input_until_human_confirmed
possible_densification_source_review_candidate,ai_candidate_only_missing_pair_no_value_added,S190,EE-UB,EE,UB,,21,24,ANX;ATT;BI;EE;FC;PE;SI,yes,no,no,,notes=Application QA draft only; Step 5 remains inactive until final full-corpus freeze authorization is recorded. Frozen on 2026-06-09 under explicit caveat-preservation authorization.,likely_false_positive_one_construct_not_human_supported,do_not_add_unless_reopened_by_source_evidence,Only one construct is human/frozen-supported for this study; missing construct=UB. This usually indicates AI term-hit overreach or unapproved remap.,EE;ease of use;perceived ease of use,actual use;use,correlation;correlations;latent;pearson;table,/Users/newhosung/Library/CloudStorage/OneDrive-SharedLibraries-ThePennsylvaniaStateUniversity/AI Adoption Meta Analysis - Documents/Meta/AI Adoption/PDFs/S190.pdf,candidate_only_not_analytic_input_until_human_confirmed
possible_densification_source_review_candidate,ai_candidate_only_missing_pair_no_value_added,S190,FC-SE,FC,SE,,21,24,ANX;ATT;BI;EE;FC;PE;SI,yes,no,no,,notes=Application QA draft only; Step 5 remains inactive until final full-corpus freeze authorization is recorded. Frozen on 2026-06-09 under explicit caveat-preservation authorization.,likely_false_positive_one_construct_not_human_supported,do_not_add_unless_reopened_by_source_evidence,Only one construct is human/frozen-supported for this study; missing construct=SE. This usually indicates AI term-hit overreach or unapproved remap.,FC;facilitating;facilitating conditions;resources;support,efficacy;self-efficacy,correlation;correlations;latent;pearson;table,/Users/newhosung/Library/CloudStorage/OneDrive-SharedLibraries-ThePennsylvaniaStateUniversity/AI Adoption Meta Analysis - Documents/Meta/AI Adoption/PDFs/S190.pdf,candidate_only_not_analytic_input_until_human_confirmed
possible_densification_source_review_candidate,ai_candidate_only_missing_pair_no_value_added,S190,FC-TRU,FC,TRU,,21,24,ANX;ATT;BI;EE;FC;PE;SI,yes,no,no,,notes=Application QA draft only; Step 5 remains inactive until final full-corpus freeze authorization is recorded. Frozen on 2026-06-09 under explicit caveat-preservation authorization.,likely_false_positive_one_construct_not_human_supported,do_not_add_unless_reopened_by_source_evidence,Only one construct is human/frozen-supported for this study; missing construct=TRU. This usually indicates AI term-hit overreach or unapproved remap.,FC;facilitating;facilitating conditions;resources;support,trust,correlation;correlations;latent;pearson;table,/Users/newhosung/Library/CloudStorage/OneDrive-SharedLibraries-ThePennsylvaniaStateUniversity/AI Adoption Meta Analysis - Documents/Meta/AI Adoption/PDFs/S190.pdf,candidate_only_not_analytic_input_until_human_confirmed
possible_densification_source_review_candidate,ai_candidate_only_missing_pair_no_value_added,S190,FC-UB,FC,UB,,21,24,ANX;ATT;BI;EE;FC;PE;SI,yes,no,no,,notes=Application QA draft only; Step 5 remains inactive until final full-corpus freeze authorization is recorded. Frozen on 2026-06-09 under explicit caveat-preservation authorization.,likely_false_positive_one_construct_not_human_supported,do_not_add_unless_reopened_by_source_evidence,Only one construct is human/frozen-supported for this study; missing construct=UB. This usually indicates AI term-hit overreach or unapproved remap.,FC;facilitating;facilitating conditions;resources;support,actual use;use,correlation;correlations;latent;pearson;table,/Users/newhosung/Library/CloudStorage/OneDrive-SharedLibraries-ThePennsylvaniaStateUniversity/AI Adoption Meta Analysis - Documents/Meta/AI Adoption/PDFs/S190.pdf,candidate_only_not_analytic_input_until_human_confirmed
possible_densification_source_review_candidate,ai_candidate_only_missing_pair_no_value_added,S190,PE-SE,PE,SE,,21,24,ANX;ATT;BI;EE;FC;PE;SI,yes,no,no,,notes=Application QA draft only; Step 5 remains inactive until final full-corpus freeze authorization is recorded. Frozen on 2026-06-09 under explicit caveat-preservation authorization.,likely_false_positive_one_construct_not_human_supported,do_not_add_unless_reopened_by_source_evidence,Only one construct is human/frozen-supported for this study; missing construct=SE. This usually indicates AI term-hit overreach or unapproved remap.,PE;PU;perceived usefulness;usefulness,efficacy;self-efficacy,correlation;correlations;latent;pearson;table,/Users/newhosung/Library/CloudStorage/OneDrive-SharedLibraries-ThePennsylvaniaStateUniversity/AI Adoption Meta Analysis - Documents/Meta/AI Adoption/PDFs/S190.pdf,candidate_only_not_analytic_input_until_human_confirmed
possible_densification_source_review_candidate,ai_candidate_only_missing_pair_no_value_added,S190,PE-TRU,PE,TRU,,21,24,ANX;ATT;BI;EE;FC;PE;SI,yes,no,no,,notes=Application QA draft only; Step 5 remains inactive until final full-corpus freeze authorization is recorded. Frozen on 2026-06-09 under explicit caveat-preservation authorization.,likely_false_positive_one_construct_not_human_supported,do_not_add_unless_reopened_by_source_evidence,Only one construct is human/frozen-supported for this study; missing construct=TRU. This usually indicates AI term-hit overreach or unapproved remap.,PE;PU;perceived usefulness;usefulness,trust,correlation;correlations;latent;pearson;table,/Users/newhosung/Library/CloudStorage/OneDrive-SharedLibraries-ThePennsylvaniaStateUniversity/AI Adoption Meta Analysis - Documents/Meta/AI Adoption/PDFs/S190.pdf,candidate_only_not_analytic_input_until_human_confirmed
possible_densification_source_review_candidate,ai_candidate_only_missing_pair_no_value_added,S190,PE-UB,PE,UB,,21,24,ANX;ATT;BI;EE;FC;PE;SI,yes,no,no,,notes=Application QA draft only; Step 5 remains inactive until final full-corpus freeze authorization is recorded. Frozen on 2026-06-09 under explicit caveat-preservation authorization.,likely_false_positive_one_construct_not_human_supported,do_not_add_unless_reopened_by_source_evidence,Only one construct is human/frozen-supported for this study; missing construct=UB. This usually indicates AI term-hit overreach or unapproved remap.,PE;PU;perceived usefulness;usefulness,actual use;use,correlation;correlations;latent;pearson;table,/Users/newhosung/Library/CloudStorage/OneDrive-SharedLibraries-ThePennsylvaniaStateUniversity/AI Adoption Meta Analysis - Documents/Meta/AI Adoption/PDFs/S190.pdf,candidate_only_not_analytic_input_until_human_confirmed
possible_densification_source_review_candidate,ai_candidate_only_missing_pair_no_value_added,S190,SE-SI,SE,SI,,21,24,ANX;ATT;BI;EE;FC;PE;SI,no,yes,no,,notes=Application QA draft only; Step 5 remains inactive until final full-corpus freeze authorization is recorded. Frozen on 2026-06-09 under explicit caveat-preservation authorization.,likely_false_positive_one_construct_not_human_supported,do_not_add_unless_reopened_by_source_evidence,Only one construct is human/frozen-supported for this study; missing construct=SE. This usually indicates AI term-hit overreach or unapproved remap.,efficacy;self-efficacy,SI;social influence,correlation;correlations;latent;pearson;table,/Users/newhosung/Library/CloudStorage/OneDrive-SharedLibraries-ThePennsylvaniaStateUniversity/AI Adoption Meta Analysis - Documents/Meta/AI Adoption/PDFs/S190.pdf,candidate_only_not_analytic_input_until_human_confirmed
possible_densification_source_review_candidate,ai_candidate_only_missing_pair_no_value_added,S190,SI-TRU,SI,TRU,,21,24,ANX;ATT;BI;EE;FC;PE;SI,yes,no,no,,notes=Application QA draft only; Step 5 remains inactive until final full-corpus freeze authorization is recorded. Frozen on 2026-06-09 under explicit caveat-preservation authorization.,likely_false_positive_one_construct_not_human_supported,do_not_add_unless_reopened_by_source_evidence,Only one construct is human/frozen-supported for this study; missing construct=TRU. This usually indicates AI term-hit overreach or unapproved remap.,SI;social influence,trust,correlation;correlations;latent;pearson;table,/Users/newhosung/Library/CloudStorage/OneDrive-SharedLibraries-ThePennsylvaniaStateUniversity/AI Adoption Meta Analysis - Documents/Meta/AI Adoption/PDFs/S190.pdf,candidate_only_not_analytic_input_until_human_confirmed
possible_densification_source_review_candidate,ai_candidate_only_missing_pair_no_value_added,S190,SI-UB,SI,UB,,21,24,ANX;ATT;BI;EE;FC;PE;SI,yes,no,no,,notes=Application QA draft only; Step 5 remains inactive until final full-corpus freeze authorization is recorded. Frozen on 2026-06-09 under explicit caveat-preservation authorization.,likely_false_positive_one_construct_not_human_supported,do_not_add_unless_reopened_by_source_evidence,Only one construct is human/frozen-supported for this study; missing construct=UB. This usually indicates AI term-hit overreach or unapproved remap.,SI;social influence,actual use;use,correlation;correlations;latent;pearson;table,/Users/newhosung/Library/CloudStorage/OneDrive-SharedLibraries-ThePennsylvaniaStateUniversity/AI Adoption Meta Analysis - Documents/Meta/AI Adoption/PDFs/S190.pdf,candidate_only_not_analytic_input_until_human_confirmed
possible_densification_source_review_candidate,ai_candidate_only_missing_pair_no_value_added,S191,ANX-BI,ANX,BI,,21,24,BI;EE;FC;PE;SE;SI;UB,no,yes,no,,notes=draft_status=included_row_draft_reconciled; decision_summary=Use R2 direct Table 2 values for unresolved R1-R2 correlation differences; values reconciled from the Phase 1 pairwise comparison workbook and confirmed against S191 PDF Table 2.; notes=Raw R2 workbook grid is blank; comparison workbook stores R2 direct values in R2_beta column with direct source labels and USE_R2_DIRECT_VALUE resolutions. Application QA draft only; Step 5 remains inactive until final full-corpus freeze authorization is recorded. Frozen on 2026-06-09 under explicit caveat-preservation authorization.,likely_false_positive_one_construct_not_human_supported,do_not_add_unless_reopened_by_source_evidence,Only one construct is human/frozen-supported for this study; missing construct=ANX. This usually indicates AI term-hit overreach or unapproved remap.,anxiety,BI;behavioral intention;behavioural intention;intention to use,correlation;correlations;fornell;inter-construct;larcker;latent;table,/Users/newhosung/Library/CloudStorage/OneDrive-SharedLibraries-ThePennsylvaniaStateUniversity/AI Adoption Meta Analysis - Documents/Meta/AI Adoption/PDFs/S191.pdf,candidate_only_not_analytic_input_until_human_confirmed
possible_densification_source_review_candidate,ai_candidate_only_missing_pair_no_value_added,S191,ANX-EE,ANX,EE,,21,24,BI;EE;FC;PE;SE;SI;UB,no,yes,no,,notes=draft_status=included_row_draft_reconciled; decision_summary=Use R2 direct Table 2 values for unresolved R1-R2 correlation differences; values reconciled from the Phase 1 pairwise comparison workbook and confirmed against S191 PDF Table 2.; notes=Raw R2 workbook grid is blank; comparison workbook stores R2 direct values in R2_beta column with direct source labels and USE_R2_DIRECT_VALUE resolutions. Application QA draft only; Step 5 remains inactive until final full-corpus freeze authorization is recorded. Frozen on 2026-06-09 under explicit caveat-preservation authorization.,likely_false_positive_one_construct_not_human_supported,do_not_add_unless_reopened_by_source_evidence,Only one construct is human/frozen-supported for this study; missing construct=ANX. This usually indicates AI term-hit overreach or unapproved remap.,anxiety,EE;ease of use;easy to use;effort expectancy,correlation;correlations;fornell;inter-construct;larcker;latent;table,/Users/newhosung/Library/CloudStorage/OneDrive-SharedLibraries-ThePennsylvaniaStateUniversity/AI Adoption Meta Analysis - Documents/Meta/AI Adoption/PDFs/S191.pdf,candidate_only_not_analytic_input_until_human_confirmed
possible_densification_source_review_candidate,ai_candidate_only_missing_pair_no_value_added,S191,ANX-FC,ANX,FC,,21,24,BI;EE;FC;PE;SE;SI;UB,no,yes,no,,notes=draft_status=included_row_draft_reconciled; decision_summary=Use R2 direct Table 2 values for unresolved R1-R2 correlation differences; values reconciled from the Phase 1 pairwise comparison workbook and confirmed against S191 PDF Table 2.; notes=Raw R2 workbook grid is blank; comparison workbook stores R2 direct values in R2_beta column with direct source labels and USE_R2_DIRECT_VALUE resolutions. Application QA draft only; Step 5 remains inactive until final full-corpus freeze authorization is recorded. Frozen on 2026-06-09 under explicit caveat-preservation authorization.,likely_false_positive_one_construct_not_human_supported,do_not_add_unless_reopened_by_source_evidence,Only one construct is human/frozen-supported for this study; missing construct=ANX. This usually indicates AI term-hit overreach or unapproved remap.,anxiety,FC;facilitating;facilitating conditions;resources;support,correlation;correlations;fornell;inter-construct;larcker;latent;table,/Users/newhosung/Library/CloudStorage/OneDrive-SharedLibraries-ThePennsylvaniaStateUniversity/AI Adoption Meta Analysis - Documents/Meta/AI Adoption/PDFs/S191.pdf,candidate_only_not_analytic_input_until_human_confirmed
possible_densification_source_review_candidate,ai_candidate_only_missing_pair_no_value_added,S191,ANX-PE,ANX,PE,,21,24,BI;EE;FC;PE;SE;SI;UB,no,yes,no,,notes=draft_status=included_row_draft_reconciled; decision_summary=Use R2 direct Table 2 values for unresolved R1-R2 correlation differences; values reconciled from the Phase 1 pairwise comparison workbook and confirmed against S191 PDF Table 2.; notes=Raw R2 workbook grid is blank; comparison workbook stores R2 direct values in R2_beta column with direct source labels and USE_R2_DIRECT_VALUE resolutions. Application QA draft only; Step 5 remains inactive until final full-corpus freeze authorization is recorded. Frozen on 2026-06-09 under explicit caveat-preservation authorization.,likely_false_positive_one_construct_not_human_supported,do_not_add_unless_reopened_by_source_evidence,Only one construct is human/frozen-supported for this study; missing construct=ANX. This usually indicates AI term-hit overreach or unapproved remap.,anxiety,PE;performance expectancy;useful,correlation;correlations;fornell;inter-construct;larcker;latent;table,/Users/newhosung/Library/CloudStorage/OneDrive-SharedLibraries-ThePennsylvaniaStateUniversity/AI Adoption Meta Analysis - Documents/Meta/AI Adoption/PDFs/S191.pdf,candidate_only_not_analytic_input_until_human_confirmed
possible_densification_source_review_candidate,ai_candidate_only_missing_pair_no_value_added,S191,ANX-SE,ANX,SE,,21,24,BI;EE;FC;PE;SE;SI;UB,no,yes,no,,notes=draft_status=included_row_draft_reconciled; decision_summary=Use R2 direct Table 2 values for unresolved R1-R2 correlation differences; values reconciled from the Phase 1 pairwise comparison workbook and confirmed against S191 PDF Table 2.; notes=Raw R2 workbook grid is blank; comparison workbook stores R2 direct values in R2_beta column with direct source labels and USE_R2_DIRECT_VALUE resolutions. Application QA draft only; Step 5 remains inactive until final full-corpus freeze authorization is recorded. Frozen on 2026-06-09 under explicit caveat-preservation authorization.,likely_false_positive_one_construct_not_human_supported,do_not_add_unless_reopened_by_source_evidence,Only one construct is human/frozen-supported for this study; missing construct=ANX. This usually indicates AI term-hit overreach or unapproved remap.,anxiety,SE;computer self-efficacy;efficacy;self efficacy;self-efficacy,correlation;correlations;fornell;inter-construct;larcker;latent;table,/Users/newhosung/Library/CloudStorage/OneDrive-SharedLibraries-ThePennsylvaniaStateUniversity/AI Adoption Meta Analysis - Documents/Meta/AI Adoption/PDFs/S191.pdf,candidate_only_not_analytic_input_until_human_confirmed
possible_densification_source_review_candidate,ai_candidate_only_missing_pair_no_value_added,S191,ANX-SI,ANX,SI,,21,24,BI;EE;FC;PE;SE;SI;UB,no,yes,no,,notes=draft_status=included_row_draft_reconciled; decision_summary=Use R2 direct Table 2 values for unresolved R1-R2 correlation differences; values reconciled from the Phase 1 pairwise comparison workbook and confirmed against S191 PDF Table 2.; notes=Raw R2 workbook grid is blank; comparison workbook stores R2 direct values in R2_beta column with direct source labels and USE_R2_DIRECT_VALUE resolutions. Application QA draft only; Step 5 remains inactive until final full-corpus freeze authorization is recorded. Frozen on 2026-06-09 under explicit caveat-preservation authorization.,likely_false_positive_one_construct_not_human_supported,do_not_add_unless_reopened_by_source_evidence,Only one construct is human/frozen-supported for this study; missing construct=ANX. This usually indicates AI term-hit overreach or unapproved remap.,anxiety,SI;social influence,correlation;correlations;fornell;inter-construct;larcker;latent;table,/Users/newhosung/Library/CloudStorage/OneDrive-SharedLibraries-ThePennsylvaniaStateUniversity/AI Adoption Meta Analysis - Documents/Meta/AI Adoption/PDFs/S191.pdf,candidate_only_not_analytic_input_until_human_confirmed
possible_densification_source_review_candidate,ai_candidate_only_missing_pair_no_value_added,S191,ANX-UB,ANX,UB,,21,24,BI;EE;FC;PE;SE;SI;UB,no,yes,no,,notes=draft_status=included_row_draft_reconciled; decision_summary=Use R2 direct Table 2 values for unresolved R1-R2 correlation differences; values reconciled from the Phase 1 pairwise comparison workbook and confirmed against S191 PDF Table 2.; notes=Raw R2 workbook grid is blank; comparison workbook stores R2 direct values in R2_beta column with direct source labels and USE_R2_DIRECT_VALUE resolutions. Application QA draft only; Step 5 remains inactive until final full-corpus freeze authorization is recorded. Frozen on 2026-06-09 under explicit caveat-preservation authorization.,likely_false_positive_one_construct_not_human_supported,do_not_add_unless_reopened_by_source_evidence,Only one construct is human/frozen-supported for this study; missing construct=ANX. This usually indicates AI term-hit overreach or unapproved remap.,anxiety,UB;actual use;usage behavior;use;use behaviour,correlation;correlations;fornell;inter-construct;larcker;latent;table,/Users/newhosung/Library/CloudStorage/OneDrive-SharedLibraries-ThePennsylvaniaStateUniversity/AI Adoption Meta Analysis - Documents/Meta/AI Adoption/PDFs/S191.pdf,candidate_only_not_analytic_input_until_human_confirmed
possible_densification_source_review_candidate,ai_candidate_only_missing_pair_no_value_added,S191,ATT-BI,ATT,BI,,21,24,BI;EE;FC;PE;SE;SI;UB,no,yes,no,,notes=draft_status=included_row_draft_reconciled; decision_summary=Use R2 direct Table 2 values for unresolved R1-R2 correlation differences; values reconciled from the Phase 1 pairwise comparison workbook and confirmed against S191 PDF Table 2.; notes=Raw R2 workbook grid is blank; comparison workbook stores R2 direct values in R2_beta column with direct source labels and USE_R2_DIRECT_VALUE resolutions. Application QA draft only; Step 5 remains inactive until final full-corpus freeze authorization is recorded. Frozen on 2026-06-09 under explicit caveat-preservation authorization.,likely_false_positive_one_construct_not_human_supported,do_not_add_unless_reopened_by_source_evidence,Only one construct is human/frozen-supported for this study; missing construct=ATT. This usually indicates AI term-hit overreach or unapproved remap.,attitude;attitudes,BI;behavioral intention;behavioural intention;intention to use,correlation;correlations;fornell;inter-construct;larcker;latent;table,/Users/newhosung/Library/CloudStorage/OneDrive-SharedLibraries-ThePennsylvaniaStateUniversity/AI Adoption Meta Analysis - Documents/Meta/AI Adoption/PDFs/S191.pdf,candidate_only_not_analytic_input_until_human_confirmed
possible_densification_source_review_candidate,ai_candidate_only_missing_pair_no_value_added,S191,ATT-EE,ATT,EE,,21,24,BI;EE;FC;PE;SE;SI;UB,no,yes,no,,notes=draft_status=included_row_draft_reconciled; decision_summary=Use R2 direct Table 2 values for unresolved R1-R2 correlation differences; values reconciled from the Phase 1 pairwise comparison workbook and confirmed against S191 PDF Table 2.; notes=Raw R2 workbook grid is blank; comparison workbook stores R2 direct values in R2_beta column with direct source labels and USE_R2_DIRECT_VALUE resolutions. Application QA draft only; Step 5 remains inactive until final full-corpus freeze authorization is recorded. Frozen on 2026-06-09 under explicit caveat-preservation authorization.,likely_false_positive_one_construct_not_human_supported,do_not_add_unless_reopened_by_source_evidence,Only one construct is human/frozen-supported for this study; missing construct=ATT. This usually indicates AI term-hit overreach or unapproved remap.,attitude;attitudes,EE;ease of use;easy to use;effort expectancy,correlation;correlations;fornell;inter-construct;larcker;latent;table,/Users/newhosung/Library/CloudStorage/OneDrive-SharedLibraries-ThePennsylvaniaStateUniversity/AI Adoption Meta Analysis - Documents/Meta/AI Adoption/PDFs/S191.pdf,candidate_only_not_analytic_input_until_human_confirmed
possible_densification_source_review_candidate,ai_candidate_only_missing_pair_no_value_added,S191,ATT-FC,ATT,FC,,21,24,BI;EE;FC;PE;SE;SI;UB,no,yes,no,,notes=draft_status=included_row_draft_reconciled; decision_summary=Use R2 direct Table 2 values for unresolved R1-R2 correlation differences; values reconciled from the Phase 1 pairwise comparison workbook and confirmed against S191 PDF Table 2.; notes=Raw R2 workbook grid is blank; comparison workbook stores R2 direct values in R2_beta column with direct source labels and USE_R2_DIRECT_VALUE resolutions. Application QA draft only; Step 5 remains inactive until final full-corpus freeze authorization is recorded. Frozen on 2026-06-09 under explicit caveat-preservation authorization.,likely_false_positive_one_construct_not_human_supported,do_not_add_unless_reopened_by_source_evidence,Only one construct is human/frozen-supported for this study; missing construct=ATT. This usually indicates AI term-hit overreach or unapproved remap.,attitude;attitudes,FC;facilitating;facilitating conditions;resources;support,correlation;correlations;fornell;inter-construct;larcker;latent;table,/Users/newhosung/Library/CloudStorage/OneDrive-SharedLibraries-ThePennsylvaniaStateUniversity/AI Adoption Meta Analysis - Documents/Meta/AI Adoption/PDFs/S191.pdf,candidate_only_not_analytic_input_until_human_confirmed
possible_densification_source_review_candidate,ai_candidate_only_missing_pair_no_value_added,S191,ATT-PE,ATT,PE,,21,24,BI;EE;FC;PE;SE;SI;UB,no,yes,no,,notes=draft_status=included_row_draft_reconciled; decision_summary=Use R2 direct Table 2 values for unresolved R1-R2 correlation differences; values reconciled from the Phase 1 pairwise comparison workbook and confirmed against S191 PDF Table 2.; notes=Raw R2 workbook grid is blank; comparison workbook stores R2 direct values in R2_beta column with direct source labels and USE_R2_DIRECT_VALUE resolutions. Application QA draft only; Step 5 remains inactive until final full-corpus freeze authorization is recorded. Frozen on 2026-06-09 under explicit caveat-preservation authorization.,likely_false_positive_one_construct_not_human_supported,do_not_add_unless_reopened_by_source_evidence,Only one construct is human/frozen-supported for this study; missing construct=ATT. This usually indicates AI term-hit overreach or unapproved remap.,attitude;attitudes,PE;performance expectancy;useful,correlation;correlations;fornell;inter-construct;larcker;latent;table,/Users/newhosung/Library/CloudStorage/OneDrive-SharedLibraries-ThePennsylvaniaStateUniversity/AI Adoption Meta Analysis - Documents/Meta/AI Adoption/PDFs/S191.pdf,candidate_only_not_analytic_input_until_human_confirmed
possible_densification_source_review_candidate,ai_candidate_only_missing_pair_no_value_added,S191,ATT-SE,ATT,SE,,21,24,BI;EE;FC;PE;SE;SI;UB,no,yes,no,,notes=draft_status=included_row_draft_reconciled; decision_summary=Use R2 direct Table 2 values for unresolved R1-R2 correlation differences; values reconciled from the Phase 1 pairwise comparison workbook and confirmed against S191 PDF Table 2.; notes=Raw R2 workbook grid is blank; comparison workbook stores R2 direct values in R2_beta column with direct source labels and USE_R2_DIRECT_VALUE resolutions. Application QA draft only; Step 5 remains inactive until final full-corpus freeze authorization is recorded. Frozen on 2026-06-09 under explicit caveat-preservation authorization.,likely_false_positive_one_construct_not_human_supported,do_not_add_unless_reopened_by_source_evidence,Only one construct is human/frozen-supported for this study; missing construct=ATT. This usually indicates AI term-hit overreach or unapproved remap.,attitude;attitudes,SE;computer self-efficacy;efficacy;self efficacy;self-efficacy,correlation;correlations;fornell;inter-construct;larcker;latent;table,/Users/newhosung/Library/CloudStorage/OneDrive-SharedLibraries-ThePennsylvaniaStateUniversity/AI Adoption Meta Analysis - Documents/Meta/AI Adoption/PDFs/S191.pdf,candidate_only_not_analytic_input_until_human_confirmed
possible_densification_source_review_candidate,ai_candidate_only_missing_pair_no_value_added,S191,ATT-SI,ATT,SI,,21,24,BI;EE;FC;PE;SE;SI;UB,no,yes,no,,notes=draft_status=included_row_draft_reconciled; decision_summary=Use R2 direct Table 2 values for unresolved R1-R2 correlation differences; values reconciled from the Phase 1 pairwise comparison workbook and confirmed against S191 PDF Table 2.; notes=Raw R2 workbook grid is blank; comparison workbook stores R2 direct values in R2_beta column with direct source labels and USE_R2_DIRECT_VALUE resolutions. Application QA draft only; Step 5 remains inactive until final full-corpus freeze authorization is recorded. Frozen on 2026-06-09 under explicit caveat-preservation authorization.,likely_false_positive_one_construct_not_human_supported,do_not_add_unless_reopened_by_source_evidence,Only one construct is human/frozen-supported for this study; missing construct=ATT. This usually indicates AI term-hit overreach or unapproved remap.,attitude;attitudes,SI;social influence,correlation;correlations;fornell;inter-construct;larcker;latent;table,/Users/newhosung/Library/CloudStorage/OneDrive-SharedLibraries-ThePennsylvaniaStateUniversity/AI Adoption Meta Analysis - Documents/Meta/AI Adoption/PDFs/S191.pdf,candidate_only_not_analytic_input_until_human_confirmed
possible_densification_source_review_candidate,ai_candidate_only_missing_pair_no_value_added,S191,ATT-UB,ATT,UB,,21,24,BI;EE;FC;PE;SE;SI;UB,no,yes,no,,notes=draft_status=included_row_draft_reconciled; decision_summary=Use R2 direct Table 2 values for unresolved R1-R2 correlation differences; values reconciled from the Phase 1 pairwise comparison workbook and confirmed against S191 PDF Table 2.; notes=Raw R2 workbook grid is blank; comparison workbook stores R2 direct values in R2_beta column with direct source labels and USE_R2_DIRECT_VALUE resolutions. Application QA draft only; Step 5 remains inactive until final full-corpus freeze authorization is recorded. Frozen on 2026-06-09 under explicit caveat-preservation authorization.,likely_false_positive_one_construct_not_human_supported,do_not_add_unless_reopened_by_source_evidence,Only one construct is human/frozen-supported for this study; missing construct=ATT. This usually indicates AI term-hit overreach or unapproved remap.,attitude;attitudes,UB;actual use;usage behavior;use;use behaviour,correlation;correlations;fornell;inter-construct;larcker;latent;table,/Users/newhosung/Library/CloudStorage/OneDrive-SharedLibraries-ThePennsylvaniaStateUniversity/AI Adoption Meta Analysis - Documents/Meta/AI Adoption/PDFs/S191.pdf,candidate_only_not_analytic_input_until_human_confirmed
possible_densification_source_review_candidate,ai_candidate_only_missing_pair_no_value_added,S214,ANX-ATT,ANX,ATT,,21,24,ATT;BI;EE;FC;PE;SI;UB,no,yes,no,,notes=Application QA draft only; Step 5 remains inactive until final full-corpus freeze authorization is recorded. Frozen on 2026-06-09 under explicit caveat-preservation authorization.,likely_false_positive_one_construct_not_human_supported,do_not_add_unless_reopened_by_source_evidence,Only one construct is human/frozen-supported for this study; missing construct=ANX. This usually indicates AI term-hit overreach or unapproved remap.,apprehension,attitudes,correlation;fornell;larcker;latent;table,/Users/newhosung/Library/CloudStorage/OneDrive-SharedLibraries-ThePennsylvaniaStateUniversity/AI Adoption Meta Analysis - Documents/Meta/AI Adoption/PDFs/S214.pdf,candidate_only_not_analytic_input_until_human_confirmed
possible_densification_source_review_candidate,ai_candidate_only_missing_pair_no_value_added,S214,ANX-BI,ANX,BI,,21,24,ATT;BI;EE;FC;PE;SI;UB,no,yes,no,,notes=Application QA draft only; Step 5 remains inactive until final full-corpus freeze authorization is recorded. Frozen on 2026-06-09 under explicit caveat-preservation authorization.,likely_false_positive_one_construct_not_human_supported,do_not_add_unless_reopened_by_source_evidence,Only one construct is human/frozen-supported for this study; missing construct=ANX. This usually indicates AI term-hit overreach or unapproved remap.,apprehension,BI;behavioral intention;intention to use;usage intention,correlation;fornell;larcker;latent;table,/Users/newhosung/Library/CloudStorage/OneDrive-SharedLibraries-ThePennsylvaniaStateUniversity/AI Adoption Meta Analysis - Documents/Meta/AI Adoption/PDFs/S214.pdf,candidate_only_not_analytic_input_until_human_confirmed
possible_densification_source_review_candidate,ai_candidate_only_missing_pair_no_value_added,S214,ANX-EE,ANX,EE,,21,24,ATT;BI;EE;FC;PE;SI;UB,no,yes,no,,notes=Application QA draft only; Step 5 remains inactive until final full-corpus freeze authorization is recorded. Frozen on 2026-06-09 under explicit caveat-preservation authorization.,likely_false_positive_one_construct_not_human_supported,do_not_add_unless_reopened_by_source_evidence,Only one construct is human/frozen-supported for this study; missing construct=ANX. This usually indicates AI term-hit overreach or unapproved remap.,apprehension,EE;effort expectancy,correlation;fornell;larcker;latent;table,/Users/newhosung/Library/CloudStorage/OneDrive-SharedLibraries-ThePennsylvaniaStateUniversity/AI Adoption Meta Analysis - Documents/Meta/AI Adoption/PDFs/S214.pdf,candidate_only_not_analytic_input_until_human_confirmed
possible_densification_source_review_candidate,ai_candidate_only_missing_pair_no_value_added,S214,ANX-FC,ANX,FC,,21,24,ATT;BI;EE;FC;PE;SI;UB,no,yes,no,,notes=Application QA draft only; Step 5 remains inactive until final full-corpus freeze authorization is recorded. Frozen on 2026-06-09 under explicit caveat-preservation authorization.,likely_false_positive_one_construct_not_human_supported,do_not_add_unless_reopened_by_source_evidence,Only one construct is human/frozen-supported for this study; missing construct=ANX. This usually indicates AI term-hit overreach or unapproved remap.,apprehension,FC;facilitating;facilitating conditions;resources;support,correlation;fornell;larcker;latent;table,/Users/newhosung/Library/CloudStorage/OneDrive-SharedLibraries-ThePennsylvaniaStateUniversity/AI Adoption Meta Analysis - Documents/Meta/AI Adoption/PDFs/S214.pdf,candidate_only_not_analytic_input_until_human_confirmed
possible_densification_source_review_candidate,ai_candidate_only_missing_pair_no_value_added,S214,ANX-PE,ANX,PE,,21,24,ATT;BI;EE;FC;PE;SI;UB,no,yes,no,,notes=Application QA draft only; Step 5 remains inactive until final full-corpus freeze authorization is recorded. Frozen on 2026-06-09 under explicit caveat-preservation authorization.,likely_false_positive_one_construct_not_human_supported,do_not_add_unless_reopened_by_source_evidence,Only one construct is human/frozen-supported for this study; missing construct=ANX. This usually indicates AI term-hit overreach or unapproved remap.,apprehension,PE;performance expectancy,correlation;fornell;larcker;latent;table,/Users/newhosung/Library/CloudStorage/OneDrive-SharedLibraries-ThePennsylvaniaStateUniversity/AI Adoption Meta Analysis - Documents/Meta/AI Adoption/PDFs/S214.pdf,candidate_only_not_analytic_input_until_human_confirmed
possible_densification_source_review_candidate,ai_candidate_only_missing_pair_no_value_added,S214,ANX-SI,ANX,SI,,21,24,ATT;BI;EE;FC;PE;SI;UB,no,yes,no,,notes=Application QA draft only; Step 5 remains inactive until final full-corpus freeze authorization is recorded. Frozen on 2026-06-09 under explicit caveat-preservation authorization.,likely_false_positive_one_construct_not_human_supported,do_not_add_unless_reopened_by_source_evidence,Only one construct is human/frozen-supported for this study; missing construct=ANX. This usually indicates AI term-hit overreach or unapproved remap.,apprehension,SI;social influence,correlation;fornell;larcker;latent;table,/Users/newhosung/Library/CloudStorage/OneDrive-SharedLibraries-ThePennsylvaniaStateUniversity/AI Adoption Meta Analysis - Documents/Meta/AI Adoption/PDFs/S214.pdf,candidate_only_not_analytic_input_until_human_confirmed
possible_densification_source_review_candidate,ai_candidate_only_missing_pair_no_value_added,S214,ANX-UB,ANX,UB,,21,24,ATT;BI;EE;FC;PE;SI;UB,no,yes,no,,notes=Application QA draft only; Step 5 remains inactive until final full-corpus freeze authorization is recorded. Frozen on 2026-06-09 under explicit caveat-preservation authorization.,likely_false_positive_one_construct_not_human_supported,do_not_add_unless_reopened_by_source_evidence,Only one construct is human/frozen-supported for this study; missing construct=ANX. This usually indicates AI term-hit overreach or unapproved remap.,apprehension,UB;actual use;use;use behavior,correlation;fornell;larcker;latent;table,/Users/newhosung/Library/CloudStorage/OneDrive-SharedLibraries-ThePennsylvaniaStateUniversity/AI Adoption Meta Analysis - Documents/Meta/AI Adoption/PDFs/S214.pdf,candidate_only_not_analytic_input_until_human_confirmed
possible_densification_source_review_candidate,ai_candidate_only_missing_pair_no_value_added,S214,ATT-SE,ATT,SE,,21,24,ATT;BI;EE;FC;PE;SI;UB,yes,no,no,,notes=Application QA draft only; Step 5 remains inactive until final full-corpus freeze authorization is recorded. Frozen on 2026-06-09 under explicit caveat-preservation authorization.,likely_false_positive_one_construct_not_human_supported,do_not_add_unless_reopened_by_source_evidence,Only one construct is human/frozen-supported for this study; missing construct=SE. This usually indicates AI term-hit overreach or unapproved remap.,attitudes,efficacy;self-efficacy,correlation;fornell;larcker;latent;table,/Users/newhosung/Library/CloudStorage/OneDrive-SharedLibraries-ThePennsylvaniaStateUniversity/AI Adoption Meta Analysis - Documents/Meta/AI Adoption/PDFs/S214.pdf,candidate_only_not_analytic_input_until_human_confirmed
possible_densification_source_review_candidate,ai_candidate_only_missing_pair_no_value_added,S214,BI-SE,BI,SE,,21,24,ATT;BI;EE;FC;PE;SI;UB,yes,no,no,,notes=Application QA draft only; Step 5 remains inactive until final full-corpus freeze authorization is recorded. Frozen on 2026-06-09 under explicit caveat-preservation authorization.,likely_false_positive_one_construct_not_human_supported,do_not_add_unless_reopened_by_source_evidence,Only one construct is human/frozen-supported for this study; missing construct=SE. This usually indicates AI term-hit overreach or unapproved remap.,BI;behavioral intention;intention to use;usage intention,efficacy;self-efficacy,correlation;fornell;larcker;latent;table,/Users/newhosung/Library/CloudStorage/OneDrive-SharedLibraries-ThePennsylvaniaStateUniversity/AI Adoption Meta Analysis - Documents/Meta/AI Adoption/PDFs/S214.pdf,candidate_only_not_analytic_input_until_human_confirmed
possible_densification_source_review_candidate,ai_candidate_only_missing_pair_no_value_added,S214,EE-SE,EE,SE,,21,24,ATT;BI;EE;FC;PE;SI;UB,yes,no,no,,notes=Application QA draft only; Step 5 remains inactive until final full-corpus freeze authorization is recorded. Frozen on 2026-06-09 under explicit caveat-preservation authorization.,likely_false_positive_one_construct_not_human_supported,do_not_add_unless_reopened_by_source_evidence,Only one construct is human/frozen-supported for this study; missing construct=SE. This usually indicates AI term-hit overreach or unapproved remap.,EE;effort expectancy,efficacy;self-efficacy,correlation;fornell;larcker;latent;table,/Users/newhosung/Library/CloudStorage/OneDrive-SharedLibraries-ThePennsylvaniaStateUniversity/AI Adoption Meta Analysis - Documents/Meta/AI Adoption/PDFs/S214.pdf,candidate_only_not_analytic_input_until_human_confirmed
possible_densification_source_review_candidate,ai_candidate_only_missing_pair_no_value_added,S214,FC-SE,FC,SE,,21,24,ATT;BI;EE;FC;PE;SI;UB,yes,no,no,,notes=Application QA draft only; Step 5 remains inactive until final full-corpus freeze authorization is recorded. Frozen on 2026-06-09 under explicit caveat-preservation authorization.,likely_false_positive_one_construct_not_human_supported,do_not_add_unless_reopened_by_source_evidence,Only one construct is human/frozen-supported for this study; missing construct=SE. This usually indicates AI term-hit overreach or unapproved remap.,FC;facilitating;facilitating conditions;resources;support,efficacy;self-efficacy,correlation;fornell;larcker;latent;table,/Users/newhosung/Library/CloudStorage/OneDrive-SharedLibraries-ThePennsylvaniaStateUniversity/AI Adoption Meta Analysis - Documents/Meta/AI Adoption/PDFs/S214.pdf,candidate_only_not_analytic_input_until_human_confirmed
possible_densification_source_review_candidate,ai_candidate_only_missing_pair_no_value_added,S214,PE-SE,PE,SE,,21,24,ATT;BI;EE;FC;PE;SI;UB,yes,no,no,,notes=Application QA draft only; Step 5 remains inactive until final full-corpus freeze authorization is recorded. Frozen on 2026-06-09 under explicit caveat-preservation authorization.,likely_false_positive_one_construct_not_human_supported,do_not_add_unless_reopened_by_source_evidence,Only one construct is human/frozen-supported for this study; missing construct=SE. This usually indicates AI term-hit overreach or unapproved remap.,PE;performance expectancy,efficacy;self-efficacy,correlation;fornell;larcker;latent;table,/Users/newhosung/Library/CloudStorage/OneDrive-SharedLibraries-ThePennsylvaniaStateUniversity/AI Adoption Meta Analysis - Documents/Meta/AI Adoption/PDFs/S214.pdf,candidate_only_not_analytic_input_until_human_confirmed
possible_densification_source_review_candidate,ai_candidate_only_missing_pair_no_value_added,S214,SE-SI,SE,SI,,21,24,ATT;BI;EE;FC;PE;SI;UB,no,yes,no,,notes=Application QA draft only; Step 5 remains inactive until final full-corpus freeze authorization is recorded. Frozen on 2026-06-09 under explicit caveat-preservation authorization.,likely_false_positive_one_construct_not_human_supported,do_not_add_unless_reopened_by_source_evidence,Only one construct is human/frozen-supported for this study; missing construct=SE. This usually indicates AI term-hit overreach or unapproved remap.,efficacy;self-efficacy,SI;social influence,correlation;fornell;larcker;latent;table,/Users/newhosung/Library/CloudStorage/OneDrive-SharedLibraries-ThePennsylvaniaStateUniversity/AI Adoption Meta Analysis - Documents/Meta/AI Adoption/PDFs/S214.pdf,candidate_only_not_analytic_input_until_human_confirmed
possible_densification_source_review_candidate,ai_candidate_only_missing_pair_no_value_added,S214,SE-UB,SE,UB,,21,24,ATT;BI;EE;FC;PE;SI;UB,no,yes,no,,notes=Application QA draft only; Step 5 remains inactive until final full-corpus freeze authorization is recorded. Frozen on 2026-06-09 under explicit caveat-preservation authorization.,likely_false_positive_one_construct_not_human_supported,do_not_add_unless_reopened_by_source_evidence,Only one construct is human/frozen-supported for this study; missing construct=SE. This usually indicates AI term-hit overreach or unapproved remap.,efficacy;self-efficacy,UB;actual use;use;use behavior,correlation;fornell;larcker;latent;table,/Users/newhosung/Library/CloudStorage/OneDrive-SharedLibraries-ThePennsylvaniaStateUniversity/AI Adoption Meta Analysis - Documents/Meta/AI Adoption/PDFs/S214.pdf,candidate_only_not_analytic_input_until_human_confirmed
possible_densification_source_review_candidate,ai_candidate_only_missing_pair_no_value_added,S223,ATT-BI,ATT,BI,,21,24,BI;EE;FC;PE;SI;TRU;UB,no,yes,no,,notes=Application QA draft only; Step 5 remains inactive until final full-corpus freeze authorization is recorded. Frozen on 2026-06-09 under explicit caveat-preservation authorization.,likely_false_positive_one_construct_not_human_supported,do_not_add_unless_reopened_by_source_evidence,Only one construct is human/frozen-supported for this study; missing construct=ATT. This usually indicates AI term-hit overreach or unapproved remap.,attitude;attitudes,BI;behavioral intention;intention to use;usage intention,correlation;fornell;larcker;latent;pearson;table,/Users/newhosung/Library/CloudStorage/OneDrive-SharedLibraries-ThePennsylvaniaStateUniversity/AI Adoption Meta Analysis - Documents/Meta/AI Adoption/PDFs/S223.pdf,candidate_only_not_analytic_input_until_human_confirmed
possible_densification_source_review_candidate,ai_candidate_only_missing_pair_no_value_added,S223,ATT-EE,ATT,EE,,21,24,BI;EE;FC;PE;SI;TRU;UB,no,yes,no,,notes=Application QA draft only; Step 5 remains inactive until final full-corpus freeze authorization is recorded. Frozen on 2026-06-09 under explicit caveat-preservation authorization.,likely_false_positive_one_construct_not_human_supported,do_not_add_unless_reopened_by_source_evidence,Only one construct is human/frozen-supported for this study; missing construct=ATT. This usually indicates AI term-hit overreach or unapproved remap.,attitude;attitudes,EE;PEOU;ease of use;easy to use;perceived ease of use,correlation;fornell;larcker;latent;pearson;table,/Users/newhosung/Library/CloudStorage/OneDrive-SharedLibraries-ThePennsylvaniaStateUniversity/AI Adoption Meta Analysis - Documents/Meta/AI Adoption/PDFs/S223.pdf,candidate_only_not_analytic_input_until_human_confirmed
possible_densification_source_review_candidate,ai_candidate_only_missing_pair_no_value_added,S223,ATT-FC,ATT,FC,,21,24,BI;EE;FC;PE;SI;TRU;UB,no,yes,no,,notes=Application QA draft only; Step 5 remains inactive until final full-corpus freeze authorization is recorded. Frozen on 2026-06-09 under explicit caveat-preservation authorization.,likely_false_positive_one_construct_not_human_supported,do_not_add_unless_reopened_by_source_evidence,Only one construct is human/frozen-supported for this study; missing construct=ATT. This usually indicates AI term-hit overreach or unapproved remap.,attitude;attitudes,FC;facilitating;facilitating conditions;resources;support,correlation;fornell;larcker;latent;pearson;table,/Users/newhosung/Library/CloudStorage/OneDrive-SharedLibraries-ThePennsylvaniaStateUniversity/AI Adoption Meta Analysis - Documents/Meta/AI Adoption/PDFs/S223.pdf,candidate_only_not_analytic_input_until_human_confirmed
possible_densification_source_review_candidate,ai_candidate_only_missing_pair_no_value_added,S223,ATT-PE,ATT,PE,,21,24,BI;EE;FC;PE;SI;TRU;UB,no,yes,no,,notes=Application QA draft only; Step 5 remains inactive until final full-corpus freeze authorization is recorded. Frozen on 2026-06-09 under explicit caveat-preservation authorization.,likely_false_positive_one_construct_not_human_supported,do_not_add_unless_reopened_by_source_evidence,Only one construct is human/frozen-supported for this study; missing construct=ATT. This usually indicates AI term-hit overreach or unapproved remap.,attitude;attitudes,PE;PU;perceived usefulness;useful;usefulness,correlation;fornell;larcker;latent;pearson;table,/Users/newhosung/Library/CloudStorage/OneDrive-SharedLibraries-ThePennsylvaniaStateUniversity/AI Adoption Meta Analysis - Documents/Meta/AI Adoption/PDFs/S223.pdf,candidate_only_not_analytic_input_until_human_confirmed
possible_densification_source_review_candidate,ai_candidate_only_missing_pair_no_value_added,S223,ATT-SI,ATT,SI,,21,24,BI;EE;FC;PE;SI;TRU;UB,no,yes,no,,notes=Application QA draft only; Step 5 remains inactive until final full-corpus freeze authorization is recorded. Frozen on 2026-06-09 under explicit caveat-preservation authorization.,likely_false_positive_one_construct_not_human_supported,do_not_add_unless_reopened_by_source_evidence,Only one construct is human/frozen-supported for this study; missing construct=ATT. This usually indicates AI term-hit overreach or unapproved remap.,attitude;attitudes,SI;social influence;subjective norm,correlation;fornell;larcker;latent;pearson;table,/Users/newhosung/Library/CloudStorage/OneDrive-SharedLibraries-ThePennsylvaniaStateUniversity/AI Adoption Meta Analysis - Documents/Meta/AI Adoption/PDFs/S223.pdf,candidate_only_not_analytic_input_until_human_confirmed
possible_densification_source_review_candidate,ai_candidate_only_missing_pair_no_value_added,S223,ATT-TRU,ATT,TRU,,21,24,BI;EE;FC;PE;SI;TRU;UB,no,yes,no,,notes=Application QA draft only; Step 5 remains inactive until final full-corpus freeze authorization is recorded. Frozen on 2026-06-09 under explicit caveat-preservation authorization.,likely_false_positive_one_construct_not_human_supported,do_not_add_unless_reopened_by_source_evidence,Only one construct is human/frozen-supported for this study; missing construct=ATT. This usually indicates AI term-hit overreach or unapproved remap.,attitude;attitudes,TRU;trust,correlation;fornell;larcker;latent;pearson;table,/Users/newhosung/Library/CloudStorage/OneDrive-SharedLibraries-ThePennsylvaniaStateUniversity/AI Adoption Meta Analysis - Documents/Meta/AI Adoption/PDFs/S223.pdf,candidate_only_not_analytic_input_until_human_confirmed
possible_densification_source_review_candidate,ai_candidate_only_missing_pair_no_value_added,S223,ATT-UB,ATT,UB,,21,24,BI;EE;FC;PE;SI;TRU;UB,no,yes,no,,notes=Application QA draft only; Step 5 remains inactive until final full-corpus freeze authorization is recorded. Frozen on 2026-06-09 under explicit caveat-preservation authorization.,likely_false_positive_one_construct_not_human_supported,do_not_add_unless_reopened_by_source_evidence,Only one construct is human/frozen-supported for this study; missing construct=ATT. This usually indicates AI term-hit overreach or unapproved remap.,attitude;attitudes,UB;actual use;use,correlation;fornell;larcker;latent;pearson;table,/Users/newhosung/Library/CloudStorage/OneDrive-SharedLibraries-ThePennsylvaniaStateUniversity/AI Adoption Meta Analysis - Documents/Meta/AI Adoption/PDFs/S223.pdf,candidate_only_not_analytic_input_until_human_confirmed
possible_densification_source_review_candidate,ai_candidate_only_missing_pair_no_value_added,S223,BI-SE,BI,SE,,21,24,BI;EE;FC;PE;SI;TRU;UB,yes,no,no,,notes=Application QA draft only; Step 5 remains inactive until final full-corpus freeze authorization is recorded. Frozen on 2026-06-09 under explicit caveat-preservation authorization.,likely_false_positive_one_construct_not_human_supported,do_not_add_unless_reopened_by_source_evidence,Only one construct is human/frozen-supported for this study; missing construct=SE. This usually indicates AI term-hit overreach or unapproved remap.,BI;behavioral intention;intention to use;usage intention,SE,correlation;fornell;larcker;latent;pearson;table,/Users/newhosung/Library/CloudStorage/OneDrive-SharedLibraries-ThePennsylvaniaStateUniversity/AI Adoption Meta Analysis - Documents/Meta/AI Adoption/PDFs/S223.pdf,candidate_only_not_analytic_input_until_human_confirmed
possible_densification_source_review_candidate,ai_candidate_only_missing_pair_no_value_added,S223,EE-SE,EE,SE,,21,24,BI;EE;FC;PE;SI;TRU;UB,yes,no,no,,notes=Application QA draft only; Step 5 remains inactive until final full-corpus freeze authorization is recorded. Frozen on 2026-06-09 under explicit caveat-preservation authorization.,likely_false_positive_one_construct_not_human_supported,do_not_add_unless_reopened_by_source_evidence,Only one construct is human/frozen-supported for this study; missing construct=SE. This usually indicates AI term-hit overreach or unapproved remap.,EE;PEOU;ease of use;easy to use;perceived ease of use,SE,correlation;fornell;larcker;latent;pearson;table,/Users/newhosung/Library/CloudStorage/OneDrive-SharedLibraries-ThePennsylvaniaStateUniversity/AI Adoption Meta Analysis - Documents/Meta/AI Adoption/PDFs/S223.pdf,candidate_only_not_analytic_input_until_human_confirmed
possible_densification_source_review_candidate,ai_candidate_only_missing_pair_no_value_added,S223,FC-SE,FC,SE,,21,24,BI;EE;FC;PE;SI;TRU;UB,yes,no,no,,notes=Application QA draft only; Step 5 remains inactive until final full-corpus freeze authorization is recorded. Frozen on 2026-06-09 under explicit caveat-preservation authorization.,likely_false_positive_one_construct_not_human_supported,do_not_add_unless_reopened_by_source_evidence,Only one construct is human/frozen-supported for this study; missing construct=SE. This usually indicates AI term-hit overreach or unapproved remap.,FC;facilitating;facilitating conditions;resources;support,SE,correlation;fornell;larcker;latent;pearson;table,/Users/newhosung/Library/CloudStorage/OneDrive-SharedLibraries-ThePennsylvaniaStateUniversity/AI Adoption Meta Analysis - Documents/Meta/AI Adoption/PDFs/S223.pdf,candidate_only_not_analytic_input_until_human_confirmed
possible_densification_source_review_candidate,ai_candidate_only_missing_pair_no_value_added,S223,PE-SE,PE,SE,,21,24,BI;EE;FC;PE;SI;TRU;UB,yes,no,no,,notes=Application QA draft only; Step 5 remains inactive until final full-corpus freeze authorization is recorded. Frozen on 2026-06-09 under explicit caveat-preservation authorization.,likely_false_positive_one_construct_not_human_supported,do_not_add_unless_reopened_by_source_evidence,Only one construct is human/frozen-supported for this study; missing construct=SE. This usually indicates AI term-hit overreach or unapproved remap.,PE;PU;perceived usefulness;useful;usefulness,SE,correlation;fornell;larcker;latent;pearson;table,/Users/newhosung/Library/CloudStorage/OneDrive-SharedLibraries-ThePennsylvaniaStateUniversity/AI Adoption Meta Analysis - Documents/Meta/AI Adoption/PDFs/S223.pdf,candidate_only_not_analytic_input_until_human_confirmed
possible_densification_source_review_candidate,ai_candidate_only_missing_pair_no_value_added,S223,SE-SI,SE,SI,,21,24,BI;EE;FC;PE;SI;TRU;UB,no,yes,no,,notes=Application QA draft only; Step 5 remains inactive until final full-corpus freeze authorization is recorded. Frozen on 2026-06-09 under explicit caveat-preservation authorization.,likely_false_positive_one_construct_not_human_supported,do_not_add_unless_reopened_by_source_evidence,Only one construct is human/frozen-supported for this study; missing construct=SE. This usually indicates AI term-hit overreach or unapproved remap.,SE,SI;social influence;subjective norm,correlation;fornell;larcker;latent;pearson;table,/Users/newhosung/Library/CloudStorage/OneDrive-SharedLibraries-ThePennsylvaniaStateUniversity/AI Adoption Meta Analysis - Documents/Meta/AI Adoption/PDFs/S223.pdf,candidate_only_not_analytic_input_until_human_confirmed
possible_densification_source_review_candidate,ai_candidate_only_missing_pair_no_value_added,S223,SE-TRU,SE,TRU,,21,24,BI;EE;FC;PE;SI;TRU;UB,no,yes,no,,notes=Application QA draft only; Step 5 remains inactive until final full-corpus freeze authorization is recorded. Frozen on 2026-06-09 under explicit caveat-preservation authorization.,likely_false_positive_one_construct_not_human_supported,do_not_add_unless_reopened_by_source_evidence,Only one construct is human/frozen-supported for this study; missing construct=SE. This usually indicates AI term-hit overreach or unapproved remap.,SE,TRU;trust,correlation;fornell;larcker;latent;pearson;table,/Users/newhosung/Library/CloudStorage/OneDrive-SharedLibraries-ThePennsylvaniaStateUniversity/AI Adoption Meta Analysis - Documents/Meta/AI Adoption/PDFs/S223.pdf,candidate_only_not_analytic_input_until_human_confirmed
possible_densification_source_review_candidate,ai_candidate_only_missing_pair_no_value_added,S223,SE-UB,SE,UB,,21,24,BI;EE;FC;PE;SI;TRU;UB,no,yes,no,,notes=Application QA draft only; Step 5 remains inactive until final full-corpus freeze authorization is recorded. Frozen on 2026-06-09 under explicit caveat-preservation authorization.,likely_false_positive_one_construct_not_human_supported,do_not_add_unless_reopened_by_source_evidence,Only one construct is human/frozen-supported for this study; missing construct=SE. This usually indicates AI term-hit overreach or unapproved remap.,SE,UB;actual use;use,correlation;fornell;larcker;latent;pearson;table,/Users/newhosung/Library/CloudStorage/OneDrive-SharedLibraries-ThePennsylvaniaStateUniversity/AI Adoption Meta Analysis - Documents/Meta/AI Adoption/PDFs/S223.pdf,candidate_only_not_analytic_input_until_human_confirmed
possible_densification_source_review_candidate,ai_candidate_only_missing_pair_no_value_added,S004,BI-SE,BI,SE,,21,24,BI;EE;FC;PE;SE;SI;TRU;UB,yes,yes,no,,notes=Application QA draft only; Step 5 remains inactive until final full-corpus freeze authorization is recorded. Frozen on 2026-06-09 under explicit caveat-preservation authorization.,source_review_priority_both_constructs_human_supported,review_pdf_for_numeric_cell_and_add_if_confirmed,"Both constructs are already human/frozen-supported for this study, but this exact pair is missing. If the source matrix contains the numeric cell, this is the strongest add-candidate class.",BI;behavioral intention;intention to use,SE;computer self-efficacy;efficacy;self-efficacy,correlation;correlations;fornell;larcker;latent;matrix;table,/Users/newhosung/Library/CloudStorage/OneDrive-SharedLibraries-ThePennsylvaniaStateUniversity/AI Adoption Meta Analysis - Documents/Meta/AI Adoption/PDFs/S004.pdf,candidate_only_not_analytic_input_until_human_confirmed
possible_densification_source_review_candidate,ai_candidate_only_missing_pair_no_value_added,S004,EE-SE,EE,SE,,21,24,BI;EE;FC;PE;SE;SI;TRU;UB,yes,yes,no,,notes=Application QA draft only; Step 5 remains inactive until final full-corpus freeze authorization is recorded. Frozen on 2026-06-09 under explicit caveat-preservation authorization.,source_review_priority_both_constructs_human_supported,review_pdf_for_numeric_cell_and_add_if_confirmed,"Both constructs are already human/frozen-supported for this study, but this exact pair is missing. If the source matrix contains the numeric cell, this is the strongest add-candidate class.",EE;ease of use;easy to use;effort expectancy;perceived ease of use,SE;computer self-efficacy;efficacy;self-efficacy,correlation;correlations;fornell;larcker;latent;matrix;table,/Users/newhosung/Library/CloudStorage/OneDrive-SharedLibraries-ThePennsylvaniaStateUniversity/AI Adoption Meta Analysis - Documents/Meta/AI Adoption/PDFs/S004.pdf,candidate_only_not_analytic_input_until_human_confirmed
possible_densification_source_review_candidate,ai_candidate_only_missing_pair_no_value_added,S004,FC-SE,FC,SE,,21,24,BI;EE;FC;PE;SE;SI;TRU;UB,yes,yes,no,,notes=Application QA draft only; Step 5 remains inactive until final full-corpus freeze authorization is recorded. Frozen on 2026-06-09 under explicit caveat-preservation authorization.,source_review_priority_both_constructs_human_supported,review_pdf_for_numeric_cell_and_add_if_confirmed,"Both constructs are already human/frozen-supported for this study, but this exact pair is missing. If the source matrix contains the numeric cell, this is the strongest add-candidate class.",FC;facilitating;facilitating conditions;resources;support,SE;computer self-efficacy;efficacy;self-efficacy,correlation;correlations;fornell;larcker;latent;matrix;table,/Users/newhosung/Library/CloudStorage/OneDrive-SharedLibraries-ThePennsylvaniaStateUniversity/AI Adoption Meta Analysis - Documents/Meta/AI Adoption/PDFs/S004.pdf,candidate_only_not_analytic_input_until_human_confirmed
possible_densification_source_review_candidate,ai_candidate_only_missing_pair_no_value_added,S004,SE-SI,SE,SI,,21,24,BI;EE;FC;PE;SE;SI;TRU;UB,yes,yes,no,,notes=Application QA draft only; Step 5 remains inactive until final full-corpus freeze authorization is recorded. Frozen on 2026-06-09 under explicit caveat-preservation authorization.,source_review_priority_both_constructs_human_supported,review_pdf_for_numeric_cell_and_add_if_confirmed,"Both constructs are already human/frozen-supported for this study, but this exact pair is missing. If the source matrix contains the numeric cell, this is the strongest add-candidate class.",SE;computer self-efficacy;efficacy;self-efficacy,SI;social influence,correlation;correlations;fornell;larcker;latent;matrix;table,/Users/newhosung/Library/CloudStorage/OneDrive-SharedLibraries-ThePennsylvaniaStateUniversity/AI Adoption Meta Analysis - Documents/Meta/AI Adoption/PDFs/S004.pdf,candidate_only_not_analytic_input_until_human_confirmed
possible_densification_source_review_candidate,ai_candidate_only_missing_pair_no_value_added,S004,SE-TRU,SE,TRU,,21,24,BI;EE;FC;PE;SE;SI;TRU;UB,yes,yes,no,,notes=Application QA draft only; Step 5 remains inactive until final full-corpus freeze authorization is recorded. Frozen on 2026-06-09 under explicit caveat-preservation authorization.,source_review_priority_both_constructs_human_supported,review_pdf_for_numeric_cell_and_add_if_confirmed,"Both constructs are already human/frozen-supported for this study, but this exact pair is missing. If the source matrix contains the numeric cell, this is the strongest add-candidate class.",SE;computer self-efficacy;efficacy;self-efficacy,TRU;trust;trustworthiness,correlation;correlations;fornell;larcker;latent;matrix;table,/Users/newhosung/Library/CloudStorage/OneDrive-SharedLibraries-ThePennsylvaniaStateUniversity/AI Adoption Meta Analysis - Documents/Meta/AI Adoption/PDFs/S004.pdf,candidate_only_not_analytic_input_until_human_confirmed
possible_densification_source_review_candidate,ai_candidate_only_missing_pair_no_value_added,S004,SE-UB,SE,UB,,21,24,BI;EE;FC;PE;SE;SI;TRU;UB,yes,yes,no,,notes=Application QA draft only; Step 5 remains inactive until final full-corpus freeze authorization is recorded. Frozen on 2026-06-09 under explicit caveat-preservation authorization.,source_review_priority_both_constructs_human_supported,review_pdf_for_numeric_cell_and_add_if_confirmed,"Both constructs are already human/frozen-supported for this study, but this exact pair is missing. If the source matrix contains the numeric cell, this is the strongest add-candidate class.",SE;computer self-efficacy;efficacy;self-efficacy,UB;actual use;usage behavior;use;use behavior,correlation;correlations;fornell;larcker;latent;matrix;table,/Users/newhosung/Library/CloudStorage/OneDrive-SharedLibraries-ThePennsylvaniaStateUniversity/AI Adoption Meta Analysis - Documents/Meta/AI Adoption/PDFs/S004.pdf,candidate_only_not_analytic_input_until_human_confirmed
possible_densification_source_review_candidate,ai_candidate_only_missing_pair_no_value_added,S048,BI-FC,BI,FC,,21,24,ATT;BI;EE;FC;PE;SI;TRU;UB,yes,yes,no,,notes=Application QA draft only; Step 5 remains inactive until final full-corpus freeze authorization is recorded. Frozen on 2026-06-09 under explicit caveat-preservation authorization.,source_review_priority_both_constructs_human_supported,review_pdf_for_numeric_cell_and_add_if_confirmed,"Both constructs are already human/frozen-supported for this study, but this exact pair is missing. If the source matrix contains the numeric cell, this is the strongest add-candidate class.",BI;behavioural intention;continuance intention;intention to use,FC;facilitating;facilitating condition;facilitating conditions;resources;support,correlation;correlations;fornell;larcker;latent;matrix;pearson;table,/Users/newhosung/Library/CloudStorage/OneDrive-SharedLibraries-ThePennsylvaniaStateUniversity/AI Adoption Meta Analysis - Documents/Meta/AI Adoption/PDFs/S048.pdf,candidate_only_not_analytic_input_until_human_confirmed
possible_densification_source_review_candidate,ai_candidate_only_missing_pair_no_value_added,S048,BI-PE,BI,PE,,21,24,ATT;BI;EE;FC;PE;SI;TRU;UB,yes,yes,no,,notes=Application QA draft only; Step 5 remains inactive until final full-corpus freeze authorization is recorded. Frozen on 2026-06-09 under explicit caveat-preservation authorization.,source_review_priority_both_constructs_human_supported,review_pdf_for_numeric_cell_and_add_if_confirmed,"Both constructs are already human/frozen-supported for this study, but this exact pair is missing. If the source matrix contains the numeric cell, this is the strongest add-candidate class.",BI;behavioural intention;continuance intention;intention to use,PE;performance expectancy;useful;usefulness,correlation;correlations;fornell;larcker;latent;matrix;pearson;table,/Users/newhosung/Library/CloudStorage/OneDrive-SharedLibraries-ThePennsylvaniaStateUniversity/AI Adoption Meta Analysis - Documents/Meta/AI Adoption/PDFs/S048.pdf,candidate_only_not_analytic_input_until_human_confirmed
possible_densification_source_review_candidate,ai_candidate_only_missing_pair_no_value_added,S048,BI-SI,BI,SI,,21,24,ATT;BI;EE;FC;PE;SI;TRU;UB,yes,yes,no,,notes=Application QA draft only; Step 5 remains inactive until final full-corpus freeze authorization is recorded. Frozen on 2026-06-09 under explicit caveat-preservation authorization.,source_review_priority_both_constructs_human_supported,review_pdf_for_numeric_cell_and_add_if_confirmed,"Both constructs are already human/frozen-supported for this study, but this exact pair is missing. If the source matrix contains the numeric cell, this is the strongest add-candidate class.",BI;behavioural intention;continuance intention;intention to use,SI;social influence,correlation;correlations;fornell;larcker;latent;matrix;pearson;table,/Users/newhosung/Library/CloudStorage/OneDrive-SharedLibraries-ThePennsylvaniaStateUniversity/AI Adoption Meta Analysis - Documents/Meta/AI Adoption/PDFs/S048.pdf,candidate_only_not_analytic_input_until_human_confirmed
possible_densification_source_review_candidate,ai_candidate_only_missing_pair_no_value_added,S048,EE-UB,EE,UB,,21,24,ATT;BI;EE;FC;PE;SI;TRU;UB,yes,yes,no,,notes=Application QA draft only; Step 5 remains inactive until final full-corpus freeze authorization is recorded. Frozen on 2026-06-09 under explicit caveat-preservation authorization.,source_review_priority_both_constructs_human_supported,review_pdf_for_numeric_cell_and_add_if_confirmed,"Both constructs are already human/frozen-supported for this study, but this exact pair is missing. If the source matrix contains the numeric cell, this is the strongest add-candidate class.",EE;ease of use;easy to use;effort expectancy;perceived ease of use,UB;actual use;usage behavior;usage behaviour;use;use behaviour,correlation;correlations;fornell;larcker;latent;matrix;pearson;table,/Users/newhosung/Library/CloudStorage/OneDrive-SharedLibraries-ThePennsylvaniaStateUniversity/AI Adoption Meta Analysis - Documents/Meta/AI Adoption/PDFs/S048.pdf,candidate_only_not_analytic_input_until_human_confirmed
possible_densification_source_review_candidate,ai_candidate_only_missing_pair_no_value_added,S048,FC-UB,FC,UB,,21,24,ATT;BI;EE;FC;PE;SI;TRU;UB,yes,yes,no,,notes=Application QA draft only; Step 5 remains inactive until final full-corpus freeze authorization is recorded. Frozen on 2026-06-09 under explicit caveat-preservation authorization.,source_review_priority_both_constructs_human_supported,review_pdf_for_numeric_cell_and_add_if_confirmed,"Both constructs are already human/frozen-supported for this study, but this exact pair is missing. If the source matrix contains the numeric cell, this is the strongest add-candidate class.",FC;facilitating;facilitating condition;facilitating conditions;resources;support,UB;actual use;usage behavior;usage behaviour;use;use behaviour,correlation;correlations;fornell;larcker;latent;matrix;pearson;table,/Users/newhosung/Library/CloudStorage/OneDrive-SharedLibraries-ThePennsylvaniaStateUniversity/AI Adoption Meta Analysis - Documents/Meta/AI Adoption/PDFs/S048.pdf,candidate_only_not_analytic_input_until_human_confirmed
possible_densification_source_review_candidate,ai_candidate_only_missing_pair_no_value_added,S048,SI-UB,SI,UB,,21,24,ATT;BI;EE;FC;PE;SI;TRU;UB,yes,yes,no,,notes=Application QA draft only; Step 5 remains inactive until final full-corpus freeze authorization is recorded. Frozen on 2026-06-09 under explicit caveat-preservation authorization.,source_review_priority_both_constructs_human_supported,review_pdf_for_numeric_cell_and_add_if_confirmed,"Both constructs are already human/frozen-supported for this study, but this exact pair is missing. If the source matrix contains the numeric cell, this is the strongest add-candidate class.",SI;social influence,UB;actual use;usage behavior;usage behaviour;use;use behaviour,correlation;correlations;fornell;larcker;latent;matrix;pearson;table,/Users/newhosung/Library/CloudStorage/OneDrive-SharedLibraries-ThePennsylvaniaStateUniversity/AI Adoption Meta Analysis - Documents/Meta/AI Adoption/PDFs/S048.pdf,candidate_only_not_analytic_input_until_human_confirmed
possible_densification_source_review_candidate,ai_candidate_only_missing_pair_no_value_added,S048,TRU-UB,TRU,UB,,21,24,ATT;BI;EE;FC;PE;SI;TRU;UB,yes,yes,no,,notes=Application QA draft only; Step 5 remains inactive until final full-corpus freeze authorization is recorded. Frozen on 2026-06-09 under explicit caveat-preservation authorization.,source_review_priority_both_constructs_human_supported,review_pdf_for_numeric_cell_and_add_if_confirmed,"Both constructs are already human/frozen-supported for this study, but this exact pair is missing. If the source matrix contains the numeric cell, this is the strongest add-candidate class.",TRU;trust,UB;actual use;usage behavior;usage behaviour;use;use behaviour,correlation;correlations;fornell;larcker;latent;matrix;pearson;table,/Users/newhosung/Library/CloudStorage/OneDrive-SharedLibraries-ThePennsylvaniaStateUniversity/AI Adoption Meta Analysis - Documents/Meta/AI Adoption/PDFs/S048.pdf,candidate_only_not_analytic_input_until_human_confirmed
possible_densification_source_review_candidate,ai_candidate_only_missing_pair_no_value_added,S072,ANX-ATT,ANX,ATT,,26,19,ANX;ATT;BI;EE;FC;PE;SI;UB,yes,yes,no,,notes=Application QA draft only; Step 5 remains inactive until final full-corpus freeze authorization is recorded. Frozen on 2026-06-09 under explicit caveat-preservation authorization.,source_review_priority_both_constructs_human_supported,review_pdf_for_numeric_cell_and_add_if_confirmed,"Both constructs are already human/frozen-supported for this study, but this exact pair is missing. If the source matrix contains the numeric cell, this is the strongest add-candidate class.",anxiety,attitudes,correlation;correlations;fornell;larcker;latent;table,/Users/newhosung/Library/CloudStorage/OneDrive-SharedLibraries-ThePennsylvaniaStateUniversity/AI Adoption Meta Analysis - Documents/Meta/AI Adoption/PDFs/S072.pdf,candidate_only_not_analytic_input_until_human_confirmed
possible_densification_source_review_candidate,ai_candidate_only_missing_pair_no_value_added,S072,ATT-UB,ATT,UB,,26,19,ANX;ATT;BI;EE;FC;PE;SI;UB,yes,yes,no,,notes=Application QA draft only; Step 5 remains inactive until final full-corpus freeze authorization is recorded. Frozen on 2026-06-09 under explicit caveat-preservation authorization.,source_review_priority_both_constructs_human_supported,review_pdf_for_numeric_cell_and_add_if_confirmed,"Both constructs are already human/frozen-supported for this study, but this exact pair is missing. If the source matrix contains the numeric cell, this is the strongest add-candidate class.",attitudes,UB;actual use;use;use behavior,correlation;correlations;fornell;larcker;latent;table,/Users/newhosung/Library/CloudStorage/OneDrive-SharedLibraries-ThePennsylvaniaStateUniversity/AI Adoption Meta Analysis - Documents/Meta/AI Adoption/PDFs/S072.pdf,candidate_only_not_analytic_input_until_human_confirmed
